Automatically generated mesh
     375
Reciprocal lattice
    0.00000000000000    0.00000000000000    0.00000000000000             1
    0.20000000000000    0.00000000000000    0.00000000000000             1
    0.40000000000000    0.00000000000000    0.00000000000000             1
   -0.40000000000000   -0.00000000000000    0.00000000000000             1
   -0.20000000000000    0.00000000000000    0.00000000000000             1
    0.00000000000000    0.20000000000000    0.00000000000000             1
    0.20000000000000    0.20000000000000    0.00000000000000             1
    0.40000000000000    0.20000000000000    0.00000000000000             1
   -0.40000000000000    0.20000000000000    0.00000000000000             1
   -0.20000000000000    0.20000000000000    0.00000000000000             1
    0.00000000000000    0.40000000000000    0.00000000000000             1
    0.20000000000000    0.40000000000000    0.00000000000000             1
    0.40000000000000    0.40000000000000    0.00000000000000             1
   -0.40000000000000    0.40000000000000    0.00000000000000             1
   -0.20000000000000    0.40000000000000    0.00000000000000             1
    0.00000000000000   -0.40000000000000    0.00000000000000             1
    0.20000000000000   -0.40000000000000    0.00000000000000             1
    0.40000000000000   -0.40000000000000    0.00000000000000             1
   -0.40000000000000   -0.40000000000000    0.00000000000000             1
   -0.20000000000000   -0.40000000000000    0.00000000000000             1
    0.00000000000000   -0.20000000000000    0.00000000000000             1
    0.20000000000000   -0.20000000000000    0.00000000000000             1
    0.40000000000000   -0.20000000000000    0.00000000000000             1
   -0.40000000000000   -0.20000000000000    0.00000000000000             1
   -0.20000000000000   -0.20000000000000    0.00000000000000             1
   -0.00000000000000    0.00000000000000    0.06666666666667             1
    0.20000000000000    0.00000000000000    0.06666666666667             1
    0.40000000000000    0.00000000000000    0.06666666666667             1
   -0.40000000000000   -0.00000000000000    0.06666666666667             1
   -0.20000000000000    0.00000000000000    0.06666666666667             1
   -0.00000000000000    0.20000000000000    0.06666666666667             1
    0.20000000000000    0.20000000000000    0.06666666666667             1
    0.40000000000000    0.20000000000000    0.06666666666667             1
   -0.40000000000000    0.20000000000000    0.06666666666667             1
   -0.20000000000000    0.20000000000000    0.06666666666667             1
   -0.00000000000000    0.40000000000000    0.06666666666667             1
    0.20000000000000    0.40000000000000    0.06666666666667             1
    0.40000000000000    0.40000000000000    0.06666666666667             1
   -0.40000000000000    0.40000000000000    0.06666666666667             1
   -0.20000000000000    0.40000000000000    0.06666666666667             1
   -0.00000000000000   -0.40000000000000    0.06666666666667             1
    0.20000000000000   -0.40000000000000    0.06666666666667             1
    0.40000000000000   -0.40000000000000    0.06666666666667             1
   -0.40000000000000   -0.40000000000000    0.06666666666667             1
   -0.20000000000000   -0.40000000000000    0.06666666666667             1
   -0.00000000000000   -0.20000000000000    0.06666666666667             1
    0.20000000000000   -0.20000000000000    0.06666666666667             1
    0.40000000000000   -0.20000000000000    0.06666666666667             1
   -0.40000000000000   -0.20000000000000    0.06666666666667             1
   -0.20000000000000   -0.20000000000000    0.06666666666667             1
    0.00000000000000    0.00000000000000    0.13333333333333             1
    0.20000000000000    0.00000000000000    0.13333333333333             1
    0.40000000000000    0.00000000000000    0.13333333333333             1
   -0.40000000000000    0.00000000000000    0.13333333333333             1
   -0.20000000000000   -0.00000000000000    0.13333333333333             1
    0.00000000000000    0.20000000000000    0.13333333333333             1
    0.20000000000000    0.20000000000000    0.13333333333333             1
    0.40000000000000    0.20000000000000    0.13333333333333             1
   -0.40000000000000    0.20000000000000    0.13333333333333             1
   -0.20000000000000    0.20000000000000    0.13333333333333             1
    0.00000000000000    0.40000000000000    0.13333333333333             1
    0.20000000000000    0.40000000000000    0.13333333333333             1
    0.40000000000000    0.40000000000000    0.13333333333333             1
   -0.40000000000000    0.40000000000000    0.13333333333333             1
   -0.20000000000000    0.40000000000000    0.13333333333333             1
    0.00000000000000   -0.40000000000000    0.13333333333333             1
    0.20000000000000   -0.40000000000000    0.13333333333333             1
    0.40000000000000   -0.40000000000000    0.13333333333333             1
   -0.40000000000000   -0.40000000000000    0.13333333333333             1
   -0.20000000000000   -0.40000000000000    0.13333333333333             1
    0.00000000000000   -0.20000000000000    0.13333333333333             1
    0.20000000000000   -0.20000000000000    0.13333333333333             1
    0.40000000000000   -0.20000000000000    0.13333333333333             1
   -0.40000000000000   -0.20000000000000    0.13333333333333             1
   -0.20000000000000   -0.20000000000000    0.13333333333333             1
    0.00000000000000    0.00000000000000    0.20000000000000             1
    0.20000000000000    0.00000000000000    0.20000000000000             1
    0.40000000000000    0.00000000000000    0.20000000000000             1
   -0.40000000000000    0.00000000000000    0.20000000000000             1
   -0.20000000000000    0.00000000000000    0.20000000000000             1
    0.00000000000000    0.20000000000000    0.20000000000000             1
    0.20000000000000    0.20000000000000    0.20000000000000             1
    0.40000000000000    0.20000000000000    0.20000000000000             1
   -0.40000000000000    0.20000000000000    0.20000000000000             1
   -0.20000000000000    0.20000000000000    0.20000000000000             1
    0.00000000000000    0.40000000000000    0.20000000000000             1
    0.20000000000000    0.40000000000000    0.20000000000000             1
    0.40000000000000    0.40000000000000    0.20000000000000             1
   -0.40000000000000    0.40000000000000    0.20000000000000             1
   -0.20000000000000    0.40000000000000    0.20000000000000             1
    0.00000000000000   -0.40000000000000    0.20000000000000             1
    0.20000000000000   -0.40000000000000    0.20000000000000             1
    0.40000000000000   -0.40000000000000    0.20000000000000             1
   -0.40000000000000   -0.40000000000000    0.20000000000000             1
   -0.20000000000000   -0.40000000000000    0.20000000000000             1
    0.00000000000000   -0.20000000000000    0.20000000000000             1
    0.20000000000000   -0.20000000000000    0.20000000000000             1
    0.40000000000000   -0.20000000000000    0.20000000000000             1
   -0.40000000000000   -0.20000000000000    0.20000000000000             1
   -0.20000000000000   -0.20000000000000    0.20000000000000             1
    0.00000000000000    0.00000000000000    0.26666666666667             1
    0.20000000000000    0.00000000000000    0.26666666666667             1
    0.40000000000000    0.00000000000000    0.26666666666667             1
   -0.40000000000000   -0.00000000000000    0.26666666666667             1
   -0.20000000000000    0.00000000000000    0.26666666666667             1
    0.00000000000000    0.20000000000000    0.26666666666667             1
    0.20000000000000    0.20000000000000    0.26666666666667             1
    0.40000000000000    0.20000000000000    0.26666666666667             1
   -0.40000000000000    0.20000000000000    0.26666666666667             1
   -0.20000000000000    0.20000000000000    0.26666666666667             1
    0.00000000000000    0.40000000000000    0.26666666666667             1
    0.20000000000000    0.40000000000000    0.26666666666667             1
    0.40000000000000    0.40000000000000    0.26666666666667             1
   -0.40000000000000    0.40000000000000    0.26666666666667             1
   -0.20000000000000    0.40000000000000    0.26666666666667             1
    0.00000000000000   -0.40000000000000    0.26666666666667             1
    0.20000000000000   -0.40000000000000    0.26666666666667             1
    0.40000000000000   -0.40000000000000    0.26666666666667             1
   -0.40000000000000   -0.40000000000000    0.26666666666667             1
   -0.20000000000000   -0.40000000000000    0.26666666666667             1
    0.00000000000000   -0.20000000000000    0.26666666666667             1
    0.20000000000000   -0.20000000000000    0.26666666666667             1
    0.40000000000000   -0.20000000000000    0.26666666666667             1
   -0.40000000000000   -0.20000000000000    0.26666666666667             1
   -0.20000000000000   -0.20000000000000    0.26666666666667             1
    0.00000000000000    0.00000000000000    0.33333333333334             1
    0.20000000000000    0.00000000000000    0.33333333333334             1
    0.40000000000000    0.00000000000000    0.33333333333334             1
   -0.40000000000000    0.00000000000000    0.33333333333334             1
   -0.20000000000000    0.00000000000000    0.33333333333334             1
    0.00000000000000    0.20000000000000    0.33333333333334             1
    0.20000000000000    0.20000000000000    0.33333333333334             1
    0.40000000000000    0.20000000000000    0.33333333333334             1
   -0.40000000000000    0.20000000000000    0.33333333333334             1
   -0.20000000000000    0.20000000000000    0.33333333333334             1
    0.00000000000000    0.40000000000000    0.33333333333334             1
    0.20000000000000    0.40000000000000    0.33333333333334             1
    0.40000000000000    0.40000000000000    0.33333333333334             1
   -0.40000000000000    0.40000000000000    0.33333333333334             1
   -0.20000000000000    0.40000000000000    0.33333333333334             1
    0.00000000000000   -0.40000000000000    0.33333333333334             1
    0.20000000000000   -0.40000000000000    0.33333333333334             1
    0.40000000000000   -0.40000000000000    0.33333333333334             1
   -0.40000000000000   -0.40000000000000    0.33333333333334             1
   -0.20000000000000   -0.40000000000000    0.33333333333334             1
    0.00000000000000   -0.20000000000000    0.33333333333334             1
    0.20000000000000   -0.20000000000000    0.33333333333334             1
    0.40000000000000   -0.20000000000000    0.33333333333334             1
   -0.40000000000000   -0.20000000000000    0.33333333333334             1
   -0.20000000000000   -0.20000000000000    0.33333333333334             1
    0.00000000000000    0.00000000000000    0.40000000000000             1
    0.20000000000000    0.00000000000000    0.40000000000000             1
    0.40000000000000    0.00000000000000    0.40000000000000             1
   -0.40000000000000    0.00000000000000    0.40000000000000             1
   -0.20000000000000    0.00000000000000    0.40000000000000             1
    0.00000000000000    0.20000000000000    0.40000000000000             1
    0.20000000000000    0.20000000000000    0.40000000000000             1
    0.40000000000000    0.20000000000000    0.40000000000000             1
   -0.40000000000000    0.20000000000000    0.40000000000000             1
   -0.20000000000000    0.20000000000000    0.40000000000000             1
    0.00000000000000    0.40000000000000    0.40000000000000             1
    0.20000000000000    0.40000000000000    0.40000000000000             1
    0.40000000000000    0.40000000000000    0.40000000000000             1
   -0.40000000000000    0.40000000000000    0.40000000000000             1
   -0.20000000000000    0.40000000000000    0.40000000000000             1
    0.00000000000000   -0.40000000000000    0.40000000000000             1
    0.20000000000000   -0.40000000000000    0.40000000000000             1
    0.40000000000000   -0.40000000000000    0.40000000000000             1
   -0.40000000000000   -0.40000000000000    0.40000000000000             1
   -0.20000000000000   -0.40000000000000    0.40000000000000             1
    0.00000000000000   -0.20000000000000    0.40000000000000             1
    0.20000000000000   -0.20000000000000    0.40000000000000             1
    0.40000000000000   -0.20000000000000    0.40000000000000             1
   -0.40000000000000   -0.20000000000000    0.40000000000000             1
   -0.20000000000000   -0.20000000000000    0.40000000000000             1
    0.00000000000000    0.00000000000000    0.46666666666667             1
    0.20000000000000    0.00000000000000    0.46666666666667             1
    0.40000000000000    0.00000000000000    0.46666666666667             1
   -0.40000000000000    0.00000000000000    0.46666666666667             1
   -0.20000000000000    0.00000000000000    0.46666666666667             1
    0.00000000000000    0.20000000000000    0.46666666666667             1
    0.20000000000000    0.20000000000000    0.46666666666667             1
    0.40000000000000    0.20000000000000    0.46666666666667             1
   -0.40000000000000    0.20000000000000    0.46666666666667             1
   -0.20000000000000    0.20000000000000    0.46666666666667             1
    0.00000000000000    0.40000000000000    0.46666666666667             1
    0.20000000000000    0.40000000000000    0.46666666666667             1
    0.40000000000000    0.40000000000000    0.46666666666667             1
   -0.40000000000000    0.40000000000000    0.46666666666667             1
   -0.20000000000000    0.40000000000000    0.46666666666667             1
    0.00000000000000   -0.40000000000000    0.46666666666667             1
    0.20000000000000   -0.40000000000000    0.46666666666667             1
    0.40000000000000   -0.40000000000000    0.46666666666667             1
   -0.40000000000000   -0.40000000000000    0.46666666666667             1
   -0.20000000000000   -0.40000000000000    0.46666666666667             1
    0.00000000000000   -0.20000000000000    0.46666666666667             1
    0.20000000000000   -0.20000000000000    0.46666666666667             1
    0.40000000000000   -0.20000000000000    0.46666666666667             1
   -0.40000000000000   -0.20000000000000    0.46666666666667             1
   -0.20000000000000   -0.20000000000000    0.46666666666667             1
    0.00000000000000   -0.00000000000000   -0.46666666666667             1
    0.20000000000000    0.00000000000000   -0.46666666666667             1
    0.40000000000000    0.00000000000000   -0.46666666666667             1
   -0.40000000000000   -0.00000000000000   -0.46666666666667             1
   -0.20000000000000   -0.00000000000000   -0.46666666666667             1
    0.00000000000000    0.20000000000000   -0.46666666666667             1
    0.20000000000000    0.20000000000000   -0.46666666666667             1
    0.40000000000000    0.20000000000000   -0.46666666666667             1
   -0.40000000000000    0.20000000000000   -0.46666666666667             1
   -0.20000000000000    0.20000000000000   -0.46666666666667             1
    0.00000000000000    0.40000000000000   -0.46666666666667             1
    0.20000000000000    0.40000000000000   -0.46666666666667             1
    0.40000000000000    0.40000000000000   -0.46666666666667             1
   -0.40000000000000    0.40000000000000   -0.46666666666667             1
   -0.20000000000000    0.40000000000000   -0.46666666666667             1
    0.00000000000000   -0.40000000000000   -0.46666666666667             1
    0.20000000000000   -0.40000000000000   -0.46666666666667             1
    0.40000000000000   -0.40000000000000   -0.46666666666667             1
   -0.40000000000000   -0.40000000000000   -0.46666666666667             1
   -0.20000000000000   -0.40000000000000   -0.46666666666667             1
    0.00000000000000   -0.20000000000000   -0.46666666666667             1
    0.20000000000000   -0.20000000000000   -0.46666666666667             1
    0.40000000000000   -0.20000000000000   -0.46666666666667             1
   -0.40000000000000   -0.20000000000000   -0.46666666666667             1
   -0.20000000000000   -0.20000000000000   -0.46666666666667             1
   -0.00000000000000    0.00000000000000   -0.40000000000000             1
    0.20000000000000    0.00000000000000   -0.40000000000000             1
    0.40000000000000    0.00000000000000   -0.40000000000000             1
   -0.40000000000000   -0.00000000000000   -0.40000000000000             1
   -0.20000000000000   -0.00000000000000   -0.40000000000000             1
   -0.00000000000000    0.20000000000000   -0.40000000000000             1
    0.20000000000000    0.20000000000000   -0.40000000000000             1
    0.40000000000000    0.20000000000000   -0.40000000000000             1
   -0.40000000000000    0.20000000000000   -0.40000000000000             1
   -0.20000000000000    0.20000000000000   -0.40000000000000             1
   -0.00000000000000    0.40000000000000   -0.40000000000000             1
    0.20000000000000    0.40000000000000   -0.40000000000000             1
    0.40000000000000    0.40000000000000   -0.40000000000000             1
   -0.40000000000000    0.40000000000000   -0.40000000000000             1
   -0.20000000000000    0.40000000000000   -0.40000000000000             1
   -0.00000000000000   -0.40000000000000   -0.40000000000000             1
    0.20000000000000   -0.40000000000000   -0.40000000000000             1
    0.40000000000000   -0.40000000000000   -0.40000000000000             1
   -0.40000000000000   -0.40000000000000   -0.40000000000000             1
   -0.20000000000000   -0.40000000000000   -0.40000000000000             1
   -0.00000000000000   -0.20000000000000   -0.40000000000000             1
    0.20000000000000   -0.20000000000000   -0.40000000000000             1
    0.40000000000000   -0.20000000000000   -0.40000000000000             1
   -0.40000000000000   -0.20000000000000   -0.40000000000000             1
   -0.20000000000000   -0.20000000000000   -0.40000000000000             1
   -0.00000000000000   -0.00000000000000   -0.33333333333334             1
    0.20000000000000   -0.00000000000000   -0.33333333333334             1
    0.40000000000000    0.00000000000000   -0.33333333333334             1
   -0.40000000000000   -0.00000000000000   -0.33333333333334             1
   -0.20000000000000   -0.00000000000000   -0.33333333333334             1
   -0.00000000000000    0.20000000000000   -0.33333333333334             1
    0.20000000000000    0.20000000000000   -0.33333333333334             1
    0.40000000000000    0.20000000000000   -0.33333333333334             1
   -0.40000000000000    0.20000000000000   -0.33333333333334             1
   -0.20000000000000    0.20000000000000   -0.33333333333334             1
   -0.00000000000000    0.40000000000000   -0.33333333333334             1
    0.20000000000000    0.40000000000000   -0.33333333333334             1
    0.40000000000000    0.40000000000000   -0.33333333333334             1
   -0.40000000000000    0.40000000000000   -0.33333333333334             1
   -0.20000000000000    0.40000000000000   -0.33333333333334             1
   -0.00000000000000   -0.40000000000000   -0.33333333333334             1
    0.20000000000000   -0.40000000000000   -0.33333333333334             1
    0.40000000000000   -0.40000000000000   -0.33333333333334             1
   -0.40000000000000   -0.40000000000000   -0.33333333333334             1
   -0.20000000000000   -0.40000000000000   -0.33333333333334             1
   -0.00000000000000   -0.20000000000000   -0.33333333333334             1
    0.20000000000000   -0.20000000000000   -0.33333333333334             1
    0.40000000000000   -0.20000000000000   -0.33333333333334             1
   -0.40000000000000   -0.20000000000000   -0.33333333333334             1
   -0.20000000000000   -0.20000000000000   -0.33333333333334             1
   -0.00000000000000   -0.00000000000000   -0.26666666666667             1
    0.20000000000000   -0.00000000000000   -0.26666666666667             1
    0.40000000000000    0.00000000000000   -0.26666666666667             1
   -0.40000000000000   -0.00000000000000   -0.26666666666667             1
   -0.20000000000000   -0.00000000000000   -0.26666666666667             1
   -0.00000000000000    0.20000000000000   -0.26666666666667             1
    0.20000000000000    0.20000000000000   -0.26666666666667             1
    0.40000000000000    0.20000000000000   -0.26666666666667             1
   -0.40000000000000    0.20000000000000   -0.26666666666667             1
   -0.20000000000000    0.20000000000000   -0.26666666666667             1
   -0.00000000000000    0.40000000000000   -0.26666666666667             1
    0.20000000000000    0.40000000000000   -0.26666666666667             1
    0.40000000000000    0.40000000000000   -0.26666666666667             1
   -0.40000000000000    0.40000000000000   -0.26666666666667             1
   -0.20000000000000    0.40000000000000   -0.26666666666667             1
   -0.00000000000000   -0.40000000000000   -0.26666666666667             1
    0.20000000000000   -0.40000000000000   -0.26666666666667             1
    0.40000000000000   -0.40000000000000   -0.26666666666667             1
   -0.40000000000000   -0.40000000000000   -0.26666666666667             1
   -0.20000000000000   -0.40000000000000   -0.26666666666667             1
   -0.00000000000000   -0.20000000000000   -0.26666666666667             1
    0.20000000000000   -0.20000000000000   -0.26666666666667             1
    0.40000000000000   -0.20000000000000   -0.26666666666667             1
   -0.40000000000000   -0.20000000000000   -0.26666666666667             1
   -0.20000000000000   -0.20000000000000   -0.26666666666667             1
    0.00000000000000   -0.00000000000000   -0.20000000000000             1
    0.20000000000000   -0.00000000000000   -0.20000000000000             1
    0.40000000000000   -0.00000000000000   -0.20000000000000             1
   -0.40000000000000   -0.00000000000000   -0.20000000000000             1
   -0.20000000000000   -0.00000000000000   -0.20000000000000             1
    0.00000000000000    0.20000000000000   -0.20000000000000             1
    0.20000000000000    0.20000000000000   -0.20000000000000             1
    0.40000000000000    0.20000000000000   -0.20000000000000             1
   -0.40000000000000    0.20000000000000   -0.20000000000000             1
   -0.20000000000000    0.20000000000000   -0.20000000000000             1
    0.00000000000000    0.40000000000000   -0.20000000000000             1
    0.20000000000000    0.40000000000000   -0.20000000000000             1
    0.40000000000000    0.40000000000000   -0.20000000000000             1
   -0.40000000000000    0.40000000000000   -0.20000000000000             1
   -0.20000000000000    0.40000000000000   -0.20000000000000             1
    0.00000000000000   -0.40000000000000   -0.20000000000000             1
    0.20000000000000   -0.40000000000000   -0.20000000000000             1
    0.40000000000000   -0.40000000000000   -0.20000000000000             1
   -0.40000000000000   -0.40000000000000   -0.20000000000000             1
   -0.20000000000000   -0.40000000000000   -0.20000000000000             1
    0.00000000000000   -0.20000000000000   -0.20000000000000             1
    0.20000000000000   -0.20000000000000   -0.20000000000000             1
    0.40000000000000   -0.20000000000000   -0.20000000000000             1
   -0.40000000000000   -0.20000000000000   -0.20000000000000             1
   -0.20000000000000   -0.20000000000000   -0.20000000000000             1
   -0.00000000000000   -0.00000000000000   -0.13333333333333             1
    0.20000000000000    0.00000000000000   -0.13333333333333             1
    0.40000000000000   -0.00000000000000   -0.13333333333333             1
   -0.40000000000000   -0.00000000000000   -0.13333333333333             1
   -0.20000000000000   -0.00000000000000   -0.13333333333333             1
   -0.00000000000000    0.20000000000000   -0.13333333333333             1
    0.20000000000000    0.20000000000000   -0.13333333333333             1
    0.40000000000000    0.20000000000000   -0.13333333333333             1
   -0.40000000000000    0.20000000000000   -0.13333333333333             1
   -0.20000000000000    0.20000000000000   -0.13333333333333             1
   -0.00000000000000    0.40000000000000   -0.13333333333333             1
    0.20000000000000    0.40000000000000   -0.13333333333333             1
    0.40000000000000    0.40000000000000   -0.13333333333333             1
   -0.40000000000000    0.40000000000000   -0.13333333333333             1
   -0.20000000000000    0.40000000000000   -0.13333333333333             1
   -0.00000000000000   -0.40000000000000   -0.13333333333333             1
    0.20000000000000   -0.40000000000000   -0.13333333333333             1
    0.40000000000000   -0.40000000000000   -0.13333333333333             1
   -0.40000000000000   -0.40000000000000   -0.13333333333333             1
   -0.20000000000000   -0.40000000000000   -0.13333333333333             1
   -0.00000000000000   -0.20000000000000   -0.13333333333333             1
    0.20000000000000   -0.20000000000000   -0.13333333333333             1
    0.40000000000000   -0.20000000000000   -0.13333333333333             1
   -0.40000000000000   -0.20000000000000   -0.13333333333333             1
   -0.20000000000000   -0.20000000000000   -0.13333333333333             1
    0.00000000000000    0.00000000000000   -0.06666666666667             1
    0.20000000000000   -0.00000000000000   -0.06666666666667             1
    0.40000000000000    0.00000000000000   -0.06666666666667             1
   -0.40000000000000   -0.00000000000000   -0.06666666666667             1
   -0.20000000000000   -0.00000000000000   -0.06666666666667             1
    0.00000000000000    0.20000000000000   -0.06666666666667             1
    0.20000000000000    0.20000000000000   -0.06666666666667             1
    0.40000000000000    0.20000000000000   -0.06666666666667             1
   -0.40000000000000    0.20000000000000   -0.06666666666667             1
   -0.20000000000000    0.20000000000000   -0.06666666666667             1
    0.00000000000000    0.40000000000000   -0.06666666666667             1
    0.20000000000000    0.40000000000000   -0.06666666666667             1
    0.40000000000000    0.40000000000000   -0.06666666666667             1
   -0.40000000000000    0.40000000000000   -0.06666666666667             1
   -0.20000000000000    0.40000000000000   -0.06666666666667             1
    0.00000000000000   -0.40000000000000   -0.06666666666667             1
    0.20000000000000   -0.40000000000000   -0.06666666666667             1
    0.40000000000000   -0.40000000000000   -0.06666666666667             1
   -0.40000000000000   -0.40000000000000   -0.06666666666667             1
   -0.20000000000000   -0.40000000000000   -0.06666666666667             1
    0.00000000000000   -0.20000000000000   -0.06666666666667             1
    0.20000000000000   -0.20000000000000   -0.06666666666667             1
    0.40000000000000   -0.20000000000000   -0.06666666666667             1
   -0.40000000000000   -0.20000000000000   -0.06666666666667             1
   -0.20000000000000   -0.20000000000000   -0.06666666666667             1
Tetrahedra
      2250    0.00044444444444
         1        32        33        38        57
         1        32        37        38        57
         1        37        38        57        62
         1        33        38        57        58
         1        38        57        58        63
         1        38        57        62        63
         1        33        34        39        58
         1        33        38        39        58
         1        38        39        58        63
         1        34        39        58        59
         1        39        58        59        64
         1        39        58        63        64
         1        34        35        40        59
         1        34        39        40        59
         1        39        40        59        64
         1        35        40        59        60
         1        40        59        60        65
         1        40        59        64        65
         1        31        35        36        60
         1        35        36        40        60
         1        36        40        60        65
         1        31        36        56        60
         1        36        56        60        61
         1        36        60        61        65
         1        31        32        37        56
         1        31        36        37        56
         1        36        37        56        61
         1        32        37        56        57
         1        37        56        57        62
         1        37        56        61        62
         1        37        38        43        62
         1        37        42        43        62
         1        42        43        62        67
         1        38        43        62        63
         1        43        62        63        68
         1        43        62        67        68
         1        38        39        44        63
         1        38        43        44        63
         1        43        44        63        68
         1        39        44        63        64
         1        44        63        64        69
         1        44        63        68        69
         1        39        40        45        64
         1        39        44        45        64
         1        44        45        64        69
         1        40        45        64        65
         1        45        64        65        70
         1        45        64        69        70
         1        36        40        41        65
         1        40        41        45        65
         1        41        45        65        70
         1        36        41        61        65
         1        41        61        65        66
         1        41        65        66        70
         1        36        37        42        61
         1        36        41        42        61
         1        41        42        61        66
         1        37        42        61        62
         1        42        61        62        67
         1        42        61        66        67
         1        42        43        48        67
         1        42        47        48        67
         1        47        48        67        72
         1        43        48        67        68
         1        48        67        68        73
         1        48        67        72        73
         1        43        44        49        68
         1        43        48        49        68
         1        48        49        68        73
         1        44        49        68        69
         1        49        68        69        74
         1        49        68        73        74
         1        44        45        50        69
         1        44        49        50        69
         1        49        50        69        74
         1        45        50        69        70
         1        50        69        70        75
         1        50        69        74        75
         1        41        45        46        70
         1        45        46        50        70
         1        46        50        70        75
         1        41        46        66        70
         1        46        66        70        71
         1        46        70        71        75
         1        41        42        47        66
         1        41        46        47        66
         1        46        47        66        71
         1        42        47        66        67
         1        47        66        67        72
         1        47        66        71        72
         1        28        47        48        72
         1        27        28        47        72
         1        27        28        52        72
         1        28        48        72        73
         1        28        53        72        73
         1        28        52        53        72
         1        29        48        49        73
         1        28        29        48        73
         1        28        29        53        73
         1        29        49        73        74
         1        29        54        73        74
         1        29        53        54        73
         1        30        49        50        74
         1        29        30        49        74
         1        29        30        54        74
         1        30        50        74        75
         1        30        55        74        75
         1        30        54        55        74
         1        26        46        50        75
         1        26        30        50        75
         1        26        30        55        75
         1        26        46        71        75
         1        26        51        71        75
         1        26        51        55        75
         1        27        46        47        71
         1        26        27        46        71
         1        26        27        51        71
         1        27        47        71        72
         1        27        52        71        72
         1        27        51        52        71
         1        27        28        33        52
         1        27        32        33        52
         1        32        33        52        57
         1        28        33        52        53
         1        33        52        53        58
         1        33        52        57        58
         1        28        29        34        53
         1        28        33        34        53
         1        33        34        53        58
         1        29        34        53        54
         1        34        53        54        59
         1        34        53        58        59
         1        29        30        35        54
         1        29        34        35        54
         1        34        35        54        59
         1        30        35        54        55
         1        35        54        55        60
         1        35        54        59        60
         1        26        30        31        55
         1        30        31        35        55
         1        31        35        55        60
         1        26        31        51        55
         1        31        51        55        56
         1        31        55        56        60
         1        26        27        32        51
         1        26        31        32        51
         1        31        32        51        56
         1        27        32        51        52
         1        32        51        52        57
         1        32        51        56        57
         1        57        58        63        82
         1        57        62        63        82
         1        62        63        82        87
         1        58        63        82        83
         1        63        82        83        88
         1        63        82        87        88
         1        58        59        64        83
         1        58        63        64        83
         1        63        64        83        88
         1        59        64        83        84
         1        64        83        84        89
         1        64        83        88        89
         1        59        60        65        84
         1        59        64        65        84
         1        64        65        84        89
         1        60        65        84        85
         1        65        84        85        90
         1        65        84        89        90
         1        56        60        61        85
         1        60        61        65        85
         1        61        65        85        90
         1        56        61        81        85
         1        61        81        85        86
         1        61        85        86        90
         1        56        57        62        81
         1        56        61        62        81
         1        61        62        81        86
         1        57        62        81        82
         1        62        81        82        87
         1        62        81        86        87
         1        62        63        68        87
         1        62        67        68        87
         1        67        68        87        92
         1        63        68        87        88
         1        68        87        88        93
         1        68        87        92        93
         1        63        64        69        88
         1        63        68        69        88
         1        68        69        88        93
         1        64        69        88        89
         1        69        88        89        94
         1        69        88        93        94
         1        64        65        70        89
         1        64        69        70        89
         1        69        70        89        94
         1        65        70        89        90
         1        70        89        90        95
         1        70        89        94        95
         1        61        65        66        90
         1        65        66        70        90
         1        66        70        90        95
         1        61        66        86        90
         1        66        86        90        91
         1        66        90        91        95
         1        61        62        67        86
         1        61        66        67        86
         1        66        67        86        91
         1        62        67        86        87
         1        67        86        87        92
         1        67        86        91        92
         1        67        68        73        92
         1        67        72        73        92
         1        72        73        92        97
         1        68        73        92        93
         1        73        92        93        98
         1        73        92        97        98
         1        68        69        74        93
         1        68        73        74        93
         1        73        74        93        98
         1        69        74        93        94
         1        74        93        94        99
         1        74        93        98        99
         1        69        70        75        94
         1        69        74        75        94
         1        74        75        94        99
         1        70        75        94        95
         1        75        94        95       100
         1        75        94        99       100
         1        66        70        71        95
         1        70        71        75        95
         1        71        75        95       100
         1        66        71        91        95
         1        71        91        95        96
         1        71        95        96       100
         1        66        67        72        91
         1        66        71        72        91
         1        71        72        91        96
         1        67        72        91        92
         1        72        91        92        97
         1        72        91        96        97
         1        53        72        73        97
         1        52        53        72        97
         1        52        53        77        97
         1        53        73        97        98
         1        53        78        97        98
         1        53        77        78        97
         1        54        73        74        98
         1        53        54        73        98
         1        53        54        78        98
         1        54        74        98        99
         1        54        79        98        99
         1        54        78        79        98
         1        55        74        75        99
         1        54        55        74        99
         1        54        55        79        99
         1        55        75        99       100
         1        55        80        99       100
         1        55        79        80        99
         1        51        71        75       100
         1        51        55        75       100
         1        51        55        80       100
         1        51        71        96       100
         1        51        76        96       100
         1        51        76        80       100
         1        52        71        72        96
         1        51        52        71        96
         1        51        52        76        96
         1        52        72        96        97
         1        52        77        96        97
         1        52        76        77        96
         1        52        53        58        77
         1        52        57        58        77
         1        57        58        77        82
         1        53        58        77        78
         1        58        77        78        83
         1        58        77        82        83
         1        53        54        59        78
         1        53        58        59        78
         1        58        59        78        83
         1        54        59        78        79
         1        59        78        79        84
         1        59        78        83        84
         1        54        55        60        79
         1        54        59        60        79
         1        59        60        79        84
         1        55        60        79        80
         1        60        79        80        85
         1        60        79        84        85
         1        51        55        56        80
         1        55        56        60        80
         1        56        60        80        85
         1        51        56        76        80
         1        56        76        80        81
         1        56        80        81        85
         1        51        52        57        76
         1        51        56        57        76
         1        56        57        76        81
         1        52        57        76        77
         1        57        76        77        82
         1        57        76        81        82
         1        82        83        88       107
         1        82        87        88       107
         1        87        88       107       112
         1        83        88       107       108
         1        88       107       108       113
         1        88       107       112       113
         1        83        84        89       108
         1        83        88        89       108
         1        88        89       108       113
         1        84        89       108       109
         1        89       108       109       114
         1        89       108       113       114
         1        84        85        90       109
         1        84        89        90       109
         1        89        90       109       114
         1        85        90       109       110
         1        90       109       110       115
         1        90       109       114       115
         1        81        85        86       110
         1        85        86        90       110
         1        86        90       110       115
         1        81        86       106       110
         1        86       106       110       111
         1        86       110       111       115
         1        81        82        87       106
         1        81        86        87       106
         1        86        87       106       111
         1        82        87       106       107
         1        87       106       107       112
         1        87       106       111       112
         1        87        88        93       112
         1        87        92        93       112
         1        92        93       112       117
         1        88        93       112       113
         1        93       112       113       118
         1        93       112       117       118
         1        88        89        94       113
         1        88        93        94       113
         1        93        94       113       118
         1        89        94       113       114
         1        94       113       114       119
         1        94       113       118       119
         1        89        90        95       114
         1        89        94        95       114
         1        94        95       114       119
         1        90        95       114       115
         1        95       114       115       120
         1        95       114       119       120
         1        86        90        91       115
         1        90        91        95       115
         1        91        95       115       120
         1        86        91       111       115
         1        91       111       115       116
         1        91       115       116       120
         1        86        87        92       111
         1        86        91        92       111
         1        91        92       111       116
         1        87        92       111       112
         1        92       111       112       117
         1        92       111       116       117
         1        92        93        98       117
         1        92        97        98       117
         1        97        98       117       122
         1        93        98       117       118
         1        98       117       118       123
         1        98       117       122       123
         1        93        94        99       118
         1        93        98        99       118
         1        98        99       118       123
         1        94        99       118       119
         1        99       118       119       124
         1        99       118       123       124
         1        94        95       100       119
         1        94        99       100       119
         1        99       100       119       124
         1        95       100       119       120
         1       100       119       120       125
         1       100       119       124       125
         1        91        95        96       120
         1        95        96       100       120
         1        96       100       120       125
         1        91        96       116       120
         1        96       116       120       121
         1        96       120       121       125
         1        91        92        97       116
         1        91        96        97       116
         1        96        97       116       121
         1        92        97       116       117
         1        97       116       117       122
         1        97       116       121       122
         1        78        97        98       122
         1        77        78        97       122
         1        77        78       102       122
         1        78        98       122       123
         1        78       103       122       123
         1        78       102       103       122
         1        79        98        99       123
         1        78        79        98       123
         1        78        79       103       123
         1        79        99       123       124
         1        79       104       123       124
         1        79       103       104       123
         1        80        99       100       124
         1        79        80        99       124
         1        79        80       104       124
         1        80       100       124       125
         1        80       105       124       125
         1        80       104       105       124
         1        76        96       100       125
         1        76        80       100       125
         1        76        80       105       125
         1        76        96       121       125
         1        76       101       121       125
         1        76       101       105       125
         1        77        96        97       121
         1        76        77        96       121
         1        76        77       101       121
         1        77        97       121       122
         1        77       102       121       122
         1        77       101       102       121
         1        77        78        83       102
         1        77        82        83       102
         1        82        83       102       107
         1        78        83       102       103
         1        83       102       103       108
         1        83       102       107       108
         1        78        79        84       103
         1        78        83        84       103
         1        83        84       103       108
         1        79        84       103       104
         1        84       103       104       109
         1        84       103       108       109
         1        79        80        85       104
         1        79        84        85       104
         1        84        85       104       109
         1        80        85       104       105
         1        85       104       105       110
         1        85       104       109       110
         1        76        80        81       105
         1        80        81        85       105
         1        81        85       105       110
         1        76        81       101       105
         1        81       101       105       106
         1        81       105       106       110
         1        76        77        82       101
         1        76        81        82       101
         1        81        82       101       106
         1        77        82       101       102
         1        82       101       102       107
         1        82       101       106       107
         1       107       108       113       132
         1       107       112       113       132
         1       112       113       132       137
         1       108       113       132       133
         1       113       132       133       138
         1       113       132       137       138
         1       108       109       114       133
         1       108       113       114       133
         1       113       114       133       138
         1       109       114       133       134
         1       114       133       134       139
         1       114       133       138       139
         1       109       110       115       134
         1       109       114       115       134
         1       114       115       134       139
         1       110       115       134       135
         1       115       134       135       140
         1       115       134       139       140
         1       106       110       111       135
         1       110       111       115       135
         1       111       115       135       140
         1       106       111       131       135
         1       111       131       135       136
         1       111       135       136       140
         1       106       107       112       131
         1       106       111       112       131
         1       111       112       131       136
         1       107       112       131       132
         1       112       131       132       137
         1       112       131       136       137
         1       112       113       118       137
         1       112       117       118       137
         1       117       118       137       142
         1       113       118       137       138
         1       118       137       138       143
         1       118       137       142       143
         1       113       114       119       138
         1       113       118       119       138
         1       118       119       138       143
         1       114       119       138       139
         1       119       138       139       144
         1       119       138       143       144
         1       114       115       120       139
         1       114       119       120       139
         1       119       120       139       144
         1       115       120       139       140
         1       120       139       140       145
         1       120       139       144       145
         1       111       115       116       140
         1       115       116       120       140
         1       116       120       140       145
         1       111       116       136       140
         1       116       136       140       141
         1       116       140       141       145
         1       111       112       117       136
         1       111       116       117       136
         1       116       117       136       141
         1       112       117       136       137
         1       117       136       137       142
         1       117       136       141       142
         1       117       118       123       142
         1       117       122       123       142
         1       122       123       142       147
         1       118       123       142       143
         1       123       142       143       148
         1       123       142       147       148
         1       118       119       124       143
         1       118       123       124       143
         1       123       124       143       148
         1       119       124       143       144
         1       124       143       144       149
         1       124       143       148       149
         1       119       120       125       144
         1       119       124       125       144
         1       124       125       144       149
         1       120       125       144       145
         1       125       144       145       150
         1       125       144       149       150
         1       116       120       121       145
         1       120       121       125       145
         1       121       125       145       150
         1       116       121       141       145
         1       121       141       145       146
         1       121       145       146       150
         1       116       117       122       141
         1       116       121       122       141
         1       121       122       141       146
         1       117       122       141       142
         1       122       141       142       147
         1       122       141       146       147
         1       103       122       123       147
         1       102       103       122       147
         1       102       103       127       147
         1       103       123       147       148
         1       103       128       147       148
         1       103       127       128       147
         1       104       123       124       148
         1       103       104       123       148
         1       103       104       128       148
         1       104       124       148       149
         1       104       129       148       149
         1       104       128       129       148
         1       105       124       125       149
         1       104       105       124       149
         1       104       105       129       149
         1       105       125       149       150
         1       105       130       149       150
         1       105       129       130       149
         1       101       121       125       150
         1       101       105       125       150
         1       101       105       130       150
         1       101       121       146       150
         1       101       126       146       150
         1       101       126       130       150
         1       102       121       122       146
         1       101       102       121       146
         1       101       102       126       146
         1       102       122       146       147
         1       102       127       146       147
         1       102       126       127       146
         1       102       103       108       127
         1       102       107       108       127
         1       107       108       127       132
         1       103       108       127       128
         1       108       127       128       133
         1       108       127       132       133
         1       103       104       109       128
         1       103       108       109       128
         1       108       109       128       133
         1       104       109       128       129
         1       109       128       129       134
         1       109       128       133       134
         1       104       105       110       129
         1       104       109       110       129
         1       109       110       129       134
         1       105       110       129       130
         1       110       129       130       135
         1       110       129       134       135
         1       101       105       106       130
         1       105       106       110       130
         1       106       110       130       135
         1       101       106       126       130
         1       106       126       130       131
         1       106       130       131       135
         1       101       102       107       126
         1       101       106       107       126
         1       106       107       126       131
         1       102       107       126       127
         1       107       126       127       132
         1       107       126       131       132
         1       132       133       138       157
         1       132       137       138       157
         1       137       138       157       162
         1       133       138       157       158
         1       138       157       158       163
         1       138       157       162       163
         1       133       134       139       158
         1       133       138       139       158
         1       138       139       158       163
         1       134       139       158       159
         1       139       158       159       164
         1       139       158       163       164
         1       134       135       140       159
         1       134       139       140       159
         1       139       140       159       164
         1       135       140       159       160
         1       140       159       160       165
         1       140       159       164       165
         1       131       135       136       160
         1       135       136       140       160
         1       136       140       160       165
         1       131       136       156       160
         1       136       156       160       161
         1       136       160       161       165
         1       131       132       137       156
         1       131       136       137       156
         1       136       137       156       161
         1       132       137       156       157
         1       137       156       157       162
         1       137       156       161       162
         1       137       138       143       162
         1       137       142       143       162
         1       142       143       162       167
         1       138       143       162       163
         1       143       162       163       168
         1       143       162       167       168
         1       138       139       144       163
         1       138       143       144       163
         1       143       144       163       168
         1       139       144       163       164
         1       144       163       164       169
         1       144       163       168       169
         1       139       140       145       164
         1       139       144       145       164
         1       144       145       164       169
         1       140       145       164       165
         1       145       164       165       170
         1       145       164       169       170
         1       136       140       141       165
         1       140       141       145       165
         1       141       145       165       170
         1       136       141       161       165
         1       141       161       165       166
         1       141       165       166       170
         1       136       137       142       161
         1       136       141       142       161
         1       141       142       161       166
         1       137       142       161       162
         1       142       161       162       167
         1       142       161       166       167
         1       142       143       148       167
         1       142       147       148       167
         1       147       148       167       172
         1       143       148       167       168
         1       148       167       168       173
         1       148       167       172       173
         1       143       144       149       168
         1       143       148       149       168
         1       148       149       168       173
         1       144       149       168       169
         1       149       168       169       174
         1       149       168       173       174
         1       144       145       150       169
         1       144       149       150       169
         1       149       150       169       174
         1       145       150       169       170
         1       150       169       170       175
         1       150       169       174       175
         1       141       145       146       170
         1       145       146       150       170
         1       146       150       170       175
         1       141       146       166       170
         1       146       166       170       171
         1       146       170       171       175
         1       141       142       147       166
         1       141       146       147       166
         1       146       147       166       171
         1       142       147       166       167
         1       147       166       167       172
         1       147       166       171       172
         1       128       147       148       172
         1       127       128       147       172
         1       127       128       152       172
         1       128       148       172       173
         1       128       153       172       173
         1       128       152       153       172
         1       129       148       149       173
         1       128       129       148       173
         1       128       129       153       173
         1       129       149       173       174
         1       129       154       173       174
         1       129       153       154       173
         1       130       149       150       174
         1       129       130       149       174
         1       129       130       154       174
         1       130       150       174       175
         1       130       155       174       175
         1       130       154       155       174
         1       126       146       150       175
         1       126       130       150       175
         1       126       130       155       175
         1       126       146       171       175
         1       126       151       171       175
         1       126       151       155       175
         1       127       146       147       171
         1       126       127       146       171
         1       126       127       151       171
         1       127       147       171       172
         1       127       152       171       172
         1       127       151       152       171
         1       127       128       133       152
         1       127       132       133       152
         1       132       133       152       157
         1       128       133       152       153
         1       133       152       153       158
         1       133       152       157       158
         1       128       129       134       153
         1       128       133       134       153
         1       133       134       153       158
         1       129       134       153       154
         1       134       153       154       159
         1       134       153       158       159
         1       129       130       135       154
         1       129       134       135       154
         1       134       135       154       159
         1       130       135       154       155
         1       135       154       155       160
         1       135       154       159       160
         1       126       130       131       155
         1       130       131       135       155
         1       131       135       155       160
         1       126       131       151       155
         1       131       151       155       156
         1       131       155       156       160
         1       126       127       132       151
         1       126       131       132       151
         1       131       132       151       156
         1       127       132       151       152
         1       132       151       152       157
         1       132       151       156       157
         1       157       158       163       182
         1       157       162       163       182
         1       162       163       182       187
         1       158       163       182       183
         1       163       182       183       188
         1       163       182       187       188
         1       158       159       164       183
         1       158       163       164       183
         1       163       164       183       188
         1       159       164       183       184
         1       164       183       184       189
         1       164       183       188       189
         1       159       160       165       184
         1       159       164       165       184
         1       164       165       184       189
         1       160       165       184       185
         1       165       184       185       190
         1       165       184       189       190
         1       156       160       161       185
         1       160       161       165       185
         1       161       165       185       190
         1       156       161       181       185
         1       161       181       185       186
         1       161       185       186       190
         1       156       157       162       181
         1       156       161       162       181
         1       161       162       181       186
         1       157       162       181       182
         1       162       181       182       187
         1       162       181       186       187
         1       162       163       168       187
         1       162       167       168       187
         1       167       168       187       192
         1       163       168       187       188
         1       168       187       188       193
         1       168       187       192       193
         1       163       164       169       188
         1       163       168       169       188
         1       168       169       188       193
         1       164       169       188       189
         1       169       188       189       194
         1       169       188       193       194
         1       164       165       170       189
         1       164       169       170       189
         1       169       170       189       194
         1       165       170       189       190
         1       170       189       190       195
         1       170       189       194       195
         1       161       165       166       190
         1       165       166       170       190
         1       166       170       190       195
         1       161       166       186       190
         1       166       186       190       191
         1       166       190       191       195
         1       161       162       167       186
         1       161       166       167       186
         1       166       167       186       191
         1       162       167       186       187
         1       167       186       187       192
         1       167       186       191       192
         1       167       168       173       192
         1       167       172       173       192
         1       172       173       192       197
         1       168       173       192       193
         1       173       192       193       198
         1       173       192       197       198
         1       168       169       174       193
         1       168       173       174       193
         1       173       174       193       198
         1       169       174       193       194
         1       174       193       194       199
         1       174       193       198       199
         1       169       170       175       194
         1       169       174       175       194
         1       174       175       194       199
         1       170       175       194       195
         1       175       194       195       200
         1       175       194       199       200
         1       166       170       171       195
         1       170       171       175       195
         1       171       175       195       200
         1       166       171       191       195
         1       171       191       195       196
         1       171       195       196       200
         1       166       167       172       191
         1       166       171       172       191
         1       171       172       191       196
         1       167       172       191       192
         1       172       191       192       197
         1       172       191       196       197
         1       153       172       173       197
         1       152       153       172       197
         1       152       153       177       197
         1       153       173       197       198
         1       153       178       197       198
         1       153       177       178       197
         1       154       173       174       198
         1       153       154       173       198
         1       153       154       178       198
         1       154       174       198       199
         1       154       179       198       199
         1       154       178       179       198
         1       155       174       175       199
         1       154       155       174       199
         1       154       155       179       199
         1       155       175       199       200
         1       155       180       199       200
         1       155       179       180       199
         1       151       171       175       200
         1       151       155       175       200
         1       151       155       180       200
         1       151       171       196       200
         1       151       176       196       200
         1       151       176       180       200
         1       152       171       172       196
         1       151       152       171       196
         1       151       152       176       196
         1       152       172       196       197
         1       152       177       196       197
         1       152       176       177       196
         1       152       153       158       177
         1       152       157       158       177
         1       157       158       177       182
         1       153       158       177       178
         1       158       177       178       183
         1       158       177       182       183
         1       153       154       159       178
         1       153       158       159       178
         1       158       159       178       183
         1       154       159       178       179
         1       159       178       179       184
         1       159       178       183       184
         1       154       155       160       179
         1       154       159       160       179
         1       159       160       179       184
         1       155       160       179       180
         1       160       179       180       185
         1       160       179       184       185
         1       151       155       156       180
         1       155       156       160       180
         1       156       160       180       185
         1       151       156       176       180
         1       156       176       180       181
         1       156       180       181       185
         1       151       152       157       176
         1       151       156       157       176
         1       156       157       176       181
         1       152       157       176       177
         1       157       176       177       182
         1       157       176       181       182
         1       182       183       188       207
         1       182       187       188       207
         1       187       188       207       212
         1       183       188       207       208
         1       188       207       208       213
         1       188       207       212       213
         1       183       184       189       208
         1       183       188       189       208
         1       188       189       208       213
         1       184       189       208       209
         1       189       208       209       214
         1       189       208       213       214
         1       184       185       190       209
         1       184       189       190       209
         1       189       190       209       214
         1       185       190       209       210
         1       190       209       210       215
         1       190       209       214       215
         1       181       185       186       210
         1       185       186       190       210
         1       186       190       210       215
         1       181       186       206       210
         1       186       206       210       211
         1       186       210       211       215
         1       181       182       187       206
         1       181       186       187       206
         1       186       187       206       211
         1       182       187       206       207
         1       187       206       207       212
         1       187       206       211       212
         1       187       188       193       212
         1       187       192       193       212
         1       192       193       212       217
         1       188       193       212       213
         1       193       212       213       218
         1       193       212       217       218
         1       188       189       194       213
         1       188       193       194       213
         1       193       194       213       218
         1       189       194       213       214
         1       194       213       214       219
         1       194       213       218       219
         1       189       190       195       214
         1       189       194       195       214
         1       194       195       214       219
         1       190       195       214       215
         1       195       214       215       220
         1       195       214       219       220
         1       186       190       191       215
         1       190       191       195       215
         1       191       195       215       220
         1       186       191       211       215
         1       191       211       215       216
         1       191       215       216       220
         1       186       187       192       211
         1       186       191       192       211
         1       191       192       211       216
         1       187       192       211       212
         1       192       211       212       217
         1       192       211       216       217
         1       192       193       198       217
         1       192       197       198       217
         1       197       198       217       222
         1       193       198       217       218
         1       198       217       218       223
         1       198       217       222       223
         1       193       194       199       218
         1       193       198       199       218
         1       198       199       218       223
         1       194       199       218       219
         1       199       218       219       224
         1       199       218       223       224
         1       194       195       200       219
         1       194       199       200       219
         1       199       200       219       224
         1       195       200       219       220
         1       200       219       220       225
         1       200       219       224       225
         1       191       195       196       220
         1       195       196       200       220
         1       196       200       220       225
         1       191       196       216       220
         1       196       216       220       221
         1       196       220       221       225
         1       191       192       197       216
         1       191       196       197       216
         1       196       197       216       221
         1       192       197       216       217
         1       197       216       217       222
         1       197       216       221       222
         1       178       197       198       222
         1       177       178       197       222
         1       177       178       202       222
         1       178       198       222       223
         1       178       203       222       223
         1       178       202       203       222
         1       179       198       199       223
         1       178       179       198       223
         1       178       179       203       223
         1       179       199       223       224
         1       179       204       223       224
         1       179       203       204       223
         1       180       199       200       224
         1       179       180       199       224
         1       179       180       204       224
         1       180       200       224       225
         1       180       205       224       225
         1       180       204       205       224
         1       176       196       200       225
         1       176       180       200       225
         1       176       180       205       225
         1       176       196       221       225
         1       176       201       221       225
         1       176       201       205       225
         1       177       196       197       221
         1       176       177       196       221
         1       176       177       201       221
         1       177       197       221       222
         1       177       202       221       222
         1       177       201       202       221
         1       177       178       183       202
         1       177       182       183       202
         1       182       183       202       207
         1       178       183       202       203
         1       183       202       203       208
         1       183       202       207       208
         1       178       179       184       203
         1       178       183       184       203
         1       183       184       203       208
         1       179       184       203       204
         1       184       203       204       209
         1       184       203       208       209
         1       179       180       185       204
         1       179       184       185       204
         1       184       185       204       209
         1       180       185       204       205
         1       185       204       205       210
         1       185       204       209       210
         1       176       180       181       205
         1       180       181       185       205
         1       181       185       205       210
         1       176       181       201       205
         1       181       201       205       206
         1       181       205       206       210
         1       176       177       182       201
         1       176       181       182       201
         1       181       182       201       206
         1       177       182       201       202
         1       182       201       202       207
         1       182       201       206       207
         1       207       208       213       232
         1       207       212       213       232
         1       212       213       232       237
         1       208       213       232       233
         1       213       232       233       238
         1       213       232       237       238
         1       208       209       214       233
         1       208       213       214       233
         1       213       214       233       238
         1       209       214       233       234
         1       214       233       234       239
         1       214       233       238       239
         1       209       210       215       234
         1       209       214       215       234
         1       214       215       234       239
         1       210       215       234       235
         1       215       234       235       240
         1       215       234       239       240
         1       206       210       211       235
         1       210       211       215       235
         1       211       215       235       240
         1       206       211       231       235
         1       211       231       235       236
         1       211       235       236       240
         1       206       207       212       231
         1       206       211       212       231
         1       211       212       231       236
         1       207       212       231       232
         1       212       231       232       237
         1       212       231       236       237
         1       212       213       218       237
         1       212       217       218       237
         1       217       218       237       242
         1       213       218       237       238
         1       218       237       238       243
         1       218       237       242       243
         1       213       214       219       238
         1       213       218       219       238
         1       218       219       238       243
         1       214       219       238       239
         1       219       238       239       244
         1       219       238       243       244
         1       214       215       220       239
         1       214       219       220       239
         1       219       220       239       244
         1       215       220       239       240
         1       220       239       240       245
         1       220       239       244       245
         1       211       215       216       240
         1       215       216       220       240
         1       216       220       240       245
         1       211       216       236       240
         1       216       236       240       241
         1       216       240       241       245
         1       211       212       217       236
         1       211       216       217       236
         1       216       217       236       241
         1       212       217       236       237
         1       217       236       237       242
         1       217       236       241       242
         1       217       218       223       242
         1       217       222       223       242
         1       222       223       242       247
         1       218       223       242       243
         1       223       242       243       248
         1       223       242       247       248
         1       218       219       224       243
         1       218       223       224       243
         1       223       224       243       248
         1       219       224       243       244
         1       224       243       244       249
         1       224       243       248       249
         1       219       220       225       244
         1       219       224       225       244
         1       224       225       244       249
         1       220       225       244       245
         1       225       244       245       250
         1       225       244       249       250
         1       216       220       221       245
         1       220       221       225       245
         1       221       225       245       250
         1       216       221       241       245
         1       221       241       245       246
         1       221       245       246       250
         1       216       217       222       241
         1       216       221       222       241
         1       221       222       241       246
         1       217       222       241       242
         1       222       241       242       247
         1       222       241       246       247
         1       203       222       223       247
         1       202       203       222       247
         1       202       203       227       247
         1       203       223       247       248
         1       203       228       247       248
         1       203       227       228       247
         1       204       223       224       248
         1       203       204       223       248
         1       203       204       228       248
         1       204       224       248       249
         1       204       229       248       249
         1       204       228       229       248
         1       205       224       225       249
         1       204       205       224       249
         1       204       205       229       249
         1       205       225       249       250
         1       205       230       249       250
         1       205       229       230       249
         1       201       221       225       250
         1       201       205       225       250
         1       201       205       230       250
         1       201       221       246       250
         1       201       226       246       250
         1       201       226       230       250
         1       202       221       222       246
         1       201       202       221       246
         1       201       202       226       246
         1       202       222       246       247
         1       202       227       246       247
         1       202       226       227       246
         1       202       203       208       227
         1       202       207       208       227
         1       207       208       227       232
         1       203       208       227       228
         1       208       227       228       233
         1       208       227       232       233
         1       203       204       209       228
         1       203       208       209       228
         1       208       209       228       233
         1       204       209       228       229
         1       209       228       229       234
         1       209       228       233       234
         1       204       205       210       229
         1       204       209       210       229
         1       209       210       229       234
         1       205       210       229       230
         1       210       229       230       235
         1       210       229       234       235
         1       201       205       206       230
         1       205       206       210       230
         1       206       210       230       235
         1       201       206       226       230
         1       206       226       230       231
         1       206       230       231       235
         1       201       202       207       226
         1       201       206       207       226
         1       206       207       226       231
         1       202       207       226       227
         1       207       226       227       232
         1       207       226       231       232
         1       232       233       238       257
         1       232       237       238       257
         1       237       238       257       262
         1       233       238       257       258
         1       238       257       258       263
         1       238       257       262       263
         1       233       234       239       258
         1       233       238       239       258
         1       238       239       258       263
         1       234       239       258       259
         1       239       258       259       264
         1       239       258       263       264
         1       234       235       240       259
         1       234       239       240       259
         1       239       240       259       264
         1       235       240       259       260
         1       240       259       260       265
         1       240       259       264       265
         1       231       235       236       260
         1       235       236       240       260
         1       236       240       260       265
         1       231       236       256       260
         1       236       256       260       261
         1       236       260       261       265
         1       231       232       237       256
         1       231       236       237       256
         1       236       237       256       261
         1       232       237       256       257
         1       237       256       257       262
         1       237       256       261       262
         1       237       238       243       262
         1       237       242       243       262
         1       242       243       262       267
         1       238       243       262       263
         1       243       262       263       268
         1       243       262       267       268
         1       238       239       244       263
         1       238       243       244       263
         1       243       244       263       268
         1       239       244       263       264
         1       244       263       264       269
         1       244       263       268       269
         1       239       240       245       264
         1       239       244       245       264
         1       244       245       264       269
         1       240       245       264       265
         1       245       264       265       270
         1       245       264       269       270
         1       236       240       241       265
         1       240       241       245       265
         1       241       245       265       270
         1       236       241       261       265
         1       241       261       265       266
         1       241       265       266       270
         1       236       237       242       261
         1       236       241       242       261
         1       241       242       261       266
         1       237       242       261       262
         1       242       261       262       267
         1       242       261       266       267
         1       242       243       248       267
         1       242       247       248       267
         1       247       248       267       272
         1       243       248       267       268
         1       248       267       268       273
         1       248       267       272       273
         1       243       244       249       268
         1       243       248       249       268
         1       248       249       268       273
         1       244       249       268       269
         1       249       268       269       274
         1       249       268       273       274
         1       244       245       250       269
         1       244       249       250       269
         1       249       250       269       274
         1       245       250       269       270
         1       250       269       270       275
         1       250       269       274       275
         1       241       245       246       270
         1       245       246       250       270
         1       246       250       270       275
         1       241       246       266       270
         1       246       266       270       271
         1       246       270       271       275
         1       241       242       247       266
         1       241       246       247       266
         1       246       247       266       271
         1       242       247       266       267
         1       247       266       267       272
         1       247       266       271       272
         1       228       247       248       272
         1       227       228       247       272
         1       227       228       252       272
         1       228       248       272       273
         1       228       253       272       273
         1       228       252       253       272
         1       229       248       249       273
         1       228       229       248       273
         1       228       229       253       273
         1       229       249       273       274
         1       229       254       273       274
         1       229       253       254       273
         1       230       249       250       274
         1       229       230       249       274
         1       229       230       254       274
         1       230       250       274       275
         1       230       255       274       275
         1       230       254       255       274
         1       226       246       250       275
         1       226       230       250       275
         1       226       230       255       275
         1       226       246       271       275
         1       226       251       271       275
         1       226       251       255       275
         1       227       246       247       271
         1       226       227       246       271
         1       226       227       251       271
         1       227       247       271       272
         1       227       252       271       272
         1       227       251       252       271
         1       227       228       233       252
         1       227       232       233       252
         1       232       233       252       257
         1       228       233       252       253
         1       233       252       253       258
         1       233       252       257       258
         1       228       229       234       253
         1       228       233       234       253
         1       233       234       253       258
         1       229       234       253       254
         1       234       253       254       259
         1       234       253       258       259
         1       229       230       235       254
         1       229       234       235       254
         1       234       235       254       259
         1       230       235       254       255
         1       235       254       255       260
         1       235       254       259       260
         1       226       230       231       255
         1       230       231       235       255
         1       231       235       255       260
         1       226       231       251       255
         1       231       251       255       256
         1       231       255       256       260
         1       226       227       232       251
         1       226       231       232       251
         1       231       232       251       256
         1       227       232       251       252
         1       232       251       252       257
         1       232       251       256       257
         1       257       258       263       282
         1       257       262       263       282
         1       262       263       282       287
         1       258       263       282       283
         1       263       282       283       288
         1       263       282       287       288
         1       258       259       264       283
         1       258       263       264       283
         1       263       264       283       288
         1       259       264       283       284
         1       264       283       284       289
         1       264       283       288       289
         1       259       260       265       284
         1       259       264       265       284
         1       264       265       284       289
         1       260       265       284       285
         1       265       284       285       290
         1       265       284       289       290
         1       256       260       261       285
         1       260       261       265       285
         1       261       265       285       290
         1       256       261       281       285
         1       261       281       285       286
         1       261       285       286       290
         1       256       257       262       281
         1       256       261       262       281
         1       261       262       281       286
         1       257       262       281       282
         1       262       281       282       287
         1       262       281       286       287
         1       262       263       268       287
         1       262       267       268       287
         1       267       268       287       292
         1       263       268       287       288
         1       268       287       288       293
         1       268       287       292       293
         1       263       264       269       288
         1       263       268       269       288
         1       268       269       288       293
         1       264       269       288       289
         1       269       288       289       294
         1       269       288       293       294
         1       264       265       270       289
         1       264       269       270       289
         1       269       270       289       294
         1       265       270       289       290
         1       270       289       290       295
         1       270       289       294       295
         1       261       265       266       290
         1       265       266       270       290
         1       266       270       290       295
         1       261       266       286       290
         1       266       286       290       291
         1       266       290       291       295
         1       261       262       267       286
         1       261       266       267       286
         1       266       267       286       291
         1       262       267       286       287
         1       267       286       287       292
         1       267       286       291       292
         1       267       268       273       292
         1       267       272       273       292
         1       272       273       292       297
         1       268       273       292       293
         1       273       292       293       298
         1       273       292       297       298
         1       268       269       274       293
         1       268       273       274       293
         1       273       274       293       298
         1       269       274       293       294
         1       274       293       294       299
         1       274       293       298       299
         1       269       270       275       294
         1       269       274       275       294
         1       274       275       294       299
         1       270       275       294       295
         1       275       294       295       300
         1       275       294       299       300
         1       266       270       271       295
         1       270       271       275       295
         1       271       275       295       300
         1       266       271       291       295
         1       271       291       295       296
         1       271       295       296       300
         1       266       267       272       291
         1       266       271       272       291
         1       271       272       291       296
         1       267       272       291       292
         1       272       291       292       297
         1       272       291       296       297
         1       253       272       273       297
         1       252       253       272       297
         1       252       253       277       297
         1       253       273       297       298
         1       253       278       297       298
         1       253       277       278       297
         1       254       273       274       298
         1       253       254       273       298
         1       253       254       278       298
         1       254       274       298       299
         1       254       279       298       299
         1       254       278       279       298
         1       255       274       275       299
         1       254       255       274       299
         1       254       255       279       299
         1       255       275       299       300
         1       255       280       299       300
         1       255       279       280       299
         1       251       271       275       300
         1       251       255       275       300
         1       251       255       280       300
         1       251       271       296       300
         1       251       276       296       300
         1       251       276       280       300
         1       252       271       272       296
         1       251       252       271       296
         1       251       252       276       296
         1       252       272       296       297
         1       252       277       296       297
         1       252       276       277       296
         1       252       253       258       277
         1       252       257       258       277
         1       257       258       277       282
         1       253       258       277       278
         1       258       277       278       283
         1       258       277       282       283
         1       253       254       259       278
         1       253       258       259       278
         1       258       259       278       283
         1       254       259       278       279
         1       259       278       279       284
         1       259       278       283       284
         1       254       255       260       279
         1       254       259       260       279
         1       259       260       279       284
         1       255       260       279       280
         1       260       279       280       285
         1       260       279       284       285
         1       251       255       256       280
         1       255       256       260       280
         1       256       260       280       285
         1       251       256       276       280
         1       256       276       280       281
         1       256       280       281       285
         1       251       252       257       276
         1       251       256       257       276
         1       256       257       276       281
         1       252       257       276       277
         1       257       276       277       282
         1       257       276       281       282
         1       282       283       288       307
         1       282       287       288       307
         1       287       288       307       312
         1       283       288       307       308
         1       288       307       308       313
         1       288       307       312       313
         1       283       284       289       308
         1       283       288       289       308
         1       288       289       308       313
         1       284       289       308       309
         1       289       308       309       314
         1       289       308       313       314
         1       284       285       290       309
         1       284       289       290       309
         1       289       290       309       314
         1       285       290       309       310
         1       290       309       310       315
         1       290       309       314       315
         1       281       285       286       310
         1       285       286       290       310
         1       286       290       310       315
         1       281       286       306       310
         1       286       306       310       311
         1       286       310       311       315
         1       281       282       287       306
         1       281       286       287       306
         1       286       287       306       311
         1       282       287       306       307
         1       287       306       307       312
         1       287       306       311       312
         1       287       288       293       312
         1       287       292       293       312
         1       292       293       312       317
         1       288       293       312       313
         1       293       312       313       318
         1       293       312       317       318
         1       288       289       294       313
         1       288       293       294       313
         1       293       294       313       318
         1       289       294       313       314
         1       294       313       314       319
         1       294       313       318       319
         1       289       290       295       314
         1       289       294       295       314
         1       294       295       314       319
         1       290       295       314       315
         1       295       314       315       320
         1       295       314       319       320
         1       286       290       291       315
         1       290       291       295       315
         1       291       295       315       320
         1       286       291       311       315
         1       291       311       315       316
         1       291       315       316       320
         1       286       287       292       311
         1       286       291       292       311
         1       291       292       311       316
         1       287       292       311       312
         1       292       311       312       317
         1       292       311       316       317
         1       292       293       298       317
         1       292       297       298       317
         1       297       298       317       322
         1       293       298       317       318
         1       298       317       318       323
         1       298       317       322       323
         1       293       294       299       318
         1       293       298       299       318
         1       298       299       318       323
         1       294       299       318       319
         1       299       318       319       324
         1       299       318       323       324
         1       294       295       300       319
         1       294       299       300       319
         1       299       300       319       324
         1       295       300       319       320
         1       300       319       320       325
         1       300       319       324       325
         1       291       295       296       320
         1       295       296       300       320
         1       296       300       320       325
         1       291       296       316       320
         1       296       316       320       321
         1       296       320       321       325
         1       291       292       297       316
         1       291       296       297       316
         1       296       297       316       321
         1       292       297       316       317
         1       297       316       317       322
         1       297       316       321       322
         1       278       297       298       322
         1       277       278       297       322
         1       277       278       302       322
         1       278       298       322       323
         1       278       303       322       323
         1       278       302       303       322
         1       279       298       299       323
         1       278       279       298       323
         1       278       279       303       323
         1       279       299       323       324
         1       279       304       323       324
         1       279       303       304       323
         1       280       299       300       324
         1       279       280       299       324
         1       279       280       304       324
         1       280       300       324       325
         1       280       305       324       325
         1       280       304       305       324
         1       276       296       300       325
         1       276       280       300       325
         1       276       280       305       325
         1       276       296       321       325
         1       276       301       321       325
         1       276       301       305       325
         1       277       296       297       321
         1       276       277       296       321
         1       276       277       301       321
         1       277       297       321       322
         1       277       302       321       322
         1       277       301       302       321
         1       277       278       283       302
         1       277       282       283       302
         1       282       283       302       307
         1       278       283       302       303
         1       283       302       303       308
         1       283       302       307       308
         1       278       279       284       303
         1       278       283       284       303
         1       283       284       303       308
         1       279       284       303       304
         1       284       303       304       309
         1       284       303       308       309
         1       279       280       285       304
         1       279       284       285       304
         1       284       285       304       309
         1       280       285       304       305
         1       285       304       305       310
         1       285       304       309       310
         1       276       280       281       305
         1       280       281       285       305
         1       281       285       305       310
         1       276       281       301       305
         1       281       301       305       306
         1       281       305       306       310
         1       276       277       282       301
         1       276       281       282       301
         1       281       282       301       306
         1       277       282       301       302
         1       282       301       302       307
         1       282       301       306       307
         1       307       308       313       332
         1       307       312       313       332
         1       312       313       332       337
         1       308       313       332       333
         1       313       332       333       338
         1       313       332       337       338
         1       308       309       314       333
         1       308       313       314       333
         1       313       314       333       338
         1       309       314       333       334
         1       314       333       334       339
         1       314       333       338       339
         1       309       310       315       334
         1       309       314       315       334
         1       314       315       334       339
         1       310       315       334       335
         1       315       334       335       340
         1       315       334       339       340
         1       306       310       311       335
         1       310       311       315       335
         1       311       315       335       340
         1       306       311       331       335
         1       311       331       335       336
         1       311       335       336       340
         1       306       307       312       331
         1       306       311       312       331
         1       311       312       331       336
         1       307       312       331       332
         1       312       331       332       337
         1       312       331       336       337
         1       312       313       318       337
         1       312       317       318       337
         1       317       318       337       342
         1       313       318       337       338
         1       318       337       338       343
         1       318       337       342       343
         1       313       314       319       338
         1       313       318       319       338
         1       318       319       338       343
         1       314       319       338       339
         1       319       338       339       344
         1       319       338       343       344
         1       314       315       320       339
         1       314       319       320       339
         1       319       320       339       344
         1       315       320       339       340
         1       320       339       340       345
         1       320       339       344       345
         1       311       315       316       340
         1       315       316       320       340
         1       316       320       340       345
         1       311       316       336       340
         1       316       336       340       341
         1       316       340       341       345
         1       311       312       317       336
         1       311       316       317       336
         1       316       317       336       341
         1       312       317       336       337
         1       317       336       337       342
         1       317       336       341       342
         1       317       318       323       342
         1       317       322       323       342
         1       322       323       342       347
         1       318       323       342       343
         1       323       342       343       348
         1       323       342       347       348
         1       318       319       324       343
         1       318       323       324       343
         1       323       324       343       348
         1       319       324       343       344
         1       324       343       344       349
         1       324       343       348       349
         1       319       320       325       344
         1       319       324       325       344
         1       324       325       344       349
         1       320       325       344       345
         1       325       344       345       350
         1       325       344       349       350
         1       316       320       321       345
         1       320       321       325       345
         1       321       325       345       350
         1       316       321       341       345
         1       321       341       345       346
         1       321       345       346       350
         1       316       317       322       341
         1       316       321       322       341
         1       321       322       341       346
         1       317       322       341       342
         1       322       341       342       347
         1       322       341       346       347
         1       303       322       323       347
         1       302       303       322       347
         1       302       303       327       347
         1       303       323       347       348
         1       303       328       347       348
         1       303       327       328       347
         1       304       323       324       348
         1       303       304       323       348
         1       303       304       328       348
         1       304       324       348       349
         1       304       329       348       349
         1       304       328       329       348
         1       305       324       325       349
         1       304       305       324       349
         1       304       305       329       349
         1       305       325       349       350
         1       305       330       349       350
         1       305       329       330       349
         1       301       321       325       350
         1       301       305       325       350
         1       301       305       330       350
         1       301       321       346       350
         1       301       326       346       350
         1       301       326       330       350
         1       302       321       322       346
         1       301       302       321       346
         1       301       302       326       346
         1       302       322       346       347
         1       302       327       346       347
         1       302       326       327       346
         1       302       303       308       327
         1       302       307       308       327
         1       307       308       327       332
         1       303       308       327       328
         1       308       327       328       333
         1       308       327       332       333
         1       303       304       309       328
         1       303       308       309       328
         1       308       309       328       333
         1       304       309       328       329
         1       309       328       329       334
         1       309       328       333       334
         1       304       305       310       329
         1       304       309       310       329
         1       309       310       329       334
         1       305       310       329       330
         1       310       329       330       335
         1       310       329       334       335
         1       301       305       306       330
         1       305       306       310       330
         1       306       310       330       335
         1       301       306       326       330
         1       306       326       330       331
         1       306       330       331       335
         1       301       302       307       326
         1       301       306       307       326
         1       306       307       326       331
         1       302       307       326       327
         1       307       326       327       332
         1       307       326       331       332
         1       332       333       338       357
         1       332       337       338       357
         1       337       338       357       362
         1       333       338       357       358
         1       338       357       358       363
         1       338       357       362       363
         1       333       334       339       358
         1       333       338       339       358
         1       338       339       358       363
         1       334       339       358       359
         1       339       358       359       364
         1       339       358       363       364
         1       334       335       340       359
         1       334       339       340       359
         1       339       340       359       364
         1       335       340       359       360
         1       340       359       360       365
         1       340       359       364       365
         1       331       335       336       360
         1       335       336       340       360
         1       336       340       360       365
         1       331       336       356       360
         1       336       356       360       361
         1       336       360       361       365
         1       331       332       337       356
         1       331       336       337       356
         1       336       337       356       361
         1       332       337       356       357
         1       337       356       357       362
         1       337       356       361       362
         1       337       338       343       362
         1       337       342       343       362
         1       342       343       362       367
         1       338       343       362       363
         1       343       362       363       368
         1       343       362       367       368
         1       338       339       344       363
         1       338       343       344       363
         1       343       344       363       368
         1       339       344       363       364
         1       344       363       364       369
         1       344       363       368       369
         1       339       340       345       364
         1       339       344       345       364
         1       344       345       364       369
         1       340       345       364       365
         1       345       364       365       370
         1       345       364       369       370
         1       336       340       341       365
         1       340       341       345       365
         1       341       345       365       370
         1       336       341       361       365
         1       341       361       365       366
         1       341       365       366       370
         1       336       337       342       361
         1       336       341       342       361
         1       341       342       361       366
         1       337       342       361       362
         1       342       361       362       367
         1       342       361       366       367
         1       342       343       348       367
         1       342       347       348       367
         1       347       348       367       372
         1       343       348       367       368
         1       348       367       368       373
         1       348       367       372       373
         1       343       344       349       368
         1       343       348       349       368
         1       348       349       368       373
         1       344       349       368       369
         1       349       368       369       374
         1       349       368       373       374
         1       344       345       350       369
         1       344       349       350       369
         1       349       350       369       374
         1       345       350       369       370
         1       350       369       370       375
         1       350       369       374       375
         1       341       345       346       370
         1       345       346       350       370
         1       346       350       370       375
         1       341       346       366       370
         1       346       366       370       371
         1       346       370       371       375
         1       341       342       347       366
         1       341       346       347       366
         1       346       347       366       371
         1       342       347       366       367
         1       347       366       367       372
         1       347       366       371       372
         1       328       347       348       372
         1       327       328       347       372
         1       327       328       352       372
         1       328       348       372       373
         1       328       353       372       373
         1       328       352       353       372
         1       329       348       349       373
         1       328       329       348       373
         1       328       329       353       373
         1       329       349       373       374
         1       329       354       373       374
         1       329       353       354       373
         1       330       349       350       374
         1       329       330       349       374
         1       329       330       354       374
         1       330       350       374       375
         1       330       355       374       375
         1       330       354       355       374
         1       326       346       350       375
         1       326       330       350       375
         1       326       330       355       375
         1       326       346       371       375
         1       326       351       371       375
         1       326       351       355       375
         1       327       346       347       371
         1       326       327       346       371
         1       326       327       351       371
         1       327       347       371       372
         1       327       352       371       372
         1       327       351       352       371
         1       327       328       333       352
         1       327       332       333       352
         1       332       333       352       357
         1       328       333       352       353
         1       333       352       353       358
         1       333       352       357       358
         1       328       329       334       353
         1       328       333       334       353
         1       333       334       353       358
         1       329       334       353       354
         1       334       353       354       359
         1       334       353       358       359
         1       329       330       335       354
         1       329       334       335       354
         1       334       335       354       359
         1       330       335       354       355
         1       335       354       355       360
         1       335       354       359       360
         1       326       330       331       355
         1       330       331       335       355
         1       331       335       355       360
         1       326       331       351       355
         1       331       351       355       356
         1       331       355       356       360
         1       326       327       332       351
         1       326       331       332       351
         1       331       332       351       356
         1       327       332       351       352
         1       332       351       352       357
         1       332       351       356       357
         1         7       357       358       363
         1         7       357       362       363
         1         7        12       362       363
         1         7         8       358       363
         1         7         8        13       363
         1         7        12        13       363
         1         8       358       359       364
         1         8       358       363       364
         1         8        13       363       364
         1         8         9       359       364
         1         8         9        14       364
         1         8        13        14       364
         1         9       359       360       365
         1         9       359       364       365
         1         9        14       364       365
         1         9        10       360       365
         1         9        10        15       365
         1         9        14        15       365
         1        10       356       360       361
         1        10       360       361       365
         1        10        15       361       365
         1         6        10       356       361
         1         6        10        11       361
         1        10        11        15       361
         1         6       356       357       362
         1         6       356       361       362
         1         6        11       361       362
         1         6         7       357       362
         1         6         7        12       362
         1         6        11        12       362
         1        12       362       363       368
         1        12       362       367       368
         1        12        17       367       368
         1        12        13       363       368
         1        12        13        18       368
         1        12        17        18       368
         1        13       363       364       369
         1        13       363       368       369
         1        13        18       368       369
         1        13        14       364       369
         1        13        14        19       369
         1        13        18        19       369
         1        14       364       365       370
         1        14       364       369       370
         1        14        19       369       370
         1        14        15       365       370
         1        14        15        20       370
         1        14        19        20       370
         1        15       361       365       366
         1        15       365       366       370
         1        15        20       366       370
         1        11        15       361       366
         1        11        15        16       366
         1        15        16        20       366
         1        11       361       362       367
         1        11       361       366       367
         1        11        16       366       367
         1        11        12       362       367
         1        11        12        17       367
         1        11        16        17       367
         1        17       367       368       373
         1        17       367       372       373
         1        17        22       372       373
         1        17        18       368       373
         1        17        18        23       373
         1        17        22        23       373
         1        18       368       369       374
         1        18       368       373       374
         1        18        23       373       374
         1        18        19       369       374
         1        18        19        24       374
         1        18        23        24       374
         1        19       369       370       375
         1        19       369       374       375
         1        19        24       374       375
         1        19        20       370       375
         1        19        20        25       375
         1        19        24        25       375
         1        20       366       370       371
         1        20       370       371       375
         1        20        25       371       375
         1        16        20       366       371
         1        16        20        21       371
         1        20        21        25       371
         1        16       366       367       372
         1        16       366       371       372
         1        16        21       371       372
         1        16        17       367       372
         1        16        17        22       372
         1        16        21        22       372
         1        22       353       372       373
         1        22       352       353       372
         1         2        22       352       353
         1        22        23       353       373
         1         3        22        23       353
         1         2         3        22       353
         1        23       354       373       374
         1        23       353       354       373
         1         3        23       353       354
         1        23        24       354       374
         1         4        23        24       354
         1         3         4        23       354
         1        24       355       374       375
         1        24       354       355       374
         1         4        24       354       355
         1        24        25       355       375
         1         5        24        25       355
         1         4         5        24       355
         1        25       351       371       375
         1        25       351       355       375
         1         5        25       351       355
         1        21        25       351       371
         1         1        21        25       351
         1         1         5        25       351
         1        21       352       371       372
         1        21       351       352       371
         1         1        21       351       352
         1        21        22       352       372
         1         2        21        22       352
         1         1         2        21       352
         1         2       352       353       358
         1         2       352       357       358
         1         2         7       357       358
         1         2         3       353       358
         1         2         3         8       358
         1         2         7         8       358
         1         3       353       354       359
         1         3       353       358       359
         1         3         8       358       359
         1         3         4       354       359
         1         3         4         9       359
         1         3         8         9       359
         1         4       354       355       360
         1         4       354       359       360
         1         4         9       359       360
         1         4         5       355       360
         1         4         5        10       360
         1         4         9        10       360
         1         5       351       355       356
         1         5       355       356       360
         1         5        10       356       360
         1         1         5       351       356
         1         1         5         6       356
         1         5         6        10       356
         1         1       351       352       357
         1         1       351       356       357
         1         1         6       356       357
         1         1         2       352       357
         1         1         2         7       357
         1         1         6         7       357
         1         7         8        13        32
         1         7        12        13        32
         1        12        13        32        37
         1         8        13        32        33
         1        13        32        33        38
         1        13        32        37        38
         1         8         9        14        33
         1         8        13        14        33
         1        13        14        33        38
         1         9        14        33        34
         1        14        33        34        39
         1        14        33        38        39
         1         9        10        15        34
         1         9        14        15        34
         1        14        15        34        39
         1        10        15        34        35
         1        15        34        35        40
         1        15        34        39        40
         1         6        10        11        35
         1        10        11        15        35
         1        11        15        35        40
         1         6        11        31        35
         1        11        31        35        36
         1        11        35        36        40
         1         6         7        12        31
         1         6        11        12        31
         1        11        12        31        36
         1         7        12        31        32
         1        12        31        32        37
         1        12        31        36        37
         1        12        13        18        37
         1        12        17        18        37
         1        17        18        37        42
         1        13        18        37        38
         1        18        37        38        43
         1        18        37        42        43
         1        13        14        19        38
         1        13        18        19        38
         1        18        19        38        43
         1        14        19        38        39
         1        19        38        39        44
         1        19        38        43        44
         1        14        15        20        39
         1        14        19        20        39
         1        19        20        39        44
         1        15        20        39        40
         1        20        39        40        45
         1        20        39        44        45
         1        11        15        16        40
         1        15        16        20        40
         1        16        20        40        45
         1        11        16        36        40
         1        16        36        40        41
         1        16        40        41        45
         1        11        12        17        36
         1        11        16        17        36
         1        16        17        36        41
         1        12        17        36        37
         1        17        36        37        42
         1        17        36        41        42
         1        17        18        23        42
         1        17        22        23        42
         1        22        23        42        47
         1        18        23        42        43
         1        23        42        43        48
         1        23        42        47        48
         1        18        19        24        43
         1        18        23        24        43
         1        23        24        43        48
         1        19        24        43        44
         1        24        43        44        49
         1        24        43        48        49
         1        19        20        25        44
         1        19        24        25        44
         1        24        25        44        49
         1        20        25        44        45
         1        25        44        45        50
         1        25        44        49        50
         1        16        20        21        45
         1        20        21        25        45
         1        21        25        45        50
         1        16        21        41        45
         1        21        41        45        46
         1        21        45        46        50
         1        16        17        22        41
         1        16        21        22        41
         1        21        22        41        46
         1        17        22        41        42
         1        22        41        42        47
         1        22        41        46        47
         1         3        22        23        47
         1         2         3        22        47
         1         2         3        27        47
         1         3        23        47        48
         1         3        28        47        48
         1         3        27        28        47
         1         4        23        24        48
         1         3         4        23        48
         1         3         4        28        48
         1         4        24        48        49
         1         4        29        48        49
         1         4        28        29        48
         1         5        24        25        49
         1         4         5        24        49
         1         4         5        29        49
         1         5        25        49        50
         1         5        30        49        50
         1         5        29        30        49
         1         1        21        25        50
         1         1         5        25        50
         1         1         5        30        50
         1         1        21        46        50
         1         1        26        46        50
         1         1        26        30        50
         1         2        21        22        46
         1         1         2        21        46
         1         1         2        26        46
         1         2        22        46        47
         1         2        27        46        47
         1         2        26        27        46
         1         2         3         8        27
         1         2         7         8        27
         1         7         8        27        32
         1         3         8        27        28
         1         8        27        28        33
         1         8        27        32        33
         1         3         4         9        28
         1         3         8         9        28
         1         8         9        28        33
         1         4         9        28        29
         1         9        28        29        34
         1         9        28        33        34
         1         4         5        10        29
         1         4         9        10        29
         1         9        10        29        34
         1         5        10        29        30
         1        10        29        30        35
         1        10        29        34        35
         1         1         5         6        30
         1         5         6        10        30
         1         6        10        30        35
         1         1         6        26        30
         1         6        26        30        31
         1         6        30        31        35
         1         1         2         7        26
         1         1         6         7        26
         1         6         7        26        31
         1         2         7        26        27
         1         7        26        27        32
         1         7        26        31        32
