Automatically generated mesh
    2197
Reciprocal lattice
    0.00000000000000    0.00000000000000    0.00000000000000             1
    0.07692307692308    0.00000000000000    0.00000000000000             1
    0.15384615384615    0.00000000000000    0.00000000000000             1
    0.23076923076923    0.00000000000000    0.00000000000000             1
    0.30769230769231    0.00000000000000    0.00000000000000             1
    0.38461538461539    0.00000000000000    0.00000000000000             1
    0.46153846153846    0.00000000000000    0.00000000000000             1
   -0.46153846153846    0.00000000000000    0.00000000000000             1
   -0.38461538461539   -0.00000000000000    0.00000000000000             1
   -0.30769230769231   -0.00000000000000    0.00000000000000             1
   -0.23076923076923   -0.00000000000000    0.00000000000000             1
   -0.15384615384615   -0.00000000000000    0.00000000000000             1
   -0.07692307692308   -0.00000000000000    0.00000000000000             1
    0.00000000000000    0.07692307692308    0.00000000000000             1
    0.07692307692308    0.07692307692308    0.00000000000000             1
    0.15384615384615    0.07692307692308    0.00000000000000             1
    0.23076923076923    0.07692307692308    0.00000000000000             1
    0.30769230769231    0.07692307692308    0.00000000000000             1
    0.38461538461539    0.07692307692308    0.00000000000000             1
    0.46153846153846    0.07692307692308    0.00000000000000             1
   -0.46153846153846    0.07692307692308    0.00000000000000             1
   -0.38461538461539    0.07692307692308    0.00000000000000             1
   -0.30769230769231    0.07692307692308    0.00000000000000             1
   -0.23076923076923    0.07692307692308    0.00000000000000             1
   -0.15384615384615    0.07692307692308    0.00000000000000             1
   -0.07692307692308    0.07692307692308    0.00000000000000             1
    0.00000000000000    0.15384615384615    0.00000000000000             1
    0.07692307692308    0.15384615384615    0.00000000000000             1
    0.15384615384615    0.15384615384615    0.00000000000000             1
    0.23076923076923    0.15384615384615    0.00000000000000             1
    0.30769230769231    0.15384615384615    0.00000000000000             1
    0.38461538461539    0.15384615384615    0.00000000000000             1
    0.46153846153846    0.15384615384615    0.00000000000000             1
   -0.46153846153846    0.15384615384615    0.00000000000000             1
   -0.38461538461539    0.15384615384615    0.00000000000000             1
   -0.30769230769231    0.15384615384615    0.00000000000000             1
   -0.23076923076923    0.15384615384615    0.00000000000000             1
   -0.15384615384615    0.15384615384615    0.00000000000000             1
   -0.07692307692308    0.15384615384615    0.00000000000000             1
    0.00000000000000    0.23076923076923    0.00000000000000             1
    0.07692307692308    0.23076923076923    0.00000000000000             1
    0.15384615384615    0.23076923076923    0.00000000000000             1
    0.23076923076923    0.23076923076923    0.00000000000000             1
    0.30769230769231    0.23076923076923    0.00000000000000             1
    0.38461538461539    0.23076923076923    0.00000000000000             1
    0.46153846153846    0.23076923076923    0.00000000000000             1
   -0.46153846153846    0.23076923076923    0.00000000000000             1
   -0.38461538461539    0.23076923076923    0.00000000000000             1
   -0.30769230769231    0.23076923076923    0.00000000000000             1
   -0.23076923076923    0.23076923076923    0.00000000000000             1
   -0.15384615384615    0.23076923076923    0.00000000000000             1
   -0.07692307692308    0.23076923076923    0.00000000000000             1
    0.00000000000000    0.30769230769231    0.00000000000000             1
    0.07692307692308    0.30769230769231    0.00000000000000             1
    0.15384615384615    0.30769230769231    0.00000000000000             1
    0.23076923076923    0.30769230769231    0.00000000000000             1
    0.30769230769231    0.30769230769231    0.00000000000000             1
    0.38461538461539    0.30769230769231    0.00000000000000             1
    0.46153846153846    0.30769230769231    0.00000000000000             1
   -0.46153846153846    0.30769230769231    0.00000000000000             1
   -0.38461538461539    0.30769230769231    0.00000000000000             1
   -0.30769230769231    0.30769230769231    0.00000000000000             1
   -0.23076923076923    0.30769230769231    0.00000000000000             1
   -0.15384615384615    0.30769230769231    0.00000000000000             1
   -0.07692307692308    0.30769230769231    0.00000000000000             1
    0.00000000000000    0.38461538461539    0.00000000000000             1
    0.07692307692308    0.38461538461539    0.00000000000000             1
    0.15384615384615    0.38461538461539    0.00000000000000             1
    0.23076923076923    0.38461538461539    0.00000000000000             1
    0.30769230769231    0.38461538461539    0.00000000000000             1
    0.38461538461539    0.38461538461539    0.00000000000000             1
    0.46153846153846    0.38461538461539    0.00000000000000             1
   -0.46153846153846    0.38461538461539    0.00000000000000             1
   -0.38461538461539    0.38461538461539    0.00000000000000             1
   -0.30769230769231    0.38461538461539    0.00000000000000             1
   -0.23076923076923    0.38461538461539    0.00000000000000             1
   -0.15384615384615    0.38461538461539    0.00000000000000             1
   -0.07692307692308    0.38461538461539    0.00000000000000             1
    0.00000000000000    0.46153846153846    0.00000000000000             1
    0.07692307692308    0.46153846153846    0.00000000000000             1
    0.15384615384615    0.46153846153846    0.00000000000000             1
    0.23076923076923    0.46153846153846    0.00000000000000             1
    0.30769230769231    0.46153846153846    0.00000000000000             1
    0.38461538461539    0.46153846153846    0.00000000000000             1
    0.46153846153846    0.46153846153846    0.00000000000000             1
   -0.46153846153846    0.46153846153846    0.00000000000000             1
   -0.38461538461539    0.46153846153846    0.00000000000000             1
   -0.30769230769231    0.46153846153846    0.00000000000000             1
   -0.23076923076923    0.46153846153846    0.00000000000000             1
   -0.15384615384615    0.46153846153846    0.00000000000000             1
   -0.07692307692308    0.46153846153846    0.00000000000000             1
    0.00000000000000   -0.46153846153846    0.00000000000000             1
    0.07692307692308   -0.46153846153846    0.00000000000000             1
    0.15384615384615   -0.46153846153846    0.00000000000000             1
    0.23076923076923   -0.46153846153846    0.00000000000000             1
    0.30769230769231   -0.46153846153846    0.00000000000000             1
    0.38461538461539   -0.46153846153846    0.00000000000000             1
    0.46153846153846   -0.46153846153846    0.00000000000000             1
   -0.46153846153846   -0.46153846153846    0.00000000000000             1
   -0.38461538461539   -0.46153846153846    0.00000000000000             1
   -0.30769230769231   -0.46153846153846    0.00000000000000             1
   -0.23076923076923   -0.46153846153846    0.00000000000000             1
   -0.15384615384615   -0.46153846153846    0.00000000000000             1
   -0.07692307692308   -0.46153846153846    0.00000000000000             1
    0.00000000000000   -0.38461538461539    0.00000000000000             1
    0.07692307692308   -0.38461538461539    0.00000000000000             1
    0.15384615384615   -0.38461538461539    0.00000000000000             1
    0.23076923076923   -0.38461538461539    0.00000000000000             1
    0.30769230769231   -0.38461538461539    0.00000000000000             1
    0.38461538461539   -0.38461538461539    0.00000000000000             1
    0.46153846153846   -0.38461538461539    0.00000000000000             1
   -0.46153846153846   -0.38461538461539    0.00000000000000             1
   -0.38461538461539   -0.38461538461539    0.00000000000000             1
   -0.30769230769231   -0.38461538461539    0.00000000000000             1
   -0.23076923076923   -0.38461538461539    0.00000000000000             1
   -0.15384615384615   -0.38461538461539    0.00000000000000             1
   -0.07692307692308   -0.38461538461539    0.00000000000000             1
    0.00000000000000   -0.30769230769231    0.00000000000000             1
    0.07692307692308   -0.30769230769231    0.00000000000000             1
    0.15384615384615   -0.30769230769231    0.00000000000000             1
    0.23076923076923   -0.30769230769231    0.00000000000000             1
    0.30769230769231   -0.30769230769231    0.00000000000000             1
    0.38461538461539   -0.30769230769231    0.00000000000000             1
    0.46153846153846   -0.30769230769231    0.00000000000000             1
   -0.46153846153846   -0.30769230769231    0.00000000000000             1
   -0.38461538461539   -0.30769230769231    0.00000000000000             1
   -0.30769230769231   -0.30769230769231    0.00000000000000             1
   -0.23076923076923   -0.30769230769231    0.00000000000000             1
   -0.15384615384615   -0.30769230769231    0.00000000000000             1
   -0.07692307692308   -0.30769230769231    0.00000000000000             1
    0.00000000000000   -0.23076923076923    0.00000000000000             1
    0.07692307692308   -0.23076923076923    0.00000000000000             1
    0.15384615384615   -0.23076923076923    0.00000000000000             1
    0.23076923076923   -0.23076923076923    0.00000000000000             1
    0.30769230769231   -0.23076923076923    0.00000000000000             1
    0.38461538461539   -0.23076923076923    0.00000000000000             1
    0.46153846153846   -0.23076923076923    0.00000000000000             1
   -0.46153846153846   -0.23076923076923    0.00000000000000             1
   -0.38461538461539   -0.23076923076923    0.00000000000000             1
   -0.30769230769231   -0.23076923076923    0.00000000000000             1
   -0.23076923076923   -0.23076923076923    0.00000000000000             1
   -0.15384615384615   -0.23076923076923    0.00000000000000             1
   -0.07692307692308   -0.23076923076923    0.00000000000000             1
    0.00000000000000   -0.15384615384615    0.00000000000000             1
    0.07692307692308   -0.15384615384615    0.00000000000000             1
    0.15384615384615   -0.15384615384615    0.00000000000000             1
    0.23076923076923   -0.15384615384615    0.00000000000000             1
    0.30769230769231   -0.15384615384615    0.00000000000000             1
    0.38461538461539   -0.15384615384615    0.00000000000000             1
    0.46153846153846   -0.15384615384615    0.00000000000000             1
   -0.46153846153846   -0.15384615384615    0.00000000000000             1
   -0.38461538461539   -0.15384615384615    0.00000000000000             1
   -0.30769230769231   -0.15384615384615    0.00000000000000             1
   -0.23076923076923   -0.15384615384615    0.00000000000000             1
   -0.15384615384615   -0.15384615384615    0.00000000000000             1
   -0.07692307692308   -0.15384615384615    0.00000000000000             1
    0.00000000000000   -0.07692307692308    0.00000000000000             1
    0.07692307692308   -0.07692307692308    0.00000000000000             1
    0.15384615384615   -0.07692307692308    0.00000000000000             1
    0.23076923076923   -0.07692307692308    0.00000000000000             1
    0.30769230769231   -0.07692307692308    0.00000000000000             1
    0.38461538461539   -0.07692307692308    0.00000000000000             1
    0.46153846153846   -0.07692307692308    0.00000000000000             1
   -0.46153846153846   -0.07692307692308    0.00000000000000             1
   -0.38461538461539   -0.07692307692308    0.00000000000000             1
   -0.30769230769231   -0.07692307692308    0.00000000000000             1
   -0.23076923076923   -0.07692307692308    0.00000000000000             1
   -0.15384615384615   -0.07692307692308    0.00000000000000             1
   -0.07692307692308   -0.07692307692308    0.00000000000000             1
    0.00000000000000   -0.00000000000000    0.07692307692308             1
    0.07692307692308    0.00000000000000    0.07692307692308             1
    0.15384615384615    0.00000000000000    0.07692307692308             1
    0.23076923076923   -0.00000000000000    0.07692307692308             1
    0.30769230769231    0.00000000000000    0.07692307692308             1
    0.38461538461539    0.00000000000000    0.07692307692308             1
    0.46153846153846    0.00000000000000    0.07692307692308             1
   -0.46153846153846   -0.00000000000000    0.07692307692308             1
   -0.38461538461539   -0.00000000000000    0.07692307692308             1
   -0.30769230769231   -0.00000000000000    0.07692307692308             1
   -0.23076923076923    0.00000000000000    0.07692307692308             1
   -0.15384615384615   -0.00000000000000    0.07692307692308             1
   -0.07692307692308   -0.00000000000000    0.07692307692308             1
    0.00000000000000    0.07692307692308    0.07692307692308             1
    0.07692307692308    0.07692307692308    0.07692307692308             1
    0.15384615384615    0.07692307692308    0.07692307692308             1
    0.23076923076923    0.07692307692308    0.07692307692308             1
    0.30769230769231    0.07692307692308    0.07692307692308             1
    0.38461538461539    0.07692307692308    0.07692307692308             1
    0.46153846153846    0.07692307692308    0.07692307692308             1
   -0.46153846153846    0.07692307692308    0.07692307692308             1
   -0.38461538461539    0.07692307692308    0.07692307692308             1
   -0.30769230769231    0.07692307692308    0.07692307692308             1
   -0.23076923076923    0.07692307692308    0.07692307692308             1
   -0.15384615384615    0.07692307692308    0.07692307692308             1
   -0.07692307692308    0.07692307692308    0.07692307692308             1
    0.00000000000000    0.15384615384615    0.07692307692308             1
    0.07692307692308    0.15384615384615    0.07692307692308             1
    0.15384615384615    0.15384615384615    0.07692307692308             1
    0.23076923076923    0.15384615384615    0.07692307692308             1
    0.30769230769231    0.15384615384615    0.07692307692308             1
    0.38461538461539    0.15384615384615    0.07692307692308             1
    0.46153846153846    0.15384615384615    0.07692307692308             1
   -0.46153846153846    0.15384615384615    0.07692307692308             1
   -0.38461538461539    0.15384615384615    0.07692307692308             1
   -0.30769230769231    0.15384615384615    0.07692307692308             1
   -0.23076923076923    0.15384615384615    0.07692307692308             1
   -0.15384615384615    0.15384615384615    0.07692307692308             1
   -0.07692307692308    0.15384615384615    0.07692307692308             1
    0.00000000000000    0.23076923076923    0.07692307692308             1
    0.07692307692308    0.23076923076923    0.07692307692308             1
    0.15384615384615    0.23076923076923    0.07692307692308             1
    0.23076923076923    0.23076923076923    0.07692307692308             1
    0.30769230769231    0.23076923076923    0.07692307692308             1
    0.38461538461539    0.23076923076923    0.07692307692308             1
    0.46153846153846    0.23076923076923    0.07692307692308             1
   -0.46153846153846    0.23076923076923    0.07692307692308             1
   -0.38461538461539    0.23076923076923    0.07692307692308             1
   -0.30769230769231    0.23076923076923    0.07692307692308             1
   -0.23076923076923    0.23076923076923    0.07692307692308             1
   -0.15384615384615    0.23076923076923    0.07692307692308             1
   -0.07692307692308    0.23076923076923    0.07692307692308             1
    0.00000000000000    0.30769230769231    0.07692307692308             1
    0.07692307692308    0.30769230769231    0.07692307692308             1
    0.15384615384615    0.30769230769231    0.07692307692308             1
    0.23076923076923    0.30769230769231    0.07692307692308             1
    0.30769230769231    0.30769230769231    0.07692307692308             1
    0.38461538461539    0.30769230769231    0.07692307692308             1
    0.46153846153846    0.30769230769231    0.07692307692308             1
   -0.46153846153846    0.30769230769231    0.07692307692308             1
   -0.38461538461539    0.30769230769231    0.07692307692308             1
   -0.30769230769231    0.30769230769231    0.07692307692308             1
   -0.23076923076923    0.30769230769231    0.07692307692308             1
   -0.15384615384615    0.30769230769231    0.07692307692308             1
   -0.07692307692308    0.30769230769231    0.07692307692308             1
    0.00000000000000    0.38461538461539    0.07692307692308             1
    0.07692307692308    0.38461538461539    0.07692307692308             1
    0.15384615384615    0.38461538461539    0.07692307692308             1
    0.23076923076923    0.38461538461539    0.07692307692308             1
    0.30769230769231    0.38461538461539    0.07692307692308             1
    0.38461538461539    0.38461538461539    0.07692307692308             1
    0.46153846153846    0.38461538461539    0.07692307692308             1
   -0.46153846153846    0.38461538461539    0.07692307692308             1
   -0.38461538461539    0.38461538461539    0.07692307692308             1
   -0.30769230769231    0.38461538461539    0.07692307692308             1
   -0.23076923076923    0.38461538461539    0.07692307692308             1
   -0.15384615384615    0.38461538461539    0.07692307692308             1
   -0.07692307692308    0.38461538461539    0.07692307692308             1
    0.00000000000000    0.46153846153846    0.07692307692308             1
    0.07692307692308    0.46153846153846    0.07692307692308             1
    0.15384615384615    0.46153846153846    0.07692307692308             1
    0.23076923076923    0.46153846153846    0.07692307692308             1
    0.30769230769231    0.46153846153846    0.07692307692308             1
    0.38461538461539    0.46153846153846    0.07692307692308             1
    0.46153846153846    0.46153846153846    0.07692307692308             1
   -0.46153846153846    0.46153846153846    0.07692307692308             1
   -0.38461538461539    0.46153846153846    0.07692307692308             1
   -0.30769230769231    0.46153846153846    0.07692307692308             1
   -0.23076923076923    0.46153846153846    0.07692307692308             1
   -0.15384615384615    0.46153846153846    0.07692307692308             1
   -0.07692307692308    0.46153846153846    0.07692307692308             1
    0.00000000000000   -0.46153846153846    0.07692307692308             1
    0.07692307692308   -0.46153846153846    0.07692307692308             1
    0.15384615384615   -0.46153846153846    0.07692307692308             1
    0.23076923076923   -0.46153846153846    0.07692307692308             1
    0.30769230769231   -0.46153846153846    0.07692307692308             1
    0.38461538461539   -0.46153846153846    0.07692307692308             1
    0.46153846153846   -0.46153846153846    0.07692307692308             1
   -0.46153846153846   -0.46153846153846    0.07692307692308             1
   -0.38461538461539   -0.46153846153846    0.07692307692308             1
   -0.30769230769231   -0.46153846153846    0.07692307692308             1
   -0.23076923076923   -0.46153846153846    0.07692307692308             1
   -0.15384615384615   -0.46153846153846    0.07692307692308             1
   -0.07692307692308   -0.46153846153846    0.07692307692308             1
    0.00000000000000   -0.38461538461539    0.07692307692308             1
    0.07692307692308   -0.38461538461539    0.07692307692308             1
    0.15384615384615   -0.38461538461539    0.07692307692308             1
    0.23076923076923   -0.38461538461539    0.07692307692308             1
    0.30769230769231   -0.38461538461539    0.07692307692308             1
    0.38461538461539   -0.38461538461539    0.07692307692308             1
    0.46153846153846   -0.38461538461539    0.07692307692308             1
   -0.46153846153846   -0.38461538461539    0.07692307692308             1
   -0.38461538461539   -0.38461538461539    0.07692307692308             1
   -0.30769230769231   -0.38461538461539    0.07692307692308             1
   -0.23076923076923   -0.38461538461539    0.07692307692308             1
   -0.15384615384615   -0.38461538461539    0.07692307692308             1
   -0.07692307692308   -0.38461538461539    0.07692307692308             1
    0.00000000000000   -0.30769230769231    0.07692307692308             1
    0.07692307692308   -0.30769230769231    0.07692307692308             1
    0.15384615384615   -0.30769230769231    0.07692307692308             1
    0.23076923076923   -0.30769230769231    0.07692307692308             1
    0.30769230769231   -0.30769230769231    0.07692307692308             1
    0.38461538461539   -0.30769230769231    0.07692307692308             1
    0.46153846153846   -0.30769230769231    0.07692307692308             1
   -0.46153846153846   -0.30769230769231    0.07692307692308             1
   -0.38461538461539   -0.30769230769231    0.07692307692308             1
   -0.30769230769231   -0.30769230769231    0.07692307692308             1
   -0.23076923076923   -0.30769230769231    0.07692307692308             1
   -0.15384615384615   -0.30769230769231    0.07692307692308             1
   -0.07692307692308   -0.30769230769231    0.07692307692308             1
    0.00000000000000   -0.23076923076923    0.07692307692308             1
    0.07692307692308   -0.23076923076923    0.07692307692308             1
    0.15384615384615   -0.23076923076923    0.07692307692308             1
    0.23076923076923   -0.23076923076923    0.07692307692308             1
    0.30769230769231   -0.23076923076923    0.07692307692308             1
    0.38461538461539   -0.23076923076923    0.07692307692308             1
    0.46153846153846   -0.23076923076923    0.07692307692308             1
   -0.46153846153846   -0.23076923076923    0.07692307692308             1
   -0.38461538461539   -0.23076923076923    0.07692307692308             1
   -0.30769230769231   -0.23076923076923    0.07692307692308             1
   -0.23076923076923   -0.23076923076923    0.07692307692308             1
   -0.15384615384615   -0.23076923076923    0.07692307692308             1
   -0.07692307692308   -0.23076923076923    0.07692307692308             1
    0.00000000000000   -0.15384615384615    0.07692307692308             1
    0.07692307692308   -0.15384615384615    0.07692307692308             1
    0.15384615384615   -0.15384615384615    0.07692307692308             1
    0.23076923076923   -0.15384615384615    0.07692307692308             1
    0.30769230769231   -0.15384615384615    0.07692307692308             1
    0.38461538461539   -0.15384615384615    0.07692307692308             1
    0.46153846153846   -0.15384615384615    0.07692307692308             1
   -0.46153846153846   -0.15384615384615    0.07692307692308             1
   -0.38461538461539   -0.15384615384615    0.07692307692308             1
   -0.30769230769231   -0.15384615384615    0.07692307692308             1
   -0.23076923076923   -0.15384615384615    0.07692307692308             1
   -0.15384615384615   -0.15384615384615    0.07692307692308             1
   -0.07692307692308   -0.15384615384615    0.07692307692308             1
    0.00000000000000   -0.07692307692308    0.07692307692308             1
    0.07692307692308   -0.07692307692308    0.07692307692308             1
    0.15384615384615   -0.07692307692308    0.07692307692308             1
    0.23076923076923   -0.07692307692308    0.07692307692308             1
    0.30769230769231   -0.07692307692308    0.07692307692308             1
    0.38461538461539   -0.07692307692308    0.07692307692308             1
    0.46153846153846   -0.07692307692308    0.07692307692308             1
   -0.46153846153846   -0.07692307692308    0.07692307692308             1
   -0.38461538461539   -0.07692307692308    0.07692307692308             1
   -0.30769230769231   -0.07692307692308    0.07692307692308             1
   -0.23076923076923   -0.07692307692308    0.07692307692308             1
   -0.15384615384615   -0.07692307692308    0.07692307692308             1
   -0.07692307692308   -0.07692307692308    0.07692307692308             1
   -0.00000000000000   -0.00000000000000    0.15384615384615             1
    0.07692307692308    0.00000000000000    0.15384615384615             1
    0.15384615384615   -0.00000000000000    0.15384615384615             1
    0.23076923076923    0.00000000000000    0.15384615384615             1
    0.30769230769231    0.00000000000000    0.15384615384615             1
    0.38461538461539    0.00000000000000    0.15384615384615             1
    0.46153846153846    0.00000000000000    0.15384615384615             1
   -0.46153846153846   -0.00000000000000    0.15384615384615             1
   -0.38461538461539   -0.00000000000000    0.15384615384615             1
   -0.30769230769231    0.00000000000000    0.15384615384615             1
   -0.23076923076923   -0.00000000000000    0.15384615384615             1
   -0.15384615384615   -0.00000000000000    0.15384615384615             1
   -0.07692307692308   -0.00000000000000    0.15384615384615             1
   -0.00000000000000    0.07692307692308    0.15384615384615             1
    0.07692307692308    0.07692307692308    0.15384615384615             1
    0.15384615384615    0.07692307692308    0.15384615384615             1
    0.23076923076923    0.07692307692308    0.15384615384615             1
    0.30769230769231    0.07692307692308    0.15384615384615             1
    0.38461538461539    0.07692307692308    0.15384615384615             1
    0.46153846153846    0.07692307692308    0.15384615384615             1
   -0.46153846153846    0.07692307692308    0.15384615384615             1
   -0.38461538461539    0.07692307692308    0.15384615384615             1
   -0.30769230769231    0.07692307692308    0.15384615384615             1
   -0.23076923076923    0.07692307692308    0.15384615384615             1
   -0.15384615384615    0.07692307692308    0.15384615384615             1
   -0.07692307692308    0.07692307692308    0.15384615384615             1
   -0.00000000000000    0.15384615384615    0.15384615384615             1
    0.07692307692308    0.15384615384615    0.15384615384615             1
    0.15384615384615    0.15384615384615    0.15384615384615             1
    0.23076923076923    0.15384615384615    0.15384615384615             1
    0.30769230769231    0.15384615384615    0.15384615384615             1
    0.38461538461539    0.15384615384615    0.15384615384615             1
    0.46153846153846    0.15384615384615    0.15384615384615             1
   -0.46153846153846    0.15384615384615    0.15384615384615             1
   -0.38461538461539    0.15384615384615    0.15384615384615             1
   -0.30769230769231    0.15384615384615    0.15384615384615             1
   -0.23076923076923    0.15384615384615    0.15384615384615             1
   -0.15384615384615    0.15384615384615    0.15384615384615             1
   -0.07692307692308    0.15384615384615    0.15384615384615             1
   -0.00000000000000    0.23076923076923    0.15384615384615             1
    0.07692307692308    0.23076923076923    0.15384615384615             1
    0.15384615384615    0.23076923076923    0.15384615384615             1
    0.23076923076923    0.23076923076923    0.15384615384615             1
    0.30769230769231    0.23076923076923    0.15384615384615             1
    0.38461538461539    0.23076923076923    0.15384615384615             1
    0.46153846153846    0.23076923076923    0.15384615384615             1
   -0.46153846153846    0.23076923076923    0.15384615384615             1
   -0.38461538461539    0.23076923076923    0.15384615384615             1
   -0.30769230769231    0.23076923076923    0.15384615384615             1
   -0.23076923076923    0.23076923076923    0.15384615384615             1
   -0.15384615384615    0.23076923076923    0.15384615384615             1
   -0.07692307692308    0.23076923076923    0.15384615384615             1
   -0.00000000000000    0.30769230769231    0.15384615384615             1
    0.07692307692308    0.30769230769231    0.15384615384615             1
    0.15384615384615    0.30769230769231    0.15384615384615             1
    0.23076923076923    0.30769230769231    0.15384615384615             1
    0.30769230769231    0.30769230769231    0.15384615384615             1
    0.38461538461539    0.30769230769231    0.15384615384615             1
    0.46153846153846    0.30769230769231    0.15384615384615             1
   -0.46153846153846    0.30769230769231    0.15384615384615             1
   -0.38461538461539    0.30769230769231    0.15384615384615             1
   -0.30769230769231    0.30769230769231    0.15384615384615             1
   -0.23076923076923    0.30769230769231    0.15384615384615             1
   -0.15384615384615    0.30769230769231    0.15384615384615             1
   -0.07692307692308    0.30769230769231    0.15384615384615             1
   -0.00000000000000    0.38461538461539    0.15384615384615             1
    0.07692307692308    0.38461538461539    0.15384615384615             1
    0.15384615384615    0.38461538461539    0.15384615384615             1
    0.23076923076923    0.38461538461539    0.15384615384615             1
    0.30769230769231    0.38461538461539    0.15384615384615             1
    0.38461538461539    0.38461538461539    0.15384615384615             1
    0.46153846153846    0.38461538461539    0.15384615384615             1
   -0.46153846153846    0.38461538461539    0.15384615384615             1
   -0.38461538461539    0.38461538461539    0.15384615384615             1
   -0.30769230769231    0.38461538461539    0.15384615384615             1
   -0.23076923076923    0.38461538461539    0.15384615384615             1
   -0.15384615384615    0.38461538461539    0.15384615384615             1
   -0.07692307692308    0.38461538461539    0.15384615384615             1
   -0.00000000000000    0.46153846153846    0.15384615384615             1
    0.07692307692308    0.46153846153846    0.15384615384615             1
    0.15384615384615    0.46153846153846    0.15384615384615             1
    0.23076923076923    0.46153846153846    0.15384615384615             1
    0.30769230769231    0.46153846153846    0.15384615384615             1
    0.38461538461539    0.46153846153846    0.15384615384615             1
    0.46153846153846    0.46153846153846    0.15384615384615             1
   -0.46153846153846    0.46153846153846    0.15384615384615             1
   -0.38461538461539    0.46153846153846    0.15384615384615             1
   -0.30769230769231    0.46153846153846    0.15384615384615             1
   -0.23076923076923    0.46153846153846    0.15384615384615             1
   -0.15384615384615    0.46153846153846    0.15384615384615             1
   -0.07692307692308    0.46153846153846    0.15384615384615             1
   -0.00000000000000   -0.46153846153846    0.15384615384615             1
    0.07692307692308   -0.46153846153846    0.15384615384615             1
    0.15384615384615   -0.46153846153846    0.15384615384615             1
    0.23076923076923   -0.46153846153846    0.15384615384615             1
    0.30769230769231   -0.46153846153846    0.15384615384615             1
    0.38461538461539   -0.46153846153846    0.15384615384615             1
    0.46153846153846   -0.46153846153846    0.15384615384615             1
   -0.46153846153846   -0.46153846153846    0.15384615384615             1
   -0.38461538461539   -0.46153846153846    0.15384615384615             1
   -0.30769230769231   -0.46153846153846    0.15384615384615             1
   -0.23076923076923   -0.46153846153846    0.15384615384615             1
   -0.15384615384615   -0.46153846153846    0.15384615384615             1
   -0.07692307692308   -0.46153846153846    0.15384615384615             1
   -0.00000000000000   -0.38461538461539    0.15384615384615             1
    0.07692307692308   -0.38461538461539    0.15384615384615             1
    0.15384615384615   -0.38461538461539    0.15384615384615             1
    0.23076923076923   -0.38461538461539    0.15384615384615             1
    0.30769230769231   -0.38461538461539    0.15384615384615             1
    0.38461538461539   -0.38461538461539    0.15384615384615             1
    0.46153846153846   -0.38461538461539    0.15384615384615             1
   -0.46153846153846   -0.38461538461539    0.15384615384615             1
   -0.38461538461539   -0.38461538461539    0.15384615384615             1
   -0.30769230769231   -0.38461538461539    0.15384615384615             1
   -0.23076923076923   -0.38461538461539    0.15384615384615             1
   -0.15384615384615   -0.38461538461539    0.15384615384615             1
   -0.07692307692308   -0.38461538461539    0.15384615384615             1
   -0.00000000000000   -0.30769230769231    0.15384615384615             1
    0.07692307692308   -0.30769230769231    0.15384615384615             1
    0.15384615384615   -0.30769230769231    0.15384615384615             1
    0.23076923076923   -0.30769230769231    0.15384615384615             1
    0.30769230769231   -0.30769230769231    0.15384615384615             1
    0.38461538461539   -0.30769230769231    0.15384615384615             1
    0.46153846153846   -0.30769230769231    0.15384615384615             1
   -0.46153846153846   -0.30769230769231    0.15384615384615             1
   -0.38461538461539   -0.30769230769231    0.15384615384615             1
   -0.30769230769231   -0.30769230769231    0.15384615384615             1
   -0.23076923076923   -0.30769230769231    0.15384615384615             1
   -0.15384615384615   -0.30769230769231    0.15384615384615             1
   -0.07692307692308   -0.30769230769231    0.15384615384615             1
   -0.00000000000000   -0.23076923076923    0.15384615384615             1
    0.07692307692308   -0.23076923076923    0.15384615384615             1
    0.15384615384615   -0.23076923076923    0.15384615384615             1
    0.23076923076923   -0.23076923076923    0.15384615384615             1
    0.30769230769231   -0.23076923076923    0.15384615384615             1
    0.38461538461539   -0.23076923076923    0.15384615384615             1
    0.46153846153846   -0.23076923076923    0.15384615384615             1
   -0.46153846153846   -0.23076923076923    0.15384615384615             1
   -0.38461538461539   -0.23076923076923    0.15384615384615             1
   -0.30769230769231   -0.23076923076923    0.15384615384615             1
   -0.23076923076923   -0.23076923076923    0.15384615384615             1
   -0.15384615384615   -0.23076923076923    0.15384615384615             1
   -0.07692307692308   -0.23076923076923    0.15384615384615             1
   -0.00000000000000   -0.15384615384615    0.15384615384615             1
    0.07692307692308   -0.15384615384615    0.15384615384615             1
    0.15384615384615   -0.15384615384615    0.15384615384615             1
    0.23076923076923   -0.15384615384615    0.15384615384615             1
    0.30769230769231   -0.15384615384615    0.15384615384615             1
    0.38461538461539   -0.15384615384615    0.15384615384615             1
    0.46153846153846   -0.15384615384615    0.15384615384615             1
   -0.46153846153846   -0.15384615384615    0.15384615384615             1
   -0.38461538461539   -0.15384615384615    0.15384615384615             1
   -0.30769230769231   -0.15384615384615    0.15384615384615             1
   -0.23076923076923   -0.15384615384615    0.15384615384615             1
   -0.15384615384615   -0.15384615384615    0.15384615384615             1
   -0.07692307692308   -0.15384615384615    0.15384615384615             1
   -0.00000000000000   -0.07692307692308    0.15384615384615             1
    0.07692307692308   -0.07692307692308    0.15384615384615             1
    0.15384615384615   -0.07692307692308    0.15384615384615             1
    0.23076923076923   -0.07692307692308    0.15384615384615             1
    0.30769230769231   -0.07692307692308    0.15384615384615             1
    0.38461538461539   -0.07692307692308    0.15384615384615             1
    0.46153846153846   -0.07692307692308    0.15384615384615             1
   -0.46153846153846   -0.07692307692308    0.15384615384615             1
   -0.38461538461539   -0.07692307692308    0.15384615384615             1
   -0.30769230769231   -0.07692307692308    0.15384615384615             1
   -0.23076923076923   -0.07692307692308    0.15384615384615             1
   -0.15384615384615   -0.07692307692308    0.15384615384615             1
   -0.07692307692308   -0.07692307692308    0.15384615384615             1
    0.00000000000000    0.00000000000000    0.23076923076923             1
    0.07692307692308    0.00000000000000    0.23076923076923             1
    0.15384615384615    0.00000000000000    0.23076923076923             1
    0.23076923076923    0.00000000000000    0.23076923076923             1
    0.30769230769231    0.00000000000000    0.23076923076923             1
    0.38461538461539    0.00000000000000    0.23076923076923             1
    0.46153846153846    0.00000000000000    0.23076923076923             1
   -0.46153846153846   -0.00000000000000    0.23076923076923             1
   -0.38461538461539    0.00000000000000    0.23076923076923             1
   -0.30769230769231    0.00000000000000    0.23076923076923             1
   -0.23076923076923    0.00000000000000    0.23076923076923             1
   -0.15384615384615    0.00000000000000    0.23076923076923             1
   -0.07692307692308    0.00000000000000    0.23076923076923             1
    0.00000000000000    0.07692307692308    0.23076923076923             1
    0.07692307692308    0.07692307692308    0.23076923076923             1
    0.15384615384615    0.07692307692308    0.23076923076923             1
    0.23076923076923    0.07692307692308    0.23076923076923             1
    0.30769230769231    0.07692307692308    0.23076923076923             1
    0.38461538461539    0.07692307692308    0.23076923076923             1
    0.46153846153846    0.07692307692308    0.23076923076923             1
   -0.46153846153846    0.07692307692308    0.23076923076923             1
   -0.38461538461539    0.07692307692308    0.23076923076923             1
   -0.30769230769231    0.07692307692308    0.23076923076923             1
   -0.23076923076923    0.07692307692308    0.23076923076923             1
   -0.15384615384615    0.07692307692308    0.23076923076923             1
   -0.07692307692308    0.07692307692308    0.23076923076923             1
    0.00000000000000    0.15384615384615    0.23076923076923             1
    0.07692307692308    0.15384615384615    0.23076923076923             1
    0.15384615384615    0.15384615384615    0.23076923076923             1
    0.23076923076923    0.15384615384615    0.23076923076923             1
    0.30769230769231    0.15384615384615    0.23076923076923             1
    0.38461538461539    0.15384615384615    0.23076923076923             1
    0.46153846153846    0.15384615384615    0.23076923076923             1
   -0.46153846153846    0.15384615384615    0.23076923076923             1
   -0.38461538461539    0.15384615384615    0.23076923076923             1
   -0.30769230769231    0.15384615384615    0.23076923076923             1
   -0.23076923076923    0.15384615384615    0.23076923076923             1
   -0.15384615384615    0.15384615384615    0.23076923076923             1
   -0.07692307692308    0.15384615384615    0.23076923076923             1
    0.00000000000000    0.23076923076923    0.23076923076923             1
    0.07692307692308    0.23076923076923    0.23076923076923             1
    0.15384615384615    0.23076923076923    0.23076923076923             1
    0.23076923076923    0.23076923076923    0.23076923076923             1
    0.30769230769231    0.23076923076923    0.23076923076923             1
    0.38461538461539    0.23076923076923    0.23076923076923             1
    0.46153846153846    0.23076923076923    0.23076923076923             1
   -0.46153846153846    0.23076923076923    0.23076923076923             1
   -0.38461538461539    0.23076923076923    0.23076923076923             1
   -0.30769230769231    0.23076923076923    0.23076923076923             1
   -0.23076923076923    0.23076923076923    0.23076923076923             1
   -0.15384615384615    0.23076923076923    0.23076923076923             1
   -0.07692307692308    0.23076923076923    0.23076923076923             1
    0.00000000000000    0.30769230769231    0.23076923076923             1
    0.07692307692308    0.30769230769231    0.23076923076923             1
    0.15384615384615    0.30769230769231    0.23076923076923             1
    0.23076923076923    0.30769230769231    0.23076923076923             1
    0.30769230769231    0.30769230769231    0.23076923076923             1
    0.38461538461539    0.30769230769231    0.23076923076923             1
    0.46153846153846    0.30769230769231    0.23076923076923             1
   -0.46153846153846    0.30769230769231    0.23076923076923             1
   -0.38461538461539    0.30769230769231    0.23076923076923             1
   -0.30769230769231    0.30769230769231    0.23076923076923             1
   -0.23076923076923    0.30769230769231    0.23076923076923             1
   -0.15384615384615    0.30769230769231    0.23076923076923             1
   -0.07692307692308    0.30769230769231    0.23076923076923             1
    0.00000000000000    0.38461538461539    0.23076923076923             1
    0.07692307692308    0.38461538461539    0.23076923076923             1
    0.15384615384615    0.38461538461539    0.23076923076923             1
    0.23076923076923    0.38461538461539    0.23076923076923             1
    0.30769230769231    0.38461538461539    0.23076923076923             1
    0.38461538461539    0.38461538461539    0.23076923076923             1
    0.46153846153846    0.38461538461539    0.23076923076923             1
   -0.46153846153846    0.38461538461539    0.23076923076923             1
   -0.38461538461539    0.38461538461539    0.23076923076923             1
   -0.30769230769231    0.38461538461539    0.23076923076923             1
   -0.23076923076923    0.38461538461539    0.23076923076923             1
   -0.15384615384615    0.38461538461539    0.23076923076923             1
   -0.07692307692308    0.38461538461539    0.23076923076923             1
    0.00000000000000    0.46153846153846    0.23076923076923             1
    0.07692307692308    0.46153846153846    0.23076923076923             1
    0.15384615384615    0.46153846153846    0.23076923076923             1
    0.23076923076923    0.46153846153846    0.23076923076923             1
    0.30769230769231    0.46153846153846    0.23076923076923             1
    0.38461538461539    0.46153846153846    0.23076923076923             1
    0.46153846153846    0.46153846153846    0.23076923076923             1
   -0.46153846153846    0.46153846153846    0.23076923076923             1
   -0.38461538461539    0.46153846153846    0.23076923076923             1
   -0.30769230769231    0.46153846153846    0.23076923076923             1
   -0.23076923076923    0.46153846153846    0.23076923076923             1
   -0.15384615384615    0.46153846153846    0.23076923076923             1
   -0.07692307692308    0.46153846153846    0.23076923076923             1
    0.00000000000000   -0.46153846153846    0.23076923076923             1
    0.07692307692308   -0.46153846153846    0.23076923076923             1
    0.15384615384615   -0.46153846153846    0.23076923076923             1
    0.23076923076923   -0.46153846153846    0.23076923076923             1
    0.30769230769231   -0.46153846153846    0.23076923076923             1
    0.38461538461539   -0.46153846153846    0.23076923076923             1
    0.46153846153846   -0.46153846153846    0.23076923076923             1
   -0.46153846153846   -0.46153846153846    0.23076923076923             1
   -0.38461538461539   -0.46153846153846    0.23076923076923             1
   -0.30769230769231   -0.46153846153846    0.23076923076923             1
   -0.23076923076923   -0.46153846153846    0.23076923076923             1
   -0.15384615384615   -0.46153846153846    0.23076923076923             1
   -0.07692307692308   -0.46153846153846    0.23076923076923             1
    0.00000000000000   -0.38461538461539    0.23076923076923             1
    0.07692307692308   -0.38461538461539    0.23076923076923             1
    0.15384615384615   -0.38461538461539    0.23076923076923             1
    0.23076923076923   -0.38461538461539    0.23076923076923             1
    0.30769230769231   -0.38461538461539    0.23076923076923             1
    0.38461538461539   -0.38461538461539    0.23076923076923             1
    0.46153846153846   -0.38461538461539    0.23076923076923             1
   -0.46153846153846   -0.38461538461539    0.23076923076923             1
   -0.38461538461539   -0.38461538461539    0.23076923076923             1
   -0.30769230769231   -0.38461538461539    0.23076923076923             1
   -0.23076923076923   -0.38461538461539    0.23076923076923             1
   -0.15384615384615   -0.38461538461539    0.23076923076923             1
   -0.07692307692308   -0.38461538461539    0.23076923076923             1
    0.00000000000000   -0.30769230769231    0.23076923076923             1
    0.07692307692308   -0.30769230769231    0.23076923076923             1
    0.15384615384615   -0.30769230769231    0.23076923076923             1
    0.23076923076923   -0.30769230769231    0.23076923076923             1
    0.30769230769231   -0.30769230769231    0.23076923076923             1
    0.38461538461539   -0.30769230769231    0.23076923076923             1
    0.46153846153846   -0.30769230769231    0.23076923076923             1
   -0.46153846153846   -0.30769230769231    0.23076923076923             1
   -0.38461538461539   -0.30769230769231    0.23076923076923             1
   -0.30769230769231   -0.30769230769231    0.23076923076923             1
   -0.23076923076923   -0.30769230769231    0.23076923076923             1
   -0.15384615384615   -0.30769230769231    0.23076923076923             1
   -0.07692307692308   -0.30769230769231    0.23076923076923             1
    0.00000000000000   -0.23076923076923    0.23076923076923             1
    0.07692307692308   -0.23076923076923    0.23076923076923             1
    0.15384615384615   -0.23076923076923    0.23076923076923             1
    0.23076923076923   -0.23076923076923    0.23076923076923             1
    0.30769230769231   -0.23076923076923    0.23076923076923             1
    0.38461538461539   -0.23076923076923    0.23076923076923             1
    0.46153846153846   -0.23076923076923    0.23076923076923             1
   -0.46153846153846   -0.23076923076923    0.23076923076923             1
   -0.38461538461539   -0.23076923076923    0.23076923076923             1
   -0.30769230769231   -0.23076923076923    0.23076923076923             1
   -0.23076923076923   -0.23076923076923    0.23076923076923             1
   -0.15384615384615   -0.23076923076923    0.23076923076923             1
   -0.07692307692308   -0.23076923076923    0.23076923076923             1
    0.00000000000000   -0.15384615384615    0.23076923076923             1
    0.07692307692308   -0.15384615384615    0.23076923076923             1
    0.15384615384615   -0.15384615384615    0.23076923076923             1
    0.23076923076923   -0.15384615384615    0.23076923076923             1
    0.30769230769231   -0.15384615384615    0.23076923076923             1
    0.38461538461539   -0.15384615384615    0.23076923076923             1
    0.46153846153846   -0.15384615384615    0.23076923076923             1
   -0.46153846153846   -0.15384615384615    0.23076923076923             1
   -0.38461538461539   -0.15384615384615    0.23076923076923             1
   -0.30769230769231   -0.15384615384615    0.23076923076923             1
   -0.23076923076923   -0.15384615384615    0.23076923076923             1
   -0.15384615384615   -0.15384615384615    0.23076923076923             1
   -0.07692307692308   -0.15384615384615    0.23076923076923             1
    0.00000000000000   -0.07692307692308    0.23076923076923             1
    0.07692307692308   -0.07692307692308    0.23076923076923             1
    0.15384615384615   -0.07692307692308    0.23076923076923             1
    0.23076923076923   -0.07692307692308    0.23076923076923             1
    0.30769230769231   -0.07692307692308    0.23076923076923             1
    0.38461538461539   -0.07692307692308    0.23076923076923             1
    0.46153846153846   -0.07692307692308    0.23076923076923             1
   -0.46153846153846   -0.07692307692308    0.23076923076923             1
   -0.38461538461539   -0.07692307692308    0.23076923076923             1
   -0.30769230769231   -0.07692307692308    0.23076923076923             1
   -0.23076923076923   -0.07692307692308    0.23076923076923             1
   -0.15384615384615   -0.07692307692308    0.23076923076923             1
   -0.07692307692308   -0.07692307692308    0.23076923076923             1
   -0.00000000000000   -0.00000000000000    0.30769230769231             1
    0.07692307692308   -0.00000000000000    0.30769230769231             1
    0.15384615384615    0.00000000000000    0.30769230769231             1
    0.23076923076923    0.00000000000000    0.30769230769231             1
    0.30769230769231   -0.00000000000000    0.30769230769231             1
    0.38461538461539    0.00000000000000    0.30769230769231             1
    0.46153846153846    0.00000000000000    0.30769230769231             1
   -0.46153846153846    0.00000000000000    0.30769230769231             1
   -0.38461538461539   -0.00000000000000    0.30769230769231             1
   -0.30769230769231   -0.00000000000000    0.30769230769231             1
   -0.23076923076923   -0.00000000000000    0.30769230769231             1
   -0.15384615384615   -0.00000000000000    0.30769230769231             1
   -0.07692307692308    0.00000000000000    0.30769230769231             1
   -0.00000000000000    0.07692307692308    0.30769230769231             1
    0.07692307692308    0.07692307692308    0.30769230769231             1
    0.15384615384615    0.07692307692308    0.30769230769231             1
    0.23076923076923    0.07692307692308    0.30769230769231             1
    0.30769230769231    0.07692307692308    0.30769230769231             1
    0.38461538461539    0.07692307692308    0.30769230769231             1
    0.46153846153846    0.07692307692308    0.30769230769231             1
   -0.46153846153846    0.07692307692308    0.30769230769231             1
   -0.38461538461539    0.07692307692308    0.30769230769231             1
   -0.30769230769231    0.07692307692308    0.30769230769231             1
   -0.23076923076923    0.07692307692308    0.30769230769231             1
   -0.15384615384615    0.07692307692308    0.30769230769231             1
   -0.07692307692308    0.07692307692308    0.30769230769231             1
   -0.00000000000000    0.15384615384615    0.30769230769231             1
    0.07692307692308    0.15384615384615    0.30769230769231             1
    0.15384615384615    0.15384615384615    0.30769230769231             1
    0.23076923076923    0.15384615384615    0.30769230769231             1
    0.30769230769231    0.15384615384615    0.30769230769231             1
    0.38461538461539    0.15384615384615    0.30769230769231             1
    0.46153846153846    0.15384615384615    0.30769230769231             1
   -0.46153846153846    0.15384615384615    0.30769230769231             1
   -0.38461538461539    0.15384615384615    0.30769230769231             1
   -0.30769230769231    0.15384615384615    0.30769230769231             1
   -0.23076923076923    0.15384615384615    0.30769230769231             1
   -0.15384615384615    0.15384615384615    0.30769230769231             1
   -0.07692307692308    0.15384615384615    0.30769230769231             1
   -0.00000000000000    0.23076923076923    0.30769230769231             1
    0.07692307692308    0.23076923076923    0.30769230769231             1
    0.15384615384615    0.23076923076923    0.30769230769231             1
    0.23076923076923    0.23076923076923    0.30769230769231             1
    0.30769230769231    0.23076923076923    0.30769230769231             1
    0.38461538461539    0.23076923076923    0.30769230769231             1
    0.46153846153846    0.23076923076923    0.30769230769231             1
   -0.46153846153846    0.23076923076923    0.30769230769231             1
   -0.38461538461539    0.23076923076923    0.30769230769231             1
   -0.30769230769231    0.23076923076923    0.30769230769231             1
   -0.23076923076923    0.23076923076923    0.30769230769231             1
   -0.15384615384615    0.23076923076923    0.30769230769231             1
   -0.07692307692308    0.23076923076923    0.30769230769231             1
   -0.00000000000000    0.30769230769231    0.30769230769231             1
    0.07692307692308    0.30769230769231    0.30769230769231             1
    0.15384615384615    0.30769230769231    0.30769230769231             1
    0.23076923076923    0.30769230769231    0.30769230769231             1
    0.30769230769231    0.30769230769231    0.30769230769231             1
    0.38461538461539    0.30769230769231    0.30769230769231             1
    0.46153846153846    0.30769230769231    0.30769230769231             1
   -0.46153846153846    0.30769230769231    0.30769230769231             1
   -0.38461538461539    0.30769230769231    0.30769230769231             1
   -0.30769230769231    0.30769230769231    0.30769230769231             1
   -0.23076923076923    0.30769230769231    0.30769230769231             1
   -0.15384615384615    0.30769230769231    0.30769230769231             1
   -0.07692307692308    0.30769230769231    0.30769230769231             1
   -0.00000000000000    0.38461538461539    0.30769230769231             1
    0.07692307692308    0.38461538461539    0.30769230769231             1
    0.15384615384615    0.38461538461539    0.30769230769231             1
    0.23076923076923    0.38461538461539    0.30769230769231             1
    0.30769230769231    0.38461538461539    0.30769230769231             1
    0.38461538461539    0.38461538461539    0.30769230769231             1
    0.46153846153846    0.38461538461539    0.30769230769231             1
   -0.46153846153846    0.38461538461539    0.30769230769231             1
   -0.38461538461539    0.38461538461539    0.30769230769231             1
   -0.30769230769231    0.38461538461539    0.30769230769231             1
   -0.23076923076923    0.38461538461539    0.30769230769231             1
   -0.15384615384615    0.38461538461539    0.30769230769231             1
   -0.07692307692308    0.38461538461539    0.30769230769231             1
   -0.00000000000000    0.46153846153846    0.30769230769231             1
    0.07692307692308    0.46153846153846    0.30769230769231             1
    0.15384615384615    0.46153846153846    0.30769230769231             1
    0.23076923076923    0.46153846153846    0.30769230769231             1
    0.30769230769231    0.46153846153846    0.30769230769231             1
    0.38461538461539    0.46153846153846    0.30769230769231             1
    0.46153846153846    0.46153846153846    0.30769230769231             1
   -0.46153846153846    0.46153846153846    0.30769230769231             1
   -0.38461538461539    0.46153846153846    0.30769230769231             1
   -0.30769230769231    0.46153846153846    0.30769230769231             1
   -0.23076923076923    0.46153846153846    0.30769230769231             1
   -0.15384615384615    0.46153846153846    0.30769230769231             1
   -0.07692307692308    0.46153846153846    0.30769230769231             1
   -0.00000000000000   -0.46153846153846    0.30769230769231             1
    0.07692307692308   -0.46153846153846    0.30769230769231             1
    0.15384615384615   -0.46153846153846    0.30769230769231             1
    0.23076923076923   -0.46153846153846    0.30769230769231             1
    0.30769230769231   -0.46153846153846    0.30769230769231             1
    0.38461538461539   -0.46153846153846    0.30769230769231             1
    0.46153846153846   -0.46153846153846    0.30769230769231             1
   -0.46153846153846   -0.46153846153846    0.30769230769231             1
   -0.38461538461539   -0.46153846153846    0.30769230769231             1
   -0.30769230769231   -0.46153846153846    0.30769230769231             1
   -0.23076923076923   -0.46153846153846    0.30769230769231             1
   -0.15384615384615   -0.46153846153846    0.30769230769231             1
   -0.07692307692308   -0.46153846153846    0.30769230769231             1
   -0.00000000000000   -0.38461538461539    0.30769230769231             1
    0.07692307692308   -0.38461538461539    0.30769230769231             1
    0.15384615384615   -0.38461538461539    0.30769230769231             1
    0.23076923076923   -0.38461538461539    0.30769230769231             1
    0.30769230769231   -0.38461538461539    0.30769230769231             1
    0.38461538461539   -0.38461538461539    0.30769230769231             1
    0.46153846153846   -0.38461538461539    0.30769230769231             1
   -0.46153846153846   -0.38461538461539    0.30769230769231             1
   -0.38461538461539   -0.38461538461539    0.30769230769231             1
   -0.30769230769231   -0.38461538461539    0.30769230769231             1
   -0.23076923076923   -0.38461538461539    0.30769230769231             1
   -0.15384615384615   -0.38461538461539    0.30769230769231             1
   -0.07692307692308   -0.38461538461539    0.30769230769231             1
   -0.00000000000000   -0.30769230769231    0.30769230769231             1
    0.07692307692308   -0.30769230769231    0.30769230769231             1
    0.15384615384615   -0.30769230769231    0.30769230769231             1
    0.23076923076923   -0.30769230769231    0.30769230769231             1
    0.30769230769231   -0.30769230769231    0.30769230769231             1
    0.38461538461539   -0.30769230769231    0.30769230769231             1
    0.46153846153846   -0.30769230769231    0.30769230769231             1
   -0.46153846153846   -0.30769230769231    0.30769230769231             1
   -0.38461538461539   -0.30769230769231    0.30769230769231             1
   -0.30769230769231   -0.30769230769231    0.30769230769231             1
   -0.23076923076923   -0.30769230769231    0.30769230769231             1
   -0.15384615384615   -0.30769230769231    0.30769230769231             1
   -0.07692307692308   -0.30769230769231    0.30769230769231             1
   -0.00000000000000   -0.23076923076923    0.30769230769231             1
    0.07692307692308   -0.23076923076923    0.30769230769231             1
    0.15384615384615   -0.23076923076923    0.30769230769231             1
    0.23076923076923   -0.23076923076923    0.30769230769231             1
    0.30769230769231   -0.23076923076923    0.30769230769231             1
    0.38461538461539   -0.23076923076923    0.30769230769231             1
    0.46153846153846   -0.23076923076923    0.30769230769231             1
   -0.46153846153846   -0.23076923076923    0.30769230769231             1
   -0.38461538461539   -0.23076923076923    0.30769230769231             1
   -0.30769230769231   -0.23076923076923    0.30769230769231             1
   -0.23076923076923   -0.23076923076923    0.30769230769231             1
   -0.15384615384615   -0.23076923076923    0.30769230769231             1
   -0.07692307692308   -0.23076923076923    0.30769230769231             1
   -0.00000000000000   -0.15384615384615    0.30769230769231             1
    0.07692307692308   -0.15384615384615    0.30769230769231             1
    0.15384615384615   -0.15384615384615    0.30769230769231             1
    0.23076923076923   -0.15384615384615    0.30769230769231             1
    0.30769230769231   -0.15384615384615    0.30769230769231             1
    0.38461538461539   -0.15384615384615    0.30769230769231             1
    0.46153846153846   -0.15384615384615    0.30769230769231             1
   -0.46153846153846   -0.15384615384615    0.30769230769231             1
   -0.38461538461539   -0.15384615384615    0.30769230769231             1
   -0.30769230769231   -0.15384615384615    0.30769230769231             1
   -0.23076923076923   -0.15384615384615    0.30769230769231             1
   -0.15384615384615   -0.15384615384615    0.30769230769231             1
   -0.07692307692308   -0.15384615384615    0.30769230769231             1
   -0.00000000000000   -0.07692307692308    0.30769230769231             1
    0.07692307692308   -0.07692307692308    0.30769230769231             1
    0.15384615384615   -0.07692307692308    0.30769230769231             1
    0.23076923076923   -0.07692307692308    0.30769230769231             1
    0.30769230769231   -0.07692307692308    0.30769230769231             1
    0.38461538461539   -0.07692307692308    0.30769230769231             1
    0.46153846153846   -0.07692307692308    0.30769230769231             1
   -0.46153846153846   -0.07692307692308    0.30769230769231             1
   -0.38461538461539   -0.07692307692308    0.30769230769231             1
   -0.30769230769231   -0.07692307692308    0.30769230769231             1
   -0.23076923076923   -0.07692307692308    0.30769230769231             1
   -0.15384615384615   -0.07692307692308    0.30769230769231             1
   -0.07692307692308   -0.07692307692308    0.30769230769231             1
    0.00000000000000   -0.00000000000000    0.38461538461539             1
    0.07692307692308   -0.00000000000000    0.38461538461539             1
    0.15384615384615    0.00000000000000    0.38461538461539             1
    0.23076923076923   -0.00000000000000    0.38461538461539             1
    0.30769230769231   -0.00000000000000    0.38461538461539             1
    0.38461538461539   -0.00000000000000    0.38461538461539             1
    0.46153846153846   -0.00000000000000    0.38461538461539             1
   -0.46153846153846   -0.00000000000000    0.38461538461539             1
   -0.38461538461539   -0.00000000000000    0.38461538461539             1
   -0.30769230769231   -0.00000000000000    0.38461538461539             1
   -0.23076923076923   -0.00000000000000    0.38461538461539             1
   -0.15384615384615   -0.00000000000000    0.38461538461539             1
   -0.07692307692308   -0.00000000000000    0.38461538461539             1
    0.00000000000000    0.07692307692308    0.38461538461539             1
    0.07692307692308    0.07692307692308    0.38461538461539             1
    0.15384615384615    0.07692307692308    0.38461538461539             1
    0.23076923076923    0.07692307692308    0.38461538461539             1
    0.30769230769231    0.07692307692308    0.38461538461539             1
    0.38461538461539    0.07692307692308    0.38461538461539             1
    0.46153846153846    0.07692307692308    0.38461538461539             1
   -0.46153846153846    0.07692307692308    0.38461538461539             1
   -0.38461538461539    0.07692307692308    0.38461538461539             1
   -0.30769230769231    0.07692307692308    0.38461538461539             1
   -0.23076923076923    0.07692307692308    0.38461538461539             1
   -0.15384615384615    0.07692307692308    0.38461538461539             1
   -0.07692307692308    0.07692307692308    0.38461538461539             1
    0.00000000000000    0.15384615384615    0.38461538461539             1
    0.07692307692308    0.15384615384615    0.38461538461539             1
    0.15384615384615    0.15384615384615    0.38461538461539             1
    0.23076923076923    0.15384615384615    0.38461538461539             1
    0.30769230769231    0.15384615384615    0.38461538461539             1
    0.38461538461539    0.15384615384615    0.38461538461539             1
    0.46153846153846    0.15384615384615    0.38461538461539             1
   -0.46153846153846    0.15384615384615    0.38461538461539             1
   -0.38461538461539    0.15384615384615    0.38461538461539             1
   -0.30769230769231    0.15384615384615    0.38461538461539             1
   -0.23076923076923    0.15384615384615    0.38461538461539             1
   -0.15384615384615    0.15384615384615    0.38461538461539             1
   -0.07692307692308    0.15384615384615    0.38461538461539             1
    0.00000000000000    0.23076923076923    0.38461538461539             1
    0.07692307692308    0.23076923076923    0.38461538461539             1
    0.15384615384615    0.23076923076923    0.38461538461539             1
    0.23076923076923    0.23076923076923    0.38461538461539             1
    0.30769230769231    0.23076923076923    0.38461538461539             1
    0.38461538461539    0.23076923076923    0.38461538461539             1
    0.46153846153846    0.23076923076923    0.38461538461539             1
   -0.46153846153846    0.23076923076923    0.38461538461539             1
   -0.38461538461539    0.23076923076923    0.38461538461539             1
   -0.30769230769231    0.23076923076923    0.38461538461539             1
   -0.23076923076923    0.23076923076923    0.38461538461539             1
   -0.15384615384615    0.23076923076923    0.38461538461539             1
   -0.07692307692308    0.23076923076923    0.38461538461539             1
    0.00000000000000    0.30769230769231    0.38461538461539             1
    0.07692307692308    0.30769230769231    0.38461538461539             1
    0.15384615384615    0.30769230769231    0.38461538461539             1
    0.23076923076923    0.30769230769231    0.38461538461539             1
    0.30769230769231    0.30769230769231    0.38461538461539             1
    0.38461538461539    0.30769230769231    0.38461538461539             1
    0.46153846153846    0.30769230769231    0.38461538461539             1
   -0.46153846153846    0.30769230769231    0.38461538461539             1
   -0.38461538461539    0.30769230769231    0.38461538461539             1
   -0.30769230769231    0.30769230769231    0.38461538461539             1
   -0.23076923076923    0.30769230769231    0.38461538461539             1
   -0.15384615384615    0.30769230769231    0.38461538461539             1
   -0.07692307692308    0.30769230769231    0.38461538461539             1
    0.00000000000000    0.38461538461539    0.38461538461539             1
    0.07692307692308    0.38461538461539    0.38461538461539             1
    0.15384615384615    0.38461538461539    0.38461538461539             1
    0.23076923076923    0.38461538461539    0.38461538461539             1
    0.30769230769231    0.38461538461539    0.38461538461539             1
    0.38461538461539    0.38461538461539    0.38461538461539             1
    0.46153846153846    0.38461538461539    0.38461538461539             1
   -0.46153846153846    0.38461538461539    0.38461538461539             1
   -0.38461538461539    0.38461538461539    0.38461538461539             1
   -0.30769230769231    0.38461538461539    0.38461538461539             1
   -0.23076923076923    0.38461538461539    0.38461538461539             1
   -0.15384615384615    0.38461538461539    0.38461538461539             1
   -0.07692307692308    0.38461538461539    0.38461538461539             1
    0.00000000000000    0.46153846153846    0.38461538461539             1
    0.07692307692308    0.46153846153846    0.38461538461539             1
    0.15384615384615    0.46153846153846    0.38461538461539             1
    0.23076923076923    0.46153846153846    0.38461538461539             1
    0.30769230769231    0.46153846153846    0.38461538461539             1
    0.38461538461539    0.46153846153846    0.38461538461539             1
    0.46153846153846    0.46153846153846    0.38461538461539             1
   -0.46153846153846    0.46153846153846    0.38461538461539             1
   -0.38461538461539    0.46153846153846    0.38461538461539             1
   -0.30769230769231    0.46153846153846    0.38461538461539             1
   -0.23076923076923    0.46153846153846    0.38461538461539             1
   -0.15384615384615    0.46153846153846    0.38461538461539             1
   -0.07692307692308    0.46153846153846    0.38461538461539             1
    0.00000000000000   -0.46153846153846    0.38461538461539             1
    0.07692307692308   -0.46153846153846    0.38461538461539             1
    0.15384615384615   -0.46153846153846    0.38461538461539             1
    0.23076923076923   -0.46153846153846    0.38461538461539             1
    0.30769230769231   -0.46153846153846    0.38461538461539             1
    0.38461538461539   -0.46153846153846    0.38461538461539             1
    0.46153846153846   -0.46153846153846    0.38461538461539             1
   -0.46153846153846   -0.46153846153846    0.38461538461539             1
   -0.38461538461539   -0.46153846153846    0.38461538461539             1
   -0.30769230769231   -0.46153846153846    0.38461538461539             1
   -0.23076923076923   -0.46153846153846    0.38461538461539             1
   -0.15384615384615   -0.46153846153846    0.38461538461539             1
   -0.07692307692308   -0.46153846153846    0.38461538461539             1
    0.00000000000000   -0.38461538461539    0.38461538461539             1
    0.07692307692308   -0.38461538461539    0.38461538461539             1
    0.15384615384615   -0.38461538461539    0.38461538461539             1
    0.23076923076923   -0.38461538461539    0.38461538461539             1
    0.30769230769231   -0.38461538461539    0.38461538461539             1
    0.38461538461539   -0.38461538461539    0.38461538461539             1
    0.46153846153846   -0.38461538461539    0.38461538461539             1
   -0.46153846153846   -0.38461538461539    0.38461538461539             1
   -0.38461538461539   -0.38461538461539    0.38461538461539             1
   -0.30769230769231   -0.38461538461539    0.38461538461539             1
   -0.23076923076923   -0.38461538461539    0.38461538461539             1
   -0.15384615384615   -0.38461538461539    0.38461538461539             1
   -0.07692307692308   -0.38461538461539    0.38461538461539             1
    0.00000000000000   -0.30769230769231    0.38461538461539             1
    0.07692307692308   -0.30769230769231    0.38461538461539             1
    0.15384615384615   -0.30769230769231    0.38461538461539             1
    0.23076923076923   -0.30769230769231    0.38461538461539             1
    0.30769230769231   -0.30769230769231    0.38461538461539             1
    0.38461538461539   -0.30769230769231    0.38461538461539             1
    0.46153846153846   -0.30769230769231    0.38461538461539             1
   -0.46153846153846   -0.30769230769231    0.38461538461539             1
   -0.38461538461539   -0.30769230769231    0.38461538461539             1
   -0.30769230769231   -0.30769230769231    0.38461538461539             1
   -0.23076923076923   -0.30769230769231    0.38461538461539             1
   -0.15384615384615   -0.30769230769231    0.38461538461539             1
   -0.07692307692308   -0.30769230769231    0.38461538461539             1
    0.00000000000000   -0.23076923076923    0.38461538461539             1
    0.07692307692308   -0.23076923076923    0.38461538461539             1
    0.15384615384615   -0.23076923076923    0.38461538461539             1
    0.23076923076923   -0.23076923076923    0.38461538461539             1
    0.30769230769231   -0.23076923076923    0.38461538461539             1
    0.38461538461539   -0.23076923076923    0.38461538461539             1
    0.46153846153846   -0.23076923076923    0.38461538461539             1
   -0.46153846153846   -0.23076923076923    0.38461538461539             1
   -0.38461538461539   -0.23076923076923    0.38461538461539             1
   -0.30769230769231   -0.23076923076923    0.38461538461539             1
   -0.23076923076923   -0.23076923076923    0.38461538461539             1
   -0.15384615384615   -0.23076923076923    0.38461538461539             1
   -0.07692307692308   -0.23076923076923    0.38461538461539             1
    0.00000000000000   -0.15384615384615    0.38461538461539             1
    0.07692307692308   -0.15384615384615    0.38461538461539             1
    0.15384615384615   -0.15384615384615    0.38461538461539             1
    0.23076923076923   -0.15384615384615    0.38461538461539             1
    0.30769230769231   -0.15384615384615    0.38461538461539             1
    0.38461538461539   -0.15384615384615    0.38461538461539             1
    0.46153846153846   -0.15384615384615    0.38461538461539             1
   -0.46153846153846   -0.15384615384615    0.38461538461539             1
   -0.38461538461539   -0.15384615384615    0.38461538461539             1
   -0.30769230769231   -0.15384615384615    0.38461538461539             1
   -0.23076923076923   -0.15384615384615    0.38461538461539             1
   -0.15384615384615   -0.15384615384615    0.38461538461539             1
   -0.07692307692308   -0.15384615384615    0.38461538461539             1
    0.00000000000000   -0.07692307692308    0.38461538461539             1
    0.07692307692308   -0.07692307692308    0.38461538461539             1
    0.15384615384615   -0.07692307692308    0.38461538461539             1
    0.23076923076923   -0.07692307692308    0.38461538461539             1
    0.30769230769231   -0.07692307692308    0.38461538461539             1
    0.38461538461539   -0.07692307692308    0.38461538461539             1
    0.46153846153846   -0.07692307692308    0.38461538461539             1
   -0.46153846153846   -0.07692307692308    0.38461538461539             1
   -0.38461538461539   -0.07692307692308    0.38461538461539             1
   -0.30769230769231   -0.07692307692308    0.38461538461539             1
   -0.23076923076923   -0.07692307692308    0.38461538461539             1
   -0.15384615384615   -0.07692307692308    0.38461538461539             1
   -0.07692307692308   -0.07692307692308    0.38461538461539             1
   -0.00000000000000   -0.00000000000000    0.46153846153846             1
    0.07692307692308    0.00000000000000    0.46153846153846             1
    0.15384615384615   -0.00000000000000    0.46153846153846             1
    0.23076923076923   -0.00000000000000    0.46153846153846             1
    0.30769230769231    0.00000000000000    0.46153846153846             1
    0.38461538461539   -0.00000000000000    0.46153846153846             1
    0.46153846153846    0.00000000000000    0.46153846153846             1
   -0.46153846153846   -0.00000000000000    0.46153846153846             1
   -0.38461538461539   -0.00000000000000    0.46153846153846             1
   -0.30769230769231   -0.00000000000000    0.46153846153846             1
   -0.23076923076923   -0.00000000000000    0.46153846153846             1
   -0.15384615384615   -0.00000000000000    0.46153846153846             1
   -0.07692307692308   -0.00000000000000    0.46153846153846             1
   -0.00000000000000    0.07692307692308    0.46153846153846             1
    0.07692307692308    0.07692307692308    0.46153846153846             1
    0.15384615384615    0.07692307692308    0.46153846153846             1
    0.23076923076923    0.07692307692308    0.46153846153846             1
    0.30769230769231    0.07692307692308    0.46153846153846             1
    0.38461538461539    0.07692307692308    0.46153846153846             1
    0.46153846153846    0.07692307692308    0.46153846153846             1
   -0.46153846153846    0.07692307692308    0.46153846153846             1
   -0.38461538461539    0.07692307692308    0.46153846153846             1
   -0.30769230769231    0.07692307692308    0.46153846153846             1
   -0.23076923076923    0.07692307692308    0.46153846153846             1
   -0.15384615384615    0.07692307692308    0.46153846153846             1
   -0.07692307692308    0.07692307692308    0.46153846153846             1
   -0.00000000000000    0.15384615384615    0.46153846153846             1
    0.07692307692308    0.15384615384615    0.46153846153846             1
    0.15384615384615    0.15384615384615    0.46153846153846             1
    0.23076923076923    0.15384615384615    0.46153846153846             1
    0.30769230769231    0.15384615384615    0.46153846153846             1
    0.38461538461539    0.15384615384615    0.46153846153846             1
    0.46153846153846    0.15384615384615    0.46153846153846             1
   -0.46153846153846    0.15384615384615    0.46153846153846             1
   -0.38461538461539    0.15384615384615    0.46153846153846             1
   -0.30769230769231    0.15384615384615    0.46153846153846             1
   -0.23076923076923    0.15384615384615    0.46153846153846             1
   -0.15384615384615    0.15384615384615    0.46153846153846             1
   -0.07692307692308    0.15384615384615    0.46153846153846             1
   -0.00000000000000    0.23076923076923    0.46153846153846             1
    0.07692307692308    0.23076923076923    0.46153846153846             1
    0.15384615384615    0.23076923076923    0.46153846153846             1
    0.23076923076923    0.23076923076923    0.46153846153846             1
    0.30769230769231    0.23076923076923    0.46153846153846             1
    0.38461538461539    0.23076923076923    0.46153846153846             1
    0.46153846153846    0.23076923076923    0.46153846153846             1
   -0.46153846153846    0.23076923076923    0.46153846153846             1
   -0.38461538461539    0.23076923076923    0.46153846153846             1
   -0.30769230769231    0.23076923076923    0.46153846153846             1
   -0.23076923076923    0.23076923076923    0.46153846153846             1
   -0.15384615384615    0.23076923076923    0.46153846153846             1
   -0.07692307692308    0.23076923076923    0.46153846153846             1
   -0.00000000000000    0.30769230769231    0.46153846153846             1
    0.07692307692308    0.30769230769231    0.46153846153846             1
    0.15384615384615    0.30769230769231    0.46153846153846             1
    0.23076923076923    0.30769230769231    0.46153846153846             1
    0.30769230769231    0.30769230769231    0.46153846153846             1
    0.38461538461539    0.30769230769231    0.46153846153846             1
    0.46153846153846    0.30769230769231    0.46153846153846             1
   -0.46153846153846    0.30769230769231    0.46153846153846             1
   -0.38461538461539    0.30769230769231    0.46153846153846             1
   -0.30769230769231    0.30769230769231    0.46153846153846             1
   -0.23076923076923    0.30769230769231    0.46153846153846             1
   -0.15384615384615    0.30769230769231    0.46153846153846             1
   -0.07692307692308    0.30769230769231    0.46153846153846             1
   -0.00000000000000    0.38461538461539    0.46153846153846             1
    0.07692307692308    0.38461538461539    0.46153846153846             1
    0.15384615384615    0.38461538461539    0.46153846153846             1
    0.23076923076923    0.38461538461539    0.46153846153846             1
    0.30769230769231    0.38461538461539    0.46153846153846             1
    0.38461538461539    0.38461538461539    0.46153846153846             1
    0.46153846153846    0.38461538461539    0.46153846153846             1
   -0.46153846153846    0.38461538461539    0.46153846153846             1
   -0.38461538461539    0.38461538461539    0.46153846153846             1
   -0.30769230769231    0.38461538461539    0.46153846153846             1
   -0.23076923076923    0.38461538461539    0.46153846153846             1
   -0.15384615384615    0.38461538461539    0.46153846153846             1
   -0.07692307692308    0.38461538461539    0.46153846153846             1
   -0.00000000000000    0.46153846153846    0.46153846153846             1
    0.07692307692308    0.46153846153846    0.46153846153846             1
    0.15384615384615    0.46153846153846    0.46153846153846             1
    0.23076923076923    0.46153846153846    0.46153846153846             1
    0.30769230769231    0.46153846153846    0.46153846153846             1
    0.38461538461539    0.46153846153846    0.46153846153846             1
    0.46153846153846    0.46153846153846    0.46153846153846             1
   -0.46153846153846    0.46153846153846    0.46153846153846             1
   -0.38461538461539    0.46153846153846    0.46153846153846             1
   -0.30769230769231    0.46153846153846    0.46153846153846             1
   -0.23076923076923    0.46153846153846    0.46153846153846             1
   -0.15384615384615    0.46153846153846    0.46153846153846             1
   -0.07692307692308    0.46153846153846    0.46153846153846             1
   -0.00000000000000   -0.46153846153846    0.46153846153846             1
    0.07692307692308   -0.46153846153846    0.46153846153846             1
    0.15384615384615   -0.46153846153846    0.46153846153846             1
    0.23076923076923   -0.46153846153846    0.46153846153846             1
    0.30769230769231   -0.46153846153846    0.46153846153846             1
    0.38461538461539   -0.46153846153846    0.46153846153846             1
    0.46153846153846   -0.46153846153846    0.46153846153846             1
   -0.46153846153846   -0.46153846153846    0.46153846153846             1
   -0.38461538461539   -0.46153846153846    0.46153846153846             1
   -0.30769230769231   -0.46153846153846    0.46153846153846             1
   -0.23076923076923   -0.46153846153846    0.46153846153846             1
   -0.15384615384615   -0.46153846153846    0.46153846153846             1
   -0.07692307692308   -0.46153846153846    0.46153846153846             1
   -0.00000000000000   -0.38461538461539    0.46153846153846             1
    0.07692307692308   -0.38461538461539    0.46153846153846             1
    0.15384615384615   -0.38461538461539    0.46153846153846             1
    0.23076923076923   -0.38461538461539    0.46153846153846             1
    0.30769230769231   -0.38461538461539    0.46153846153846             1
    0.38461538461539   -0.38461538461539    0.46153846153846             1
    0.46153846153846   -0.38461538461539    0.46153846153846             1
   -0.46153846153846   -0.38461538461539    0.46153846153846             1
   -0.38461538461539   -0.38461538461539    0.46153846153846             1
   -0.30769230769231   -0.38461538461539    0.46153846153846             1
   -0.23076923076923   -0.38461538461539    0.46153846153846             1
   -0.15384615384615   -0.38461538461539    0.46153846153846             1
   -0.07692307692308   -0.38461538461539    0.46153846153846             1
   -0.00000000000000   -0.30769230769231    0.46153846153846             1
    0.07692307692308   -0.30769230769231    0.46153846153846             1
    0.15384615384615   -0.30769230769231    0.46153846153846             1
    0.23076923076923   -0.30769230769231    0.46153846153846             1
    0.30769230769231   -0.30769230769231    0.46153846153846             1
    0.38461538461539   -0.30769230769231    0.46153846153846             1
    0.46153846153846   -0.30769230769231    0.46153846153846             1
   -0.46153846153846   -0.30769230769231    0.46153846153846             1
   -0.38461538461539   -0.30769230769231    0.46153846153846             1
   -0.30769230769231   -0.30769230769231    0.46153846153846             1
   -0.23076923076923   -0.30769230769231    0.46153846153846             1
   -0.15384615384615   -0.30769230769231    0.46153846153846             1
   -0.07692307692308   -0.30769230769231    0.46153846153846             1
   -0.00000000000000   -0.23076923076923    0.46153846153846             1
    0.07692307692308   -0.23076923076923    0.46153846153846             1
    0.15384615384615   -0.23076923076923    0.46153846153846             1
    0.23076923076923   -0.23076923076923    0.46153846153846             1
    0.30769230769231   -0.23076923076923    0.46153846153846             1
    0.38461538461539   -0.23076923076923    0.46153846153846             1
    0.46153846153846   -0.23076923076923    0.46153846153846             1
   -0.46153846153846   -0.23076923076923    0.46153846153846             1
   -0.38461538461539   -0.23076923076923    0.46153846153846             1
   -0.30769230769231   -0.23076923076923    0.46153846153846             1
   -0.23076923076923   -0.23076923076923    0.46153846153846             1
   -0.15384615384615   -0.23076923076923    0.46153846153846             1
   -0.07692307692308   -0.23076923076923    0.46153846153846             1
   -0.00000000000000   -0.15384615384615    0.46153846153846             1
    0.07692307692308   -0.15384615384615    0.46153846153846             1
    0.15384615384615   -0.15384615384615    0.46153846153846             1
    0.23076923076923   -0.15384615384615    0.46153846153846             1
    0.30769230769231   -0.15384615384615    0.46153846153846             1
    0.38461538461539   -0.15384615384615    0.46153846153846             1
    0.46153846153846   -0.15384615384615    0.46153846153846             1
   -0.46153846153846   -0.15384615384615    0.46153846153846             1
   -0.38461538461539   -0.15384615384615    0.46153846153846             1
   -0.30769230769231   -0.15384615384615    0.46153846153846             1
   -0.23076923076923   -0.15384615384615    0.46153846153846             1
   -0.15384615384615   -0.15384615384615    0.46153846153846             1
   -0.07692307692308   -0.15384615384615    0.46153846153846             1
   -0.00000000000000   -0.07692307692308    0.46153846153846             1
    0.07692307692308   -0.07692307692308    0.46153846153846             1
    0.15384615384615   -0.07692307692308    0.46153846153846             1
    0.23076923076923   -0.07692307692308    0.46153846153846             1
    0.30769230769231   -0.07692307692308    0.46153846153846             1
    0.38461538461539   -0.07692307692308    0.46153846153846             1
    0.46153846153846   -0.07692307692308    0.46153846153846             1
   -0.46153846153846   -0.07692307692308    0.46153846153846             1
   -0.38461538461539   -0.07692307692308    0.46153846153846             1
   -0.30769230769231   -0.07692307692308    0.46153846153846             1
   -0.23076923076923   -0.07692307692308    0.46153846153846             1
   -0.15384615384615   -0.07692307692308    0.46153846153846             1
   -0.07692307692308   -0.07692307692308    0.46153846153846             1
    0.00000000000000    0.00000000000000   -0.46153846153846             1
    0.07692307692308    0.00000000000000   -0.46153846153846             1
    0.15384615384615    0.00000000000000   -0.46153846153846             1
    0.23076923076923    0.00000000000000   -0.46153846153846             1
    0.30769230769231    0.00000000000000   -0.46153846153846             1
    0.38461538461539    0.00000000000000   -0.46153846153846             1
    0.46153846153846    0.00000000000000   -0.46153846153846             1
   -0.46153846153846   -0.00000000000000   -0.46153846153846             1
   -0.38461538461539    0.00000000000000   -0.46153846153846             1
   -0.30769230769231    0.00000000000000   -0.46153846153846             1
   -0.23076923076923    0.00000000000000   -0.46153846153846             1
   -0.15384615384615    0.00000000000000   -0.46153846153846             1
   -0.07692307692308    0.00000000000000   -0.46153846153846             1
    0.00000000000000    0.07692307692308   -0.46153846153846             1
    0.07692307692308    0.07692307692308   -0.46153846153846             1
    0.15384615384615    0.07692307692308   -0.46153846153846             1
    0.23076923076923    0.07692307692308   -0.46153846153846             1
    0.30769230769231    0.07692307692308   -0.46153846153846             1
    0.38461538461539    0.07692307692308   -0.46153846153846             1
    0.46153846153846    0.07692307692308   -0.46153846153846             1
   -0.46153846153846    0.07692307692308   -0.46153846153846             1
   -0.38461538461539    0.07692307692308   -0.46153846153846             1
   -0.30769230769231    0.07692307692308   -0.46153846153846             1
   -0.23076923076923    0.07692307692308   -0.46153846153846             1
   -0.15384615384615    0.07692307692308   -0.46153846153846             1
   -0.07692307692308    0.07692307692308   -0.46153846153846             1
    0.00000000000000    0.15384615384615   -0.46153846153846             1
    0.07692307692308    0.15384615384615   -0.46153846153846             1
    0.15384615384615    0.15384615384615   -0.46153846153846             1
    0.23076923076923    0.15384615384615   -0.46153846153846             1
    0.30769230769231    0.15384615384615   -0.46153846153846             1
    0.38461538461539    0.15384615384615   -0.46153846153846             1
    0.46153846153846    0.15384615384615   -0.46153846153846             1
   -0.46153846153846    0.15384615384615   -0.46153846153846             1
   -0.38461538461539    0.15384615384615   -0.46153846153846             1
   -0.30769230769231    0.15384615384615   -0.46153846153846             1
   -0.23076923076923    0.15384615384615   -0.46153846153846             1
   -0.15384615384615    0.15384615384615   -0.46153846153846             1
   -0.07692307692308    0.15384615384615   -0.46153846153846             1
    0.00000000000000    0.23076923076923   -0.46153846153846             1
    0.07692307692308    0.23076923076923   -0.46153846153846             1
    0.15384615384615    0.23076923076923   -0.46153846153846             1
    0.23076923076923    0.23076923076923   -0.46153846153846             1
    0.30769230769231    0.23076923076923   -0.46153846153846             1
    0.38461538461539    0.23076923076923   -0.46153846153846             1
    0.46153846153846    0.23076923076923   -0.46153846153846             1
   -0.46153846153846    0.23076923076923   -0.46153846153846             1
   -0.38461538461539    0.23076923076923   -0.46153846153846             1
   -0.30769230769231    0.23076923076923   -0.46153846153846             1
   -0.23076923076923    0.23076923076923   -0.46153846153846             1
   -0.15384615384615    0.23076923076923   -0.46153846153846             1
   -0.07692307692308    0.23076923076923   -0.46153846153846             1
    0.00000000000000    0.30769230769231   -0.46153846153846             1
    0.07692307692308    0.30769230769231   -0.46153846153846             1
    0.15384615384615    0.30769230769231   -0.46153846153846             1
    0.23076923076923    0.30769230769231   -0.46153846153846             1
    0.30769230769231    0.30769230769231   -0.46153846153846             1
    0.38461538461539    0.30769230769231   -0.46153846153846             1
    0.46153846153846    0.30769230769231   -0.46153846153846             1
   -0.46153846153846    0.30769230769231   -0.46153846153846             1
   -0.38461538461539    0.30769230769231   -0.46153846153846             1
   -0.30769230769231    0.30769230769231   -0.46153846153846             1
   -0.23076923076923    0.30769230769231   -0.46153846153846             1
   -0.15384615384615    0.30769230769231   -0.46153846153846             1
   -0.07692307692308    0.30769230769231   -0.46153846153846             1
    0.00000000000000    0.38461538461539   -0.46153846153846             1
    0.07692307692308    0.38461538461539   -0.46153846153846             1
    0.15384615384615    0.38461538461539   -0.46153846153846             1
    0.23076923076923    0.38461538461539   -0.46153846153846             1
    0.30769230769231    0.38461538461539   -0.46153846153846             1
    0.38461538461539    0.38461538461539   -0.46153846153846             1
    0.46153846153846    0.38461538461539   -0.46153846153846             1
   -0.46153846153846    0.38461538461539   -0.46153846153846             1
   -0.38461538461539    0.38461538461539   -0.46153846153846             1
   -0.30769230769231    0.38461538461539   -0.46153846153846             1
   -0.23076923076923    0.38461538461539   -0.46153846153846             1
   -0.15384615384615    0.38461538461539   -0.46153846153846             1
   -0.07692307692308    0.38461538461539   -0.46153846153846             1
    0.00000000000000    0.46153846153846   -0.46153846153846             1
    0.07692307692308    0.46153846153846   -0.46153846153846             1
    0.15384615384615    0.46153846153846   -0.46153846153846             1
    0.23076923076923    0.46153846153846   -0.46153846153846             1
    0.30769230769231    0.46153846153846   -0.46153846153846             1
    0.38461538461539    0.46153846153846   -0.46153846153846             1
    0.46153846153846    0.46153846153846   -0.46153846153846             1
   -0.46153846153846    0.46153846153846   -0.46153846153846             1
   -0.38461538461539    0.46153846153846   -0.46153846153846             1
   -0.30769230769231    0.46153846153846   -0.46153846153846             1
   -0.23076923076923    0.46153846153846   -0.46153846153846             1
   -0.15384615384615    0.46153846153846   -0.46153846153846             1
   -0.07692307692308    0.46153846153846   -0.46153846153846             1
    0.00000000000000   -0.46153846153846   -0.46153846153846             1
    0.07692307692308   -0.46153846153846   -0.46153846153846             1
    0.15384615384615   -0.46153846153846   -0.46153846153846             1
    0.23076923076923   -0.46153846153846   -0.46153846153846             1
    0.30769230769231   -0.46153846153846   -0.46153846153846             1
    0.38461538461539   -0.46153846153846   -0.46153846153846             1
    0.46153846153846   -0.46153846153846   -0.46153846153846             1
   -0.46153846153846   -0.46153846153846   -0.46153846153846             1
   -0.38461538461539   -0.46153846153846   -0.46153846153846             1
   -0.30769230769231   -0.46153846153846   -0.46153846153846             1
   -0.23076923076923   -0.46153846153846   -0.46153846153846             1
   -0.15384615384615   -0.46153846153846   -0.46153846153846             1
   -0.07692307692308   -0.46153846153846   -0.46153846153846             1
    0.00000000000000   -0.38461538461539   -0.46153846153846             1
    0.07692307692308   -0.38461538461539   -0.46153846153846             1
    0.15384615384615   -0.38461538461539   -0.46153846153846             1
    0.23076923076923   -0.38461538461539   -0.46153846153846             1
    0.30769230769231   -0.38461538461539   -0.46153846153846             1
    0.38461538461539   -0.38461538461539   -0.46153846153846             1
    0.46153846153846   -0.38461538461539   -0.46153846153846             1
   -0.46153846153846   -0.38461538461539   -0.46153846153846             1
   -0.38461538461539   -0.38461538461539   -0.46153846153846             1
   -0.30769230769231   -0.38461538461539   -0.46153846153846             1
   -0.23076923076923   -0.38461538461539   -0.46153846153846             1
   -0.15384615384615   -0.38461538461539   -0.46153846153846             1
   -0.07692307692308   -0.38461538461539   -0.46153846153846             1
    0.00000000000000   -0.30769230769231   -0.46153846153846             1
    0.07692307692308   -0.30769230769231   -0.46153846153846             1
    0.15384615384615   -0.30769230769231   -0.46153846153846             1
    0.23076923076923   -0.30769230769231   -0.46153846153846             1
    0.30769230769231   -0.30769230769231   -0.46153846153846             1
    0.38461538461539   -0.30769230769231   -0.46153846153846             1
    0.46153846153846   -0.30769230769231   -0.46153846153846             1
   -0.46153846153846   -0.30769230769231   -0.46153846153846             1
   -0.38461538461539   -0.30769230769231   -0.46153846153846             1
   -0.30769230769231   -0.30769230769231   -0.46153846153846             1
   -0.23076923076923   -0.30769230769231   -0.46153846153846             1
   -0.15384615384615   -0.30769230769231   -0.46153846153846             1
   -0.07692307692308   -0.30769230769231   -0.46153846153846             1
    0.00000000000000   -0.23076923076923   -0.46153846153846             1
    0.07692307692308   -0.23076923076923   -0.46153846153846             1
    0.15384615384615   -0.23076923076923   -0.46153846153846             1
    0.23076923076923   -0.23076923076923   -0.46153846153846             1
    0.30769230769231   -0.23076923076923   -0.46153846153846             1
    0.38461538461539   -0.23076923076923   -0.46153846153846             1
    0.46153846153846   -0.23076923076923   -0.46153846153846             1
   -0.46153846153846   -0.23076923076923   -0.46153846153846             1
   -0.38461538461539   -0.23076923076923   -0.46153846153846             1
   -0.30769230769231   -0.23076923076923   -0.46153846153846             1
   -0.23076923076923   -0.23076923076923   -0.46153846153846             1
   -0.15384615384615   -0.23076923076923   -0.46153846153846             1
   -0.07692307692308   -0.23076923076923   -0.46153846153846             1
    0.00000000000000   -0.15384615384615   -0.46153846153846             1
    0.07692307692308   -0.15384615384615   -0.46153846153846             1
    0.15384615384615   -0.15384615384615   -0.46153846153846             1
    0.23076923076923   -0.15384615384615   -0.46153846153846             1
    0.30769230769231   -0.15384615384615   -0.46153846153846             1
    0.38461538461539   -0.15384615384615   -0.46153846153846             1
    0.46153846153846   -0.15384615384615   -0.46153846153846             1
   -0.46153846153846   -0.15384615384615   -0.46153846153846             1
   -0.38461538461539   -0.15384615384615   -0.46153846153846             1
   -0.30769230769231   -0.15384615384615   -0.46153846153846             1
   -0.23076923076923   -0.15384615384615   -0.46153846153846             1
   -0.15384615384615   -0.15384615384615   -0.46153846153846             1
   -0.07692307692308   -0.15384615384615   -0.46153846153846             1
    0.00000000000000   -0.07692307692308   -0.46153846153846             1
    0.07692307692308   -0.07692307692308   -0.46153846153846             1
    0.15384615384615   -0.07692307692308   -0.46153846153846             1
    0.23076923076923   -0.07692307692308   -0.46153846153846             1
    0.30769230769231   -0.07692307692308   -0.46153846153846             1
    0.38461538461539   -0.07692307692308   -0.46153846153846             1
    0.46153846153846   -0.07692307692308   -0.46153846153846             1
   -0.46153846153846   -0.07692307692308   -0.46153846153846             1
   -0.38461538461539   -0.07692307692308   -0.46153846153846             1
   -0.30769230769231   -0.07692307692308   -0.46153846153846             1
   -0.23076923076923   -0.07692307692308   -0.46153846153846             1
   -0.15384615384615   -0.07692307692308   -0.46153846153846             1
   -0.07692307692308   -0.07692307692308   -0.46153846153846             1
    0.00000000000000    0.00000000000000   -0.38461538461539             1
    0.07692307692308    0.00000000000000   -0.38461538461539             1
    0.15384615384615    0.00000000000000   -0.38461538461539             1
    0.23076923076923    0.00000000000000   -0.38461538461539             1
    0.30769230769231    0.00000000000000   -0.38461538461539             1
    0.38461538461539    0.00000000000000   -0.38461538461539             1
    0.46153846153846    0.00000000000000   -0.38461538461539             1
   -0.46153846153846    0.00000000000000   -0.38461538461539             1
   -0.38461538461539    0.00000000000000   -0.38461538461539             1
   -0.30769230769231    0.00000000000000   -0.38461538461539             1
   -0.23076923076923    0.00000000000000   -0.38461538461539             1
   -0.15384615384615    0.00000000000000   -0.38461538461539             1
   -0.07692307692308    0.00000000000000   -0.38461538461539             1
    0.00000000000000    0.07692307692308   -0.38461538461539             1
    0.07692307692308    0.07692307692308   -0.38461538461539             1
    0.15384615384615    0.07692307692308   -0.38461538461539             1
    0.23076923076923    0.07692307692308   -0.38461538461539             1
    0.30769230769231    0.07692307692308   -0.38461538461539             1
    0.38461538461539    0.07692307692308   -0.38461538461539             1
    0.46153846153846    0.07692307692308   -0.38461538461539             1
   -0.46153846153846    0.07692307692308   -0.38461538461539             1
   -0.38461538461539    0.07692307692308   -0.38461538461539             1
   -0.30769230769231    0.07692307692308   -0.38461538461539             1
   -0.23076923076923    0.07692307692308   -0.38461538461539             1
   -0.15384615384615    0.07692307692308   -0.38461538461539             1
   -0.07692307692308    0.07692307692308   -0.38461538461539             1
    0.00000000000000    0.15384615384615   -0.38461538461539             1
    0.07692307692308    0.15384615384615   -0.38461538461539             1
    0.15384615384615    0.15384615384615   -0.38461538461539             1
    0.23076923076923    0.15384615384615   -0.38461538461539             1
    0.30769230769231    0.15384615384615   -0.38461538461539             1
    0.38461538461539    0.15384615384615   -0.38461538461539             1
    0.46153846153846    0.15384615384615   -0.38461538461539             1
   -0.46153846153846    0.15384615384615   -0.38461538461539             1
   -0.38461538461539    0.15384615384615   -0.38461538461539             1
   -0.30769230769231    0.15384615384615   -0.38461538461539             1
   -0.23076923076923    0.15384615384615   -0.38461538461539             1
   -0.15384615384615    0.15384615384615   -0.38461538461539             1
   -0.07692307692308    0.15384615384615   -0.38461538461539             1
    0.00000000000000    0.23076923076923   -0.38461538461539             1
    0.07692307692308    0.23076923076923   -0.38461538461539             1
    0.15384615384615    0.23076923076923   -0.38461538461539             1
    0.23076923076923    0.23076923076923   -0.38461538461539             1
    0.30769230769231    0.23076923076923   -0.38461538461539             1
    0.38461538461539    0.23076923076923   -0.38461538461539             1
    0.46153846153846    0.23076923076923   -0.38461538461539             1
   -0.46153846153846    0.23076923076923   -0.38461538461539             1
   -0.38461538461539    0.23076923076923   -0.38461538461539             1
   -0.30769230769231    0.23076923076923   -0.38461538461539             1
   -0.23076923076923    0.23076923076923   -0.38461538461539             1
   -0.15384615384615    0.23076923076923   -0.38461538461539             1
   -0.07692307692308    0.23076923076923   -0.38461538461539             1
    0.00000000000000    0.30769230769231   -0.38461538461539             1
    0.07692307692308    0.30769230769231   -0.38461538461539             1
    0.15384615384615    0.30769230769231   -0.38461538461539             1
    0.23076923076923    0.30769230769231   -0.38461538461539             1
    0.30769230769231    0.30769230769231   -0.38461538461539             1
    0.38461538461539    0.30769230769231   -0.38461538461539             1
    0.46153846153846    0.30769230769231   -0.38461538461539             1
   -0.46153846153846    0.30769230769231   -0.38461538461539             1
   -0.38461538461539    0.30769230769231   -0.38461538461539             1
   -0.30769230769231    0.30769230769231   -0.38461538461539             1
   -0.23076923076923    0.30769230769231   -0.38461538461539             1
   -0.15384615384615    0.30769230769231   -0.38461538461539             1
   -0.07692307692308    0.30769230769231   -0.38461538461539             1
    0.00000000000000    0.38461538461539   -0.38461538461539             1
    0.07692307692308    0.38461538461539   -0.38461538461539             1
    0.15384615384615    0.38461538461539   -0.38461538461539             1
    0.23076923076923    0.38461538461539   -0.38461538461539             1
    0.30769230769231    0.38461538461539   -0.38461538461539             1
    0.38461538461539    0.38461538461539   -0.38461538461539             1
    0.46153846153846    0.38461538461539   -0.38461538461539             1
   -0.46153846153846    0.38461538461539   -0.38461538461539             1
   -0.38461538461539    0.38461538461539   -0.38461538461539             1
   -0.30769230769231    0.38461538461539   -0.38461538461539             1
   -0.23076923076923    0.38461538461539   -0.38461538461539             1
   -0.15384615384615    0.38461538461539   -0.38461538461539             1
   -0.07692307692308    0.38461538461539   -0.38461538461539             1
    0.00000000000000    0.46153846153846   -0.38461538461539             1
    0.07692307692308    0.46153846153846   -0.38461538461539             1
    0.15384615384615    0.46153846153846   -0.38461538461539             1
    0.23076923076923    0.46153846153846   -0.38461538461539             1
    0.30769230769231    0.46153846153846   -0.38461538461539             1
    0.38461538461539    0.46153846153846   -0.38461538461539             1
    0.46153846153846    0.46153846153846   -0.38461538461539             1
   -0.46153846153846    0.46153846153846   -0.38461538461539             1
   -0.38461538461539    0.46153846153846   -0.38461538461539             1
   -0.30769230769231    0.46153846153846   -0.38461538461539             1
   -0.23076923076923    0.46153846153846   -0.38461538461539             1
   -0.15384615384615    0.46153846153846   -0.38461538461539             1
   -0.07692307692308    0.46153846153846   -0.38461538461539             1
    0.00000000000000   -0.46153846153846   -0.38461538461539             1
    0.07692307692308   -0.46153846153846   -0.38461538461539             1
    0.15384615384615   -0.46153846153846   -0.38461538461539             1
    0.23076923076923   -0.46153846153846   -0.38461538461539             1
    0.30769230769231   -0.46153846153846   -0.38461538461539             1
    0.38461538461539   -0.46153846153846   -0.38461538461539             1
    0.46153846153846   -0.46153846153846   -0.38461538461539             1
   -0.46153846153846   -0.46153846153846   -0.38461538461539             1
   -0.38461538461539   -0.46153846153846   -0.38461538461539             1
   -0.30769230769231   -0.46153846153846   -0.38461538461539             1
   -0.23076923076923   -0.46153846153846   -0.38461538461539             1
   -0.15384615384615   -0.46153846153846   -0.38461538461539             1
   -0.07692307692308   -0.46153846153846   -0.38461538461539             1
    0.00000000000000   -0.38461538461539   -0.38461538461539             1
    0.07692307692308   -0.38461538461539   -0.38461538461539             1
    0.15384615384615   -0.38461538461539   -0.38461538461539             1
    0.23076923076923   -0.38461538461539   -0.38461538461539             1
    0.30769230769231   -0.38461538461539   -0.38461538461539             1
    0.38461538461539   -0.38461538461539   -0.38461538461539             1
    0.46153846153846   -0.38461538461539   -0.38461538461539             1
   -0.46153846153846   -0.38461538461539   -0.38461538461539             1
   -0.38461538461539   -0.38461538461539   -0.38461538461539             1
   -0.30769230769231   -0.38461538461539   -0.38461538461539             1
   -0.23076923076923   -0.38461538461539   -0.38461538461539             1
   -0.15384615384615   -0.38461538461539   -0.38461538461539             1
   -0.07692307692308   -0.38461538461539   -0.38461538461539             1
    0.00000000000000   -0.30769230769231   -0.38461538461539             1
    0.07692307692308   -0.30769230769231   -0.38461538461539             1
    0.15384615384615   -0.30769230769231   -0.38461538461539             1
    0.23076923076923   -0.30769230769231   -0.38461538461539             1
    0.30769230769231   -0.30769230769231   -0.38461538461539             1
    0.38461538461539   -0.30769230769231   -0.38461538461539             1
    0.46153846153846   -0.30769230769231   -0.38461538461539             1
   -0.46153846153846   -0.30769230769231   -0.38461538461539             1
   -0.38461538461539   -0.30769230769231   -0.38461538461539             1
   -0.30769230769231   -0.30769230769231   -0.38461538461539             1
   -0.23076923076923   -0.30769230769231   -0.38461538461539             1
   -0.15384615384615   -0.30769230769231   -0.38461538461539             1
   -0.07692307692308   -0.30769230769231   -0.38461538461539             1
    0.00000000000000   -0.23076923076923   -0.38461538461539             1
    0.07692307692308   -0.23076923076923   -0.38461538461539             1
    0.15384615384615   -0.23076923076923   -0.38461538461539             1
    0.23076923076923   -0.23076923076923   -0.38461538461539             1
    0.30769230769231   -0.23076923076923   -0.38461538461539             1
    0.38461538461539   -0.23076923076923   -0.38461538461539             1
    0.46153846153846   -0.23076923076923   -0.38461538461539             1
   -0.46153846153846   -0.23076923076923   -0.38461538461539             1
   -0.38461538461539   -0.23076923076923   -0.38461538461539             1
   -0.30769230769231   -0.23076923076923   -0.38461538461539             1
   -0.23076923076923   -0.23076923076923   -0.38461538461539             1
   -0.15384615384615   -0.23076923076923   -0.38461538461539             1
   -0.07692307692308   -0.23076923076923   -0.38461538461539             1
    0.00000000000000   -0.15384615384615   -0.38461538461539             1
    0.07692307692308   -0.15384615384615   -0.38461538461539             1
    0.15384615384615   -0.15384615384615   -0.38461538461539             1
    0.23076923076923   -0.15384615384615   -0.38461538461539             1
    0.30769230769231   -0.15384615384615   -0.38461538461539             1
    0.38461538461539   -0.15384615384615   -0.38461538461539             1
    0.46153846153846   -0.15384615384615   -0.38461538461539             1
   -0.46153846153846   -0.15384615384615   -0.38461538461539             1
   -0.38461538461539   -0.15384615384615   -0.38461538461539             1
   -0.30769230769231   -0.15384615384615   -0.38461538461539             1
   -0.23076923076923   -0.15384615384615   -0.38461538461539             1
   -0.15384615384615   -0.15384615384615   -0.38461538461539             1
   -0.07692307692308   -0.15384615384615   -0.38461538461539             1
    0.00000000000000   -0.07692307692308   -0.38461538461539             1
    0.07692307692308   -0.07692307692308   -0.38461538461539             1
    0.15384615384615   -0.07692307692308   -0.38461538461539             1
    0.23076923076923   -0.07692307692308   -0.38461538461539             1
    0.30769230769231   -0.07692307692308   -0.38461538461539             1
    0.38461538461539   -0.07692307692308   -0.38461538461539             1
    0.46153846153846   -0.07692307692308   -0.38461538461539             1
   -0.46153846153846   -0.07692307692308   -0.38461538461539             1
   -0.38461538461539   -0.07692307692308   -0.38461538461539             1
   -0.30769230769231   -0.07692307692308   -0.38461538461539             1
   -0.23076923076923   -0.07692307692308   -0.38461538461539             1
   -0.15384615384615   -0.07692307692308   -0.38461538461539             1
   -0.07692307692308   -0.07692307692308   -0.38461538461539             1
    0.00000000000000    0.00000000000000   -0.30769230769231             1
    0.07692307692308    0.00000000000000   -0.30769230769231             1
    0.15384615384615    0.00000000000000   -0.30769230769231             1
    0.23076923076923    0.00000000000000   -0.30769230769231             1
    0.30769230769231    0.00000000000000   -0.30769230769231             1
    0.38461538461539    0.00000000000000   -0.30769230769231             1
    0.46153846153846    0.00000000000000   -0.30769230769231             1
   -0.46153846153846   -0.00000000000000   -0.30769230769231             1
   -0.38461538461539    0.00000000000000   -0.30769230769231             1
   -0.30769230769231    0.00000000000000   -0.30769230769231             1
   -0.23076923076923    0.00000000000000   -0.30769230769231             1
   -0.15384615384615    0.00000000000000   -0.30769230769231             1
   -0.07692307692308    0.00000000000000   -0.30769230769231             1
    0.00000000000000    0.07692307692308   -0.30769230769231             1
    0.07692307692308    0.07692307692308   -0.30769230769231             1
    0.15384615384615    0.07692307692308   -0.30769230769231             1
    0.23076923076923    0.07692307692308   -0.30769230769231             1
    0.30769230769231    0.07692307692308   -0.30769230769231             1
    0.38461538461539    0.07692307692308   -0.30769230769231             1
    0.46153846153846    0.07692307692308   -0.30769230769231             1
   -0.46153846153846    0.07692307692308   -0.30769230769231             1
   -0.38461538461539    0.07692307692308   -0.30769230769231             1
   -0.30769230769231    0.07692307692308   -0.30769230769231             1
   -0.23076923076923    0.07692307692308   -0.30769230769231             1
   -0.15384615384615    0.07692307692308   -0.30769230769231             1
   -0.07692307692308    0.07692307692308   -0.30769230769231             1
    0.00000000000000    0.15384615384615   -0.30769230769231             1
    0.07692307692308    0.15384615384615   -0.30769230769231             1
    0.15384615384615    0.15384615384615   -0.30769230769231             1
    0.23076923076923    0.15384615384615   -0.30769230769231             1
    0.30769230769231    0.15384615384615   -0.30769230769231             1
    0.38461538461539    0.15384615384615   -0.30769230769231             1
    0.46153846153846    0.15384615384615   -0.30769230769231             1
   -0.46153846153846    0.15384615384615   -0.30769230769231             1
   -0.38461538461539    0.15384615384615   -0.30769230769231             1
   -0.30769230769231    0.15384615384615   -0.30769230769231             1
   -0.23076923076923    0.15384615384615   -0.30769230769231             1
   -0.15384615384615    0.15384615384615   -0.30769230769231             1
   -0.07692307692308    0.15384615384615   -0.30769230769231             1
    0.00000000000000    0.23076923076923   -0.30769230769231             1
    0.07692307692308    0.23076923076923   -0.30769230769231             1
    0.15384615384615    0.23076923076923   -0.30769230769231             1
    0.23076923076923    0.23076923076923   -0.30769230769231             1
    0.30769230769231    0.23076923076923   -0.30769230769231             1
    0.38461538461539    0.23076923076923   -0.30769230769231             1
    0.46153846153846    0.23076923076923   -0.30769230769231             1
   -0.46153846153846    0.23076923076923   -0.30769230769231             1
   -0.38461538461539    0.23076923076923   -0.30769230769231             1
   -0.30769230769231    0.23076923076923   -0.30769230769231             1
   -0.23076923076923    0.23076923076923   -0.30769230769231             1
   -0.15384615384615    0.23076923076923   -0.30769230769231             1
   -0.07692307692308    0.23076923076923   -0.30769230769231             1
    0.00000000000000    0.30769230769231   -0.30769230769231             1
    0.07692307692308    0.30769230769231   -0.30769230769231             1
    0.15384615384615    0.30769230769231   -0.30769230769231             1
    0.23076923076923    0.30769230769231   -0.30769230769231             1
    0.30769230769231    0.30769230769231   -0.30769230769231             1
    0.38461538461539    0.30769230769231   -0.30769230769231             1
    0.46153846153846    0.30769230769231   -0.30769230769231             1
   -0.46153846153846    0.30769230769231   -0.30769230769231             1
   -0.38461538461539    0.30769230769231   -0.30769230769231             1
   -0.30769230769231    0.30769230769231   -0.30769230769231             1
   -0.23076923076923    0.30769230769231   -0.30769230769231             1
   -0.15384615384615    0.30769230769231   -0.30769230769231             1
   -0.07692307692308    0.30769230769231   -0.30769230769231             1
    0.00000000000000    0.38461538461539   -0.30769230769231             1
    0.07692307692308    0.38461538461539   -0.30769230769231             1
    0.15384615384615    0.38461538461539   -0.30769230769231             1
    0.23076923076923    0.38461538461539   -0.30769230769231             1
    0.30769230769231    0.38461538461539   -0.30769230769231             1
    0.38461538461539    0.38461538461539   -0.30769230769231             1
    0.46153846153846    0.38461538461539   -0.30769230769231             1
   -0.46153846153846    0.38461538461539   -0.30769230769231             1
   -0.38461538461539    0.38461538461539   -0.30769230769231             1
   -0.30769230769231    0.38461538461539   -0.30769230769231             1
   -0.23076923076923    0.38461538461539   -0.30769230769231             1
   -0.15384615384615    0.38461538461539   -0.30769230769231             1
   -0.07692307692308    0.38461538461539   -0.30769230769231             1
    0.00000000000000    0.46153846153846   -0.30769230769231             1
    0.07692307692308    0.46153846153846   -0.30769230769231             1
    0.15384615384615    0.46153846153846   -0.30769230769231             1
    0.23076923076923    0.46153846153846   -0.30769230769231             1
    0.30769230769231    0.46153846153846   -0.30769230769231             1
    0.38461538461539    0.46153846153846   -0.30769230769231             1
    0.46153846153846    0.46153846153846   -0.30769230769231             1
   -0.46153846153846    0.46153846153846   -0.30769230769231             1
   -0.38461538461539    0.46153846153846   -0.30769230769231             1
   -0.30769230769231    0.46153846153846   -0.30769230769231             1
   -0.23076923076923    0.46153846153846   -0.30769230769231             1
   -0.15384615384615    0.46153846153846   -0.30769230769231             1
   -0.07692307692308    0.46153846153846   -0.30769230769231             1
    0.00000000000000   -0.46153846153846   -0.30769230769231             1
    0.07692307692308   -0.46153846153846   -0.30769230769231             1
    0.15384615384615   -0.46153846153846   -0.30769230769231             1
    0.23076923076923   -0.46153846153846   -0.30769230769231             1
    0.30769230769231   -0.46153846153846   -0.30769230769231             1
    0.38461538461539   -0.46153846153846   -0.30769230769231             1
    0.46153846153846   -0.46153846153846   -0.30769230769231             1
   -0.46153846153846   -0.46153846153846   -0.30769230769231             1
   -0.38461538461539   -0.46153846153846   -0.30769230769231             1
   -0.30769230769231   -0.46153846153846   -0.30769230769231             1
   -0.23076923076923   -0.46153846153846   -0.30769230769231             1
   -0.15384615384615   -0.46153846153846   -0.30769230769231             1
   -0.07692307692308   -0.46153846153846   -0.30769230769231             1
    0.00000000000000   -0.38461538461539   -0.30769230769231             1
    0.07692307692308   -0.38461538461539   -0.30769230769231             1
    0.15384615384615   -0.38461538461539   -0.30769230769231             1
    0.23076923076923   -0.38461538461539   -0.30769230769231             1
    0.30769230769231   -0.38461538461539   -0.30769230769231             1
    0.38461538461539   -0.38461538461539   -0.30769230769231             1
    0.46153846153846   -0.38461538461539   -0.30769230769231             1
   -0.46153846153846   -0.38461538461539   -0.30769230769231             1
   -0.38461538461539   -0.38461538461539   -0.30769230769231             1
   -0.30769230769231   -0.38461538461539   -0.30769230769231             1
   -0.23076923076923   -0.38461538461539   -0.30769230769231             1
   -0.15384615384615   -0.38461538461539   -0.30769230769231             1
   -0.07692307692308   -0.38461538461539   -0.30769230769231             1
    0.00000000000000   -0.30769230769231   -0.30769230769231             1
    0.07692307692308   -0.30769230769231   -0.30769230769231             1
    0.15384615384615   -0.30769230769231   -0.30769230769231             1
    0.23076923076923   -0.30769230769231   -0.30769230769231             1
    0.30769230769231   -0.30769230769231   -0.30769230769231             1
    0.38461538461539   -0.30769230769231   -0.30769230769231             1
    0.46153846153846   -0.30769230769231   -0.30769230769231             1
   -0.46153846153846   -0.30769230769231   -0.30769230769231             1
   -0.38461538461539   -0.30769230769231   -0.30769230769231             1
   -0.30769230769231   -0.30769230769231   -0.30769230769231             1
   -0.23076923076923   -0.30769230769231   -0.30769230769231             1
   -0.15384615384615   -0.30769230769231   -0.30769230769231             1
   -0.07692307692308   -0.30769230769231   -0.30769230769231             1
    0.00000000000000   -0.23076923076923   -0.30769230769231             1
    0.07692307692308   -0.23076923076923   -0.30769230769231             1
    0.15384615384615   -0.23076923076923   -0.30769230769231             1
    0.23076923076923   -0.23076923076923   -0.30769230769231             1
    0.30769230769231   -0.23076923076923   -0.30769230769231             1
    0.38461538461539   -0.23076923076923   -0.30769230769231             1
    0.46153846153846   -0.23076923076923   -0.30769230769231             1
   -0.46153846153846   -0.23076923076923   -0.30769230769231             1
   -0.38461538461539   -0.23076923076923   -0.30769230769231             1
   -0.30769230769231   -0.23076923076923   -0.30769230769231             1
   -0.23076923076923   -0.23076923076923   -0.30769230769231             1
   -0.15384615384615   -0.23076923076923   -0.30769230769231             1
   -0.07692307692308   -0.23076923076923   -0.30769230769231             1
    0.00000000000000   -0.15384615384615   -0.30769230769231             1
    0.07692307692308   -0.15384615384615   -0.30769230769231             1
    0.15384615384615   -0.15384615384615   -0.30769230769231             1
    0.23076923076923   -0.15384615384615   -0.30769230769231             1
    0.30769230769231   -0.15384615384615   -0.30769230769231             1
    0.38461538461539   -0.15384615384615   -0.30769230769231             1
    0.46153846153846   -0.15384615384615   -0.30769230769231             1
   -0.46153846153846   -0.15384615384615   -0.30769230769231             1
   -0.38461538461539   -0.15384615384615   -0.30769230769231             1
   -0.30769230769231   -0.15384615384615   -0.30769230769231             1
   -0.23076923076923   -0.15384615384615   -0.30769230769231             1
   -0.15384615384615   -0.15384615384615   -0.30769230769231             1
   -0.07692307692308   -0.15384615384615   -0.30769230769231             1
    0.00000000000000   -0.07692307692308   -0.30769230769231             1
    0.07692307692308   -0.07692307692308   -0.30769230769231             1
    0.15384615384615   -0.07692307692308   -0.30769230769231             1
    0.23076923076923   -0.07692307692308   -0.30769230769231             1
    0.30769230769231   -0.07692307692308   -0.30769230769231             1
    0.38461538461539   -0.07692307692308   -0.30769230769231             1
    0.46153846153846   -0.07692307692308   -0.30769230769231             1
   -0.46153846153846   -0.07692307692308   -0.30769230769231             1
   -0.38461538461539   -0.07692307692308   -0.30769230769231             1
   -0.30769230769231   -0.07692307692308   -0.30769230769231             1
   -0.23076923076923   -0.07692307692308   -0.30769230769231             1
   -0.15384615384615   -0.07692307692308   -0.30769230769231             1
   -0.07692307692308   -0.07692307692308   -0.30769230769231             1
   -0.00000000000000   -0.00000000000000   -0.23076923076923             1
    0.07692307692308   -0.00000000000000   -0.23076923076923             1
    0.15384615384615   -0.00000000000000   -0.23076923076923             1
    0.23076923076923   -0.00000000000000   -0.23076923076923             1
    0.30769230769231    0.00000000000000   -0.23076923076923             1
    0.38461538461539   -0.00000000000000   -0.23076923076923             1
    0.46153846153846    0.00000000000000   -0.23076923076923             1
   -0.46153846153846   -0.00000000000000   -0.23076923076923             1
   -0.38461538461539   -0.00000000000000   -0.23076923076923             1
   -0.30769230769231   -0.00000000000000   -0.23076923076923             1
   -0.23076923076923   -0.00000000000000   -0.23076923076923             1
   -0.15384615384615   -0.00000000000000   -0.23076923076923             1
   -0.07692307692308   -0.00000000000000   -0.23076923076923             1
   -0.00000000000000    0.07692307692308   -0.23076923076923             1
    0.07692307692308    0.07692307692308   -0.23076923076923             1
    0.15384615384615    0.07692307692308   -0.23076923076923             1
    0.23076923076923    0.07692307692308   -0.23076923076923             1
    0.30769230769231    0.07692307692308   -0.23076923076923             1
    0.38461538461539    0.07692307692308   -0.23076923076923             1
    0.46153846153846    0.07692307692308   -0.23076923076923             1
   -0.46153846153846    0.07692307692308   -0.23076923076923             1
   -0.38461538461539    0.07692307692308   -0.23076923076923             1
   -0.30769230769231    0.07692307692308   -0.23076923076923             1
   -0.23076923076923    0.07692307692308   -0.23076923076923             1
   -0.15384615384615    0.07692307692308   -0.23076923076923             1
   -0.07692307692308    0.07692307692308   -0.23076923076923             1
   -0.00000000000000    0.15384615384615   -0.23076923076923             1
    0.07692307692308    0.15384615384615   -0.23076923076923             1
    0.15384615384615    0.15384615384615   -0.23076923076923             1
    0.23076923076923    0.15384615384615   -0.23076923076923             1
    0.30769230769231    0.15384615384615   -0.23076923076923             1
    0.38461538461539    0.15384615384615   -0.23076923076923             1
    0.46153846153846    0.15384615384615   -0.23076923076923             1
   -0.46153846153846    0.15384615384615   -0.23076923076923             1
   -0.38461538461539    0.15384615384615   -0.23076923076923             1
   -0.30769230769231    0.15384615384615   -0.23076923076923             1
   -0.23076923076923    0.15384615384615   -0.23076923076923             1
   -0.15384615384615    0.15384615384615   -0.23076923076923             1
   -0.07692307692308    0.15384615384615   -0.23076923076923             1
   -0.00000000000000    0.23076923076923   -0.23076923076923             1
    0.07692307692308    0.23076923076923   -0.23076923076923             1
    0.15384615384615    0.23076923076923   -0.23076923076923             1
    0.23076923076923    0.23076923076923   -0.23076923076923             1
    0.30769230769231    0.23076923076923   -0.23076923076923             1
    0.38461538461539    0.23076923076923   -0.23076923076923             1
    0.46153846153846    0.23076923076923   -0.23076923076923             1
   -0.46153846153846    0.23076923076923   -0.23076923076923             1
   -0.38461538461539    0.23076923076923   -0.23076923076923             1
   -0.30769230769231    0.23076923076923   -0.23076923076923             1
   -0.23076923076923    0.23076923076923   -0.23076923076923             1
   -0.15384615384615    0.23076923076923   -0.23076923076923             1
   -0.07692307692308    0.23076923076923   -0.23076923076923             1
   -0.00000000000000    0.30769230769231   -0.23076923076923             1
    0.07692307692308    0.30769230769231   -0.23076923076923             1
    0.15384615384615    0.30769230769231   -0.23076923076923             1
    0.23076923076923    0.30769230769231   -0.23076923076923             1
    0.30769230769231    0.30769230769231   -0.23076923076923             1
    0.38461538461539    0.30769230769231   -0.23076923076923             1
    0.46153846153846    0.30769230769231   -0.23076923076923             1
   -0.46153846153846    0.30769230769231   -0.23076923076923             1
   -0.38461538461539    0.30769230769231   -0.23076923076923             1
   -0.30769230769231    0.30769230769231   -0.23076923076923             1
   -0.23076923076923    0.30769230769231   -0.23076923076923             1
   -0.15384615384615    0.30769230769231   -0.23076923076923             1
   -0.07692307692308    0.30769230769231   -0.23076923076923             1
   -0.00000000000000    0.38461538461539   -0.23076923076923             1
    0.07692307692308    0.38461538461539   -0.23076923076923             1
    0.15384615384615    0.38461538461539   -0.23076923076923             1
    0.23076923076923    0.38461538461539   -0.23076923076923             1
    0.30769230769231    0.38461538461539   -0.23076923076923             1
    0.38461538461539    0.38461538461539   -0.23076923076923             1
    0.46153846153846    0.38461538461539   -0.23076923076923             1
   -0.46153846153846    0.38461538461539   -0.23076923076923             1
   -0.38461538461539    0.38461538461539   -0.23076923076923             1
   -0.30769230769231    0.38461538461539   -0.23076923076923             1
   -0.23076923076923    0.38461538461539   -0.23076923076923             1
   -0.15384615384615    0.38461538461539   -0.23076923076923             1
   -0.07692307692308    0.38461538461539   -0.23076923076923             1
   -0.00000000000000    0.46153846153846   -0.23076923076923             1
    0.07692307692308    0.46153846153846   -0.23076923076923             1
    0.15384615384615    0.46153846153846   -0.23076923076923             1
    0.23076923076923    0.46153846153846   -0.23076923076923             1
    0.30769230769231    0.46153846153846   -0.23076923076923             1
    0.38461538461539    0.46153846153846   -0.23076923076923             1
    0.46153846153846    0.46153846153846   -0.23076923076923             1
   -0.46153846153846    0.46153846153846   -0.23076923076923             1
   -0.38461538461539    0.46153846153846   -0.23076923076923             1
   -0.30769230769231    0.46153846153846   -0.23076923076923             1
   -0.23076923076923    0.46153846153846   -0.23076923076923             1
   -0.15384615384615    0.46153846153846   -0.23076923076923             1
   -0.07692307692308    0.46153846153846   -0.23076923076923             1
   -0.00000000000000   -0.46153846153846   -0.23076923076923             1
    0.07692307692308   -0.46153846153846   -0.23076923076923             1
    0.15384615384615   -0.46153846153846   -0.23076923076923             1
    0.23076923076923   -0.46153846153846   -0.23076923076923             1
    0.30769230769231   -0.46153846153846   -0.23076923076923             1
    0.38461538461539   -0.46153846153846   -0.23076923076923             1
    0.46153846153846   -0.46153846153846   -0.23076923076923             1
   -0.46153846153846   -0.46153846153846   -0.23076923076923             1
   -0.38461538461539   -0.46153846153846   -0.23076923076923             1
   -0.30769230769231   -0.46153846153846   -0.23076923076923             1
   -0.23076923076923   -0.46153846153846   -0.23076923076923             1
   -0.15384615384615   -0.46153846153846   -0.23076923076923             1
   -0.07692307692308   -0.46153846153846   -0.23076923076923             1
   -0.00000000000000   -0.38461538461539   -0.23076923076923             1
    0.07692307692308   -0.38461538461539   -0.23076923076923             1
    0.15384615384615   -0.38461538461539   -0.23076923076923             1
    0.23076923076923   -0.38461538461539   -0.23076923076923             1
    0.30769230769231   -0.38461538461539   -0.23076923076923             1
    0.38461538461539   -0.38461538461539   -0.23076923076923             1
    0.46153846153846   -0.38461538461539   -0.23076923076923             1
   -0.46153846153846   -0.38461538461539   -0.23076923076923             1
   -0.38461538461539   -0.38461538461539   -0.23076923076923             1
   -0.30769230769231   -0.38461538461539   -0.23076923076923             1
   -0.23076923076923   -0.38461538461539   -0.23076923076923             1
   -0.15384615384615   -0.38461538461539   -0.23076923076923             1
   -0.07692307692308   -0.38461538461539   -0.23076923076923             1
   -0.00000000000000   -0.30769230769231   -0.23076923076923             1
    0.07692307692308   -0.30769230769231   -0.23076923076923             1
    0.15384615384615   -0.30769230769231   -0.23076923076923             1
    0.23076923076923   -0.30769230769231   -0.23076923076923             1
    0.30769230769231   -0.30769230769231   -0.23076923076923             1
    0.38461538461539   -0.30769230769231   -0.23076923076923             1
    0.46153846153846   -0.30769230769231   -0.23076923076923             1
   -0.46153846153846   -0.30769230769231   -0.23076923076923             1
   -0.38461538461539   -0.30769230769231   -0.23076923076923             1
   -0.30769230769231   -0.30769230769231   -0.23076923076923             1
   -0.23076923076923   -0.30769230769231   -0.23076923076923             1
   -0.15384615384615   -0.30769230769231   -0.23076923076923             1
   -0.07692307692308   -0.30769230769231   -0.23076923076923             1
   -0.00000000000000   -0.23076923076923   -0.23076923076923             1
    0.07692307692308   -0.23076923076923   -0.23076923076923             1
    0.15384615384615   -0.23076923076923   -0.23076923076923             1
    0.23076923076923   -0.23076923076923   -0.23076923076923             1
    0.30769230769231   -0.23076923076923   -0.23076923076923             1
    0.38461538461539   -0.23076923076923   -0.23076923076923             1
    0.46153846153846   -0.23076923076923   -0.23076923076923             1
   -0.46153846153846   -0.23076923076923   -0.23076923076923             1
   -0.38461538461539   -0.23076923076923   -0.23076923076923             1
   -0.30769230769231   -0.23076923076923   -0.23076923076923             1
   -0.23076923076923   -0.23076923076923   -0.23076923076923             1
   -0.15384615384615   -0.23076923076923   -0.23076923076923             1
   -0.07692307692308   -0.23076923076923   -0.23076923076923             1
   -0.00000000000000   -0.15384615384615   -0.23076923076923             1
    0.07692307692308   -0.15384615384615   -0.23076923076923             1
    0.15384615384615   -0.15384615384615   -0.23076923076923             1
    0.23076923076923   -0.15384615384615   -0.23076923076923             1
    0.30769230769231   -0.15384615384615   -0.23076923076923             1
    0.38461538461539   -0.15384615384615   -0.23076923076923             1
    0.46153846153846   -0.15384615384615   -0.23076923076923             1
   -0.46153846153846   -0.15384615384615   -0.23076923076923             1
   -0.38461538461539   -0.15384615384615   -0.23076923076923             1
   -0.30769230769231   -0.15384615384615   -0.23076923076923             1
   -0.23076923076923   -0.15384615384615   -0.23076923076923             1
   -0.15384615384615   -0.15384615384615   -0.23076923076923             1
   -0.07692307692308   -0.15384615384615   -0.23076923076923             1
   -0.00000000000000   -0.07692307692308   -0.23076923076923             1
    0.07692307692308   -0.07692307692308   -0.23076923076923             1
    0.15384615384615   -0.07692307692308   -0.23076923076923             1
    0.23076923076923   -0.07692307692308   -0.23076923076923             1
    0.30769230769231   -0.07692307692308   -0.23076923076923             1
    0.38461538461539   -0.07692307692308   -0.23076923076923             1
    0.46153846153846   -0.07692307692308   -0.23076923076923             1
   -0.46153846153846   -0.07692307692308   -0.23076923076923             1
   -0.38461538461539   -0.07692307692308   -0.23076923076923             1
   -0.30769230769231   -0.07692307692308   -0.23076923076923             1
   -0.23076923076923   -0.07692307692308   -0.23076923076923             1
   -0.15384615384615   -0.07692307692308   -0.23076923076923             1
   -0.07692307692308   -0.07692307692308   -0.23076923076923             1
    0.00000000000000    0.00000000000000   -0.15384615384615             1
    0.07692307692308    0.00000000000000   -0.15384615384615             1
    0.15384615384615    0.00000000000000   -0.15384615384615             1
    0.23076923076923    0.00000000000000   -0.15384615384615             1
    0.30769230769231    0.00000000000000   -0.15384615384615             1
    0.38461538461539    0.00000000000000   -0.15384615384615             1
    0.46153846153846    0.00000000000000   -0.15384615384615             1
   -0.46153846153846   -0.00000000000000   -0.15384615384615             1
   -0.38461538461539   -0.00000000000000   -0.15384615384615             1
   -0.30769230769231    0.00000000000000   -0.15384615384615             1
   -0.23076923076923   -0.00000000000000   -0.15384615384615             1
   -0.15384615384615    0.00000000000000   -0.15384615384615             1
   -0.07692307692308    0.00000000000000   -0.15384615384615             1
    0.00000000000000    0.07692307692308   -0.15384615384615             1
    0.07692307692308    0.07692307692308   -0.15384615384615             1
    0.15384615384615    0.07692307692308   -0.15384615384615             1
    0.23076923076923    0.07692307692308   -0.15384615384615             1
    0.30769230769231    0.07692307692308   -0.15384615384615             1
    0.38461538461539    0.07692307692308   -0.15384615384615             1
    0.46153846153846    0.07692307692308   -0.15384615384615             1
   -0.46153846153846    0.07692307692308   -0.15384615384615             1
   -0.38461538461539    0.07692307692308   -0.15384615384615             1
   -0.30769230769231    0.07692307692308   -0.15384615384615             1
   -0.23076923076923    0.07692307692308   -0.15384615384615             1
   -0.15384615384615    0.07692307692308   -0.15384615384615             1
   -0.07692307692308    0.07692307692308   -0.15384615384615             1
    0.00000000000000    0.15384615384615   -0.15384615384615             1
    0.07692307692308    0.15384615384615   -0.15384615384615             1
    0.15384615384615    0.15384615384615   -0.15384615384615             1
    0.23076923076923    0.15384615384615   -0.15384615384615             1
    0.30769230769231    0.15384615384615   -0.15384615384615             1
    0.38461538461539    0.15384615384615   -0.15384615384615             1
    0.46153846153846    0.15384615384615   -0.15384615384615             1
   -0.46153846153846    0.15384615384615   -0.15384615384615             1
   -0.38461538461539    0.15384615384615   -0.15384615384615             1
   -0.30769230769231    0.15384615384615   -0.15384615384615             1
   -0.23076923076923    0.15384615384615   -0.15384615384615             1
   -0.15384615384615    0.15384615384615   -0.15384615384615             1
   -0.07692307692308    0.15384615384615   -0.15384615384615             1
    0.00000000000000    0.23076923076923   -0.15384615384615             1
    0.07692307692308    0.23076923076923   -0.15384615384615             1
    0.15384615384615    0.23076923076923   -0.15384615384615             1
    0.23076923076923    0.23076923076923   -0.15384615384615             1
    0.30769230769231    0.23076923076923   -0.15384615384615             1
    0.38461538461539    0.23076923076923   -0.15384615384615             1
    0.46153846153846    0.23076923076923   -0.15384615384615             1
   -0.46153846153846    0.23076923076923   -0.15384615384615             1
   -0.38461538461539    0.23076923076923   -0.15384615384615             1
   -0.30769230769231    0.23076923076923   -0.15384615384615             1
   -0.23076923076923    0.23076923076923   -0.15384615384615             1
   -0.15384615384615    0.23076923076923   -0.15384615384615             1
   -0.07692307692308    0.23076923076923   -0.15384615384615             1
    0.00000000000000    0.30769230769231   -0.15384615384615             1
    0.07692307692308    0.30769230769231   -0.15384615384615             1
    0.15384615384615    0.30769230769231   -0.15384615384615             1
    0.23076923076923    0.30769230769231   -0.15384615384615             1
    0.30769230769231    0.30769230769231   -0.15384615384615             1
    0.38461538461539    0.30769230769231   -0.15384615384615             1
    0.46153846153846    0.30769230769231   -0.15384615384615             1
   -0.46153846153846    0.30769230769231   -0.15384615384615             1
   -0.38461538461539    0.30769230769231   -0.15384615384615             1
   -0.30769230769231    0.30769230769231   -0.15384615384615             1
   -0.23076923076923    0.30769230769231   -0.15384615384615             1
   -0.15384615384615    0.30769230769231   -0.15384615384615             1
   -0.07692307692308    0.30769230769231   -0.15384615384615             1
    0.00000000000000    0.38461538461539   -0.15384615384615             1
    0.07692307692308    0.38461538461539   -0.15384615384615             1
    0.15384615384615    0.38461538461539   -0.15384615384615             1
    0.23076923076923    0.38461538461539   -0.15384615384615             1
    0.30769230769231    0.38461538461539   -0.15384615384615             1
    0.38461538461539    0.38461538461539   -0.15384615384615             1
    0.46153846153846    0.38461538461539   -0.15384615384615             1
   -0.46153846153846    0.38461538461539   -0.15384615384615             1
   -0.38461538461539    0.38461538461539   -0.15384615384615             1
   -0.30769230769231    0.38461538461539   -0.15384615384615             1
   -0.23076923076923    0.38461538461539   -0.15384615384615             1
   -0.15384615384615    0.38461538461539   -0.15384615384615             1
   -0.07692307692308    0.38461538461539   -0.15384615384615             1
    0.00000000000000    0.46153846153846   -0.15384615384615             1
    0.07692307692308    0.46153846153846   -0.15384615384615             1
    0.15384615384615    0.46153846153846   -0.15384615384615             1
    0.23076923076923    0.46153846153846   -0.15384615384615             1
    0.30769230769231    0.46153846153846   -0.15384615384615             1
    0.38461538461539    0.46153846153846   -0.15384615384615             1
    0.46153846153846    0.46153846153846   -0.15384615384615             1
   -0.46153846153846    0.46153846153846   -0.15384615384615             1
   -0.38461538461539    0.46153846153846   -0.15384615384615             1
   -0.30769230769231    0.46153846153846   -0.15384615384615             1
   -0.23076923076923    0.46153846153846   -0.15384615384615             1
   -0.15384615384615    0.46153846153846   -0.15384615384615             1
   -0.07692307692308    0.46153846153846   -0.15384615384615             1
    0.00000000000000   -0.46153846153846   -0.15384615384615             1
    0.07692307692308   -0.46153846153846   -0.15384615384615             1
    0.15384615384615   -0.46153846153846   -0.15384615384615             1
    0.23076923076923   -0.46153846153846   -0.15384615384615             1
    0.30769230769231   -0.46153846153846   -0.15384615384615             1
    0.38461538461539   -0.46153846153846   -0.15384615384615             1
    0.46153846153846   -0.46153846153846   -0.15384615384615             1
   -0.46153846153846   -0.46153846153846   -0.15384615384615             1
   -0.38461538461539   -0.46153846153846   -0.15384615384615             1
   -0.30769230769231   -0.46153846153846   -0.15384615384615             1
   -0.23076923076923   -0.46153846153846   -0.15384615384615             1
   -0.15384615384615   -0.46153846153846   -0.15384615384615             1
   -0.07692307692308   -0.46153846153846   -0.15384615384615             1
    0.00000000000000   -0.38461538461539   -0.15384615384615             1
    0.07692307692308   -0.38461538461539   -0.15384615384615             1
    0.15384615384615   -0.38461538461539   -0.15384615384615             1
    0.23076923076923   -0.38461538461539   -0.15384615384615             1
    0.30769230769231   -0.38461538461539   -0.15384615384615             1
    0.38461538461539   -0.38461538461539   -0.15384615384615             1
    0.46153846153846   -0.38461538461539   -0.15384615384615             1
   -0.46153846153846   -0.38461538461539   -0.15384615384615             1
   -0.38461538461539   -0.38461538461539   -0.15384615384615             1
   -0.30769230769231   -0.38461538461539   -0.15384615384615             1
   -0.23076923076923   -0.38461538461539   -0.15384615384615             1
   -0.15384615384615   -0.38461538461539   -0.15384615384615             1
   -0.07692307692308   -0.38461538461539   -0.15384615384615             1
    0.00000000000000   -0.30769230769231   -0.15384615384615             1
    0.07692307692308   -0.30769230769231   -0.15384615384615             1
    0.15384615384615   -0.30769230769231   -0.15384615384615             1
    0.23076923076923   -0.30769230769231   -0.15384615384615             1
    0.30769230769231   -0.30769230769231   -0.15384615384615             1
    0.38461538461539   -0.30769230769231   -0.15384615384615             1
    0.46153846153846   -0.30769230769231   -0.15384615384615             1
   -0.46153846153846   -0.30769230769231   -0.15384615384615             1
   -0.38461538461539   -0.30769230769231   -0.15384615384615             1
   -0.30769230769231   -0.30769230769231   -0.15384615384615             1
   -0.23076923076923   -0.30769230769231   -0.15384615384615             1
   -0.15384615384615   -0.30769230769231   -0.15384615384615             1
   -0.07692307692308   -0.30769230769231   -0.15384615384615             1
    0.00000000000000   -0.23076923076923   -0.15384615384615             1
    0.07692307692308   -0.23076923076923   -0.15384615384615             1
    0.15384615384615   -0.23076923076923   -0.15384615384615             1
    0.23076923076923   -0.23076923076923   -0.15384615384615             1
    0.30769230769231   -0.23076923076923   -0.15384615384615             1
    0.38461538461539   -0.23076923076923   -0.15384615384615             1
    0.46153846153846   -0.23076923076923   -0.15384615384615             1
   -0.46153846153846   -0.23076923076923   -0.15384615384615             1
   -0.38461538461539   -0.23076923076923   -0.15384615384615             1
   -0.30769230769231   -0.23076923076923   -0.15384615384615             1
   -0.23076923076923   -0.23076923076923   -0.15384615384615             1
   -0.15384615384615   -0.23076923076923   -0.15384615384615             1
   -0.07692307692308   -0.23076923076923   -0.15384615384615             1
    0.00000000000000   -0.15384615384615   -0.15384615384615             1
    0.07692307692308   -0.15384615384615   -0.15384615384615             1
    0.15384615384615   -0.15384615384615   -0.15384615384615             1
    0.23076923076923   -0.15384615384615   -0.15384615384615             1
    0.30769230769231   -0.15384615384615   -0.15384615384615             1
    0.38461538461539   -0.15384615384615   -0.15384615384615             1
    0.46153846153846   -0.15384615384615   -0.15384615384615             1
   -0.46153846153846   -0.15384615384615   -0.15384615384615             1
   -0.38461538461539   -0.15384615384615   -0.15384615384615             1
   -0.30769230769231   -0.15384615384615   -0.15384615384615             1
   -0.23076923076923   -0.15384615384615   -0.15384615384615             1
   -0.15384615384615   -0.15384615384615   -0.15384615384615             1
   -0.07692307692308   -0.15384615384615   -0.15384615384615             1
    0.00000000000000   -0.07692307692308   -0.15384615384615             1
    0.07692307692308   -0.07692307692308   -0.15384615384615             1
    0.15384615384615   -0.07692307692308   -0.15384615384615             1
    0.23076923076923   -0.07692307692308   -0.15384615384615             1
    0.30769230769231   -0.07692307692308   -0.15384615384615             1
    0.38461538461539   -0.07692307692308   -0.15384615384615             1
    0.46153846153846   -0.07692307692308   -0.15384615384615             1
   -0.46153846153846   -0.07692307692308   -0.15384615384615             1
   -0.38461538461539   -0.07692307692308   -0.15384615384615             1
   -0.30769230769231   -0.07692307692308   -0.15384615384615             1
   -0.23076923076923   -0.07692307692308   -0.15384615384615             1
   -0.15384615384615   -0.07692307692308   -0.15384615384615             1
   -0.07692307692308   -0.07692307692308   -0.15384615384615             1
    0.00000000000000    0.00000000000000   -0.07692307692308             1
    0.07692307692308    0.00000000000000   -0.07692307692308             1
    0.15384615384615    0.00000000000000   -0.07692307692308             1
    0.23076923076923   -0.00000000000000   -0.07692307692308             1
    0.30769230769231    0.00000000000000   -0.07692307692308             1
    0.38461538461539    0.00000000000000   -0.07692307692308             1
    0.46153846153846    0.00000000000000   -0.07692307692308             1
   -0.46153846153846   -0.00000000000000   -0.07692307692308             1
   -0.38461538461539   -0.00000000000000   -0.07692307692308             1
   -0.30769230769231    0.00000000000000   -0.07692307692308             1
   -0.23076923076923    0.00000000000000   -0.07692307692308             1
   -0.15384615384615    0.00000000000000   -0.07692307692308             1
   -0.07692307692308    0.00000000000000   -0.07692307692308             1
    0.00000000000000    0.07692307692308   -0.07692307692308             1
    0.07692307692308    0.07692307692308   -0.07692307692308             1
    0.15384615384615    0.07692307692308   -0.07692307692308             1
    0.23076923076923    0.07692307692308   -0.07692307692308             1
    0.30769230769231    0.07692307692308   -0.07692307692308             1
    0.38461538461539    0.07692307692308   -0.07692307692308             1
    0.46153846153846    0.07692307692308   -0.07692307692308             1
   -0.46153846153846    0.07692307692308   -0.07692307692308             1
   -0.38461538461539    0.07692307692308   -0.07692307692308             1
   -0.30769230769231    0.07692307692308   -0.07692307692308             1
   -0.23076923076923    0.07692307692308   -0.07692307692308             1
   -0.15384615384615    0.07692307692308   -0.07692307692308             1
   -0.07692307692308    0.07692307692308   -0.07692307692308             1
    0.00000000000000    0.15384615384615   -0.07692307692308             1
    0.07692307692308    0.15384615384615   -0.07692307692308             1
    0.15384615384615    0.15384615384615   -0.07692307692308             1
    0.23076923076923    0.15384615384615   -0.07692307692308             1
    0.30769230769231    0.15384615384615   -0.07692307692308             1
    0.38461538461539    0.15384615384615   -0.07692307692308             1
    0.46153846153846    0.15384615384615   -0.07692307692308             1
   -0.46153846153846    0.15384615384615   -0.07692307692308             1
   -0.38461538461539    0.15384615384615   -0.07692307692308             1
   -0.30769230769231    0.15384615384615   -0.07692307692308             1
   -0.23076923076923    0.15384615384615   -0.07692307692308             1
   -0.15384615384615    0.15384615384615   -0.07692307692308             1
   -0.07692307692308    0.15384615384615   -0.07692307692308             1
    0.00000000000000    0.23076923076923   -0.07692307692308             1
    0.07692307692308    0.23076923076923   -0.07692307692308             1
    0.15384615384615    0.23076923076923   -0.07692307692308             1
    0.23076923076923    0.23076923076923   -0.07692307692308             1
    0.30769230769231    0.23076923076923   -0.07692307692308             1
    0.38461538461539    0.23076923076923   -0.07692307692308             1
    0.46153846153846    0.23076923076923   -0.07692307692308             1
   -0.46153846153846    0.23076923076923   -0.07692307692308             1
   -0.38461538461539    0.23076923076923   -0.07692307692308             1
   -0.30769230769231    0.23076923076923   -0.07692307692308             1
   -0.23076923076923    0.23076923076923   -0.07692307692308             1
   -0.15384615384615    0.23076923076923   -0.07692307692308             1
   -0.07692307692308    0.23076923076923   -0.07692307692308             1
    0.00000000000000    0.30769230769231   -0.07692307692308             1
    0.07692307692308    0.30769230769231   -0.07692307692308             1
    0.15384615384615    0.30769230769231   -0.07692307692308             1
    0.23076923076923    0.30769230769231   -0.07692307692308             1
    0.30769230769231    0.30769230769231   -0.07692307692308             1
    0.38461538461539    0.30769230769231   -0.07692307692308             1
    0.46153846153846    0.30769230769231   -0.07692307692308             1
   -0.46153846153846    0.30769230769231   -0.07692307692308             1
   -0.38461538461539    0.30769230769231   -0.07692307692308             1
   -0.30769230769231    0.30769230769231   -0.07692307692308             1
   -0.23076923076923    0.30769230769231   -0.07692307692308             1
   -0.15384615384615    0.30769230769231   -0.07692307692308             1
   -0.07692307692308    0.30769230769231   -0.07692307692308             1
    0.00000000000000    0.38461538461539   -0.07692307692308             1
    0.07692307692308    0.38461538461539   -0.07692307692308             1
    0.15384615384615    0.38461538461539   -0.07692307692308             1
    0.23076923076923    0.38461538461539   -0.07692307692308             1
    0.30769230769231    0.38461538461539   -0.07692307692308             1
    0.38461538461539    0.38461538461539   -0.07692307692308             1
    0.46153846153846    0.38461538461539   -0.07692307692308             1
   -0.46153846153846    0.38461538461539   -0.07692307692308             1
   -0.38461538461539    0.38461538461539   -0.07692307692308             1
   -0.30769230769231    0.38461538461539   -0.07692307692308             1
   -0.23076923076923    0.38461538461539   -0.07692307692308             1
   -0.15384615384615    0.38461538461539   -0.07692307692308             1
   -0.07692307692308    0.38461538461539   -0.07692307692308             1
    0.00000000000000    0.46153846153846   -0.07692307692308             1
    0.07692307692308    0.46153846153846   -0.07692307692308             1
    0.15384615384615    0.46153846153846   -0.07692307692308             1
    0.23076923076923    0.46153846153846   -0.07692307692308             1
    0.30769230769231    0.46153846153846   -0.07692307692308             1
    0.38461538461539    0.46153846153846   -0.07692307692308             1
    0.46153846153846    0.46153846153846   -0.07692307692308             1
   -0.46153846153846    0.46153846153846   -0.07692307692308             1
   -0.38461538461539    0.46153846153846   -0.07692307692308             1
   -0.30769230769231    0.46153846153846   -0.07692307692308             1
   -0.23076923076923    0.46153846153846   -0.07692307692308             1
   -0.15384615384615    0.46153846153846   -0.07692307692308             1
   -0.07692307692308    0.46153846153846   -0.07692307692308             1
    0.00000000000000   -0.46153846153846   -0.07692307692308             1
    0.07692307692308   -0.46153846153846   -0.07692307692308             1
    0.15384615384615   -0.46153846153846   -0.07692307692308             1
    0.23076923076923   -0.46153846153846   -0.07692307692308             1
    0.30769230769231   -0.46153846153846   -0.07692307692308             1
    0.38461538461539   -0.46153846153846   -0.07692307692308             1
    0.46153846153846   -0.46153846153846   -0.07692307692308             1
   -0.46153846153846   -0.46153846153846   -0.07692307692308             1
   -0.38461538461539   -0.46153846153846   -0.07692307692308             1
   -0.30769230769231   -0.46153846153846   -0.07692307692308             1
   -0.23076923076923   -0.46153846153846   -0.07692307692308             1
   -0.15384615384615   -0.46153846153846   -0.07692307692308             1
   -0.07692307692308   -0.46153846153846   -0.07692307692308             1
    0.00000000000000   -0.38461538461539   -0.07692307692308             1
    0.07692307692308   -0.38461538461539   -0.07692307692308             1
    0.15384615384615   -0.38461538461539   -0.07692307692308             1
    0.23076923076923   -0.38461538461539   -0.07692307692308             1
    0.30769230769231   -0.38461538461539   -0.07692307692308             1
    0.38461538461539   -0.38461538461539   -0.07692307692308             1
    0.46153846153846   -0.38461538461539   -0.07692307692308             1
   -0.46153846153846   -0.38461538461539   -0.07692307692308             1
   -0.38461538461539   -0.38461538461539   -0.07692307692308             1
   -0.30769230769231   -0.38461538461539   -0.07692307692308             1
   -0.23076923076923   -0.38461538461539   -0.07692307692308             1
   -0.15384615384615   -0.38461538461539   -0.07692307692308             1
   -0.07692307692308   -0.38461538461539   -0.07692307692308             1
    0.00000000000000   -0.30769230769231   -0.07692307692308             1
    0.07692307692308   -0.30769230769231   -0.07692307692308             1
    0.15384615384615   -0.30769230769231   -0.07692307692308             1
    0.23076923076923   -0.30769230769231   -0.07692307692308             1
    0.30769230769231   -0.30769230769231   -0.07692307692308             1
    0.38461538461539   -0.30769230769231   -0.07692307692308             1
    0.46153846153846   -0.30769230769231   -0.07692307692308             1
   -0.46153846153846   -0.30769230769231   -0.07692307692308             1
   -0.38461538461539   -0.30769230769231   -0.07692307692308             1
   -0.30769230769231   -0.30769230769231   -0.07692307692308             1
   -0.23076923076923   -0.30769230769231   -0.07692307692308             1
   -0.15384615384615   -0.30769230769231   -0.07692307692308             1
   -0.07692307692308   -0.30769230769231   -0.07692307692308             1
    0.00000000000000   -0.23076923076923   -0.07692307692308             1
    0.07692307692308   -0.23076923076923   -0.07692307692308             1
    0.15384615384615   -0.23076923076923   -0.07692307692308             1
    0.23076923076923   -0.23076923076923   -0.07692307692308             1
    0.30769230769231   -0.23076923076923   -0.07692307692308             1
    0.38461538461539   -0.23076923076923   -0.07692307692308             1
    0.46153846153846   -0.23076923076923   -0.07692307692308             1
   -0.46153846153846   -0.23076923076923   -0.07692307692308             1
   -0.38461538461539   -0.23076923076923   -0.07692307692308             1
   -0.30769230769231   -0.23076923076923   -0.07692307692308             1
   -0.23076923076923   -0.23076923076923   -0.07692307692308             1
   -0.15384615384615   -0.23076923076923   -0.07692307692308             1
   -0.07692307692308   -0.23076923076923   -0.07692307692308             1
    0.00000000000000   -0.15384615384615   -0.07692307692308             1
    0.07692307692308   -0.15384615384615   -0.07692307692308             1
    0.15384615384615   -0.15384615384615   -0.07692307692308             1
    0.23076923076923   -0.15384615384615   -0.07692307692308             1
    0.30769230769231   -0.15384615384615   -0.07692307692308             1
    0.38461538461539   -0.15384615384615   -0.07692307692308             1
    0.46153846153846   -0.15384615384615   -0.07692307692308             1
   -0.46153846153846   -0.15384615384615   -0.07692307692308             1
   -0.38461538461539   -0.15384615384615   -0.07692307692308             1
   -0.30769230769231   -0.15384615384615   -0.07692307692308             1
   -0.23076923076923   -0.15384615384615   -0.07692307692308             1
   -0.15384615384615   -0.15384615384615   -0.07692307692308             1
   -0.07692307692308   -0.15384615384615   -0.07692307692308             1
    0.00000000000000   -0.07692307692308   -0.07692307692308             1
    0.07692307692308   -0.07692307692308   -0.07692307692308             1
    0.15384615384615   -0.07692307692308   -0.07692307692308             1
    0.23076923076923   -0.07692307692308   -0.07692307692308             1
    0.30769230769231   -0.07692307692308   -0.07692307692308             1
    0.38461538461539   -0.07692307692308   -0.07692307692308             1
    0.46153846153846   -0.07692307692308   -0.07692307692308             1
   -0.46153846153846   -0.07692307692308   -0.07692307692308             1
   -0.38461538461539   -0.07692307692308   -0.07692307692308             1
   -0.30769230769231   -0.07692307692308   -0.07692307692308             1
   -0.23076923076923   -0.07692307692308   -0.07692307692308             1
   -0.15384615384615   -0.07692307692308   -0.07692307692308             1
   -0.07692307692308   -0.07692307692308   -0.07692307692308             1
