Automatically generated mesh
    1331
Reciprocal lattice
    0.00000000000000    0.00000000000000    0.00000000000000             1
    0.09090909090909    0.00000000000000    0.00000000000000             1
    0.18181818181818    0.00000000000000    0.00000000000000             1
    0.27272727272727   -0.00000000000000   -0.00000000000000             1
    0.36363636363637    0.00000000000000    0.00000000000000             1
    0.45454545454545   -0.00000000000000   -0.00000000000000             1
   -0.45454545454545    0.00000000000000    0.00000000000000             1
   -0.36363636363637   -0.00000000000000    0.00000000000000             1
   -0.27272727272727    0.00000000000000    0.00000000000000             1
   -0.18181818181818   -0.00000000000000    0.00000000000000             1
   -0.09090909090909    0.00000000000000    0.00000000000000             1
   -0.00000000000000    0.09090909090909   -0.00000000000000             1
    0.09090909090909    0.09090909090909   -0.00000000000000             1
    0.18181818181818    0.09090909090909   -0.00000000000000             1
    0.27272727272727    0.09090909090909   -0.00000000000000             1
    0.36363636363637    0.09090909090909    0.00000000000000             1
    0.45454545454545    0.09090909090909    0.00000000000000             1
   -0.45454545454545    0.09090909090909    0.00000000000000             1
   -0.36363636363636    0.09090909090909    0.00000000000000             1
   -0.27272727272727    0.09090909090909    0.00000000000000             1
   -0.18181818181818    0.09090909090909   -0.00000000000000             1
   -0.09090909090909    0.09090909090909   -0.00000000000000             1
   -0.00000000000000    0.18181818181818   -0.00000000000000             1
    0.09090909090909    0.18181818181818   -0.00000000000000             1
    0.18181818181818    0.18181818181818   -0.00000000000000             1
    0.27272727272727    0.18181818181818   -0.00000000000000             1
    0.36363636363637    0.18181818181818   -0.00000000000000             1
    0.45454545454545    0.18181818181818   -0.00000000000000             1
   -0.45454545454545    0.18181818181818   -0.00000000000000             1
   -0.36363636363637    0.18181818181818    0.00000000000000             1
   -0.27272727272727    0.18181818181818   -0.00000000000000             1
   -0.18181818181818    0.18181818181818   -0.00000000000000             1
   -0.09090909090909    0.18181818181818   -0.00000000000000             1
   -0.00000000000000    0.27272727272727   -0.00000000000000             1
    0.09090909090909    0.27272727272727   -0.00000000000000             1
    0.18181818181818    0.27272727272727   -0.00000000000000             1
    0.27272727272727    0.27272727272727   -0.00000000000000             1
    0.36363636363637    0.27272727272727   -0.00000000000000             1
    0.45454545454545    0.27272727272727   -0.00000000000000             1
   -0.45454545454545    0.27272727272727    0.00000000000000             1
   -0.36363636363637    0.27272727272727   -0.00000000000000             1
   -0.27272727272727    0.27272727272727    0.00000000000000             1
   -0.18181818181818    0.27272727272727   -0.00000000000000             1
   -0.09090909090909    0.27272727272727   -0.00000000000000             1
   -0.00000000000000    0.36363636363637    0.00000000000000             1
    0.09090909090909    0.36363636363637   -0.00000000000000             1
    0.18181818181818    0.36363636363637    0.00000000000000             1
    0.27272727272727    0.36363636363637    0.00000000000000             1
    0.36363636363637    0.36363636363637   -0.00000000000000             1
    0.45454545454545    0.36363636363637   -0.00000000000000             1
   -0.45454545454545    0.36363636363637   -0.00000000000000             1
   -0.36363636363636    0.36363636363637   -0.00000000000000             1
   -0.27272727272727    0.36363636363637   -0.00000000000000             1
   -0.18181818181818    0.36363636363637   -0.00000000000000             1
   -0.09090909090909    0.36363636363637   -0.00000000000000             1
   -0.00000000000000    0.45454545454545    0.00000000000000             1
    0.09090909090909    0.45454545454545   -0.00000000000000             1
    0.18181818181818    0.45454545454545    0.00000000000000             1
    0.27272727272727    0.45454545454545    0.00000000000000             1
    0.36363636363637    0.45454545454545    0.00000000000000             1
    0.45454545454545    0.45454545454545    0.00000000000000             1
   -0.45454545454545    0.45454545454545    0.00000000000000             1
   -0.36363636363637    0.45454545454545   -0.00000000000000             1
   -0.27272727272727    0.45454545454545   -0.00000000000000             1
   -0.18181818181818    0.45454545454545   -0.00000000000000             1
   -0.09090909090909    0.45454545454545    0.00000000000000             1
    0.00000000000000   -0.45454545454545    0.00000000000000             1
    0.09090909090909   -0.45454545454545   -0.00000000000000             1
    0.18181818181818   -0.45454545454545    0.00000000000000             1
    0.27272727272727   -0.45454545454545    0.00000000000000             1
    0.36363636363637   -0.45454545454545    0.00000000000000             1
    0.45454545454545   -0.45454545454545   -0.00000000000000             1
   -0.45454545454545   -0.45454545454545    0.00000000000000             1
   -0.36363636363636   -0.45454545454545   -0.00000000000000             1
   -0.27272727272727   -0.45454545454545    0.00000000000000             1
   -0.18181818181818   -0.45454545454545    0.00000000000000             1
   -0.09090909090909   -0.45454545454545    0.00000000000000             1
    0.00000000000000   -0.36363636363637    0.00000000000000             1
    0.09090909090909   -0.36363636363637    0.00000000000000             1
    0.18181818181818   -0.36363636363637    0.00000000000000             1
    0.27272727272727   -0.36363636363637    0.00000000000000             1
    0.36363636363637   -0.36363636363637    0.00000000000000             1
    0.45454545454545   -0.36363636363637    0.00000000000000             1
   -0.45454545454545   -0.36363636363637    0.00000000000000             1
   -0.36363636363637   -0.36363636363637    0.00000000000000             1
   -0.27272727272727   -0.36363636363637    0.00000000000000             1
   -0.18181818181818   -0.36363636363637    0.00000000000000             1
   -0.09090909090909   -0.36363636363637    0.00000000000000             1
    0.00000000000000   -0.27272727272727    0.00000000000000             1
    0.09090909090909   -0.27272727272727    0.00000000000000             1
    0.18181818181818   -0.27272727272727    0.00000000000000             1
    0.27272727272727   -0.27272727272727   -0.00000000000000             1
    0.36363636363637   -0.27272727272727    0.00000000000000             1
    0.45454545454545   -0.27272727272727    0.00000000000000             1
   -0.45454545454545   -0.27272727272727    0.00000000000000             1
   -0.36363636363637   -0.27272727272727    0.00000000000000             1
   -0.27272727272727   -0.27272727272727    0.00000000000000             1
   -0.18181818181818   -0.27272727272727    0.00000000000000             1
   -0.09090909090909   -0.27272727272727    0.00000000000000             1
    0.00000000000000   -0.18181818181818    0.00000000000000             1
    0.09090909090909   -0.18181818181818    0.00000000000000             1
    0.18181818181818   -0.18181818181818    0.00000000000000             1
    0.27272727272727   -0.18181818181818    0.00000000000000             1
    0.36363636363637   -0.18181818181818   -0.00000000000000             1
    0.45454545454545   -0.18181818181818    0.00000000000000             1
   -0.45454545454545   -0.18181818181818    0.00000000000000             1
   -0.36363636363637   -0.18181818181818    0.00000000000000             1
   -0.27272727272727   -0.18181818181818    0.00000000000000             1
   -0.18181818181818   -0.18181818181818    0.00000000000000             1
   -0.09090909090909   -0.18181818181818    0.00000000000000             1
    0.00000000000000   -0.09090909090909    0.00000000000000             1
    0.09090909090909   -0.09090909090909    0.00000000000000             1
    0.18181818181818   -0.09090909090909    0.00000000000000             1
    0.27272727272727   -0.09090909090909   -0.00000000000000             1
    0.36363636363637   -0.09090909090909   -0.00000000000000             1
    0.45454545454545   -0.09090909090909   -0.00000000000000             1
   -0.45454545454545   -0.09090909090909   -0.00000000000000             1
   -0.36363636363637   -0.09090909090909    0.00000000000000             1
   -0.27272727272727   -0.09090909090909    0.00000000000000             1
   -0.18181818181818   -0.09090909090909    0.00000000000000             1
   -0.09090909090909   -0.09090909090909    0.00000000000000             1
    0.00000000000000    0.00000000000000    0.09090909090909             1
    0.09090909090909    0.00000000000000    0.09090909090909             1
    0.18181818181818    0.00000000000000    0.09090909090909             1
    0.27272727272727   -0.00000000000000    0.09090909090909             1
    0.36363636363637    0.00000000000000    0.09090909090909             1
    0.45454545454545    0.00000000000000    0.09090909090909             1
   -0.45454545454545   -0.00000000000000    0.09090909090909             1
   -0.36363636363637    0.00000000000000    0.09090909090909             1
   -0.27272727272727    0.00000000000000    0.09090909090909             1
   -0.18181818181818    0.00000000000000    0.09090909090909             1
   -0.09090909090909    0.00000000000000    0.09090909090909             1
   -0.00000000000000    0.09090909090909    0.09090909090909             1
    0.09090909090909    0.09090909090909    0.09090909090909             1
    0.18181818181818    0.09090909090909    0.09090909090909             1
    0.27272727272727    0.09090909090909    0.09090909090909             1
    0.36363636363637    0.09090909090909    0.09090909090909             1
    0.45454545454545    0.09090909090909    0.09090909090909             1
   -0.45454545454545    0.09090909090909    0.09090909090909             1
   -0.36363636363637    0.09090909090909    0.09090909090909             1
   -0.27272727272727    0.09090909090909    0.09090909090909             1
   -0.18181818181818    0.09090909090909    0.09090909090909             1
   -0.09090909090909    0.09090909090909    0.09090909090909             1
   -0.00000000000000    0.18181818181818    0.09090909090909             1
    0.09090909090909    0.18181818181818    0.09090909090909             1
    0.18181818181818    0.18181818181818    0.09090909090909             1
    0.27272727272727    0.18181818181818    0.09090909090909             1
    0.36363636363637    0.18181818181818    0.09090909090909             1
    0.45454545454545    0.18181818181818    0.09090909090909             1
   -0.45454545454545    0.18181818181818    0.09090909090909             1
   -0.36363636363636    0.18181818181818    0.09090909090909             1
   -0.27272727272727    0.18181818181818    0.09090909090909             1
   -0.18181818181818    0.18181818181818    0.09090909090909             1
   -0.09090909090909    0.18181818181818    0.09090909090909             1
   -0.00000000000000    0.27272727272727    0.09090909090909             1
    0.09090909090909    0.27272727272727    0.09090909090909             1
    0.18181818181818    0.27272727272727    0.09090909090909             1
    0.27272727272727    0.27272727272727    0.09090909090909             1
    0.36363636363637    0.27272727272727    0.09090909090909             1
    0.45454545454545    0.27272727272727    0.09090909090909             1
   -0.45454545454545    0.27272727272727    0.09090909090909             1
   -0.36363636363637    0.27272727272727    0.09090909090909             1
   -0.27272727272727    0.27272727272727    0.09090909090909             1
   -0.18181818181818    0.27272727272727    0.09090909090909             1
   -0.09090909090909    0.27272727272727    0.09090909090909             1
   -0.00000000000000    0.36363636363637    0.09090909090909             1
    0.09090909090909    0.36363636363637    0.09090909090909             1
    0.18181818181818    0.36363636363637    0.09090909090909             1
    0.27272727272727    0.36363636363637    0.09090909090909             1
    0.36363636363637    0.36363636363637    0.09090909090909             1
    0.45454545454545    0.36363636363637    0.09090909090909             1
   -0.45454545454545    0.36363636363637    0.09090909090909             1
   -0.36363636363637    0.36363636363637    0.09090909090909             1
   -0.27272727272727    0.36363636363637    0.09090909090909             1
   -0.18181818181818    0.36363636363637    0.09090909090909             1
   -0.09090909090909    0.36363636363637    0.09090909090909             1
    0.00000000000000    0.45454545454545    0.09090909090909             1
    0.09090909090909    0.45454545454545    0.09090909090909             1
    0.18181818181818    0.45454545454545    0.09090909090909             1
    0.27272727272727    0.45454545454545    0.09090909090909             1
    0.36363636363637    0.45454545454545    0.09090909090909             1
    0.45454545454545    0.45454545454545    0.09090909090909             1
   -0.45454545454545    0.45454545454545    0.09090909090909             1
   -0.36363636363637    0.45454545454545    0.09090909090909             1
   -0.27272727272727    0.45454545454545    0.09090909090909             1
   -0.18181818181818    0.45454545454545    0.09090909090909             1
   -0.09090909090909    0.45454545454545    0.09090909090909             1
    0.00000000000000   -0.45454545454545    0.09090909090909             1
    0.09090909090909   -0.45454545454545    0.09090909090909             1
    0.18181818181818   -0.45454545454545    0.09090909090909             1
    0.27272727272727   -0.45454545454545    0.09090909090909             1
    0.36363636363637   -0.45454545454545    0.09090909090909             1
    0.45454545454545   -0.45454545454545    0.09090909090909             1
   -0.45454545454545   -0.45454545454545    0.09090909090909             1
   -0.36363636363637   -0.45454545454545    0.09090909090909             1
   -0.27272727272727   -0.45454545454545    0.09090909090909             1
   -0.18181818181818   -0.45454545454545    0.09090909090909             1
   -0.09090909090909   -0.45454545454545    0.09090909090909             1
    0.00000000000000   -0.36363636363637    0.09090909090909             1
    0.09090909090909   -0.36363636363637    0.09090909090909             1
    0.18181818181818   -0.36363636363637    0.09090909090909             1
    0.27272727272727   -0.36363636363637    0.09090909090909             1
    0.36363636363637   -0.36363636363637    0.09090909090909             1
    0.45454545454545   -0.36363636363637    0.09090909090909             1
   -0.45454545454545   -0.36363636363637    0.09090909090909             1
   -0.36363636363636   -0.36363636363637    0.09090909090909             1
   -0.27272727272727   -0.36363636363637    0.09090909090909             1
   -0.18181818181818   -0.36363636363637    0.09090909090909             1
   -0.09090909090909   -0.36363636363637    0.09090909090909             1
    0.00000000000000   -0.27272727272727    0.09090909090909             1
    0.09090909090909   -0.27272727272727    0.09090909090909             1
    0.18181818181818   -0.27272727272727    0.09090909090909             1
    0.27272727272727   -0.27272727272727    0.09090909090909             1
    0.36363636363637   -0.27272727272727    0.09090909090909             1
    0.45454545454545   -0.27272727272727    0.09090909090909             1
   -0.45454545454545   -0.27272727272727    0.09090909090909             1
   -0.36363636363637   -0.27272727272727    0.09090909090909             1
   -0.27272727272727   -0.27272727272727    0.09090909090909             1
   -0.18181818181818   -0.27272727272727    0.09090909090909             1
   -0.09090909090909   -0.27272727272727    0.09090909090909             1
    0.00000000000000   -0.18181818181818    0.09090909090909             1
    0.09090909090909   -0.18181818181818    0.09090909090909             1
    0.18181818181818   -0.18181818181818    0.09090909090909             1
    0.27272727272727   -0.18181818181818    0.09090909090909             1
    0.36363636363637   -0.18181818181818    0.09090909090909             1
    0.45454545454545   -0.18181818181818    0.09090909090909             1
   -0.45454545454545   -0.18181818181818    0.09090909090909             1
   -0.36363636363637   -0.18181818181818    0.09090909090909             1
   -0.27272727272727   -0.18181818181818    0.09090909090909             1
   -0.18181818181818   -0.18181818181818    0.09090909090909             1
   -0.09090909090909   -0.18181818181818    0.09090909090909             1
    0.00000000000000   -0.09090909090909    0.09090909090909             1
    0.09090909090909   -0.09090909090909    0.09090909090909             1
    0.18181818181818   -0.09090909090909    0.09090909090909             1
    0.27272727272727   -0.09090909090909    0.09090909090909             1
    0.36363636363637   -0.09090909090909    0.09090909090909             1
    0.45454545454545   -0.09090909090909    0.09090909090909             1
   -0.45454545454545   -0.09090909090909    0.09090909090909             1
   -0.36363636363637   -0.09090909090909    0.09090909090909             1
   -0.27272727272727   -0.09090909090909    0.09090909090909             1
   -0.18181818181818   -0.09090909090909    0.09090909090909             1
   -0.09090909090909   -0.09090909090909    0.09090909090909             1
    0.00000000000000    0.00000000000000    0.18181818181818             1
    0.09090909090909    0.00000000000000    0.18181818181818             1
    0.18181818181818    0.00000000000000    0.18181818181818             1
    0.27272727272727    0.00000000000000    0.18181818181818             1
    0.36363636363637    0.00000000000000    0.18181818181818             1
    0.45454545454545    0.00000000000000    0.18181818181818             1
   -0.45454545454545    0.00000000000000    0.18181818181818             1
   -0.36363636363637    0.00000000000000    0.18181818181818             1
   -0.27272727272727    0.00000000000000    0.18181818181818             1
   -0.18181818181818    0.00000000000000    0.18181818181818             1
   -0.09090909090909    0.00000000000000    0.18181818181818             1
    0.00000000000000    0.09090909090909    0.18181818181818             1
    0.09090909090909    0.09090909090909    0.18181818181818             1
    0.18181818181818    0.09090909090909    0.18181818181818             1
    0.27272727272727    0.09090909090909    0.18181818181818             1
    0.36363636363637    0.09090909090909    0.18181818181818             1
    0.45454545454545    0.09090909090909    0.18181818181818             1
   -0.45454545454545    0.09090909090909    0.18181818181818             1
   -0.36363636363637    0.09090909090909    0.18181818181818             1
   -0.27272727272727    0.09090909090909    0.18181818181818             1
   -0.18181818181818    0.09090909090909    0.18181818181818             1
   -0.09090909090909    0.09090909090909    0.18181818181818             1
   -0.00000000000000    0.18181818181818    0.18181818181818             1
    0.09090909090909    0.18181818181818    0.18181818181818             1
    0.18181818181818    0.18181818181818    0.18181818181818             1
    0.27272727272727    0.18181818181818    0.18181818181818             1
    0.36363636363637    0.18181818181818    0.18181818181818             1
    0.45454545454545    0.18181818181818    0.18181818181818             1
   -0.45454545454545    0.18181818181818    0.18181818181818             1
   -0.36363636363637    0.18181818181818    0.18181818181818             1
   -0.27272727272727    0.18181818181818    0.18181818181818             1
   -0.18181818181818    0.18181818181818    0.18181818181818             1
   -0.09090909090909    0.18181818181818    0.18181818181818             1
   -0.00000000000000    0.27272727272727    0.18181818181818             1
    0.09090909090909    0.27272727272727    0.18181818181818             1
    0.18181818181818    0.27272727272727    0.18181818181818             1
    0.27272727272727    0.27272727272727    0.18181818181818             1
    0.36363636363637    0.27272727272727    0.18181818181818             1
    0.45454545454545    0.27272727272727    0.18181818181818             1
   -0.45454545454545    0.27272727272727    0.18181818181818             1
   -0.36363636363637    0.27272727272727    0.18181818181818             1
   -0.27272727272727    0.27272727272727    0.18181818181818             1
   -0.18181818181818    0.27272727272727    0.18181818181818             1
   -0.09090909090909    0.27272727272727    0.18181818181818             1
   -0.00000000000000    0.36363636363637    0.18181818181818             1
    0.09090909090909    0.36363636363637    0.18181818181818             1
    0.18181818181818    0.36363636363637    0.18181818181818             1
    0.27272727272727    0.36363636363637    0.18181818181818             1
    0.36363636363637    0.36363636363637    0.18181818181818             1
    0.45454545454545    0.36363636363637    0.18181818181818             1
   -0.45454545454545    0.36363636363637    0.18181818181818             1
   -0.36363636363637    0.36363636363637    0.18181818181818             1
   -0.27272727272727    0.36363636363637    0.18181818181818             1
   -0.18181818181818    0.36363636363637    0.18181818181818             1
   -0.09090909090909    0.36363636363637    0.18181818181818             1
   -0.00000000000000    0.45454545454545    0.18181818181818             1
    0.09090909090909    0.45454545454545    0.18181818181818             1
    0.18181818181818    0.45454545454545    0.18181818181818             1
    0.27272727272727    0.45454545454545    0.18181818181818             1
    0.36363636363637    0.45454545454545    0.18181818181818             1
    0.45454545454545    0.45454545454545    0.18181818181818             1
   -0.45454545454545    0.45454545454545    0.18181818181818             1
   -0.36363636363637    0.45454545454545    0.18181818181818             1
   -0.27272727272727    0.45454545454545    0.18181818181818             1
   -0.18181818181818    0.45454545454545    0.18181818181818             1
   -0.09090909090909    0.45454545454545    0.18181818181818             1
    0.00000000000000   -0.45454545454545    0.18181818181818             1
    0.09090909090909   -0.45454545454545    0.18181818181818             1
    0.18181818181818   -0.45454545454545    0.18181818181818             1
    0.27272727272727   -0.45454545454545    0.18181818181818             1
    0.36363636363637   -0.45454545454545    0.18181818181818             1
    0.45454545454545   -0.45454545454545    0.18181818181818             1
   -0.45454545454545   -0.45454545454545    0.18181818181818             1
   -0.36363636363636   -0.45454545454545    0.18181818181818             1
   -0.27272727272727   -0.45454545454545    0.18181818181818             1
   -0.18181818181818   -0.45454545454545    0.18181818181818             1
   -0.09090909090909   -0.45454545454545    0.18181818181818             1
    0.00000000000000   -0.36363636363637    0.18181818181818             1
    0.09090909090909   -0.36363636363637    0.18181818181818             1
    0.18181818181818   -0.36363636363637    0.18181818181818             1
    0.27272727272727   -0.36363636363637    0.18181818181818             1
    0.36363636363637   -0.36363636363637    0.18181818181818             1
    0.45454545454545   -0.36363636363637    0.18181818181818             1
   -0.45454545454545   -0.36363636363637    0.18181818181818             1
   -0.36363636363637   -0.36363636363637    0.18181818181818             1
   -0.27272727272727   -0.36363636363637    0.18181818181818             1
   -0.18181818181818   -0.36363636363637    0.18181818181818             1
   -0.09090909090909   -0.36363636363637    0.18181818181818             1
    0.00000000000000   -0.27272727272727    0.18181818181818             1
    0.09090909090909   -0.27272727272727    0.18181818181818             1
    0.18181818181818   -0.27272727272727    0.18181818181818             1
    0.27272727272727   -0.27272727272727    0.18181818181818             1
    0.36363636363637   -0.27272727272727    0.18181818181818             1
    0.45454545454545   -0.27272727272727    0.18181818181818             1
   -0.45454545454545   -0.27272727272727    0.18181818181818             1
   -0.36363636363637   -0.27272727272727    0.18181818181818             1
   -0.27272727272727   -0.27272727272727    0.18181818181818             1
   -0.18181818181818   -0.27272727272727    0.18181818181818             1
   -0.09090909090909   -0.27272727272727    0.18181818181818             1
   -0.00000000000000   -0.18181818181818    0.18181818181818             1
    0.09090909090909   -0.18181818181818    0.18181818181818             1
    0.18181818181818   -0.18181818181818    0.18181818181818             1
    0.27272727272727   -0.18181818181818    0.18181818181818             1
    0.36363636363637   -0.18181818181818    0.18181818181818             1
    0.45454545454545   -0.18181818181818    0.18181818181818             1
   -0.45454545454545   -0.18181818181818    0.18181818181818             1
   -0.36363636363637   -0.18181818181818    0.18181818181818             1
   -0.27272727272727   -0.18181818181818    0.18181818181818             1
   -0.18181818181818   -0.18181818181818    0.18181818181818             1
   -0.09090909090909   -0.18181818181818    0.18181818181818             1
   -0.00000000000000   -0.09090909090909    0.18181818181818             1
    0.09090909090909   -0.09090909090909    0.18181818181818             1
    0.18181818181818   -0.09090909090909    0.18181818181818             1
    0.27272727272727   -0.09090909090909    0.18181818181818             1
    0.36363636363637   -0.09090909090909    0.18181818181818             1
    0.45454545454545   -0.09090909090909    0.18181818181818             1
   -0.45454545454545   -0.09090909090909    0.18181818181818             1
   -0.36363636363637   -0.09090909090909    0.18181818181818             1
   -0.27272727272727   -0.09090909090909    0.18181818181818             1
   -0.18181818181818   -0.09090909090909    0.18181818181818             1
   -0.09090909090909   -0.09090909090909    0.18181818181818             1
    0.00000000000000    0.00000000000000    0.27272727272727             1
    0.09090909090909    0.00000000000000    0.27272727272727             1
    0.18181818181818    0.00000000000000    0.27272727272727             1
    0.27272727272727    0.00000000000000    0.27272727272727             1
    0.36363636363637    0.00000000000000    0.27272727272727             1
    0.45454545454545    0.00000000000000    0.27272727272727             1
   -0.45454545454545    0.00000000000000    0.27272727272727             1
   -0.36363636363637    0.00000000000000    0.27272727272727             1
   -0.27272727272727    0.00000000000000    0.27272727272727             1
   -0.18181818181818    0.00000000000000    0.27272727272727             1
   -0.09090909090909    0.00000000000000    0.27272727272727             1
    0.00000000000000    0.09090909090909    0.27272727272727             1
    0.09090909090909    0.09090909090909    0.27272727272727             1
    0.18181818181818    0.09090909090909    0.27272727272727             1
    0.27272727272727    0.09090909090909    0.27272727272727             1
    0.36363636363637    0.09090909090909    0.27272727272727             1
    0.45454545454545    0.09090909090909    0.27272727272727             1
   -0.45454545454545    0.09090909090909    0.27272727272727             1
   -0.36363636363637    0.09090909090909    0.27272727272727             1
   -0.27272727272727    0.09090909090909    0.27272727272727             1
   -0.18181818181818    0.09090909090909    0.27272727272727             1
   -0.09090909090909    0.09090909090909    0.27272727272727             1
   -0.00000000000000    0.18181818181818    0.27272727272727             1
    0.09090909090909    0.18181818181818    0.27272727272727             1
    0.18181818181818    0.18181818181818    0.27272727272727             1
    0.27272727272727    0.18181818181818    0.27272727272727             1
    0.36363636363637    0.18181818181818    0.27272727272727             1
    0.45454545454545    0.18181818181818    0.27272727272727             1
   -0.45454545454545    0.18181818181818    0.27272727272727             1
   -0.36363636363637    0.18181818181818    0.27272727272727             1
   -0.27272727272727    0.18181818181818    0.27272727272727             1
   -0.18181818181818    0.18181818181818    0.27272727272727             1
   -0.09090909090909    0.18181818181818    0.27272727272727             1
   -0.00000000000000    0.27272727272727    0.27272727272727             1
    0.09090909090909    0.27272727272727    0.27272727272727             1
    0.18181818181818    0.27272727272727    0.27272727272727             1
    0.27272727272727    0.27272727272727    0.27272727272727             1
    0.36363636363637    0.27272727272727    0.27272727272727             1
    0.45454545454545    0.27272727272727    0.27272727272727             1
   -0.45454545454545    0.27272727272727    0.27272727272727             1
   -0.36363636363637    0.27272727272727    0.27272727272727             1
   -0.27272727272727    0.27272727272727    0.27272727272727             1
   -0.18181818181818    0.27272727272727    0.27272727272727             1
   -0.09090909090909    0.27272727272727    0.27272727272727             1
   -0.00000000000000    0.36363636363637    0.27272727272727             1
    0.09090909090909    0.36363636363637    0.27272727272727             1
    0.18181818181818    0.36363636363637    0.27272727272727             1
    0.27272727272727    0.36363636363637    0.27272727272727             1
    0.36363636363637    0.36363636363637    0.27272727272727             1
    0.45454545454545    0.36363636363637    0.27272727272727             1
   -0.45454545454545    0.36363636363637    0.27272727272727             1
   -0.36363636363637    0.36363636363637    0.27272727272727             1
   -0.27272727272727    0.36363636363637    0.27272727272727             1
   -0.18181818181818    0.36363636363637    0.27272727272727             1
   -0.09090909090909    0.36363636363637    0.27272727272727             1
   -0.00000000000000    0.45454545454545    0.27272727272727             1
    0.09090909090909    0.45454545454545    0.27272727272727             1
    0.18181818181818    0.45454545454545    0.27272727272727             1
    0.27272727272727    0.45454545454545    0.27272727272727             1
    0.36363636363637    0.45454545454545    0.27272727272727             1
    0.45454545454545    0.45454545454545    0.27272727272727             1
   -0.45454545454545    0.45454545454545    0.27272727272727             1
   -0.36363636363637    0.45454545454545    0.27272727272727             1
   -0.27272727272727    0.45454545454545    0.27272727272727             1
   -0.18181818181818    0.45454545454545    0.27272727272727             1
   -0.09090909090909    0.45454545454545    0.27272727272727             1
    0.00000000000000   -0.45454545454545    0.27272727272727             1
    0.09090909090909   -0.45454545454545    0.27272727272727             1
    0.18181818181818   -0.45454545454545    0.27272727272727             1
    0.27272727272727   -0.45454545454545    0.27272727272727             1
    0.36363636363637   -0.45454545454545    0.27272727272727             1
    0.45454545454545   -0.45454545454545    0.27272727272727             1
   -0.45454545454545   -0.45454545454545    0.27272727272727             1
   -0.36363636363637   -0.45454545454545    0.27272727272727             1
   -0.27272727272727   -0.45454545454545    0.27272727272727             1
   -0.18181818181818   -0.45454545454545    0.27272727272727             1
   -0.09090909090909   -0.45454545454545    0.27272727272727             1
    0.00000000000000   -0.36363636363637    0.27272727272727             1
    0.09090909090909   -0.36363636363637    0.27272727272727             1
    0.18181818181818   -0.36363636363637    0.27272727272727             1
    0.27272727272727   -0.36363636363637    0.27272727272727             1
    0.36363636363637   -0.36363636363637    0.27272727272727             1
    0.45454545454545   -0.36363636363637    0.27272727272727             1
   -0.45454545454545   -0.36363636363637    0.27272727272727             1
   -0.36363636363636   -0.36363636363637    0.27272727272727             1
   -0.27272727272727   -0.36363636363637    0.27272727272727             1
   -0.18181818181818   -0.36363636363637    0.27272727272727             1
   -0.09090909090909   -0.36363636363637    0.27272727272727             1
    0.00000000000000   -0.27272727272727    0.27272727272727             1
    0.09090909090909   -0.27272727272727    0.27272727272727             1
    0.18181818181818   -0.27272727272727    0.27272727272727             1
    0.27272727272727   -0.27272727272727    0.27272727272727             1
    0.36363636363637   -0.27272727272727    0.27272727272727             1
    0.45454545454545   -0.27272727272727    0.27272727272727             1
   -0.45454545454545   -0.27272727272727    0.27272727272727             1
   -0.36363636363637   -0.27272727272727    0.27272727272727             1
   -0.27272727272727   -0.27272727272727    0.27272727272727             1
   -0.18181818181818   -0.27272727272727    0.27272727272727             1
   -0.09090909090909   -0.27272727272727    0.27272727272727             1
    0.00000000000000   -0.18181818181818    0.27272727272727             1
    0.09090909090909   -0.18181818181818    0.27272727272727             1
    0.18181818181818   -0.18181818181818    0.27272727272727             1
    0.27272727272727   -0.18181818181818    0.27272727272727             1
    0.36363636363637   -0.18181818181818    0.27272727272727             1
    0.45454545454545   -0.18181818181818    0.27272727272727             1
   -0.45454545454545   -0.18181818181818    0.27272727272727             1
   -0.36363636363637   -0.18181818181818    0.27272727272727             1
   -0.27272727272727   -0.18181818181818    0.27272727272727             1
   -0.18181818181818   -0.18181818181818    0.27272727272727             1
   -0.09090909090909   -0.18181818181818    0.27272727272727             1
    0.00000000000000   -0.09090909090909    0.27272727272727             1
    0.09090909090909   -0.09090909090909    0.27272727272727             1
    0.18181818181818   -0.09090909090909    0.27272727272727             1
    0.27272727272727   -0.09090909090909    0.27272727272727             1
    0.36363636363637   -0.09090909090909    0.27272727272727             1
    0.45454545454545   -0.09090909090909    0.27272727272727             1
   -0.45454545454545   -0.09090909090909    0.27272727272727             1
   -0.36363636363637   -0.09090909090909    0.27272727272727             1
   -0.27272727272727   -0.09090909090909    0.27272727272727             1
   -0.18181818181818   -0.09090909090909    0.27272727272727             1
   -0.09090909090909   -0.09090909090909    0.27272727272727             1
    0.00000000000000    0.00000000000000    0.36363636363637             1
    0.09090909090909    0.00000000000000    0.36363636363637             1
    0.18181818181818    0.00000000000000    0.36363636363637             1
    0.27272727272727    0.00000000000000    0.36363636363637             1
    0.36363636363637    0.00000000000000    0.36363636363637             1
    0.45454545454545    0.00000000000000    0.36363636363637             1
   -0.45454545454545    0.00000000000000    0.36363636363637             1
   -0.36363636363637    0.00000000000000    0.36363636363637             1
   -0.27272727272727    0.00000000000000    0.36363636363637             1
   -0.18181818181818    0.00000000000000    0.36363636363637             1
   -0.09090909090909    0.00000000000000    0.36363636363637             1
    0.00000000000000    0.09090909090909    0.36363636363637             1
    0.09090909090909    0.09090909090909    0.36363636363637             1
    0.18181818181818    0.09090909090909    0.36363636363637             1
    0.27272727272727    0.09090909090909    0.36363636363637             1
    0.36363636363637    0.09090909090909    0.36363636363637             1
    0.45454545454545    0.09090909090909    0.36363636363637             1
   -0.45454545454545    0.09090909090909    0.36363636363637             1
   -0.36363636363637    0.09090909090909    0.36363636363637             1
   -0.27272727272727    0.09090909090909    0.36363636363637             1
   -0.18181818181818    0.09090909090909    0.36363636363637             1
   -0.09090909090909    0.09090909090909    0.36363636363637             1
    0.00000000000000    0.18181818181818    0.36363636363637             1
    0.09090909090909    0.18181818181818    0.36363636363637             1
    0.18181818181818    0.18181818181818    0.36363636363637             1
    0.27272727272727    0.18181818181818    0.36363636363637             1
    0.36363636363637    0.18181818181818    0.36363636363637             1
    0.45454545454545    0.18181818181818    0.36363636363637             1
   -0.45454545454545    0.18181818181818    0.36363636363637             1
   -0.36363636363637    0.18181818181818    0.36363636363637             1
   -0.27272727272727    0.18181818181818    0.36363636363637             1
   -0.18181818181818    0.18181818181818    0.36363636363637             1
   -0.09090909090909    0.18181818181818    0.36363636363637             1
    0.00000000000000    0.27272727272727    0.36363636363637             1
    0.09090909090909    0.27272727272727    0.36363636363637             1
    0.18181818181818    0.27272727272727    0.36363636363637             1
    0.27272727272727    0.27272727272727    0.36363636363637             1
    0.36363636363637    0.27272727272727    0.36363636363637             1
    0.45454545454545    0.27272727272727    0.36363636363637             1
   -0.45454545454545    0.27272727272727    0.36363636363637             1
   -0.36363636363637    0.27272727272727    0.36363636363637             1
   -0.27272727272727    0.27272727272727    0.36363636363637             1
   -0.18181818181818    0.27272727272727    0.36363636363637             1
   -0.09090909090909    0.27272727272727    0.36363636363637             1
   -0.00000000000000    0.36363636363637    0.36363636363637             1
    0.09090909090909    0.36363636363637    0.36363636363637             1
    0.18181818181818    0.36363636363637    0.36363636363637             1
    0.27272727272727    0.36363636363637    0.36363636363637             1
    0.36363636363637    0.36363636363637    0.36363636363637             1
    0.45454545454545    0.36363636363637    0.36363636363637             1
   -0.45454545454545    0.36363636363637    0.36363636363637             1
   -0.36363636363637    0.36363636363637    0.36363636363637             1
   -0.27272727272727    0.36363636363637    0.36363636363637             1
   -0.18181818181818    0.36363636363637    0.36363636363637             1
   -0.09090909090909    0.36363636363637    0.36363636363637             1
    0.00000000000000    0.45454545454545    0.36363636363637             1
    0.09090909090909    0.45454545454545    0.36363636363637             1
    0.18181818181818    0.45454545454545    0.36363636363637             1
    0.27272727272727    0.45454545454545    0.36363636363637             1
    0.36363636363637    0.45454545454545    0.36363636363637             1
    0.45454545454545    0.45454545454545    0.36363636363637             1
   -0.45454545454545    0.45454545454545    0.36363636363637             1
   -0.36363636363637    0.45454545454545    0.36363636363637             1
   -0.27272727272727    0.45454545454545    0.36363636363637             1
   -0.18181818181818    0.45454545454545    0.36363636363637             1
   -0.09090909090909    0.45454545454545    0.36363636363637             1
    0.00000000000000   -0.45454545454545    0.36363636363637             1
    0.09090909090909   -0.45454545454545    0.36363636363637             1
    0.18181818181818   -0.45454545454545    0.36363636363637             1
    0.27272727272727   -0.45454545454545    0.36363636363637             1
    0.36363636363637   -0.45454545454545    0.36363636363637             1
    0.45454545454545   -0.45454545454545    0.36363636363637             1
   -0.45454545454545   -0.45454545454545    0.36363636363637             1
   -0.36363636363637   -0.45454545454545    0.36363636363637             1
   -0.27272727272727   -0.45454545454545    0.36363636363637             1
   -0.18181818181818   -0.45454545454545    0.36363636363637             1
   -0.09090909090909   -0.45454545454545    0.36363636363637             1
    0.00000000000000   -0.36363636363637    0.36363636363637             1
    0.09090909090909   -0.36363636363637    0.36363636363637             1
    0.18181818181818   -0.36363636363637    0.36363636363637             1
    0.27272727272727   -0.36363636363637    0.36363636363637             1
    0.36363636363637   -0.36363636363637    0.36363636363637             1
    0.45454545454545   -0.36363636363637    0.36363636363637             1
   -0.45454545454545   -0.36363636363637    0.36363636363637             1
   -0.36363636363637   -0.36363636363637    0.36363636363637             1
   -0.27272727272727   -0.36363636363637    0.36363636363637             1
   -0.18181818181818   -0.36363636363637    0.36363636363637             1
   -0.09090909090909   -0.36363636363637    0.36363636363637             1
    0.00000000000000   -0.27272727272727    0.36363636363637             1
    0.09090909090909   -0.27272727272727    0.36363636363637             1
    0.18181818181818   -0.27272727272727    0.36363636363637             1
    0.27272727272727   -0.27272727272727    0.36363636363637             1
    0.36363636363637   -0.27272727272727    0.36363636363637             1
    0.45454545454545   -0.27272727272727    0.36363636363637             1
   -0.45454545454545   -0.27272727272727    0.36363636363637             1
   -0.36363636363637   -0.27272727272727    0.36363636363637             1
   -0.27272727272727   -0.27272727272727    0.36363636363637             1
   -0.18181818181818   -0.27272727272727    0.36363636363637             1
   -0.09090909090909   -0.27272727272727    0.36363636363637             1
    0.00000000000000   -0.18181818181818    0.36363636363637             1
    0.09090909090909   -0.18181818181818    0.36363636363637             1
    0.18181818181818   -0.18181818181818    0.36363636363637             1
    0.27272727272727   -0.18181818181818    0.36363636363637             1
    0.36363636363637   -0.18181818181818    0.36363636363637             1
    0.45454545454545   -0.18181818181818    0.36363636363637             1
   -0.45454545454545   -0.18181818181818    0.36363636363637             1
   -0.36363636363637   -0.18181818181818    0.36363636363637             1
   -0.27272727272727   -0.18181818181818    0.36363636363637             1
   -0.18181818181818   -0.18181818181818    0.36363636363637             1
   -0.09090909090909   -0.18181818181818    0.36363636363637             1
    0.00000000000000   -0.09090909090909    0.36363636363637             1
    0.09090909090909   -0.09090909090909    0.36363636363637             1
    0.18181818181818   -0.09090909090909    0.36363636363637             1
    0.27272727272727   -0.09090909090909    0.36363636363637             1
    0.36363636363637   -0.09090909090909    0.36363636363637             1
    0.45454545454545   -0.09090909090909    0.36363636363637             1
   -0.45454545454545   -0.09090909090909    0.36363636363637             1
   -0.36363636363637   -0.09090909090909    0.36363636363637             1
   -0.27272727272727   -0.09090909090909    0.36363636363637             1
   -0.18181818181818   -0.09090909090909    0.36363636363637             1
   -0.09090909090909   -0.09090909090909    0.36363636363637             1
    0.00000000000000    0.00000000000000    0.45454545454545             1
    0.09090909090909    0.00000000000000    0.45454545454545             1
    0.18181818181818    0.00000000000000    0.45454545454545             1
    0.27272727272727    0.00000000000000    0.45454545454545             1
    0.36363636363637    0.00000000000000    0.45454545454545             1
    0.45454545454545    0.00000000000000    0.45454545454545             1
   -0.45454545454545    0.00000000000000    0.45454545454545             1
   -0.36363636363636    0.00000000000000    0.45454545454545             1
   -0.27272727272727    0.00000000000000    0.45454545454545             1
   -0.18181818181818    0.00000000000000    0.45454545454545             1
   -0.09090909090909    0.00000000000000    0.45454545454545             1
   -0.00000000000000    0.09090909090909    0.45454545454545             1
    0.09090909090909    0.09090909090909    0.45454545454545             1
    0.18181818181818    0.09090909090909    0.45454545454545             1
    0.27272727272727    0.09090909090909    0.45454545454545             1
    0.36363636363637    0.09090909090909    0.45454545454545             1
    0.45454545454545    0.09090909090909    0.45454545454545             1
   -0.45454545454545    0.09090909090909    0.45454545454545             1
   -0.36363636363637    0.09090909090909    0.45454545454545             1
   -0.27272727272727    0.09090909090909    0.45454545454545             1
   -0.18181818181818    0.09090909090909    0.45454545454545             1
   -0.09090909090909    0.09090909090909    0.45454545454545             1
   -0.00000000000000    0.18181818181818    0.45454545454545             1
    0.09090909090909    0.18181818181818    0.45454545454545             1
    0.18181818181818    0.18181818181818    0.45454545454545             1
    0.27272727272727    0.18181818181818    0.45454545454545             1
    0.36363636363637    0.18181818181818    0.45454545454545             1
    0.45454545454545    0.18181818181818    0.45454545454545             1
   -0.45454545454545    0.18181818181818    0.45454545454545             1
   -0.36363636363636    0.18181818181818    0.45454545454545             1
   -0.27272727272727    0.18181818181818    0.45454545454545             1
   -0.18181818181818    0.18181818181818    0.45454545454545             1
   -0.09090909090909    0.18181818181818    0.45454545454545             1
    0.00000000000000    0.27272727272727    0.45454545454545             1
    0.09090909090909    0.27272727272727    0.45454545454545             1
    0.18181818181818    0.27272727272727    0.45454545454545             1
    0.27272727272727    0.27272727272727    0.45454545454545             1
    0.36363636363637    0.27272727272727    0.45454545454545             1
    0.45454545454545    0.27272727272727    0.45454545454545             1
   -0.45454545454545    0.27272727272727    0.45454545454545             1
   -0.36363636363637    0.27272727272727    0.45454545454545             1
   -0.27272727272727    0.27272727272727    0.45454545454545             1
   -0.18181818181818    0.27272727272727    0.45454545454545             1
   -0.09090909090909    0.27272727272727    0.45454545454545             1
   -0.00000000000000    0.36363636363637    0.45454545454545             1
    0.09090909090909    0.36363636363637    0.45454545454545             1
    0.18181818181818    0.36363636363637    0.45454545454545             1
    0.27272727272727    0.36363636363637    0.45454545454545             1
    0.36363636363637    0.36363636363637    0.45454545454545             1
    0.45454545454545    0.36363636363637    0.45454545454545             1
   -0.45454545454545    0.36363636363637    0.45454545454545             1
   -0.36363636363637    0.36363636363637    0.45454545454545             1
   -0.27272727272727    0.36363636363637    0.45454545454545             1
   -0.18181818181818    0.36363636363637    0.45454545454545             1
   -0.09090909090909    0.36363636363637    0.45454545454545             1
    0.00000000000000    0.45454545454545    0.45454545454545             1
    0.09090909090909    0.45454545454545    0.45454545454545             1
    0.18181818181818    0.45454545454545    0.45454545454545             1
    0.27272727272727    0.45454545454545    0.45454545454545             1
    0.36363636363637    0.45454545454545    0.45454545454545             1
    0.45454545454545    0.45454545454545    0.45454545454545             1
   -0.45454545454545    0.45454545454545    0.45454545454545             1
   -0.36363636363636    0.45454545454545    0.45454545454545             1
   -0.27272727272727    0.45454545454545    0.45454545454545             1
   -0.18181818181818    0.45454545454545    0.45454545454545             1
   -0.09090909090909    0.45454545454545    0.45454545454545             1
    0.00000000000000   -0.45454545454545    0.45454545454545             1
    0.09090909090909   -0.45454545454545    0.45454545454545             1
    0.18181818181818   -0.45454545454545    0.45454545454545             1
    0.27272727272727   -0.45454545454545    0.45454545454545             1
    0.36363636363637   -0.45454545454545    0.45454545454545             1
    0.45454545454545   -0.45454545454545    0.45454545454545             1
   -0.45454545454545   -0.45454545454545    0.45454545454545             1
   -0.36363636363637   -0.45454545454545    0.45454545454545             1
   -0.27272727272727   -0.45454545454545    0.45454545454545             1
   -0.18181818181818   -0.45454545454545    0.45454545454545             1
   -0.09090909090909   -0.45454545454545    0.45454545454545             1
    0.00000000000000   -0.36363636363637    0.45454545454545             1
    0.09090909090909   -0.36363636363637    0.45454545454545             1
    0.18181818181818   -0.36363636363637    0.45454545454545             1
    0.27272727272727   -0.36363636363637    0.45454545454545             1
    0.36363636363637   -0.36363636363637    0.45454545454545             1
    0.45454545454545   -0.36363636363637    0.45454545454545             1
   -0.45454545454545   -0.36363636363637    0.45454545454545             1
   -0.36363636363636   -0.36363636363637    0.45454545454545             1
   -0.27272727272727   -0.36363636363637    0.45454545454545             1
   -0.18181818181818   -0.36363636363637    0.45454545454545             1
   -0.09090909090909   -0.36363636363637    0.45454545454545             1
    0.00000000000000   -0.27272727272727    0.45454545454545             1
    0.09090909090909   -0.27272727272727    0.45454545454545             1
    0.18181818181818   -0.27272727272727    0.45454545454545             1
    0.27272727272727   -0.27272727272727    0.45454545454545             1
    0.36363636363637   -0.27272727272727    0.45454545454545             1
    0.45454545454545   -0.27272727272727    0.45454545454545             1
   -0.45454545454545   -0.27272727272727    0.45454545454545             1
   -0.36363636363637   -0.27272727272727    0.45454545454545             1
   -0.27272727272727   -0.27272727272727    0.45454545454545             1
   -0.18181818181818   -0.27272727272727    0.45454545454545             1
   -0.09090909090909   -0.27272727272727    0.45454545454545             1
    0.00000000000000   -0.18181818181818    0.45454545454545             1
    0.09090909090909   -0.18181818181818    0.45454545454545             1
    0.18181818181818   -0.18181818181818    0.45454545454545             1
    0.27272727272727   -0.18181818181818    0.45454545454545             1
    0.36363636363637   -0.18181818181818    0.45454545454545             1
    0.45454545454545   -0.18181818181818    0.45454545454545             1
   -0.45454545454545   -0.18181818181818    0.45454545454545             1
   -0.36363636363637   -0.18181818181818    0.45454545454545             1
   -0.27272727272727   -0.18181818181818    0.45454545454545             1
   -0.18181818181818   -0.18181818181818    0.45454545454545             1
   -0.09090909090909   -0.18181818181818    0.45454545454545             1
    0.00000000000000   -0.09090909090909    0.45454545454545             1
    0.09090909090909   -0.09090909090909    0.45454545454545             1
    0.18181818181818   -0.09090909090909    0.45454545454545             1
    0.27272727272727   -0.09090909090909    0.45454545454545             1
    0.36363636363637   -0.09090909090909    0.45454545454545             1
    0.45454545454545   -0.09090909090909    0.45454545454545             1
   -0.45454545454545   -0.09090909090909    0.45454545454545             1
   -0.36363636363637   -0.09090909090909    0.45454545454545             1
   -0.27272727272727   -0.09090909090909    0.45454545454545             1
   -0.18181818181818   -0.09090909090909    0.45454545454545             1
   -0.09090909090909   -0.09090909090909    0.45454545454545             1
    0.00000000000000   -0.00000000000000   -0.45454545454545             1
    0.09090909090909    0.00000000000000   -0.45454545454545             1
    0.18181818181818   -0.00000000000000   -0.45454545454545             1
    0.27272727272727    0.00000000000000   -0.45454545454545             1
    0.36363636363637   -0.00000000000000   -0.45454545454545             1
    0.45454545454545   -0.00000000000000   -0.45454545454545             1
   -0.45454545454545   -0.00000000000000   -0.45454545454545             1
   -0.36363636363637   -0.00000000000000   -0.45454545454545             1
   -0.27272727272727   -0.00000000000000   -0.45454545454545             1
   -0.18181818181818   -0.00000000000000   -0.45454545454545             1
   -0.09090909090909    0.00000000000000   -0.45454545454545             1
   -0.00000000000000    0.09090909090909   -0.45454545454545             1
    0.09090909090909    0.09090909090909   -0.45454545454545             1
    0.18181818181818    0.09090909090909   -0.45454545454545             1
    0.27272727272727    0.09090909090909   -0.45454545454545             1
    0.36363636363637    0.09090909090909   -0.45454545454545             1
    0.45454545454545    0.09090909090909   -0.45454545454545             1
   -0.45454545454545    0.09090909090909   -0.45454545454545             1
   -0.36363636363637    0.09090909090909   -0.45454545454545             1
   -0.27272727272727    0.09090909090909   -0.45454545454545             1
   -0.18181818181818    0.09090909090909   -0.45454545454545             1
   -0.09090909090909    0.09090909090909   -0.45454545454545             1
   -0.00000000000000    0.18181818181818   -0.45454545454545             1
    0.09090909090909    0.18181818181818   -0.45454545454545             1
    0.18181818181818    0.18181818181818   -0.45454545454545             1
    0.27272727272727    0.18181818181818   -0.45454545454545             1
    0.36363636363637    0.18181818181818   -0.45454545454545             1
    0.45454545454545    0.18181818181818   -0.45454545454545             1
   -0.45454545454545    0.18181818181818   -0.45454545454545             1
   -0.36363636363637    0.18181818181818   -0.45454545454545             1
   -0.27272727272727    0.18181818181818   -0.45454545454545             1
   -0.18181818181818    0.18181818181818   -0.45454545454545             1
   -0.09090909090909    0.18181818181818   -0.45454545454545             1
    0.00000000000000    0.27272727272727   -0.45454545454545             1
    0.09090909090909    0.27272727272727   -0.45454545454545             1
    0.18181818181818    0.27272727272727   -0.45454545454545             1
    0.27272727272727    0.27272727272727   -0.45454545454545             1
    0.36363636363637    0.27272727272727   -0.45454545454545             1
    0.45454545454545    0.27272727272727   -0.45454545454545             1
   -0.45454545454545    0.27272727272727   -0.45454545454545             1
   -0.36363636363637    0.27272727272727   -0.45454545454545             1
   -0.27272727272727    0.27272727272727   -0.45454545454545             1
   -0.18181818181818    0.27272727272727   -0.45454545454545             1
   -0.09090909090909    0.27272727272727   -0.45454545454545             1
    0.00000000000000    0.36363636363637   -0.45454545454545             1
    0.09090909090909    0.36363636363637   -0.45454545454545             1
    0.18181818181818    0.36363636363637   -0.45454545454545             1
    0.27272727272727    0.36363636363637   -0.45454545454545             1
    0.36363636363637    0.36363636363637   -0.45454545454545             1
    0.45454545454545    0.36363636363637   -0.45454545454545             1
   -0.45454545454545    0.36363636363637   -0.45454545454545             1
   -0.36363636363637    0.36363636363637   -0.45454545454545             1
   -0.27272727272727    0.36363636363637   -0.45454545454545             1
   -0.18181818181818    0.36363636363637   -0.45454545454545             1
   -0.09090909090909    0.36363636363637   -0.45454545454545             1
   -0.00000000000000    0.45454545454545   -0.45454545454545             1
    0.09090909090909    0.45454545454545   -0.45454545454545             1
    0.18181818181818    0.45454545454545   -0.45454545454545             1
    0.27272727272727    0.45454545454545   -0.45454545454545             1
    0.36363636363637    0.45454545454545   -0.45454545454545             1
    0.45454545454545    0.45454545454545   -0.45454545454545             1
   -0.45454545454545    0.45454545454545   -0.45454545454545             1
   -0.36363636363637    0.45454545454545   -0.45454545454545             1
   -0.27272727272727    0.45454545454545   -0.45454545454545             1
   -0.18181818181818    0.45454545454545   -0.45454545454545             1
   -0.09090909090909    0.45454545454545   -0.45454545454545             1
   -0.00000000000000   -0.45454545454545   -0.45454545454545             1
    0.09090909090909   -0.45454545454545   -0.45454545454545             1
    0.18181818181818   -0.45454545454545   -0.45454545454545             1
    0.27272727272727   -0.45454545454545   -0.45454545454545             1
    0.36363636363637   -0.45454545454545   -0.45454545454545             1
    0.45454545454545   -0.45454545454545   -0.45454545454545             1
   -0.45454545454545   -0.45454545454545   -0.45454545454545             1
   -0.36363636363637   -0.45454545454545   -0.45454545454545             1
   -0.27272727272727   -0.45454545454545   -0.45454545454545             1
   -0.18181818181818   -0.45454545454545   -0.45454545454545             1
   -0.09090909090909   -0.45454545454545   -0.45454545454545             1
    0.00000000000000   -0.36363636363637   -0.45454545454545             1
    0.09090909090909   -0.36363636363637   -0.45454545454545             1
    0.18181818181818   -0.36363636363637   -0.45454545454545             1
    0.27272727272727   -0.36363636363637   -0.45454545454545             1
    0.36363636363637   -0.36363636363637   -0.45454545454545             1
    0.45454545454545   -0.36363636363637   -0.45454545454545             1
   -0.45454545454545   -0.36363636363637   -0.45454545454545             1
   -0.36363636363637   -0.36363636363637   -0.45454545454545             1
   -0.27272727272727   -0.36363636363637   -0.45454545454545             1
   -0.18181818181818   -0.36363636363637   -0.45454545454545             1
   -0.09090909090909   -0.36363636363637   -0.45454545454545             1
   -0.00000000000000   -0.27272727272727   -0.45454545454545             1
    0.09090909090909   -0.27272727272727   -0.45454545454545             1
    0.18181818181818   -0.27272727272727   -0.45454545454545             1
    0.27272727272727   -0.27272727272727   -0.45454545454545             1
    0.36363636363637   -0.27272727272727   -0.45454545454545             1
    0.45454545454545   -0.27272727272727   -0.45454545454545             1
   -0.45454545454545   -0.27272727272727   -0.45454545454545             1
   -0.36363636363637   -0.27272727272727   -0.45454545454545             1
   -0.27272727272727   -0.27272727272727   -0.45454545454545             1
   -0.18181818181818   -0.27272727272727   -0.45454545454545             1
   -0.09090909090909   -0.27272727272727   -0.45454545454545             1
    0.00000000000000   -0.18181818181818   -0.45454545454545             1
    0.09090909090909   -0.18181818181818   -0.45454545454545             1
    0.18181818181818   -0.18181818181818   -0.45454545454545             1
    0.27272727272727   -0.18181818181818   -0.45454545454545             1
    0.36363636363637   -0.18181818181818   -0.45454545454545             1
    0.45454545454545   -0.18181818181818   -0.45454545454545             1
   -0.45454545454545   -0.18181818181818   -0.45454545454545             1
   -0.36363636363637   -0.18181818181818   -0.45454545454545             1
   -0.27272727272727   -0.18181818181818   -0.45454545454545             1
   -0.18181818181818   -0.18181818181818   -0.45454545454545             1
   -0.09090909090909   -0.18181818181818   -0.45454545454545             1
    0.00000000000000   -0.09090909090909   -0.45454545454545             1
    0.09090909090909   -0.09090909090909   -0.45454545454545             1
    0.18181818181818   -0.09090909090909   -0.45454545454545             1
    0.27272727272727   -0.09090909090909   -0.45454545454545             1
    0.36363636363637   -0.09090909090909   -0.45454545454545             1
    0.45454545454545   -0.09090909090909   -0.45454545454545             1
   -0.45454545454545   -0.09090909090909   -0.45454545454545             1
   -0.36363636363637   -0.09090909090909   -0.45454545454545             1
   -0.27272727272727   -0.09090909090909   -0.45454545454545             1
   -0.18181818181818   -0.09090909090909   -0.45454545454545             1
   -0.09090909090909   -0.09090909090909   -0.45454545454545             1
   -0.00000000000000   -0.00000000000000   -0.36363636363637             1
    0.09090909090909   -0.00000000000000   -0.36363636363637             1
    0.18181818181818   -0.00000000000000   -0.36363636363637             1
    0.27272727272727   -0.00000000000000   -0.36363636363637             1
    0.36363636363637    0.00000000000000   -0.36363636363637             1
    0.45454545454545   -0.00000000000000   -0.36363636363637             1
   -0.45454545454545   -0.00000000000000   -0.36363636363637             1
   -0.36363636363637   -0.00000000000000   -0.36363636363637             1
   -0.27272727272727   -0.00000000000000   -0.36363636363637             1
   -0.18181818181818   -0.00000000000000   -0.36363636363637             1
   -0.09090909090909   -0.00000000000000   -0.36363636363637             1
   -0.00000000000000    0.09090909090909   -0.36363636363637             1
    0.09090909090909    0.09090909090909   -0.36363636363637             1
    0.18181818181818    0.09090909090909   -0.36363636363637             1
    0.27272727272727    0.09090909090909   -0.36363636363637             1
    0.36363636363637    0.09090909090909   -0.36363636363637             1
    0.45454545454545    0.09090909090909   -0.36363636363637             1
   -0.45454545454545    0.09090909090909   -0.36363636363637             1
   -0.36363636363636    0.09090909090909   -0.36363636363637             1
   -0.27272727272727    0.09090909090909   -0.36363636363637             1
   -0.18181818181818    0.09090909090909   -0.36363636363637             1
   -0.09090909090909    0.09090909090909   -0.36363636363637             1
   -0.00000000000000    0.18181818181818   -0.36363636363637             1
    0.09090909090909    0.18181818181818   -0.36363636363637             1
    0.18181818181818    0.18181818181818   -0.36363636363637             1
    0.27272727272727    0.18181818181818   -0.36363636363637             1
    0.36363636363637    0.18181818181818   -0.36363636363637             1
    0.45454545454545    0.18181818181818   -0.36363636363637             1
   -0.45454545454545    0.18181818181818   -0.36363636363637             1
   -0.36363636363637    0.18181818181818   -0.36363636363637             1
   -0.27272727272727    0.18181818181818   -0.36363636363637             1
   -0.18181818181818    0.18181818181818   -0.36363636363637             1
   -0.09090909090909    0.18181818181818   -0.36363636363637             1
   -0.00000000000000    0.27272727272727   -0.36363636363637             1
    0.09090909090909    0.27272727272727   -0.36363636363637             1
    0.18181818181818    0.27272727272727   -0.36363636363637             1
    0.27272727272727    0.27272727272727   -0.36363636363637             1
    0.36363636363637    0.27272727272727   -0.36363636363637             1
    0.45454545454545    0.27272727272727   -0.36363636363637             1
   -0.45454545454545    0.27272727272727   -0.36363636363637             1
   -0.36363636363637    0.27272727272727   -0.36363636363637             1
   -0.27272727272727    0.27272727272727   -0.36363636363637             1
   -0.18181818181818    0.27272727272727   -0.36363636363637             1
   -0.09090909090909    0.27272727272727   -0.36363636363637             1
   -0.00000000000000    0.36363636363637   -0.36363636363637             1
    0.09090909090909    0.36363636363637   -0.36363636363637             1
    0.18181818181818    0.36363636363637   -0.36363636363637             1
    0.27272727272727    0.36363636363637   -0.36363636363637             1
    0.36363636363637    0.36363636363637   -0.36363636363637             1
    0.45454545454545    0.36363636363637   -0.36363636363637             1
   -0.45454545454545    0.36363636363637   -0.36363636363637             1
   -0.36363636363637    0.36363636363637   -0.36363636363637             1
   -0.27272727272727    0.36363636363637   -0.36363636363637             1
   -0.18181818181818    0.36363636363637   -0.36363636363637             1
   -0.09090909090909    0.36363636363637   -0.36363636363637             1
    0.00000000000000    0.45454545454545   -0.36363636363637             1
    0.09090909090909    0.45454545454545   -0.36363636363637             1
    0.18181818181818    0.45454545454545   -0.36363636363637             1
    0.27272727272727    0.45454545454545   -0.36363636363637             1
    0.36363636363637    0.45454545454545   -0.36363636363637             1
    0.45454545454545    0.45454545454545   -0.36363636363637             1
   -0.45454545454545    0.45454545454545   -0.36363636363637             1
   -0.36363636363637    0.45454545454545   -0.36363636363637             1
   -0.27272727272727    0.45454545454545   -0.36363636363637             1
   -0.18181818181818    0.45454545454545   -0.36363636363637             1
   -0.09090909090909    0.45454545454545   -0.36363636363637             1
   -0.00000000000000   -0.45454545454545   -0.36363636363637             1
    0.09090909090909   -0.45454545454545   -0.36363636363637             1
    0.18181818181818   -0.45454545454545   -0.36363636363637             1
    0.27272727272727   -0.45454545454545   -0.36363636363637             1
    0.36363636363637   -0.45454545454545   -0.36363636363637             1
    0.45454545454545   -0.45454545454545   -0.36363636363637             1
   -0.45454545454545   -0.45454545454545   -0.36363636363637             1
   -0.36363636363637   -0.45454545454545   -0.36363636363637             1
   -0.27272727272727   -0.45454545454545   -0.36363636363637             1
   -0.18181818181818   -0.45454545454545   -0.36363636363637             1
   -0.09090909090909   -0.45454545454545   -0.36363636363637             1
    0.00000000000000   -0.36363636363637   -0.36363636363637             1
    0.09090909090909   -0.36363636363637   -0.36363636363637             1
    0.18181818181818   -0.36363636363637   -0.36363636363637             1
    0.27272727272727   -0.36363636363637   -0.36363636363637             1
    0.36363636363637   -0.36363636363637   -0.36363636363637             1
    0.45454545454545   -0.36363636363637   -0.36363636363637             1
   -0.45454545454545   -0.36363636363637   -0.36363636363637             1
   -0.36363636363637   -0.36363636363637   -0.36363636363637             1
   -0.27272727272727   -0.36363636363637   -0.36363636363637             1
   -0.18181818181818   -0.36363636363637   -0.36363636363637             1
   -0.09090909090909   -0.36363636363637   -0.36363636363637             1
   -0.00000000000000   -0.27272727272727   -0.36363636363637             1
    0.09090909090909   -0.27272727272727   -0.36363636363637             1
    0.18181818181818   -0.27272727272727   -0.36363636363637             1
    0.27272727272727   -0.27272727272727   -0.36363636363637             1
    0.36363636363637   -0.27272727272727   -0.36363636363637             1
    0.45454545454545   -0.27272727272727   -0.36363636363637             1
   -0.45454545454545   -0.27272727272727   -0.36363636363637             1
   -0.36363636363637   -0.27272727272727   -0.36363636363637             1
   -0.27272727272727   -0.27272727272727   -0.36363636363637             1
   -0.18181818181818   -0.27272727272727   -0.36363636363637             1
   -0.09090909090909   -0.27272727272727   -0.36363636363637             1
    0.00000000000000   -0.18181818181818   -0.36363636363637             1
    0.09090909090909   -0.18181818181818   -0.36363636363637             1
    0.18181818181818   -0.18181818181818   -0.36363636363637             1
    0.27272727272727   -0.18181818181818   -0.36363636363637             1
    0.36363636363637   -0.18181818181818   -0.36363636363637             1
    0.45454545454545   -0.18181818181818   -0.36363636363637             1
   -0.45454545454545   -0.18181818181818   -0.36363636363637             1
   -0.36363636363637   -0.18181818181818   -0.36363636363637             1
   -0.27272727272727   -0.18181818181818   -0.36363636363637             1
   -0.18181818181818   -0.18181818181818   -0.36363636363637             1
   -0.09090909090909   -0.18181818181818   -0.36363636363637             1
   -0.00000000000000   -0.09090909090909   -0.36363636363637             1
    0.09090909090909   -0.09090909090909   -0.36363636363637             1
    0.18181818181818   -0.09090909090909   -0.36363636363637             1
    0.27272727272727   -0.09090909090909   -0.36363636363637             1
    0.36363636363637   -0.09090909090909   -0.36363636363637             1
    0.45454545454545   -0.09090909090909   -0.36363636363637             1
   -0.45454545454545   -0.09090909090909   -0.36363636363637             1
   -0.36363636363636   -0.09090909090909   -0.36363636363637             1
   -0.27272727272727   -0.09090909090909   -0.36363636363637             1
   -0.18181818181818   -0.09090909090909   -0.36363636363637             1
   -0.09090909090909   -0.09090909090909   -0.36363636363637             1
    0.00000000000000   -0.00000000000000   -0.27272727272727             1
    0.09090909090909    0.00000000000000   -0.27272727272727             1
    0.18181818181818    0.00000000000000   -0.27272727272727             1
    0.27272727272727    0.00000000000000   -0.27272727272727             1
    0.36363636363637   -0.00000000000000   -0.27272727272727             1
    0.45454545454545   -0.00000000000000   -0.27272727272727             1
   -0.45454545454545    0.00000000000000   -0.27272727272727             1
   -0.36363636363637   -0.00000000000000   -0.27272727272727             1
   -0.27272727272727   -0.00000000000000   -0.27272727272727             1
   -0.18181818181818   -0.00000000000000   -0.27272727272727             1
   -0.09090909090909   -0.00000000000000   -0.27272727272727             1
    0.00000000000000    0.09090909090909   -0.27272727272727             1
    0.09090909090909    0.09090909090909   -0.27272727272727             1
    0.18181818181818    0.09090909090909   -0.27272727272727             1
    0.27272727272727    0.09090909090909   -0.27272727272727             1
    0.36363636363637    0.09090909090909   -0.27272727272727             1
    0.45454545454545    0.09090909090909   -0.27272727272727             1
   -0.45454545454545    0.09090909090909   -0.27272727272727             1
   -0.36363636363637    0.09090909090909   -0.27272727272727             1
   -0.27272727272727    0.09090909090909   -0.27272727272727             1
   -0.18181818181818    0.09090909090909   -0.27272727272727             1
   -0.09090909090909    0.09090909090909   -0.27272727272727             1
   -0.00000000000000    0.18181818181818   -0.27272727272727             1
    0.09090909090909    0.18181818181818   -0.27272727272727             1
    0.18181818181818    0.18181818181818   -0.27272727272727             1
    0.27272727272727    0.18181818181818   -0.27272727272727             1
    0.36363636363637    0.18181818181818   -0.27272727272727             1
    0.45454545454545    0.18181818181818   -0.27272727272727             1
   -0.45454545454545    0.18181818181818   -0.27272727272727             1
   -0.36363636363637    0.18181818181818   -0.27272727272727             1
   -0.27272727272727    0.18181818181818   -0.27272727272727             1
   -0.18181818181818    0.18181818181818   -0.27272727272727             1
   -0.09090909090909    0.18181818181818   -0.27272727272727             1
   -0.00000000000000    0.27272727272727   -0.27272727272727             1
    0.09090909090909    0.27272727272727   -0.27272727272727             1
    0.18181818181818    0.27272727272727   -0.27272727272727             1
    0.27272727272727    0.27272727272727   -0.27272727272727             1
    0.36363636363637    0.27272727272727   -0.27272727272727             1
    0.45454545454545    0.27272727272727   -0.27272727272727             1
   -0.45454545454545    0.27272727272727   -0.27272727272727             1
   -0.36363636363637    0.27272727272727   -0.27272727272727             1
   -0.27272727272727    0.27272727272727   -0.27272727272727             1
   -0.18181818181818    0.27272727272727   -0.27272727272727             1
   -0.09090909090909    0.27272727272727   -0.27272727272727             1
   -0.00000000000000    0.36363636363637   -0.27272727272727             1
    0.09090909090909    0.36363636363637   -0.27272727272727             1
    0.18181818181818    0.36363636363637   -0.27272727272727             1
    0.27272727272727    0.36363636363637   -0.27272727272727             1
    0.36363636363637    0.36363636363637   -0.27272727272727             1
    0.45454545454545    0.36363636363637   -0.27272727272727             1
   -0.45454545454545    0.36363636363637   -0.27272727272727             1
   -0.36363636363637    0.36363636363637   -0.27272727272727             1
   -0.27272727272727    0.36363636363637   -0.27272727272727             1
   -0.18181818181818    0.36363636363637   -0.27272727272727             1
   -0.09090909090909    0.36363636363637   -0.27272727272727             1
    0.00000000000000    0.45454545454545   -0.27272727272727             1
    0.09090909090909    0.45454545454545   -0.27272727272727             1
    0.18181818181818    0.45454545454545   -0.27272727272727             1
    0.27272727272727    0.45454545454545   -0.27272727272727             1
    0.36363636363637    0.45454545454545   -0.27272727272727             1
    0.45454545454545    0.45454545454545   -0.27272727272727             1
   -0.45454545454545    0.45454545454545   -0.27272727272727             1
   -0.36363636363637    0.45454545454545   -0.27272727272727             1
   -0.27272727272727    0.45454545454545   -0.27272727272727             1
   -0.18181818181818    0.45454545454545   -0.27272727272727             1
   -0.09090909090909    0.45454545454545   -0.27272727272727             1
    0.00000000000000   -0.45454545454545   -0.27272727272727             1
    0.09090909090909   -0.45454545454545   -0.27272727272727             1
    0.18181818181818   -0.45454545454545   -0.27272727272727             1
    0.27272727272727   -0.45454545454545   -0.27272727272727             1
    0.36363636363637   -0.45454545454545   -0.27272727272727             1
    0.45454545454545   -0.45454545454545   -0.27272727272727             1
   -0.45454545454545   -0.45454545454545   -0.27272727272727             1
   -0.36363636363637   -0.45454545454545   -0.27272727272727             1
   -0.27272727272727   -0.45454545454545   -0.27272727272727             1
   -0.18181818181818   -0.45454545454545   -0.27272727272727             1
   -0.09090909090909   -0.45454545454545   -0.27272727272727             1
    0.00000000000000   -0.36363636363637   -0.27272727272727             1
    0.09090909090909   -0.36363636363637   -0.27272727272727             1
    0.18181818181818   -0.36363636363637   -0.27272727272727             1
    0.27272727272727   -0.36363636363637   -0.27272727272727             1
    0.36363636363637   -0.36363636363637   -0.27272727272727             1
    0.45454545454545   -0.36363636363637   -0.27272727272727             1
   -0.45454545454545   -0.36363636363637   -0.27272727272727             1
   -0.36363636363637   -0.36363636363637   -0.27272727272727             1
   -0.27272727272727   -0.36363636363637   -0.27272727272727             1
   -0.18181818181818   -0.36363636363637   -0.27272727272727             1
   -0.09090909090909   -0.36363636363637   -0.27272727272727             1
    0.00000000000000   -0.27272727272727   -0.27272727272727             1
    0.09090909090909   -0.27272727272727   -0.27272727272727             1
    0.18181818181818   -0.27272727272727   -0.27272727272727             1
    0.27272727272727   -0.27272727272727   -0.27272727272727             1
    0.36363636363637   -0.27272727272727   -0.27272727272727             1
    0.45454545454545   -0.27272727272727   -0.27272727272727             1
   -0.45454545454545   -0.27272727272727   -0.27272727272727             1
   -0.36363636363637   -0.27272727272727   -0.27272727272727             1
   -0.27272727272727   -0.27272727272727   -0.27272727272727             1
   -0.18181818181818   -0.27272727272727   -0.27272727272727             1
   -0.09090909090909   -0.27272727272727   -0.27272727272727             1
    0.00000000000000   -0.18181818181818   -0.27272727272727             1
    0.09090909090909   -0.18181818181818   -0.27272727272727             1
    0.18181818181818   -0.18181818181818   -0.27272727272727             1
    0.27272727272727   -0.18181818181818   -0.27272727272727             1
    0.36363636363637   -0.18181818181818   -0.27272727272727             1
    0.45454545454545   -0.18181818181818   -0.27272727272727             1
   -0.45454545454545   -0.18181818181818   -0.27272727272727             1
   -0.36363636363637   -0.18181818181818   -0.27272727272727             1
   -0.27272727272727   -0.18181818181818   -0.27272727272727             1
   -0.18181818181818   -0.18181818181818   -0.27272727272727             1
   -0.09090909090909   -0.18181818181818   -0.27272727272727             1
   -0.00000000000000   -0.09090909090909   -0.27272727272727             1
    0.09090909090909   -0.09090909090909   -0.27272727272727             1
    0.18181818181818   -0.09090909090909   -0.27272727272727             1
    0.27272727272727   -0.09090909090909   -0.27272727272727             1
    0.36363636363637   -0.09090909090909   -0.27272727272727             1
    0.45454545454545   -0.09090909090909   -0.27272727272727             1
   -0.45454545454545   -0.09090909090909   -0.27272727272727             1
   -0.36363636363637   -0.09090909090909   -0.27272727272727             1
   -0.27272727272727   -0.09090909090909   -0.27272727272727             1
   -0.18181818181818   -0.09090909090909   -0.27272727272727             1
   -0.09090909090909   -0.09090909090909   -0.27272727272727             1
   -0.00000000000000   -0.00000000000000   -0.18181818181818             1
    0.09090909090909   -0.00000000000000   -0.18181818181818             1
    0.18181818181818   -0.00000000000000   -0.18181818181818             1
    0.27272727272727   -0.00000000000000   -0.18181818181818             1
    0.36363636363637    0.00000000000000   -0.18181818181818             1
    0.45454545454545    0.00000000000000   -0.18181818181818             1
   -0.45454545454545   -0.00000000000000   -0.18181818181818             1
   -0.36363636363637   -0.00000000000000   -0.18181818181818             1
   -0.27272727272727    0.00000000000000   -0.18181818181818             1
   -0.18181818181818   -0.00000000000000   -0.18181818181818             1
   -0.09090909090909   -0.00000000000000   -0.18181818181818             1
    0.00000000000000    0.09090909090909   -0.18181818181818             1
    0.09090909090909    0.09090909090909   -0.18181818181818             1
    0.18181818181818    0.09090909090909   -0.18181818181818             1
    0.27272727272727    0.09090909090909   -0.18181818181818             1
    0.36363636363637    0.09090909090909   -0.18181818181818             1
    0.45454545454545    0.09090909090909   -0.18181818181818             1
   -0.45454545454545    0.09090909090909   -0.18181818181818             1
   -0.36363636363637    0.09090909090909   -0.18181818181818             1
   -0.27272727272727    0.09090909090909   -0.18181818181818             1
   -0.18181818181818    0.09090909090909   -0.18181818181818             1
   -0.09090909090909    0.09090909090909   -0.18181818181818             1
    0.00000000000000    0.18181818181818   -0.18181818181818             1
    0.09090909090909    0.18181818181818   -0.18181818181818             1
    0.18181818181818    0.18181818181818   -0.18181818181818             1
    0.27272727272727    0.18181818181818   -0.18181818181818             1
    0.36363636363637    0.18181818181818   -0.18181818181818             1
    0.45454545454545    0.18181818181818   -0.18181818181818             1
   -0.45454545454545    0.18181818181818   -0.18181818181818             1
   -0.36363636363637    0.18181818181818   -0.18181818181818             1
   -0.27272727272727    0.18181818181818   -0.18181818181818             1
   -0.18181818181818    0.18181818181818   -0.18181818181818             1
   -0.09090909090909    0.18181818181818   -0.18181818181818             1
   -0.00000000000000    0.27272727272727   -0.18181818181818             1
    0.09090909090909    0.27272727272727   -0.18181818181818             1
    0.18181818181818    0.27272727272727   -0.18181818181818             1
    0.27272727272727    0.27272727272727   -0.18181818181818             1
    0.36363636363637    0.27272727272727   -0.18181818181818             1
    0.45454545454545    0.27272727272727   -0.18181818181818             1
   -0.45454545454545    0.27272727272727   -0.18181818181818             1
   -0.36363636363637    0.27272727272727   -0.18181818181818             1
   -0.27272727272727    0.27272727272727   -0.18181818181818             1
   -0.18181818181818    0.27272727272727   -0.18181818181818             1
   -0.09090909090909    0.27272727272727   -0.18181818181818             1
   -0.00000000000000    0.36363636363637   -0.18181818181818             1
    0.09090909090909    0.36363636363637   -0.18181818181818             1
    0.18181818181818    0.36363636363637   -0.18181818181818             1
    0.27272727272727    0.36363636363637   -0.18181818181818             1
    0.36363636363637    0.36363636363637   -0.18181818181818             1
    0.45454545454545    0.36363636363637   -0.18181818181818             1
   -0.45454545454545    0.36363636363637   -0.18181818181818             1
   -0.36363636363637    0.36363636363637   -0.18181818181818             1
   -0.27272727272727    0.36363636363637   -0.18181818181818             1
   -0.18181818181818    0.36363636363637   -0.18181818181818             1
   -0.09090909090909    0.36363636363637   -0.18181818181818             1
    0.00000000000000    0.45454545454545   -0.18181818181818             1
    0.09090909090909    0.45454545454545   -0.18181818181818             1
    0.18181818181818    0.45454545454545   -0.18181818181818             1
    0.27272727272727    0.45454545454545   -0.18181818181818             1
    0.36363636363637    0.45454545454545   -0.18181818181818             1
    0.45454545454545    0.45454545454545   -0.18181818181818             1
   -0.45454545454545    0.45454545454545   -0.18181818181818             1
   -0.36363636363637    0.45454545454545   -0.18181818181818             1
   -0.27272727272727    0.45454545454545   -0.18181818181818             1
   -0.18181818181818    0.45454545454545   -0.18181818181818             1
   -0.09090909090909    0.45454545454545   -0.18181818181818             1
    0.00000000000000   -0.45454545454545   -0.18181818181818             1
    0.09090909090909   -0.45454545454545   -0.18181818181818             1
    0.18181818181818   -0.45454545454545   -0.18181818181818             1
    0.27272727272727   -0.45454545454545   -0.18181818181818             1
    0.36363636363637   -0.45454545454545   -0.18181818181818             1
    0.45454545454545   -0.45454545454545   -0.18181818181818             1
   -0.45454545454545   -0.45454545454545   -0.18181818181818             1
   -0.36363636363637   -0.45454545454545   -0.18181818181818             1
   -0.27272727272727   -0.45454545454545   -0.18181818181818             1
   -0.18181818181818   -0.45454545454545   -0.18181818181818             1
   -0.09090909090909   -0.45454545454545   -0.18181818181818             1
    0.00000000000000   -0.36363636363637   -0.18181818181818             1
    0.09090909090909   -0.36363636363637   -0.18181818181818             1
    0.18181818181818   -0.36363636363637   -0.18181818181818             1
    0.27272727272727   -0.36363636363637   -0.18181818181818             1
    0.36363636363637   -0.36363636363637   -0.18181818181818             1
    0.45454545454545   -0.36363636363637   -0.18181818181818             1
   -0.45454545454545   -0.36363636363637   -0.18181818181818             1
   -0.36363636363637   -0.36363636363637   -0.18181818181818             1
   -0.27272727272727   -0.36363636363637   -0.18181818181818             1
   -0.18181818181818   -0.36363636363637   -0.18181818181818             1
   -0.09090909090909   -0.36363636363637   -0.18181818181818             1
    0.00000000000000   -0.27272727272727   -0.18181818181818             1
    0.09090909090909   -0.27272727272727   -0.18181818181818             1
    0.18181818181818   -0.27272727272727   -0.18181818181818             1
    0.27272727272727   -0.27272727272727   -0.18181818181818             1
    0.36363636363637   -0.27272727272727   -0.18181818181818             1
    0.45454545454545   -0.27272727272727   -0.18181818181818             1
   -0.45454545454545   -0.27272727272727   -0.18181818181818             1
   -0.36363636363637   -0.27272727272727   -0.18181818181818             1
   -0.27272727272727   -0.27272727272727   -0.18181818181818             1
   -0.18181818181818   -0.27272727272727   -0.18181818181818             1
   -0.09090909090909   -0.27272727272727   -0.18181818181818             1
    0.00000000000000   -0.18181818181818   -0.18181818181818             1
    0.09090909090909   -0.18181818181818   -0.18181818181818             1
    0.18181818181818   -0.18181818181818   -0.18181818181818             1
    0.27272727272727   -0.18181818181818   -0.18181818181818             1
    0.36363636363637   -0.18181818181818   -0.18181818181818             1
    0.45454545454545   -0.18181818181818   -0.18181818181818             1
   -0.45454545454545   -0.18181818181818   -0.18181818181818             1
   -0.36363636363637   -0.18181818181818   -0.18181818181818             1
   -0.27272727272727   -0.18181818181818   -0.18181818181818             1
   -0.18181818181818   -0.18181818181818   -0.18181818181818             1
   -0.09090909090909   -0.18181818181818   -0.18181818181818             1
   -0.00000000000000   -0.09090909090909   -0.18181818181818             1
    0.09090909090909   -0.09090909090909   -0.18181818181818             1
    0.18181818181818   -0.09090909090909   -0.18181818181818             1
    0.27272727272727   -0.09090909090909   -0.18181818181818             1
    0.36363636363637   -0.09090909090909   -0.18181818181818             1
    0.45454545454545   -0.09090909090909   -0.18181818181818             1
   -0.45454545454545   -0.09090909090909   -0.18181818181818             1
   -0.36363636363637   -0.09090909090909   -0.18181818181818             1
   -0.27272727272727   -0.09090909090909   -0.18181818181818             1
   -0.18181818181818   -0.09090909090909   -0.18181818181818             1
   -0.09090909090909   -0.09090909090909   -0.18181818181818             1
   -0.00000000000000   -0.00000000000000   -0.09090909090909             1
    0.09090909090909    0.00000000000000   -0.09090909090909             1
    0.18181818181818    0.00000000000000   -0.09090909090909             1
    0.27272727272727   -0.00000000000000   -0.09090909090909             1
    0.36363636363637    0.00000000000000   -0.09090909090909             1
    0.45454545454545    0.00000000000000   -0.09090909090909             1
   -0.45454545454545   -0.00000000000000   -0.09090909090909             1
   -0.36363636363637   -0.00000000000000   -0.09090909090909             1
   -0.27272727272727    0.00000000000000   -0.09090909090909             1
   -0.18181818181818   -0.00000000000000   -0.09090909090909             1
   -0.09090909090909   -0.00000000000000   -0.09090909090909             1
    0.00000000000000    0.09090909090909   -0.09090909090909             1
    0.09090909090909    0.09090909090909   -0.09090909090909             1
    0.18181818181818    0.09090909090909   -0.09090909090909             1
    0.27272727272727    0.09090909090909   -0.09090909090909             1
    0.36363636363637    0.09090909090909   -0.09090909090909             1
    0.45454545454545    0.09090909090909   -0.09090909090909             1
   -0.45454545454545    0.09090909090909   -0.09090909090909             1
   -0.36363636363637    0.09090909090909   -0.09090909090909             1
   -0.27272727272727    0.09090909090909   -0.09090909090909             1
   -0.18181818181818    0.09090909090909   -0.09090909090909             1
   -0.09090909090909    0.09090909090909   -0.09090909090909             1
    0.00000000000000    0.18181818181818   -0.09090909090909             1
    0.09090909090909    0.18181818181818   -0.09090909090909             1
    0.18181818181818    0.18181818181818   -0.09090909090909             1
    0.27272727272727    0.18181818181818   -0.09090909090909             1
    0.36363636363637    0.18181818181818   -0.09090909090909             1
    0.45454545454545    0.18181818181818   -0.09090909090909             1
   -0.45454545454545    0.18181818181818   -0.09090909090909             1
   -0.36363636363637    0.18181818181818   -0.09090909090909             1
   -0.27272727272727    0.18181818181818   -0.09090909090909             1
   -0.18181818181818    0.18181818181818   -0.09090909090909             1
   -0.09090909090909    0.18181818181818   -0.09090909090909             1
   -0.00000000000000    0.27272727272727   -0.09090909090909             1
    0.09090909090909    0.27272727272727   -0.09090909090909             1
    0.18181818181818    0.27272727272727   -0.09090909090909             1
    0.27272727272727    0.27272727272727   -0.09090909090909             1
    0.36363636363637    0.27272727272727   -0.09090909090909             1
    0.45454545454545    0.27272727272727   -0.09090909090909             1
   -0.45454545454545    0.27272727272727   -0.09090909090909             1
   -0.36363636363637    0.27272727272727   -0.09090909090909             1
   -0.27272727272727    0.27272727272727   -0.09090909090909             1
   -0.18181818181818    0.27272727272727   -0.09090909090909             1
   -0.09090909090909    0.27272727272727   -0.09090909090909             1
   -0.00000000000000    0.36363636363637   -0.09090909090909             1
    0.09090909090909    0.36363636363637   -0.09090909090909             1
    0.18181818181818    0.36363636363637   -0.09090909090909             1
    0.27272727272727    0.36363636363637   -0.09090909090909             1
    0.36363636363637    0.36363636363637   -0.09090909090909             1
    0.45454545454545    0.36363636363637   -0.09090909090909             1
   -0.45454545454545    0.36363636363637   -0.09090909090909             1
   -0.36363636363637    0.36363636363637   -0.09090909090909             1
   -0.27272727272727    0.36363636363637   -0.09090909090909             1
   -0.18181818181818    0.36363636363637   -0.09090909090909             1
   -0.09090909090909    0.36363636363637   -0.09090909090909             1
   -0.00000000000000    0.45454545454545   -0.09090909090909             1
    0.09090909090909    0.45454545454545   -0.09090909090909             1
    0.18181818181818    0.45454545454545   -0.09090909090909             1
    0.27272727272727    0.45454545454545   -0.09090909090909             1
    0.36363636363637    0.45454545454545   -0.09090909090909             1
    0.45454545454545    0.45454545454545   -0.09090909090909             1
   -0.45454545454545    0.45454545454545   -0.09090909090909             1
   -0.36363636363637    0.45454545454545   -0.09090909090909             1
   -0.27272727272727    0.45454545454545   -0.09090909090909             1
   -0.18181818181818    0.45454545454545   -0.09090909090909             1
   -0.09090909090909    0.45454545454545   -0.09090909090909             1
   -0.00000000000000   -0.45454545454545   -0.09090909090909             1
    0.09090909090909   -0.45454545454545   -0.09090909090909             1
    0.18181818181818   -0.45454545454545   -0.09090909090909             1
    0.27272727272727   -0.45454545454545   -0.09090909090909             1
    0.36363636363637   -0.45454545454545   -0.09090909090909             1
    0.45454545454545   -0.45454545454545   -0.09090909090909             1
   -0.45454545454545   -0.45454545454545   -0.09090909090909             1
   -0.36363636363637   -0.45454545454545   -0.09090909090909             1
   -0.27272727272727   -0.45454545454545   -0.09090909090909             1
   -0.18181818181818   -0.45454545454545   -0.09090909090909             1
   -0.09090909090909   -0.45454545454545   -0.09090909090909             1
    0.00000000000000   -0.36363636363637   -0.09090909090909             1
    0.09090909090909   -0.36363636363637   -0.09090909090909             1
    0.18181818181818   -0.36363636363637   -0.09090909090909             1
    0.27272727272727   -0.36363636363637   -0.09090909090909             1
    0.36363636363637   -0.36363636363637   -0.09090909090909             1
    0.45454545454545   -0.36363636363637   -0.09090909090909             1
   -0.45454545454545   -0.36363636363637   -0.09090909090909             1
   -0.36363636363637   -0.36363636363637   -0.09090909090909             1
   -0.27272727272727   -0.36363636363637   -0.09090909090909             1
   -0.18181818181818   -0.36363636363637   -0.09090909090909             1
   -0.09090909090909   -0.36363636363637   -0.09090909090909             1
    0.00000000000000   -0.27272727272727   -0.09090909090909             1
    0.09090909090909   -0.27272727272727   -0.09090909090909             1
    0.18181818181818   -0.27272727272727   -0.09090909090909             1
    0.27272727272727   -0.27272727272727   -0.09090909090909             1
    0.36363636363637   -0.27272727272727   -0.09090909090909             1
    0.45454545454545   -0.27272727272727   -0.09090909090909             1
   -0.45454545454545   -0.27272727272727   -0.09090909090909             1
   -0.36363636363637   -0.27272727272727   -0.09090909090909             1
   -0.27272727272727   -0.27272727272727   -0.09090909090909             1
   -0.18181818181818   -0.27272727272727   -0.09090909090909             1
   -0.09090909090909   -0.27272727272727   -0.09090909090909             1
    0.00000000000000   -0.18181818181818   -0.09090909090909             1
    0.09090909090909   -0.18181818181818   -0.09090909090909             1
    0.18181818181818   -0.18181818181818   -0.09090909090909             1
    0.27272727272727   -0.18181818181818   -0.09090909090909             1
    0.36363636363637   -0.18181818181818   -0.09090909090909             1
    0.45454545454545   -0.18181818181818   -0.09090909090909             1
   -0.45454545454545   -0.18181818181818   -0.09090909090909             1
   -0.36363636363637   -0.18181818181818   -0.09090909090909             1
   -0.27272727272727   -0.18181818181818   -0.09090909090909             1
   -0.18181818181818   -0.18181818181818   -0.09090909090909             1
   -0.09090909090909   -0.18181818181818   -0.09090909090909             1
    0.00000000000000   -0.09090909090909   -0.09090909090909             1
    0.09090909090909   -0.09090909090909   -0.09090909090909             1
    0.18181818181818   -0.09090909090909   -0.09090909090909             1
    0.27272727272727   -0.09090909090909   -0.09090909090909             1
    0.36363636363637   -0.09090909090909   -0.09090909090909             1
    0.45454545454545   -0.09090909090909   -0.09090909090909             1
   -0.45454545454545   -0.09090909090909   -0.09090909090909             1
   -0.36363636363637   -0.09090909090909   -0.09090909090909             1
   -0.27272727272727   -0.09090909090909   -0.09090909090909             1
   -0.18181818181818   -0.09090909090909   -0.09090909090909             1
   -0.09090909090909   -0.09090909090909   -0.09090909090909             1
Tetrahedra
      7986    0.00012521913348
         1       134       145       146       267
         1       134       135       146       267
         1       134       135       256       267
         1       134       145       266       267
         1       134       255       266       267
         1       134       255       256       267
         1       135       146       147       268
         1       135       136       147       268
         1       135       136       257       268
         1       135       146       267       268
         1       135       256       267       268
         1       135       256       257       268
         1       136       147       148       269
         1       136       137       148       269
         1       136       137       258       269
         1       136       147       268       269
         1       136       257       268       269
         1       136       257       258       269
         1       137       148       149       270
         1       137       138       149       270
         1       137       138       259       270
         1       137       148       269       270
         1       137       258       269       270
         1       137       258       259       270
         1       138       149       150       271
         1       138       139       150       271
         1       138       139       260       271
         1       138       149       270       271
         1       138       259       270       271
         1       138       259       260       271
         1       139       150       151       272
         1       139       140       151       272
         1       139       140       261       272
         1       139       150       271       272
         1       139       260       271       272
         1       139       260       261       272
         1       140       151       152       273
         1       140       141       152       273
         1       140       141       262       273
         1       140       151       272       273
         1       140       261       272       273
         1       140       261       262       273
         1       141       152       153       274
         1       141       142       153       274
         1       141       142       263       274
         1       141       152       273       274
         1       141       262       273       274
         1       141       262       263       274
         1       142       153       154       275
         1       142       143       154       275
         1       142       143       264       275
         1       142       153       274       275
         1       142       263       274       275
         1       142       263       264       275
         1       143       144       154       265
         1       133       143       144       265
         1       133       143       254       265
         1       143       154       265       275
         1       143       264       265       275
         1       143       254       264       265
         1       133       144       145       266
         1       133       134       145       266
         1       133       134       255       266
         1       133       144       265       266
         1       133       254       265       266
         1       133       254       255       266
         1       145       156       157       278
         1       145       146       157       278
         1       145       146       267       278
         1       145       156       277       278
         1       145       266       277       278
         1       145       266       267       278
         1       146       157       158       279
         1       146       147       158       279
         1       146       147       268       279
         1       146       157       278       279
         1       146       267       278       279
         1       146       267       268       279
         1       147       158       159       280
         1       147       148       159       280
         1       147       148       269       280
         1       147       158       279       280
         1       147       268       279       280
         1       147       268       269       280
         1       148       159       160       281
         1       148       149       160       281
         1       148       149       270       281
         1       148       159       280       281
         1       148       269       280       281
         1       148       269       270       281
         1       149       160       161       282
         1       149       150       161       282
         1       149       150       271       282
         1       149       160       281       282
         1       149       270       281       282
         1       149       270       271       282
         1       150       161       162       283
         1       150       151       162       283
         1       150       151       272       283
         1       150       161       282       283
         1       150       271       282       283
         1       150       271       272       283
         1       151       162       163       284
         1       151       152       163       284
         1       151       152       273       284
         1       151       162       283       284
         1       151       272       283       284
         1       151       272       273       284
         1       152       163       164       285
         1       152       153       164       285
         1       152       153       274       285
         1       152       163       284       285
         1       152       273       284       285
         1       152       273       274       285
         1       153       164       165       286
         1       153       154       165       286
         1       153       154       275       286
         1       153       164       285       286
         1       153       274       285       286
         1       153       274       275       286
         1       154       155       165       276
         1       144       154       155       276
         1       144       154       265       276
         1       154       165       276       286
         1       154       275       276       286
         1       154       265       275       276
         1       144       155       156       277
         1       144       145       156       277
         1       144       145       266       277
         1       144       155       276       277
         1       144       265       276       277
         1       144       265       266       277
         1       156       167       168       289
         1       156       157       168       289
         1       156       157       278       289
         1       156       167       288       289
         1       156       277       288       289
         1       156       277       278       289
         1       157       168       169       290
         1       157       158       169       290
         1       157       158       279       290
         1       157       168       289       290
         1       157       278       289       290
         1       157       278       279       290
         1       158       169       170       291
         1       158       159       170       291
         1       158       159       280       291
         1       158       169       290       291
         1       158       279       290       291
         1       158       279       280       291
         1       159       170       171       292
         1       159       160       171       292
         1       159       160       281       292
         1       159       170       291       292
         1       159       280       291       292
         1       159       280       281       292
         1       160       171       172       293
         1       160       161       172       293
         1       160       161       282       293
         1       160       171       292       293
         1       160       281       292       293
         1       160       281       282       293
         1       161       172       173       294
         1       161       162       173       294
         1       161       162       283       294
         1       161       172       293       294
         1       161       282       293       294
         1       161       282       283       294
         1       162       173       174       295
         1       162       163       174       295
         1       162       163       284       295
         1       162       173       294       295
         1       162       283       294       295
         1       162       283       284       295
         1       163       174       175       296
         1       163       164       175       296
         1       163       164       285       296
         1       163       174       295       296
         1       163       284       295       296
         1       163       284       285       296
         1       164       175       176       297
         1       164       165       176       297
         1       164       165       286       297
         1       164       175       296       297
         1       164       285       296       297
         1       164       285       286       297
         1       165       166       176       287
         1       155       165       166       287
         1       155       165       276       287
         1       165       176       287       297
         1       165       286       287       297
         1       165       276       286       287
         1       155       166       167       288
         1       155       156       167       288
         1       155       156       277       288
         1       155       166       287       288
         1       155       276       287       288
         1       155       276       277       288
         1       167       178       179       300
         1       167       168       179       300
         1       167       168       289       300
         1       167       178       299       300
         1       167       288       299       300
         1       167       288       289       300
         1       168       179       180       301
         1       168       169       180       301
         1       168       169       290       301
         1       168       179       300       301
         1       168       289       300       301
         1       168       289       290       301
         1       169       180       181       302
         1       169       170       181       302
         1       169       170       291       302
         1       169       180       301       302
         1       169       290       301       302
         1       169       290       291       302
         1       170       181       182       303
         1       170       171       182       303
         1       170       171       292       303
         1       170       181       302       303
         1       170       291       302       303
         1       170       291       292       303
         1       171       182       183       304
         1       171       172       183       304
         1       171       172       293       304
         1       171       182       303       304
         1       171       292       303       304
         1       171       292       293       304
         1       172       183       184       305
         1       172       173       184       305
         1       172       173       294       305
         1       172       183       304       305
         1       172       293       304       305
         1       172       293       294       305
         1       173       184       185       306
         1       173       174       185       306
         1       173       174       295       306
         1       173       184       305       306
         1       173       294       305       306
         1       173       294       295       306
         1       174       185       186       307
         1       174       175       186       307
         1       174       175       296       307
         1       174       185       306       307
         1       174       295       306       307
         1       174       295       296       307
         1       175       186       187       308
         1       175       176       187       308
         1       175       176       297       308
         1       175       186       307       308
         1       175       296       307       308
         1       175       296       297       308
         1       176       177       187       298
         1       166       176       177       298
         1       166       176       287       298
         1       176       187       298       308
         1       176       297       298       308
         1       176       287       297       298
         1       166       177       178       299
         1       166       167       178       299
         1       166       167       288       299
         1       166       177       298       299
         1       166       287       298       299
         1       166       287       288       299
         1       178       189       190       311
         1       178       179       190       311
         1       178       179       300       311
         1       178       189       310       311
         1       178       299       310       311
         1       178       299       300       311
         1       179       190       191       312
         1       179       180       191       312
         1       179       180       301       312
         1       179       190       311       312
         1       179       300       311       312
         1       179       300       301       312
         1       180       191       192       313
         1       180       181       192       313
         1       180       181       302       313
         1       180       191       312       313
         1       180       301       312       313
         1       180       301       302       313
         1       181       192       193       314
         1       181       182       193       314
         1       181       182       303       314
         1       181       192       313       314
         1       181       302       313       314
         1       181       302       303       314
         1       182       193       194       315
         1       182       183       194       315
         1       182       183       304       315
         1       182       193       314       315
         1       182       303       314       315
         1       182       303       304       315
         1       183       194       195       316
         1       183       184       195       316
         1       183       184       305       316
         1       183       194       315       316
         1       183       304       315       316
         1       183       304       305       316
         1       184       195       196       317
         1       184       185       196       317
         1       184       185       306       317
         1       184       195       316       317
         1       184       305       316       317
         1       184       305       306       317
         1       185       196       197       318
         1       185       186       197       318
         1       185       186       307       318
         1       185       196       317       318
         1       185       306       317       318
         1       185       306       307       318
         1       186       197       198       319
         1       186       187       198       319
         1       186       187       308       319
         1       186       197       318       319
         1       186       307       318       319
         1       186       307       308       319
         1       187       188       198       309
         1       177       187       188       309
         1       177       187       298       309
         1       187       198       309       319
         1       187       308       309       319
         1       187       298       308       309
         1       177       188       189       310
         1       177       178       189       310
         1       177       178       299       310
         1       177       188       309       310
         1       177       298       309       310
         1       177       298       299       310
         1       189       200       201       322
         1       189       190       201       322
         1       189       190       311       322
         1       189       200       321       322
         1       189       310       321       322
         1       189       310       311       322
         1       190       201       202       323
         1       190       191       202       323
         1       190       191       312       323
         1       190       201       322       323
         1       190       311       322       323
         1       190       311       312       323
         1       191       202       203       324
         1       191       192       203       324
         1       191       192       313       324
         1       191       202       323       324
         1       191       312       323       324
         1       191       312       313       324
         1       192       203       204       325
         1       192       193       204       325
         1       192       193       314       325
         1       192       203       324       325
         1       192       313       324       325
         1       192       313       314       325
         1       193       204       205       326
         1       193       194       205       326
         1       193       194       315       326
         1       193       204       325       326
         1       193       314       325       326
         1       193       314       315       326
         1       194       205       206       327
         1       194       195       206       327
         1       194       195       316       327
         1       194       205       326       327
         1       194       315       326       327
         1       194       315       316       327
         1       195       206       207       328
         1       195       196       207       328
         1       195       196       317       328
         1       195       206       327       328
         1       195       316       327       328
         1       195       316       317       328
         1       196       207       208       329
         1       196       197       208       329
         1       196       197       318       329
         1       196       207       328       329
         1       196       317       328       329
         1       196       317       318       329
         1       197       208       209       330
         1       197       198       209       330
         1       197       198       319       330
         1       197       208       329       330
         1       197       318       329       330
         1       197       318       319       330
         1       198       199       209       320
         1       188       198       199       320
         1       188       198       309       320
         1       198       209       320       330
         1       198       319       320       330
         1       198       309       319       320
         1       188       199       200       321
         1       188       189       200       321
         1       188       189       310       321
         1       188       199       320       321
         1       188       309       320       321
         1       188       309       310       321
         1       200       211       212       333
         1       200       201       212       333
         1       200       201       322       333
         1       200       211       332       333
         1       200       321       332       333
         1       200       321       322       333
         1       201       212       213       334
         1       201       202       213       334
         1       201       202       323       334
         1       201       212       333       334
         1       201       322       333       334
         1       201       322       323       334
         1       202       213       214       335
         1       202       203       214       335
         1       202       203       324       335
         1       202       213       334       335
         1       202       323       334       335
         1       202       323       324       335
         1       203       214       215       336
         1       203       204       215       336
         1       203       204       325       336
         1       203       214       335       336
         1       203       324       335       336
         1       203       324       325       336
         1       204       215       216       337
         1       204       205       216       337
         1       204       205       326       337
         1       204       215       336       337
         1       204       325       336       337
         1       204       325       326       337
         1       205       216       217       338
         1       205       206       217       338
         1       205       206       327       338
         1       205       216       337       338
         1       205       326       337       338
         1       205       326       327       338
         1       206       217       218       339
         1       206       207       218       339
         1       206       207       328       339
         1       206       217       338       339
         1       206       327       338       339
         1       206       327       328       339
         1       207       218       219       340
         1       207       208       219       340
         1       207       208       329       340
         1       207       218       339       340
         1       207       328       339       340
         1       207       328       329       340
         1       208       219       220       341
         1       208       209       220       341
         1       208       209       330       341
         1       208       219       340       341
         1       208       329       340       341
         1       208       329       330       341
         1       209       210       220       331
         1       199       209       210       331
         1       199       209       320       331
         1       209       220       331       341
         1       209       330       331       341
         1       209       320       330       331
         1       199       210       211       332
         1       199       200       211       332
         1       199       200       321       332
         1       199       210       331       332
         1       199       320       331       332
         1       199       320       321       332
         1       211       222       223       344
         1       211       212       223       344
         1       211       212       333       344
         1       211       222       343       344
         1       211       332       343       344
         1       211       332       333       344
         1       212       223       224       345
         1       212       213       224       345
         1       212       213       334       345
         1       212       223       344       345
         1       212       333       344       345
         1       212       333       334       345
         1       213       224       225       346
         1       213       214       225       346
         1       213       214       335       346
         1       213       224       345       346
         1       213       334       345       346
         1       213       334       335       346
         1       214       225       226       347
         1       214       215       226       347
         1       214       215       336       347
         1       214       225       346       347
         1       214       335       346       347
         1       214       335       336       347
         1       215       226       227       348
         1       215       216       227       348
         1       215       216       337       348
         1       215       226       347       348
         1       215       336       347       348
         1       215       336       337       348
         1       216       227       228       349
         1       216       217       228       349
         1       216       217       338       349
         1       216       227       348       349
         1       216       337       348       349
         1       216       337       338       349
         1       217       228       229       350
         1       217       218       229       350
         1       217       218       339       350
         1       217       228       349       350
         1       217       338       349       350
         1       217       338       339       350
         1       218       229       230       351
         1       218       219       230       351
         1       218       219       340       351
         1       218       229       350       351
         1       218       339       350       351
         1       218       339       340       351
         1       219       230       231       352
         1       219       220       231       352
         1       219       220       341       352
         1       219       230       351       352
         1       219       340       351       352
         1       219       340       341       352
         1       220       221       231       342
         1       210       220       221       342
         1       210       220       331       342
         1       220       231       342       352
         1       220       341       342       352
         1       220       331       341       342
         1       210       221       222       343
         1       210       211       222       343
         1       210       211       332       343
         1       210       221       342       343
         1       210       331       342       343
         1       210       331       332       343
         1       222       233       234       355
         1       222       223       234       355
         1       222       223       344       355
         1       222       233       354       355
         1       222       343       354       355
         1       222       343       344       355
         1       223       234       235       356
         1       223       224       235       356
         1       223       224       345       356
         1       223       234       355       356
         1       223       344       355       356
         1       223       344       345       356
         1       224       235       236       357
         1       224       225       236       357
         1       224       225       346       357
         1       224       235       356       357
         1       224       345       356       357
         1       224       345       346       357
         1       225       236       237       358
         1       225       226       237       358
         1       225       226       347       358
         1       225       236       357       358
         1       225       346       357       358
         1       225       346       347       358
         1       226       237       238       359
         1       226       227       238       359
         1       226       227       348       359
         1       226       237       358       359
         1       226       347       358       359
         1       226       347       348       359
         1       227       238       239       360
         1       227       228       239       360
         1       227       228       349       360
         1       227       238       359       360
         1       227       348       359       360
         1       227       348       349       360
         1       228       239       240       361
         1       228       229       240       361
         1       228       229       350       361
         1       228       239       360       361
         1       228       349       360       361
         1       228       349       350       361
         1       229       240       241       362
         1       229       230       241       362
         1       229       230       351       362
         1       229       240       361       362
         1       229       350       361       362
         1       229       350       351       362
         1       230       241       242       363
         1       230       231       242       363
         1       230       231       352       363
         1       230       241       362       363
         1       230       351       362       363
         1       230       351       352       363
         1       231       232       242       353
         1       221       231       232       353
         1       221       231       342       353
         1       231       242       353       363
         1       231       352       353       363
         1       231       342       352       353
         1       221       232       233       354
         1       221       222       233       354
         1       221       222       343       354
         1       221       232       353       354
         1       221       342       353       354
         1       221       342       343       354
         1       123       124       233       245
         1       124       233       234       245
         1       233       234       245       355
         1       123       233       244       245
         1       233       244       245       354
         1       233       245       354       355
         1       124       125       234       246
         1       125       234       235       246
         1       234       235       246       356
         1       124       234       245       246
         1       234       245       246       355
         1       234       246       355       356
         1       125       126       235       247
         1       126       235       236       247
         1       235       236       247       357
         1       125       235       246       247
         1       235       246       247       356
         1       235       247       356       357
         1       126       127       236       248
         1       127       236       237       248
         1       236       237       248       358
         1       126       236       247       248
         1       236       247       248       357
         1       236       248       357       358
         1       127       128       237       249
         1       128       237       238       249
         1       237       238       249       359
         1       127       237       248       249
         1       237       248       249       358
         1       237       249       358       359
         1       128       129       238       250
         1       129       238       239       250
         1       238       239       250       360
         1       128       238       249       250
         1       238       249       250       359
         1       238       250       359       360
         1       129       130       239       251
         1       130       239       240       251
         1       239       240       251       361
         1       129       239       250       251
         1       239       250       251       360
         1       239       251       360       361
         1       130       131       240       252
         1       131       240       241       252
         1       240       241       252       362
         1       130       240       251       252
         1       240       251       252       361
         1       240       252       361       362
         1       131       132       241       253
         1       132       241       242       253
         1       241       242       253       363
         1       131       241       252       253
         1       241       252       253       362
         1       241       253       362       363
         1       122       132       242       243
         1       122       232       242       243
         1       232       242       243       353
         1       132       242       243       253
         1       242       243       253       363
         1       242       243       353       363
         1       122       123       232       244
         1       123       232       233       244
         1       232       233       244       354
         1       122       232       243       244
         1       232       243       244       353
         1       232       244       353       354
         1       123       134       135       256
         1       123       124       135       256
         1       123       124       245       256
         1       123       134       255       256
         1       123       244       255       256
         1       123       244       245       256
         1       124       135       136       257
         1       124       125       136       257
         1       124       125       246       257
         1       124       135       256       257
         1       124       245       256       257
         1       124       245       246       257
         1       125       136       137       258
         1       125       126       137       258
         1       125       126       247       258
         1       125       136       257       258
         1       125       246       257       258
         1       125       246       247       258
         1       126       137       138       259
         1       126       127       138       259
         1       126       127       248       259
         1       126       137       258       259
         1       126       247       258       259
         1       126       247       248       259
         1       127       138       139       260
         1       127       128       139       260
         1       127       128       249       260
         1       127       138       259       260
         1       127       248       259       260
         1       127       248       249       260
         1       128       139       140       261
         1       128       129       140       261
         1       128       129       250       261
         1       128       139       260       261
         1       128       249       260       261
         1       128       249       250       261
         1       129       140       141       262
         1       129       130       141       262
         1       129       130       251       262
         1       129       140       261       262
         1       129       250       261       262
         1       129       250       251       262
         1       130       141       142       263
         1       130       131       142       263
         1       130       131       252       263
         1       130       141       262       263
         1       130       251       262       263
         1       130       251       252       263
         1       131       142       143       264
         1       131       132       143       264
         1       131       132       253       264
         1       131       142       263       264
         1       131       252       263       264
         1       131       252       253       264
         1       132       133       143       254
         1       122       132       133       254
         1       122       132       243       254
         1       132       143       254       264
         1       132       253       254       264
         1       132       243       253       254
         1       122       133       134       255
         1       122       123       134       255
         1       122       123       244       255
         1       122       133       254       255
         1       122       243       254       255
         1       122       243       244       255
         1       255       266       267       388
         1       255       256       267       388
         1       255       256       377       388
         1       255       266       387       388
         1       255       376       387       388
         1       255       376       377       388
         1       256       267       268       389
         1       256       257       268       389
         1       256       257       378       389
         1       256       267       388       389
         1       256       377       388       389
         1       256       377       378       389
         1       257       268       269       390
         1       257       258       269       390
         1       257       258       379       390
         1       257       268       389       390
         1       257       378       389       390
         1       257       378       379       390
         1       258       269       270       391
         1       258       259       270       391
         1       258       259       380       391
         1       258       269       390       391
         1       258       379       390       391
         1       258       379       380       391
         1       259       270       271       392
         1       259       260       271       392
         1       259       260       381       392
         1       259       270       391       392
         1       259       380       391       392
         1       259       380       381       392
         1       260       271       272       393
         1       260       261       272       393
         1       260       261       382       393
         1       260       271       392       393
         1       260       381       392       393
         1       260       381       382       393
         1       261       272       273       394
         1       261       262       273       394
         1       261       262       383       394
         1       261       272       393       394
         1       261       382       393       394
         1       261       382       383       394
         1       262       273       274       395
         1       262       263       274       395
         1       262       263       384       395
         1       262       273       394       395
         1       262       383       394       395
         1       262       383       384       395
         1       263       274       275       396
         1       263       264       275       396
         1       263       264       385       396
         1       263       274       395       396
         1       263       384       395       396
         1       263       384       385       396
         1       264       265       275       386
         1       254       264       265       386
         1       254       264       375       386
         1       264       275       386       396
         1       264       385       386       396
         1       264       375       385       386
         1       254       265       266       387
         1       254       255       266       387
         1       254       255       376       387
         1       254       265       386       387
         1       254       375       386       387
         1       254       375       376       387
         1       266       277       278       399
         1       266       267       278       399
         1       266       267       388       399
         1       266       277       398       399
         1       266       387       398       399
         1       266       387       388       399
         1       267       278       279       400
         1       267       268       279       400
         1       267       268       389       400
         1       267       278       399       400
         1       267       388       399       400
         1       267       388       389       400
         1       268       279       280       401
         1       268       269       280       401
         1       268       269       390       401
         1       268       279       400       401
         1       268       389       400       401
         1       268       389       390       401
         1       269       280       281       402
         1       269       270       281       402
         1       269       270       391       402
         1       269       280       401       402
         1       269       390       401       402
         1       269       390       391       402
         1       270       281       282       403
         1       270       271       282       403
         1       270       271       392       403
         1       270       281       402       403
         1       270       391       402       403
         1       270       391       392       403
         1       271       282       283       404
         1       271       272       283       404
         1       271       272       393       404
         1       271       282       403       404
         1       271       392       403       404
         1       271       392       393       404
         1       272       283       284       405
         1       272       273       284       405
         1       272       273       394       405
         1       272       283       404       405
         1       272       393       404       405
         1       272       393       394       405
         1       273       284       285       406
         1       273       274       285       406
         1       273       274       395       406
         1       273       284       405       406
         1       273       394       405       406
         1       273       394       395       406
         1       274       285       286       407
         1       274       275       286       407
         1       274       275       396       407
         1       274       285       406       407
         1       274       395       406       407
         1       274       395       396       407
         1       275       276       286       397
         1       265       275       276       397
         1       265       275       386       397
         1       275       286       397       407
         1       275       396       397       407
         1       275       386       396       397
         1       265       276       277       398
         1       265       266       277       398
         1       265       266       387       398
         1       265       276       397       398
         1       265       386       397       398
         1       265       386       387       398
         1       277       288       289       410
         1       277       278       289       410
         1       277       278       399       410
         1       277       288       409       410
         1       277       398       409       410
         1       277       398       399       410
         1       278       289       290       411
         1       278       279       290       411
         1       278       279       400       411
         1       278       289       410       411
         1       278       399       410       411
         1       278       399       400       411
         1       279       290       291       412
         1       279       280       291       412
         1       279       280       401       412
         1       279       290       411       412
         1       279       400       411       412
         1       279       400       401       412
         1       280       291       292       413
         1       280       281       292       413
         1       280       281       402       413
         1       280       291       412       413
         1       280       401       412       413
         1       280       401       402       413
         1       281       292       293       414
         1       281       282       293       414
         1       281       282       403       414
         1       281       292       413       414
         1       281       402       413       414
         1       281       402       403       414
         1       282       293       294       415
         1       282       283       294       415
         1       282       283       404       415
         1       282       293       414       415
         1       282       403       414       415
         1       282       403       404       415
         1       283       294       295       416
         1       283       284       295       416
         1       283       284       405       416
         1       283       294       415       416
         1       283       404       415       416
         1       283       404       405       416
         1       284       295       296       417
         1       284       285       296       417
         1       284       285       406       417
         1       284       295       416       417
         1       284       405       416       417
         1       284       405       406       417
         1       285       296       297       418
         1       285       286       297       418
         1       285       286       407       418
         1       285       296       417       418
         1       285       406       417       418
         1       285       406       407       418
         1       286       287       297       408
         1       276       286       287       408
         1       276       286       397       408
         1       286       297       408       418
         1       286       407       408       418
         1       286       397       407       408
         1       276       287       288       409
         1       276       277       288       409
         1       276       277       398       409
         1       276       287       408       409
         1       276       397       408       409
         1       276       397       398       409
         1       288       299       300       421
         1       288       289       300       421
         1       288       289       410       421
         1       288       299       420       421
         1       288       409       420       421
         1       288       409       410       421
         1       289       300       301       422
         1       289       290       301       422
         1       289       290       411       422
         1       289       300       421       422
         1       289       410       421       422
         1       289       410       411       422
         1       290       301       302       423
         1       290       291       302       423
         1       290       291       412       423
         1       290       301       422       423
         1       290       411       422       423
         1       290       411       412       423
         1       291       302       303       424
         1       291       292       303       424
         1       291       292       413       424
         1       291       302       423       424
         1       291       412       423       424
         1       291       412       413       424
         1       292       303       304       425
         1       292       293       304       425
         1       292       293       414       425
         1       292       303       424       425
         1       292       413       424       425
         1       292       413       414       425
         1       293       304       305       426
         1       293       294       305       426
         1       293       294       415       426
         1       293       304       425       426
         1       293       414       425       426
         1       293       414       415       426
         1       294       305       306       427
         1       294       295       306       427
         1       294       295       416       427
         1       294       305       426       427
         1       294       415       426       427
         1       294       415       416       427
         1       295       306       307       428
         1       295       296       307       428
         1       295       296       417       428
         1       295       306       427       428
         1       295       416       427       428
         1       295       416       417       428
         1       296       307       308       429
         1       296       297       308       429
         1       296       297       418       429
         1       296       307       428       429
         1       296       417       428       429
         1       296       417       418       429
         1       297       298       308       419
         1       287       297       298       419
         1       287       297       408       419
         1       297       308       419       429
         1       297       418       419       429
         1       297       408       418       419
         1       287       298       299       420
         1       287       288       299       420
         1       287       288       409       420
         1       287       298       419       420
         1       287       408       419       420
         1       287       408       409       420
         1       299       310       311       432
         1       299       300       311       432
         1       299       300       421       432
         1       299       310       431       432
         1       299       420       431       432
         1       299       420       421       432
         1       300       311       312       433
         1       300       301       312       433
         1       300       301       422       433
         1       300       311       432       433
         1       300       421       432       433
         1       300       421       422       433
         1       301       312       313       434
         1       301       302       313       434
         1       301       302       423       434
         1       301       312       433       434
         1       301       422       433       434
         1       301       422       423       434
         1       302       313       314       435
         1       302       303       314       435
         1       302       303       424       435
         1       302       313       434       435
         1       302       423       434       435
         1       302       423       424       435
         1       303       314       315       436
         1       303       304       315       436
         1       303       304       425       436
         1       303       314       435       436
         1       303       424       435       436
         1       303       424       425       436
         1       304       315       316       437
         1       304       305       316       437
         1       304       305       426       437
         1       304       315       436       437
         1       304       425       436       437
         1       304       425       426       437
         1       305       316       317       438
         1       305       306       317       438
         1       305       306       427       438
         1       305       316       437       438
         1       305       426       437       438
         1       305       426       427       438
         1       306       317       318       439
         1       306       307       318       439
         1       306       307       428       439
         1       306       317       438       439
         1       306       427       438       439
         1       306       427       428       439
         1       307       318       319       440
         1       307       308       319       440
         1       307       308       429       440
         1       307       318       439       440
         1       307       428       439       440
         1       307       428       429       440
         1       308       309       319       430
         1       298       308       309       430
         1       298       308       419       430
         1       308       319       430       440
         1       308       429       430       440
         1       308       419       429       430
         1       298       309       310       431
         1       298       299       310       431
         1       298       299       420       431
         1       298       309       430       431
         1       298       419       430       431
         1       298       419       420       431
         1       310       321       322       443
         1       310       311       322       443
         1       310       311       432       443
         1       310       321       442       443
         1       310       431       442       443
         1       310       431       432       443
         1       311       322       323       444
         1       311       312       323       444
         1       311       312       433       444
         1       311       322       443       444
         1       311       432       443       444
         1       311       432       433       444
         1       312       323       324       445
         1       312       313       324       445
         1       312       313       434       445
         1       312       323       444       445
         1       312       433       444       445
         1       312       433       434       445
         1       313       324       325       446
         1       313       314       325       446
         1       313       314       435       446
         1       313       324       445       446
         1       313       434       445       446
         1       313       434       435       446
         1       314       325       326       447
         1       314       315       326       447
         1       314       315       436       447
         1       314       325       446       447
         1       314       435       446       447
         1       314       435       436       447
         1       315       326       327       448
         1       315       316       327       448
         1       315       316       437       448
         1       315       326       447       448
         1       315       436       447       448
         1       315       436       437       448
         1       316       327       328       449
         1       316       317       328       449
         1       316       317       438       449
         1       316       327       448       449
         1       316       437       448       449
         1       316       437       438       449
         1       317       328       329       450
         1       317       318       329       450
         1       317       318       439       450
         1       317       328       449       450
         1       317       438       449       450
         1       317       438       439       450
         1       318       329       330       451
         1       318       319       330       451
         1       318       319       440       451
         1       318       329       450       451
         1       318       439       450       451
         1       318       439       440       451
         1       319       320       330       441
         1       309       319       320       441
         1       309       319       430       441
         1       319       330       441       451
         1       319       440       441       451
         1       319       430       440       441
         1       309       320       321       442
         1       309       310       321       442
         1       309       310       431       442
         1       309       320       441       442
         1       309       430       441       442
         1       309       430       431       442
         1       321       332       333       454
         1       321       322       333       454
         1       321       322       443       454
         1       321       332       453       454
         1       321       442       453       454
         1       321       442       443       454
         1       322       333       334       455
         1       322       323       334       455
         1       322       323       444       455
         1       322       333       454       455
         1       322       443       454       455
         1       322       443       444       455
         1       323       334       335       456
         1       323       324       335       456
         1       323       324       445       456
         1       323       334       455       456
         1       323       444       455       456
         1       323       444       445       456
         1       324       335       336       457
         1       324       325       336       457
         1       324       325       446       457
         1       324       335       456       457
         1       324       445       456       457
         1       324       445       446       457
         1       325       336       337       458
         1       325       326       337       458
         1       325       326       447       458
         1       325       336       457       458
         1       325       446       457       458
         1       325       446       447       458
         1       326       337       338       459
         1       326       327       338       459
         1       326       327       448       459
         1       326       337       458       459
         1       326       447       458       459
         1       326       447       448       459
         1       327       338       339       460
         1       327       328       339       460
         1       327       328       449       460
         1       327       338       459       460
         1       327       448       459       460
         1       327       448       449       460
         1       328       339       340       461
         1       328       329       340       461
         1       328       329       450       461
         1       328       339       460       461
         1       328       449       460       461
         1       328       449       450       461
         1       329       340       341       462
         1       329       330       341       462
         1       329       330       451       462
         1       329       340       461       462
         1       329       450       461       462
         1       329       450       451       462
         1       330       331       341       452
         1       320       330       331       452
         1       320       330       441       452
         1       330       341       452       462
         1       330       451       452       462
         1       330       441       451       452
         1       320       331       332       453
         1       320       321       332       453
         1       320       321       442       453
         1       320       331       452       453
         1       320       441       452       453
         1       320       441       442       453
         1       332       343       344       465
         1       332       333       344       465
         1       332       333       454       465
         1       332       343       464       465
         1       332       453       464       465
         1       332       453       454       465
         1       333       344       345       466
         1       333       334       345       466
         1       333       334       455       466
         1       333       344       465       466
         1       333       454       465       466
         1       333       454       455       466
         1       334       345       346       467
         1       334       335       346       467
         1       334       335       456       467
         1       334       345       466       467
         1       334       455       466       467
         1       334       455       456       467
         1       335       346       347       468
         1       335       336       347       468
         1       335       336       457       468
         1       335       346       467       468
         1       335       456       467       468
         1       335       456       457       468
         1       336       347       348       469
         1       336       337       348       469
         1       336       337       458       469
         1       336       347       468       469
         1       336       457       468       469
         1       336       457       458       469
         1       337       348       349       470
         1       337       338       349       470
         1       337       338       459       470
         1       337       348       469       470
         1       337       458       469       470
         1       337       458       459       470
         1       338       349       350       471
         1       338       339       350       471
         1       338       339       460       471
         1       338       349       470       471
         1       338       459       470       471
         1       338       459       460       471
         1       339       350       351       472
         1       339       340       351       472
         1       339       340       461       472
         1       339       350       471       472
         1       339       460       471       472
         1       339       460       461       472
         1       340       351       352       473
         1       340       341       352       473
         1       340       341       462       473
         1       340       351       472       473
         1       340       461       472       473
         1       340       461       462       473
         1       341       342       352       463
         1       331       341       342       463
         1       331       341       452       463
         1       341       352       463       473
         1       341       462       463       473
         1       341       452       462       463
         1       331       342       343       464
         1       331       332       343       464
         1       331       332       453       464
         1       331       342       463       464
         1       331       452       463       464
         1       331       452       453       464
         1       343       354       355       476
         1       343       344       355       476
         1       343       344       465       476
         1       343       354       475       476
         1       343       464       475       476
         1       343       464       465       476
         1       344       355       356       477
         1       344       345       356       477
         1       344       345       466       477
         1       344       355       476       477
         1       344       465       476       477
         1       344       465       466       477
         1       345       356       357       478
         1       345       346       357       478
         1       345       346       467       478
         1       345       356       477       478
         1       345       466       477       478
         1       345       466       467       478
         1       346       357       358       479
         1       346       347       358       479
         1       346       347       468       479
         1       346       357       478       479
         1       346       467       478       479
         1       346       467       468       479
         1       347       358       359       480
         1       347       348       359       480
         1       347       348       469       480
         1       347       358       479       480
         1       347       468       479       480
         1       347       468       469       480
         1       348       359       360       481
         1       348       349       360       481
         1       348       349       470       481
         1       348       359       480       481
         1       348       469       480       481
         1       348       469       470       481
         1       349       360       361       482
         1       349       350       361       482
         1       349       350       471       482
         1       349       360       481       482
         1       349       470       481       482
         1       349       470       471       482
         1       350       361       362       483
         1       350       351       362       483
         1       350       351       472       483
         1       350       361       482       483
         1       350       471       482       483
         1       350       471       472       483
         1       351       362       363       484
         1       351       352       363       484
         1       351       352       473       484
         1       351       362       483       484
         1       351       472       483       484
         1       351       472       473       484
         1       352       353       363       474
         1       342       352       353       474
         1       342       352       463       474
         1       352       363       474       484
         1       352       473       474       484
         1       352       463       473       474
         1       342       353       354       475
         1       342       343       354       475
         1       342       343       464       475
         1       342       353       474       475
         1       342       463       474       475
         1       342       463       464       475
         1       244       245       354       366
         1       245       354       355       366
         1       354       355       366       476
         1       244       354       365       366
         1       354       365       366       475
         1       354       366       475       476
         1       245       246       355       367
         1       246       355       356       367
         1       355       356       367       477
         1       245       355       366       367
         1       355       366       367       476
         1       355       367       476       477
         1       246       247       356       368
         1       247       356       357       368
         1       356       357       368       478
         1       246       356       367       368
         1       356       367       368       477
         1       356       368       477       478
         1       247       248       357       369
         1       248       357       358       369
         1       357       358       369       479
         1       247       357       368       369
         1       357       368       369       478
         1       357       369       478       479
         1       248       249       358       370
         1       249       358       359       370
         1       358       359       370       480
         1       248       358       369       370
         1       358       369       370       479
         1       358       370       479       480
         1       249       250       359       371
         1       250       359       360       371
         1       359       360       371       481
         1       249       359       370       371
         1       359       370       371       480
         1       359       371       480       481
         1       250       251       360       372
         1       251       360       361       372
         1       360       361       372       482
         1       250       360       371       372
         1       360       371       372       481
         1       360       372       481       482
         1       251       252       361       373
         1       252       361       362       373
         1       361       362       373       483
         1       251       361       372       373
         1       361       372       373       482
         1       361       373       482       483
         1       252       253       362       374
         1       253       362       363       374
         1       362       363       374       484
         1       252       362       373       374
         1       362       373       374       483
         1       362       374       483       484
         1       243       253       363       364
         1       243       353       363       364
         1       353       363       364       474
         1       253       363       364       374
         1       363       364       374       484
         1       363       364       474       484
         1       243       244       353       365
         1       244       353       354       365
         1       353       354       365       475
         1       243       353       364       365
         1       353       364       365       474
         1       353       365       474       475
         1       244       255       256       377
         1       244       245       256       377
         1       244       245       366       377
         1       244       255       376       377
         1       244       365       376       377
         1       244       365       366       377
         1       245       256       257       378
         1       245       246       257       378
         1       245       246       367       378
         1       245       256       377       378
         1       245       366       377       378
         1       245       366       367       378
         1       246       257       258       379
         1       246       247       258       379
         1       246       247       368       379
         1       246       257       378       379
         1       246       367       378       379
         1       246       367       368       379
         1       247       258       259       380
         1       247       248       259       380
         1       247       248       369       380
         1       247       258       379       380
         1       247       368       379       380
         1       247       368       369       380
         1       248       259       260       381
         1       248       249       260       381
         1       248       249       370       381
         1       248       259       380       381
         1       248       369       380       381
         1       248       369       370       381
         1       249       260       261       382
         1       249       250       261       382
         1       249       250       371       382
         1       249       260       381       382
         1       249       370       381       382
         1       249       370       371       382
         1       250       261       262       383
         1       250       251       262       383
         1       250       251       372       383
         1       250       261       382       383
         1       250       371       382       383
         1       250       371       372       383
         1       251       262       263       384
         1       251       252       263       384
         1       251       252       373       384
         1       251       262       383       384
         1       251       372       383       384
         1       251       372       373       384
         1       252       263       264       385
         1       252       253       264       385
         1       252       253       374       385
         1       252       263       384       385
         1       252       373       384       385
         1       252       373       374       385
         1       253       254       264       375
         1       243       253       254       375
         1       243       253       364       375
         1       253       264       375       385
         1       253       374       375       385
         1       253       364       374       375
         1       243       254       255       376
         1       243       244       255       376
         1       243       244       365       376
         1       243       254       375       376
         1       243       364       375       376
         1       243       364       365       376
         1       376       387       388       509
         1       376       377       388       509
         1       376       377       498       509
         1       376       387       508       509
         1       376       497       508       509
         1       376       497       498       509
         1       377       388       389       510
         1       377       378       389       510
         1       377       378       499       510
         1       377       388       509       510
         1       377       498       509       510
         1       377       498       499       510
         1       378       389       390       511
         1       378       379       390       511
         1       378       379       500       511
         1       378       389       510       511
         1       378       499       510       511
         1       378       499       500       511
         1       379       390       391       512
         1       379       380       391       512
         1       379       380       501       512
         1       379       390       511       512
         1       379       500       511       512
         1       379       500       501       512
         1       380       391       392       513
         1       380       381       392       513
         1       380       381       502       513
         1       380       391       512       513
         1       380       501       512       513
         1       380       501       502       513
         1       381       392       393       514
         1       381       382       393       514
         1       381       382       503       514
         1       381       392       513       514
         1       381       502       513       514
         1       381       502       503       514
         1       382       393       394       515
         1       382       383       394       515
         1       382       383       504       515
         1       382       393       514       515
         1       382       503       514       515
         1       382       503       504       515
         1       383       394       395       516
         1       383       384       395       516
         1       383       384       505       516
         1       383       394       515       516
         1       383       504       515       516
         1       383       504       505       516
         1       384       395       396       517
         1       384       385       396       517
         1       384       385       506       517
         1       384       395       516       517
         1       384       505       516       517
         1       384       505       506       517
         1       385       386       396       507
         1       375       385       386       507
         1       375       385       496       507
         1       385       396       507       517
         1       385       506       507       517
         1       385       496       506       507
         1       375       386       387       508
         1       375       376       387       508
         1       375       376       497       508
         1       375       386       507       508
         1       375       496       507       508
         1       375       496       497       508
         1       387       398       399       520
         1       387       388       399       520
         1       387       388       509       520
         1       387       398       519       520
         1       387       508       519       520
         1       387       508       509       520
         1       388       399       400       521
         1       388       389       400       521
         1       388       389       510       521
         1       388       399       520       521
         1       388       509       520       521
         1       388       509       510       521
         1       389       400       401       522
         1       389       390       401       522
         1       389       390       511       522
         1       389       400       521       522
         1       389       510       521       522
         1       389       510       511       522
         1       390       401       402       523
         1       390       391       402       523
         1       390       391       512       523
         1       390       401       522       523
         1       390       511       522       523
         1       390       511       512       523
         1       391       402       403       524
         1       391       392       403       524
         1       391       392       513       524
         1       391       402       523       524
         1       391       512       523       524
         1       391       512       513       524
         1       392       403       404       525
         1       392       393       404       525
         1       392       393       514       525
         1       392       403       524       525
         1       392       513       524       525
         1       392       513       514       525
         1       393       404       405       526
         1       393       394       405       526
         1       393       394       515       526
         1       393       404       525       526
         1       393       514       525       526
         1       393       514       515       526
         1       394       405       406       527
         1       394       395       406       527
         1       394       395       516       527
         1       394       405       526       527
         1       394       515       526       527
         1       394       515       516       527
         1       395       406       407       528
         1       395       396       407       528
         1       395       396       517       528
         1       395       406       527       528
         1       395       516       527       528
         1       395       516       517       528
         1       396       397       407       518
         1       386       396       397       518
         1       386       396       507       518
         1       396       407       518       528
         1       396       517       518       528
         1       396       507       517       518
         1       386       397       398       519
         1       386       387       398       519
         1       386       387       508       519
         1       386       397       518       519
         1       386       507       518       519
         1       386       507       508       519
         1       398       409       410       531
         1       398       399       410       531
         1       398       399       520       531
         1       398       409       530       531
         1       398       519       530       531
         1       398       519       520       531
         1       399       410       411       532
         1       399       400       411       532
         1       399       400       521       532
         1       399       410       531       532
         1       399       520       531       532
         1       399       520       521       532
         1       400       411       412       533
         1       400       401       412       533
         1       400       401       522       533
         1       400       411       532       533
         1       400       521       532       533
         1       400       521       522       533
         1       401       412       413       534
         1       401       402       413       534
         1       401       402       523       534
         1       401       412       533       534
         1       401       522       533       534
         1       401       522       523       534
         1       402       413       414       535
         1       402       403       414       535
         1       402       403       524       535
         1       402       413       534       535
         1       402       523       534       535
         1       402       523       524       535
         1       403       414       415       536
         1       403       404       415       536
         1       403       404       525       536
         1       403       414       535       536
         1       403       524       535       536
         1       403       524       525       536
         1       404       415       416       537
         1       404       405       416       537
         1       404       405       526       537
         1       404       415       536       537
         1       404       525       536       537
         1       404       525       526       537
         1       405       416       417       538
         1       405       406       417       538
         1       405       406       527       538
         1       405       416       537       538
         1       405       526       537       538
         1       405       526       527       538
         1       406       417       418       539
         1       406       407       418       539
         1       406       407       528       539
         1       406       417       538       539
         1       406       527       538       539
         1       406       527       528       539
         1       407       408       418       529
         1       397       407       408       529
         1       397       407       518       529
         1       407       418       529       539
         1       407       528       529       539
         1       407       518       528       529
         1       397       408       409       530
         1       397       398       409       530
         1       397       398       519       530
         1       397       408       529       530
         1       397       518       529       530
         1       397       518       519       530
         1       409       420       421       542
         1       409       410       421       542
         1       409       410       531       542
         1       409       420       541       542
         1       409       530       541       542
         1       409       530       531       542
         1       410       421       422       543
         1       410       411       422       543
         1       410       411       532       543
         1       410       421       542       543
         1       410       531       542       543
         1       410       531       532       543
         1       411       422       423       544
         1       411       412       423       544
         1       411       412       533       544
         1       411       422       543       544
         1       411       532       543       544
         1       411       532       533       544
         1       412       423       424       545
         1       412       413       424       545
         1       412       413       534       545
         1       412       423       544       545
         1       412       533       544       545
         1       412       533       534       545
         1       413       424       425       546
         1       413       414       425       546
         1       413       414       535       546
         1       413       424       545       546
         1       413       534       545       546
         1       413       534       535       546
         1       414       425       426       547
         1       414       415       426       547
         1       414       415       536       547
         1       414       425       546       547
         1       414       535       546       547
         1       414       535       536       547
         1       415       426       427       548
         1       415       416       427       548
         1       415       416       537       548
         1       415       426       547       548
         1       415       536       547       548
         1       415       536       537       548
         1       416       427       428       549
         1       416       417       428       549
         1       416       417       538       549
         1       416       427       548       549
         1       416       537       548       549
         1       416       537       538       549
         1       417       428       429       550
         1       417       418       429       550
         1       417       418       539       550
         1       417       428       549       550
         1       417       538       549       550
         1       417       538       539       550
         1       418       419       429       540
         1       408       418       419       540
         1       408       418       529       540
         1       418       429       540       550
         1       418       539       540       550
         1       418       529       539       540
         1       408       419       420       541
         1       408       409       420       541
         1       408       409       530       541
         1       408       419       540       541
         1       408       529       540       541
         1       408       529       530       541
         1       420       431       432       553
         1       420       421       432       553
         1       420       421       542       553
         1       420       431       552       553
         1       420       541       552       553
         1       420       541       542       553
         1       421       432       433       554
         1       421       422       433       554
         1       421       422       543       554
         1       421       432       553       554
         1       421       542       553       554
         1       421       542       543       554
         1       422       433       434       555
         1       422       423       434       555
         1       422       423       544       555
         1       422       433       554       555
         1       422       543       554       555
         1       422       543       544       555
         1       423       434       435       556
         1       423       424       435       556
         1       423       424       545       556
         1       423       434       555       556
         1       423       544       555       556
         1       423       544       545       556
         1       424       435       436       557
         1       424       425       436       557
         1       424       425       546       557
         1       424       435       556       557
         1       424       545       556       557
         1       424       545       546       557
         1       425       436       437       558
         1       425       426       437       558
         1       425       426       547       558
         1       425       436       557       558
         1       425       546       557       558
         1       425       546       547       558
         1       426       437       438       559
         1       426       427       438       559
         1       426       427       548       559
         1       426       437       558       559
         1       426       547       558       559
         1       426       547       548       559
         1       427       438       439       560
         1       427       428       439       560
         1       427       428       549       560
         1       427       438       559       560
         1       427       548       559       560
         1       427       548       549       560
         1       428       439       440       561
         1       428       429       440       561
         1       428       429       550       561
         1       428       439       560       561
         1       428       549       560       561
         1       428       549       550       561
         1       429       430       440       551
         1       419       429       430       551
         1       419       429       540       551
         1       429       440       551       561
         1       429       550       551       561
         1       429       540       550       551
         1       419       430       431       552
         1       419       420       431       552
         1       419       420       541       552
         1       419       430       551       552
         1       419       540       551       552
         1       419       540       541       552
         1       431       442       443       564
         1       431       432       443       564
         1       431       432       553       564
         1       431       442       563       564
         1       431       552       563       564
         1       431       552       553       564
         1       432       443       444       565
         1       432       433       444       565
         1       432       433       554       565
         1       432       443       564       565
         1       432       553       564       565
         1       432       553       554       565
         1       433       444       445       566
         1       433       434       445       566
         1       433       434       555       566
         1       433       444       565       566
         1       433       554       565       566
         1       433       554       555       566
         1       434       445       446       567
         1       434       435       446       567
         1       434       435       556       567
         1       434       445       566       567
         1       434       555       566       567
         1       434       555       556       567
         1       435       446       447       568
         1       435       436       447       568
         1       435       436       557       568
         1       435       446       567       568
         1       435       556       567       568
         1       435       556       557       568
         1       436       447       448       569
         1       436       437       448       569
         1       436       437       558       569
         1       436       447       568       569
         1       436       557       568       569
         1       436       557       558       569
         1       437       448       449       570
         1       437       438       449       570
         1       437       438       559       570
         1       437       448       569       570
         1       437       558       569       570
         1       437       558       559       570
         1       438       449       450       571
         1       438       439       450       571
         1       438       439       560       571
         1       438       449       570       571
         1       438       559       570       571
         1       438       559       560       571
         1       439       450       451       572
         1       439       440       451       572
         1       439       440       561       572
         1       439       450       571       572
         1       439       560       571       572
         1       439       560       561       572
         1       440       441       451       562
         1       430       440       441       562
         1       430       440       551       562
         1       440       451       562       572
         1       440       561       562       572
         1       440       551       561       562
         1       430       441       442       563
         1       430       431       442       563
         1       430       431       552       563
         1       430       441       562       563
         1       430       551       562       563
         1       430       551       552       563
         1       442       453       454       575
         1       442       443       454       575
         1       442       443       564       575
         1       442       453       574       575
         1       442       563       574       575
         1       442       563       564       575
         1       443       454       455       576
         1       443       444       455       576
         1       443       444       565       576
         1       443       454       575       576
         1       443       564       575       576
         1       443       564       565       576
         1       444       455       456       577
         1       444       445       456       577
         1       444       445       566       577
         1       444       455       576       577
         1       444       565       576       577
         1       444       565       566       577
         1       445       456       457       578
         1       445       446       457       578
         1       445       446       567       578
         1       445       456       577       578
         1       445       566       577       578
         1       445       566       567       578
         1       446       457       458       579
         1       446       447       458       579
         1       446       447       568       579
         1       446       457       578       579
         1       446       567       578       579
         1       446       567       568       579
         1       447       458       459       580
         1       447       448       459       580
         1       447       448       569       580
         1       447       458       579       580
         1       447       568       579       580
         1       447       568       569       580
         1       448       459       460       581
         1       448       449       460       581
         1       448       449       570       581
         1       448       459       580       581
         1       448       569       580       581
         1       448       569       570       581
         1       449       460       461       582
         1       449       450       461       582
         1       449       450       571       582
         1       449       460       581       582
         1       449       570       581       582
         1       449       570       571       582
         1       450       461       462       583
         1       450       451       462       583
         1       450       451       572       583
         1       450       461       582       583
         1       450       571       582       583
         1       450       571       572       583
         1       451       452       462       573
         1       441       451       452       573
         1       441       451       562       573
         1       451       462       573       583
         1       451       572       573       583
         1       451       562       572       573
         1       441       452       453       574
         1       441       442       453       574
         1       441       442       563       574
         1       441       452       573       574
         1       441       562       573       574
         1       441       562       563       574
         1       453       464       465       586
         1       453       454       465       586
         1       453       454       575       586
         1       453       464       585       586
         1       453       574       585       586
         1       453       574       575       586
         1       454       465       466       587
         1       454       455       466       587
         1       454       455       576       587
         1       454       465       586       587
         1       454       575       586       587
         1       454       575       576       587
         1       455       466       467       588
         1       455       456       467       588
         1       455       456       577       588
         1       455       466       587       588
         1       455       576       587       588
         1       455       576       577       588
         1       456       467       468       589
         1       456       457       468       589
         1       456       457       578       589
         1       456       467       588       589
         1       456       577       588       589
         1       456       577       578       589
         1       457       468       469       590
         1       457       458       469       590
         1       457       458       579       590
         1       457       468       589       590
         1       457       578       589       590
         1       457       578       579       590
         1       458       469       470       591
         1       458       459       470       591
         1       458       459       580       591
         1       458       469       590       591
         1       458       579       590       591
         1       458       579       580       591
         1       459       470       471       592
         1       459       460       471       592
         1       459       460       581       592
         1       459       470       591       592
         1       459       580       591       592
         1       459       580       581       592
         1       460       471       472       593
         1       460       461       472       593
         1       460       461       582       593
         1       460       471       592       593
         1       460       581       592       593
         1       460       581       582       593
         1       461       472       473       594
         1       461       462       473       594
         1       461       462       583       594
         1       461       472       593       594
         1       461       582       593       594
         1       461       582       583       594
         1       462       463       473       584
         1       452       462       463       584
         1       452       462       573       584
         1       462       473       584       594
         1       462       583       584       594
         1       462       573       583       584
         1       452       463       464       585
         1       452       453       464       585
         1       452       453       574       585
         1       452       463       584       585
         1       452       573       584       585
         1       452       573       574       585
         1       464       475       476       597
         1       464       465       476       597
         1       464       465       586       597
         1       464       475       596       597
         1       464       585       596       597
         1       464       585       586       597
         1       465       476       477       598
         1       465       466       477       598
         1       465       466       587       598
         1       465       476       597       598
         1       465       586       597       598
         1       465       586       587       598
         1       466       477       478       599
         1       466       467       478       599
         1       466       467       588       599
         1       466       477       598       599
         1       466       587       598       599
         1       466       587       588       599
         1       467       478       479       600
         1       467       468       479       600
         1       467       468       589       600
         1       467       478       599       600
         1       467       588       599       600
         1       467       588       589       600
         1       468       479       480       601
         1       468       469       480       601
         1       468       469       590       601
         1       468       479       600       601
         1       468       589       600       601
         1       468       589       590       601
         1       469       480       481       602
         1       469       470       481       602
         1       469       470       591       602
         1       469       480       601       602
         1       469       590       601       602
         1       469       590       591       602
         1       470       481       482       603
         1       470       471       482       603
         1       470       471       592       603
         1       470       481       602       603
         1       470       591       602       603
         1       470       591       592       603
         1       471       482       483       604
         1       471       472       483       604
         1       471       472       593       604
         1       471       482       603       604
         1       471       592       603       604
         1       471       592       593       604
         1       472       483       484       605
         1       472       473       484       605
         1       472       473       594       605
         1       472       483       604       605
         1       472       593       604       605
         1       472       593       594       605
         1       473       474       484       595
         1       463       473       474       595
         1       463       473       584       595
         1       473       484       595       605
         1       473       594       595       605
         1       473       584       594       595
         1       463       474       475       596
         1       463       464       475       596
         1       463       464       585       596
         1       463       474       595       596
         1       463       584       595       596
         1       463       584       585       596
         1       365       366       475       487
         1       366       475       476       487
         1       475       476       487       597
         1       365       475       486       487
         1       475       486       487       596
         1       475       487       596       597
         1       366       367       476       488
         1       367       476       477       488
         1       476       477       488       598
         1       366       476       487       488
         1       476       487       488       597
         1       476       488       597       598
         1       367       368       477       489
         1       368       477       478       489
         1       477       478       489       599
         1       367       477       488       489
         1       477       488       489       598
         1       477       489       598       599
         1       368       369       478       490
         1       369       478       479       490
         1       478       479       490       600
         1       368       478       489       490
         1       478       489       490       599
         1       478       490       599       600
         1       369       370       479       491
         1       370       479       480       491
         1       479       480       491       601
         1       369       479       490       491
         1       479       490       491       600
         1       479       491       600       601
         1       370       371       480       492
         1       371       480       481       492
         1       480       481       492       602
         1       370       480       491       492
         1       480       491       492       601
         1       480       492       601       602
         1       371       372       481       493
         1       372       481       482       493
         1       481       482       493       603
         1       371       481       492       493
         1       481       492       493       602
         1       481       493       602       603
         1       372       373       482       494
         1       373       482       483       494
         1       482       483       494       604
         1       372       482       493       494
         1       482       493       494       603
         1       482       494       603       604
         1       373       374       483       495
         1       374       483       484       495
         1       483       484       495       605
         1       373       483       494       495
         1       483       494       495       604
         1       483       495       604       605
         1       364       374       484       485
         1       364       474       484       485
         1       474       484       485       595
         1       374       484       485       495
         1       484       485       495       605
         1       484       485       595       605
         1       364       365       474       486
         1       365       474       475       486
         1       474       475       486       596
         1       364       474       485       486
         1       474       485       486       595
         1       474       486       595       596
         1       365       376       377       498
         1       365       366       377       498
         1       365       366       487       498
         1       365       376       497       498
         1       365       486       497       498
         1       365       486       487       498
         1       366       377       378       499
         1       366       367       378       499
         1       366       367       488       499
         1       366       377       498       499
         1       366       487       498       499
         1       366       487       488       499
         1       367       378       379       500
         1       367       368       379       500
         1       367       368       489       500
         1       367       378       499       500
         1       367       488       499       500
         1       367       488       489       500
         1       368       379       380       501
         1       368       369       380       501
         1       368       369       490       501
         1       368       379       500       501
         1       368       489       500       501
         1       368       489       490       501
         1       369       380       381       502
         1       369       370       381       502
         1       369       370       491       502
         1       369       380       501       502
         1       369       490       501       502
         1       369       490       491       502
         1       370       381       382       503
         1       370       371       382       503
         1       370       371       492       503
         1       370       381       502       503
         1       370       491       502       503
         1       370       491       492       503
         1       371       382       383       504
         1       371       372       383       504
         1       371       372       493       504
         1       371       382       503       504
         1       371       492       503       504
         1       371       492       493       504
         1       372       383       384       505
         1       372       373       384       505
         1       372       373       494       505
         1       372       383       504       505
         1       372       493       504       505
         1       372       493       494       505
         1       373       384       385       506
         1       373       374       385       506
         1       373       374       495       506
         1       373       384       505       506
         1       373       494       505       506
         1       373       494       495       506
         1       374       375       385       496
         1       364       374       375       496
         1       364       374       485       496
         1       374       385       496       506
         1       374       495       496       506
         1       374       485       495       496
         1       364       375       376       497
         1       364       365       376       497
         1       364       365       486       497
         1       364       375       496       497
         1       364       485       496       497
         1       364       485       486       497
         1       497       508       509       630
         1       497       498       509       630
         1       497       498       619       630
         1       497       508       629       630
         1       497       618       629       630
         1       497       618       619       630
         1       498       509       510       631
         1       498       499       510       631
         1       498       499       620       631
         1       498       509       630       631
         1       498       619       630       631
         1       498       619       620       631
         1       499       510       511       632
         1       499       500       511       632
         1       499       500       621       632
         1       499       510       631       632
         1       499       620       631       632
         1       499       620       621       632
         1       500       511       512       633
         1       500       501       512       633
         1       500       501       622       633
         1       500       511       632       633
         1       500       621       632       633
         1       500       621       622       633
         1       501       512       513       634
         1       501       502       513       634
         1       501       502       623       634
         1       501       512       633       634
         1       501       622       633       634
         1       501       622       623       634
         1       502       513       514       635
         1       502       503       514       635
         1       502       503       624       635
         1       502       513       634       635
         1       502       623       634       635
         1       502       623       624       635
         1       503       514       515       636
         1       503       504       515       636
         1       503       504       625       636
         1       503       514       635       636
         1       503       624       635       636
         1       503       624       625       636
         1       504       515       516       637
         1       504       505       516       637
         1       504       505       626       637
         1       504       515       636       637
         1       504       625       636       637
         1       504       625       626       637
         1       505       516       517       638
         1       505       506       517       638
         1       505       506       627       638
         1       505       516       637       638
         1       505       626       637       638
         1       505       626       627       638
         1       506       507       517       628
         1       496       506       507       628
         1       496       506       617       628
         1       506       517       628       638
         1       506       627       628       638
         1       506       617       627       628
         1       496       507       508       629
         1       496       497       508       629
         1       496       497       618       629
         1       496       507       628       629
         1       496       617       628       629
         1       496       617       618       629
         1       508       519       520       641
         1       508       509       520       641
         1       508       509       630       641
         1       508       519       640       641
         1       508       629       640       641
         1       508       629       630       641
         1       509       520       521       642
         1       509       510       521       642
         1       509       510       631       642
         1       509       520       641       642
         1       509       630       641       642
         1       509       630       631       642
         1       510       521       522       643
         1       510       511       522       643
         1       510       511       632       643
         1       510       521       642       643
         1       510       631       642       643
         1       510       631       632       643
         1       511       522       523       644
         1       511       512       523       644
         1       511       512       633       644
         1       511       522       643       644
         1       511       632       643       644
         1       511       632       633       644
         1       512       523       524       645
         1       512       513       524       645
         1       512       513       634       645
         1       512       523       644       645
         1       512       633       644       645
         1       512       633       634       645
         1       513       524       525       646
         1       513       514       525       646
         1       513       514       635       646
         1       513       524       645       646
         1       513       634       645       646
         1       513       634       635       646
         1       514       525       526       647
         1       514       515       526       647
         1       514       515       636       647
         1       514       525       646       647
         1       514       635       646       647
         1       514       635       636       647
         1       515       526       527       648
         1       515       516       527       648
         1       515       516       637       648
         1       515       526       647       648
         1       515       636       647       648
         1       515       636       637       648
         1       516       527       528       649
         1       516       517       528       649
         1       516       517       638       649
         1       516       527       648       649
         1       516       637       648       649
         1       516       637       638       649
         1       517       518       528       639
         1       507       517       518       639
         1       507       517       628       639
         1       517       528       639       649
         1       517       638       639       649
         1       517       628       638       639
         1       507       518       519       640
         1       507       508       519       640
         1       507       508       629       640
         1       507       518       639       640
         1       507       628       639       640
         1       507       628       629       640
         1       519       530       531       652
         1       519       520       531       652
         1       519       520       641       652
         1       519       530       651       652
         1       519       640       651       652
         1       519       640       641       652
         1       520       531       532       653
         1       520       521       532       653
         1       520       521       642       653
         1       520       531       652       653
         1       520       641       652       653
         1       520       641       642       653
         1       521       532       533       654
         1       521       522       533       654
         1       521       522       643       654
         1       521       532       653       654
         1       521       642       653       654
         1       521       642       643       654
         1       522       533       534       655
         1       522       523       534       655
         1       522       523       644       655
         1       522       533       654       655
         1       522       643       654       655
         1       522       643       644       655
         1       523       534       535       656
         1       523       524       535       656
         1       523       524       645       656
         1       523       534       655       656
         1       523       644       655       656
         1       523       644       645       656
         1       524       535       536       657
         1       524       525       536       657
         1       524       525       646       657
         1       524       535       656       657
         1       524       645       656       657
         1       524       645       646       657
         1       525       536       537       658
         1       525       526       537       658
         1       525       526       647       658
         1       525       536       657       658
         1       525       646       657       658
         1       525       646       647       658
         1       526       537       538       659
         1       526       527       538       659
         1       526       527       648       659
         1       526       537       658       659
         1       526       647       658       659
         1       526       647       648       659
         1       527       538       539       660
         1       527       528       539       660
         1       527       528       649       660
         1       527       538       659       660
         1       527       648       659       660
         1       527       648       649       660
         1       528       529       539       650
         1       518       528       529       650
         1       518       528       639       650
         1       528       539       650       660
         1       528       649       650       660
         1       528       639       649       650
         1       518       529       530       651
         1       518       519       530       651
         1       518       519       640       651
         1       518       529       650       651
         1       518       639       650       651
         1       518       639       640       651
         1       530       541       542       663
         1       530       531       542       663
         1       530       531       652       663
         1       530       541       662       663
         1       530       651       662       663
         1       530       651       652       663
         1       531       542       543       664
         1       531       532       543       664
         1       531       532       653       664
         1       531       542       663       664
         1       531       652       663       664
         1       531       652       653       664
         1       532       543       544       665
         1       532       533       544       665
         1       532       533       654       665
         1       532       543       664       665
         1       532       653       664       665
         1       532       653       654       665
         1       533       544       545       666
         1       533       534       545       666
         1       533       534       655       666
         1       533       544       665       666
         1       533       654       665       666
         1       533       654       655       666
         1       534       545       546       667
         1       534       535       546       667
         1       534       535       656       667
         1       534       545       666       667
         1       534       655       666       667
         1       534       655       656       667
         1       535       546       547       668
         1       535       536       547       668
         1       535       536       657       668
         1       535       546       667       668
         1       535       656       667       668
         1       535       656       657       668
         1       536       547       548       669
         1       536       537       548       669
         1       536       537       658       669
         1       536       547       668       669
         1       536       657       668       669
         1       536       657       658       669
         1       537       548       549       670
         1       537       538       549       670
         1       537       538       659       670
         1       537       548       669       670
         1       537       658       669       670
         1       537       658       659       670
         1       538       549       550       671
         1       538       539       550       671
         1       538       539       660       671
         1       538       549       670       671
         1       538       659       670       671
         1       538       659       660       671
         1       539       540       550       661
         1       529       539       540       661
         1       529       539       650       661
         1       539       550       661       671
         1       539       660       661       671
         1       539       650       660       661
         1       529       540       541       662
         1       529       530       541       662
         1       529       530       651       662
         1       529       540       661       662
         1       529       650       661       662
         1       529       650       651       662
         1       541       552       553       674
         1       541       542       553       674
         1       541       542       663       674
         1       541       552       673       674
         1       541       662       673       674
         1       541       662       663       674
         1       542       553       554       675
         1       542       543       554       675
         1       542       543       664       675
         1       542       553       674       675
         1       542       663       674       675
         1       542       663       664       675
         1       543       554       555       676
         1       543       544       555       676
         1       543       544       665       676
         1       543       554       675       676
         1       543       664       675       676
         1       543       664       665       676
         1       544       555       556       677
         1       544       545       556       677
         1       544       545       666       677
         1       544       555       676       677
         1       544       665       676       677
         1       544       665       666       677
         1       545       556       557       678
         1       545       546       557       678
         1       545       546       667       678
         1       545       556       677       678
         1       545       666       677       678
         1       545       666       667       678
         1       546       557       558       679
         1       546       547       558       679
         1       546       547       668       679
         1       546       557       678       679
         1       546       667       678       679
         1       546       667       668       679
         1       547       558       559       680
         1       547       548       559       680
         1       547       548       669       680
         1       547       558       679       680
         1       547       668       679       680
         1       547       668       669       680
         1       548       559       560       681
         1       548       549       560       681
         1       548       549       670       681
         1       548       559       680       681
         1       548       669       680       681
         1       548       669       670       681
         1       549       560       561       682
         1       549       550       561       682
         1       549       550       671       682
         1       549       560       681       682
         1       549       670       681       682
         1       549       670       671       682
         1       550       551       561       672
         1       540       550       551       672
         1       540       550       661       672
         1       550       561       672       682
         1       550       671       672       682
         1       550       661       671       672
         1       540       551       552       673
         1       540       541       552       673
         1       540       541       662       673
         1       540       551       672       673
         1       540       661       672       673
         1       540       661       662       673
         1       552       563       564       685
         1       552       553       564       685
         1       552       553       674       685
         1       552       563       684       685
         1       552       673       684       685
         1       552       673       674       685
         1       553       564       565       686
         1       553       554       565       686
         1       553       554       675       686
         1       553       564       685       686
         1       553       674       685       686
         1       553       674       675       686
         1       554       565       566       687
         1       554       555       566       687
         1       554       555       676       687
         1       554       565       686       687
         1       554       675       686       687
         1       554       675       676       687
         1       555       566       567       688
         1       555       556       567       688
         1       555       556       677       688
         1       555       566       687       688
         1       555       676       687       688
         1       555       676       677       688
         1       556       567       568       689
         1       556       557       568       689
         1       556       557       678       689
         1       556       567       688       689
         1       556       677       688       689
         1       556       677       678       689
         1       557       568       569       690
         1       557       558       569       690
         1       557       558       679       690
         1       557       568       689       690
         1       557       678       689       690
         1       557       678       679       690
         1       558       569       570       691
         1       558       559       570       691
         1       558       559       680       691
         1       558       569       690       691
         1       558       679       690       691
         1       558       679       680       691
         1       559       570       571       692
         1       559       560       571       692
         1       559       560       681       692
         1       559       570       691       692
         1       559       680       691       692
         1       559       680       681       692
         1       560       571       572       693
         1       560       561       572       693
         1       560       561       682       693
         1       560       571       692       693
         1       560       681       692       693
         1       560       681       682       693
         1       561       562       572       683
         1       551       561       562       683
         1       551       561       672       683
         1       561       572       683       693
         1       561       682       683       693
         1       561       672       682       683
         1       551       562       563       684
         1       551       552       563       684
         1       551       552       673       684
         1       551       562       683       684
         1       551       672       683       684
         1       551       672       673       684
         1       563       574       575       696
         1       563       564       575       696
         1       563       564       685       696
         1       563       574       695       696
         1       563       684       695       696
         1       563       684       685       696
         1       564       575       576       697
         1       564       565       576       697
         1       564       565       686       697
         1       564       575       696       697
         1       564       685       696       697
         1       564       685       686       697
         1       565       576       577       698
         1       565       566       577       698
         1       565       566       687       698
         1       565       576       697       698
         1       565       686       697       698
         1       565       686       687       698
         1       566       577       578       699
         1       566       567       578       699
         1       566       567       688       699
         1       566       577       698       699
         1       566       687       698       699
         1       566       687       688       699
         1       567       578       579       700
         1       567       568       579       700
         1       567       568       689       700
         1       567       578       699       700
         1       567       688       699       700
         1       567       688       689       700
         1       568       579       580       701
         1       568       569       580       701
         1       568       569       690       701
         1       568       579       700       701
         1       568       689       700       701
         1       568       689       690       701
         1       569       580       581       702
         1       569       570       581       702
         1       569       570       691       702
         1       569       580       701       702
         1       569       690       701       702
         1       569       690       691       702
         1       570       581       582       703
         1       570       571       582       703
         1       570       571       692       703
         1       570       581       702       703
         1       570       691       702       703
         1       570       691       692       703
         1       571       582       583       704
         1       571       572       583       704
         1       571       572       693       704
         1       571       582       703       704
         1       571       692       703       704
         1       571       692       693       704
         1       572       573       583       694
         1       562       572       573       694
         1       562       572       683       694
         1       572       583       694       704
         1       572       693       694       704
         1       572       683       693       694
         1       562       573       574       695
         1       562       563       574       695
         1       562       563       684       695
         1       562       573       694       695
         1       562       683       694       695
         1       562       683       684       695
         1       574       585       586       707
         1       574       575       586       707
         1       574       575       696       707
         1       574       585       706       707
         1       574       695       706       707
         1       574       695       696       707
         1       575       586       587       708
         1       575       576       587       708
         1       575       576       697       708
         1       575       586       707       708
         1       575       696       707       708
         1       575       696       697       708
         1       576       587       588       709
         1       576       577       588       709
         1       576       577       698       709
         1       576       587       708       709
         1       576       697       708       709
         1       576       697       698       709
         1       577       588       589       710
         1       577       578       589       710
         1       577       578       699       710
         1       577       588       709       710
         1       577       698       709       710
         1       577       698       699       710
         1       578       589       590       711
         1       578       579       590       711
         1       578       579       700       711
         1       578       589       710       711
         1       578       699       710       711
         1       578       699       700       711
         1       579       590       591       712
         1       579       580       591       712
         1       579       580       701       712
         1       579       590       711       712
         1       579       700       711       712
         1       579       700       701       712
         1       580       591       592       713
         1       580       581       592       713
         1       580       581       702       713
         1       580       591       712       713
         1       580       701       712       713
         1       580       701       702       713
         1       581       592       593       714
         1       581       582       593       714
         1       581       582       703       714
         1       581       592       713       714
         1       581       702       713       714
         1       581       702       703       714
         1       582       593       594       715
         1       582       583       594       715
         1       582       583       704       715
         1       582       593       714       715
         1       582       703       714       715
         1       582       703       704       715
         1       583       584       594       705
         1       573       583       584       705
         1       573       583       694       705
         1       583       594       705       715
         1       583       704       705       715
         1       583       694       704       705
         1       573       584       585       706
         1       573       574       585       706
         1       573       574       695       706
         1       573       584       705       706
         1       573       694       705       706
         1       573       694       695       706
         1       585       596       597       718
         1       585       586       597       718
         1       585       586       707       718
         1       585       596       717       718
         1       585       706       717       718
         1       585       706       707       718
         1       586       597       598       719
         1       586       587       598       719
         1       586       587       708       719
         1       586       597       718       719
         1       586       707       718       719
         1       586       707       708       719
         1       587       598       599       720
         1       587       588       599       720
         1       587       588       709       720
         1       587       598       719       720
         1       587       708       719       720
         1       587       708       709       720
         1       588       599       600       721
         1       588       589       600       721
         1       588       589       710       721
         1       588       599       720       721
         1       588       709       720       721
         1       588       709       710       721
         1       589       600       601       722
         1       589       590       601       722
         1       589       590       711       722
         1       589       600       721       722
         1       589       710       721       722
         1       589       710       711       722
         1       590       601       602       723
         1       590       591       602       723
         1       590       591       712       723
         1       590       601       722       723
         1       590       711       722       723
         1       590       711       712       723
         1       591       602       603       724
         1       591       592       603       724
         1       591       592       713       724
         1       591       602       723       724
         1       591       712       723       724
         1       591       712       713       724
         1       592       603       604       725
         1       592       593       604       725
         1       592       593       714       725
         1       592       603       724       725
         1       592       713       724       725
         1       592       713       714       725
         1       593       604       605       726
         1       593       594       605       726
         1       593       594       715       726
         1       593       604       725       726
         1       593       714       725       726
         1       593       714       715       726
         1       594       595       605       716
         1       584       594       595       716
         1       584       594       705       716
         1       594       605       716       726
         1       594       715       716       726
         1       594       705       715       716
         1       584       595       596       717
         1       584       585       596       717
         1       584       585       706       717
         1       584       595       716       717
         1       584       705       716       717
         1       584       705       706       717
         1       486       487       596       608
         1       487       596       597       608
         1       596       597       608       718
         1       486       596       607       608
         1       596       607       608       717
         1       596       608       717       718
         1       487       488       597       609
         1       488       597       598       609
         1       597       598       609       719
         1       487       597       608       609
         1       597       608       609       718
         1       597       609       718       719
         1       488       489       598       610
         1       489       598       599       610
         1       598       599       610       720
         1       488       598       609       610
         1       598       609       610       719
         1       598       610       719       720
         1       489       490       599       611
         1       490       599       600       611
         1       599       600       611       721
         1       489       599       610       611
         1       599       610       611       720
         1       599       611       720       721
         1       490       491       600       612
         1       491       600       601       612
         1       600       601       612       722
         1       490       600       611       612
         1       600       611       612       721
         1       600       612       721       722
         1       491       492       601       613
         1       492       601       602       613
         1       601       602       613       723
         1       491       601       612       613
         1       601       612       613       722
         1       601       613       722       723
         1       492       493       602       614
         1       493       602       603       614
         1       602       603       614       724
         1       492       602       613       614
         1       602       613       614       723
         1       602       614       723       724
         1       493       494       603       615
         1       494       603       604       615
         1       603       604       615       725
         1       493       603       614       615
         1       603       614       615       724
         1       603       615       724       725
         1       494       495       604       616
         1       495       604       605       616
         1       604       605       616       726
         1       494       604       615       616
         1       604       615       616       725
         1       604       616       725       726
         1       485       495       605       606
         1       485       595       605       606
         1       595       605       606       716
         1       495       605       606       616
         1       605       606       616       726
         1       605       606       716       726
         1       485       486       595       607
         1       486       595       596       607
         1       595       596       607       717
         1       485       595       606       607
         1       595       606       607       716
         1       595       607       716       717
         1       486       497       498       619
         1       486       487       498       619
         1       486       487       608       619
         1       486       497       618       619
         1       486       607       618       619
         1       486       607       608       619
         1       487       498       499       620
         1       487       488       499       620
         1       487       488       609       620
         1       487       498       619       620
         1       487       608       619       620
         1       487       608       609       620
         1       488       499       500       621
         1       488       489       500       621
         1       488       489       610       621
         1       488       499       620       621
         1       488       609       620       621
         1       488       609       610       621
         1       489       500       501       622
         1       489       490       501       622
         1       489       490       611       622
         1       489       500       621       622
         1       489       610       621       622
         1       489       610       611       622
         1       490       501       502       623
         1       490       491       502       623
         1       490       491       612       623
         1       490       501       622       623
         1       490       611       622       623
         1       490       611       612       623
         1       491       502       503       624
         1       491       492       503       624
         1       491       492       613       624
         1       491       502       623       624
         1       491       612       623       624
         1       491       612       613       624
         1       492       503       504       625
         1       492       493       504       625
         1       492       493       614       625
         1       492       503       624       625
         1       492       613       624       625
         1       492       613       614       625
         1       493       504       505       626
         1       493       494       505       626
         1       493       494       615       626
         1       493       504       625       626
         1       493       614       625       626
         1       493       614       615       626
         1       494       505       506       627
         1       494       495       506       627
         1       494       495       616       627
         1       494       505       626       627
         1       494       615       626       627
         1       494       615       616       627
         1       495       496       506       617
         1       485       495       496       617
         1       485       495       606       617
         1       495       506       617       627
         1       495       616       617       627
         1       495       606       616       617
         1       485       496       497       618
         1       485       486       497       618
         1       485       486       607       618
         1       485       496       617       618
         1       485       606       617       618
         1       485       606       607       618
         1       618       629       630       751
         1       618       619       630       751
         1       618       619       740       751
         1       618       629       750       751
         1       618       739       750       751
         1       618       739       740       751
         1       619       630       631       752
         1       619       620       631       752
         1       619       620       741       752
         1       619       630       751       752
         1       619       740       751       752
         1       619       740       741       752
         1       620       631       632       753
         1       620       621       632       753
         1       620       621       742       753
         1       620       631       752       753
         1       620       741       752       753
         1       620       741       742       753
         1       621       632       633       754
         1       621       622       633       754
         1       621       622       743       754
         1       621       632       753       754
         1       621       742       753       754
         1       621       742       743       754
         1       622       633       634       755
         1       622       623       634       755
         1       622       623       744       755
         1       622       633       754       755
         1       622       743       754       755
         1       622       743       744       755
         1       623       634       635       756
         1       623       624       635       756
         1       623       624       745       756
         1       623       634       755       756
         1       623       744       755       756
         1       623       744       745       756
         1       624       635       636       757
         1       624       625       636       757
         1       624       625       746       757
         1       624       635       756       757
         1       624       745       756       757
         1       624       745       746       757
         1       625       636       637       758
         1       625       626       637       758
         1       625       626       747       758
         1       625       636       757       758
         1       625       746       757       758
         1       625       746       747       758
         1       626       637       638       759
         1       626       627       638       759
         1       626       627       748       759
         1       626       637       758       759
         1       626       747       758       759
         1       626       747       748       759
         1       627       628       638       749
         1       617       627       628       749
         1       617       627       738       749
         1       627       638       749       759
         1       627       748       749       759
         1       627       738       748       749
         1       617       628       629       750
         1       617       618       629       750
         1       617       618       739       750
         1       617       628       749       750
         1       617       738       749       750
         1       617       738       739       750
         1       629       640       641       762
         1       629       630       641       762
         1       629       630       751       762
         1       629       640       761       762
         1       629       750       761       762
         1       629       750       751       762
         1       630       641       642       763
         1       630       631       642       763
         1       630       631       752       763
         1       630       641       762       763
         1       630       751       762       763
         1       630       751       752       763
         1       631       642       643       764
         1       631       632       643       764
         1       631       632       753       764
         1       631       642       763       764
         1       631       752       763       764
         1       631       752       753       764
         1       632       643       644       765
         1       632       633       644       765
         1       632       633       754       765
         1       632       643       764       765
         1       632       753       764       765
         1       632       753       754       765
         1       633       644       645       766
         1       633       634       645       766
         1       633       634       755       766
         1       633       644       765       766
         1       633       754       765       766
         1       633       754       755       766
         1       634       645       646       767
         1       634       635       646       767
         1       634       635       756       767
         1       634       645       766       767
         1       634       755       766       767
         1       634       755       756       767
         1       635       646       647       768
         1       635       636       647       768
         1       635       636       757       768
         1       635       646       767       768
         1       635       756       767       768
         1       635       756       757       768
         1       636       647       648       769
         1       636       637       648       769
         1       636       637       758       769
         1       636       647       768       769
         1       636       757       768       769
         1       636       757       758       769
         1       637       648       649       770
         1       637       638       649       770
         1       637       638       759       770
         1       637       648       769       770
         1       637       758       769       770
         1       637       758       759       770
         1       638       639       649       760
         1       628       638       639       760
         1       628       638       749       760
         1       638       649       760       770
         1       638       759       760       770
         1       638       749       759       760
         1       628       639       640       761
         1       628       629       640       761
         1       628       629       750       761
         1       628       639       760       761
         1       628       749       760       761
         1       628       749       750       761
         1       640       651       652       773
         1       640       641       652       773
         1       640       641       762       773
         1       640       651       772       773
         1       640       761       772       773
         1       640       761       762       773
         1       641       652       653       774
         1       641       642       653       774
         1       641       642       763       774
         1       641       652       773       774
         1       641       762       773       774
         1       641       762       763       774
         1       642       653       654       775
         1       642       643       654       775
         1       642       643       764       775
         1       642       653       774       775
         1       642       763       774       775
         1       642       763       764       775
         1       643       654       655       776
         1       643       644       655       776
         1       643       644       765       776
         1       643       654       775       776
         1       643       764       775       776
         1       643       764       765       776
         1       644       655       656       777
         1       644       645       656       777
         1       644       645       766       777
         1       644       655       776       777
         1       644       765       776       777
         1       644       765       766       777
         1       645       656       657       778
         1       645       646       657       778
         1       645       646       767       778
         1       645       656       777       778
         1       645       766       777       778
         1       645       766       767       778
         1       646       657       658       779
         1       646       647       658       779
         1       646       647       768       779
         1       646       657       778       779
         1       646       767       778       779
         1       646       767       768       779
         1       647       658       659       780
         1       647       648       659       780
         1       647       648       769       780
         1       647       658       779       780
         1       647       768       779       780
         1       647       768       769       780
         1       648       659       660       781
         1       648       649       660       781
         1       648       649       770       781
         1       648       659       780       781
         1       648       769       780       781
         1       648       769       770       781
         1       649       650       660       771
         1       639       649       650       771
         1       639       649       760       771
         1       649       660       771       781
         1       649       770       771       781
         1       649       760       770       771
         1       639       650       651       772
         1       639       640       651       772
         1       639       640       761       772
         1       639       650       771       772
         1       639       760       771       772
         1       639       760       761       772
         1       651       662       663       784
         1       651       652       663       784
         1       651       652       773       784
         1       651       662       783       784
         1       651       772       783       784
         1       651       772       773       784
         1       652       663       664       785
         1       652       653       664       785
         1       652       653       774       785
         1       652       663       784       785
         1       652       773       784       785
         1       652       773       774       785
         1       653       664       665       786
         1       653       654       665       786
         1       653       654       775       786
         1       653       664       785       786
         1       653       774       785       786
         1       653       774       775       786
         1       654       665       666       787
         1       654       655       666       787
         1       654       655       776       787
         1       654       665       786       787
         1       654       775       786       787
         1       654       775       776       787
         1       655       666       667       788
         1       655       656       667       788
         1       655       656       777       788
         1       655       666       787       788
         1       655       776       787       788
         1       655       776       777       788
         1       656       667       668       789
         1       656       657       668       789
         1       656       657       778       789
         1       656       667       788       789
         1       656       777       788       789
         1       656       777       778       789
         1       657       668       669       790
         1       657       658       669       790
         1       657       658       779       790
         1       657       668       789       790
         1       657       778       789       790
         1       657       778       779       790
         1       658       669       670       791
         1       658       659       670       791
         1       658       659       780       791
         1       658       669       790       791
         1       658       779       790       791
         1       658       779       780       791
         1       659       670       671       792
         1       659       660       671       792
         1       659       660       781       792
         1       659       670       791       792
         1       659       780       791       792
         1       659       780       781       792
         1       660       661       671       782
         1       650       660       661       782
         1       650       660       771       782
         1       660       671       782       792
         1       660       781       782       792
         1       660       771       781       782
         1       650       661       662       783
         1       650       651       662       783
         1       650       651       772       783
         1       650       661       782       783
         1       650       771       782       783
         1       650       771       772       783
         1       662       673       674       795
         1       662       663       674       795
         1       662       663       784       795
         1       662       673       794       795
         1       662       783       794       795
         1       662       783       784       795
         1       663       674       675       796
         1       663       664       675       796
         1       663       664       785       796
         1       663       674       795       796
         1       663       784       795       796
         1       663       784       785       796
         1       664       675       676       797
         1       664       665       676       797
         1       664       665       786       797
         1       664       675       796       797
         1       664       785       796       797
         1       664       785       786       797
         1       665       676       677       798
         1       665       666       677       798
         1       665       666       787       798
         1       665       676       797       798
         1       665       786       797       798
         1       665       786       787       798
         1       666       677       678       799
         1       666       667       678       799
         1       666       667       788       799
         1       666       677       798       799
         1       666       787       798       799
         1       666       787       788       799
         1       667       678       679       800
         1       667       668       679       800
         1       667       668       789       800
         1       667       678       799       800
         1       667       788       799       800
         1       667       788       789       800
         1       668       679       680       801
         1       668       669       680       801
         1       668       669       790       801
         1       668       679       800       801
         1       668       789       800       801
         1       668       789       790       801
         1       669       680       681       802
         1       669       670       681       802
         1       669       670       791       802
         1       669       680       801       802
         1       669       790       801       802
         1       669       790       791       802
         1       670       681       682       803
         1       670       671       682       803
         1       670       671       792       803
         1       670       681       802       803
         1       670       791       802       803
         1       670       791       792       803
         1       671       672       682       793
         1       661       671       672       793
         1       661       671       782       793
         1       671       682       793       803
         1       671       792       793       803
         1       671       782       792       793
         1       661       672       673       794
         1       661       662       673       794
         1       661       662       783       794
         1       661       672       793       794
         1       661       782       793       794
         1       661       782       783       794
         1       673       684       685       806
         1       673       674       685       806
         1       673       674       795       806
         1       673       684       805       806
         1       673       794       805       806
         1       673       794       795       806
         1       674       685       686       807
         1       674       675       686       807
         1       674       675       796       807
         1       674       685       806       807
         1       674       795       806       807
         1       674       795       796       807
         1       675       686       687       808
         1       675       676       687       808
         1       675       676       797       808
         1       675       686       807       808
         1       675       796       807       808
         1       675       796       797       808
         1       676       687       688       809
         1       676       677       688       809
         1       676       677       798       809
         1       676       687       808       809
         1       676       797       808       809
         1       676       797       798       809
         1       677       688       689       810
         1       677       678       689       810
         1       677       678       799       810
         1       677       688       809       810
         1       677       798       809       810
         1       677       798       799       810
         1       678       689       690       811
         1       678       679       690       811
         1       678       679       800       811
         1       678       689       810       811
         1       678       799       810       811
         1       678       799       800       811
         1       679       690       691       812
         1       679       680       691       812
         1       679       680       801       812
         1       679       690       811       812
         1       679       800       811       812
         1       679       800       801       812
         1       680       691       692       813
         1       680       681       692       813
         1       680       681       802       813
         1       680       691       812       813
         1       680       801       812       813
         1       680       801       802       813
         1       681       692       693       814
         1       681       682       693       814
         1       681       682       803       814
         1       681       692       813       814
         1       681       802       813       814
         1       681       802       803       814
         1       682       683       693       804
         1       672       682       683       804
         1       672       682       793       804
         1       682       693       804       814
         1       682       803       804       814
         1       682       793       803       804
         1       672       683       684       805
         1       672       673       684       805
         1       672       673       794       805
         1       672       683       804       805
         1       672       793       804       805
         1       672       793       794       805
         1       684       695       696       817
         1       684       685       696       817
         1       684       685       806       817
         1       684       695       816       817
         1       684       805       816       817
         1       684       805       806       817
         1       685       696       697       818
         1       685       686       697       818
         1       685       686       807       818
         1       685       696       817       818
         1       685       806       817       818
         1       685       806       807       818
         1       686       697       698       819
         1       686       687       698       819
         1       686       687       808       819
         1       686       697       818       819
         1       686       807       818       819
         1       686       807       808       819
         1       687       698       699       820
         1       687       688       699       820
         1       687       688       809       820
         1       687       698       819       820
         1       687       808       819       820
         1       687       808       809       820
         1       688       699       700       821
         1       688       689       700       821
         1       688       689       810       821
         1       688       699       820       821
         1       688       809       820       821
         1       688       809       810       821
         1       689       700       701       822
         1       689       690       701       822
         1       689       690       811       822
         1       689       700       821       822
         1       689       810       821       822
         1       689       810       811       822
         1       690       701       702       823
         1       690       691       702       823
         1       690       691       812       823
         1       690       701       822       823
         1       690       811       822       823
         1       690       811       812       823
         1       691       702       703       824
         1       691       692       703       824
         1       691       692       813       824
         1       691       702       823       824
         1       691       812       823       824
         1       691       812       813       824
         1       692       703       704       825
         1       692       693       704       825
         1       692       693       814       825
         1       692       703       824       825
         1       692       813       824       825
         1       692       813       814       825
         1       693       694       704       815
         1       683       693       694       815
         1       683       693       804       815
         1       693       704       815       825
         1       693       814       815       825
         1       693       804       814       815
         1       683       694       695       816
         1       683       684       695       816
         1       683       684       805       816
         1       683       694       815       816
         1       683       804       815       816
         1       683       804       805       816
         1       695       706       707       828
         1       695       696       707       828
         1       695       696       817       828
         1       695       706       827       828
         1       695       816       827       828
         1       695       816       817       828
         1       696       707       708       829
         1       696       697       708       829
         1       696       697       818       829
         1       696       707       828       829
         1       696       817       828       829
         1       696       817       818       829
         1       697       708       709       830
         1       697       698       709       830
         1       697       698       819       830
         1       697       708       829       830
         1       697       818       829       830
         1       697       818       819       830
         1       698       709       710       831
         1       698       699       710       831
         1       698       699       820       831
         1       698       709       830       831
         1       698       819       830       831
         1       698       819       820       831
         1       699       710       711       832
         1       699       700       711       832
         1       699       700       821       832
         1       699       710       831       832
         1       699       820       831       832
         1       699       820       821       832
         1       700       711       712       833
         1       700       701       712       833
         1       700       701       822       833
         1       700       711       832       833
         1       700       821       832       833
         1       700       821       822       833
         1       701       712       713       834
         1       701       702       713       834
         1       701       702       823       834
         1       701       712       833       834
         1       701       822       833       834
         1       701       822       823       834
         1       702       713       714       835
         1       702       703       714       835
         1       702       703       824       835
         1       702       713       834       835
         1       702       823       834       835
         1       702       823       824       835
         1       703       714       715       836
         1       703       704       715       836
         1       703       704       825       836
         1       703       714       835       836
         1       703       824       835       836
         1       703       824       825       836
         1       704       705       715       826
         1       694       704       705       826
         1       694       704       815       826
         1       704       715       826       836
         1       704       825       826       836
         1       704       815       825       826
         1       694       705       706       827
         1       694       695       706       827
         1       694       695       816       827
         1       694       705       826       827
         1       694       815       826       827
         1       694       815       816       827
         1       706       717       718       839
         1       706       707       718       839
         1       706       707       828       839
         1       706       717       838       839
         1       706       827       838       839
         1       706       827       828       839
         1       707       718       719       840
         1       707       708       719       840
         1       707       708       829       840
         1       707       718       839       840
         1       707       828       839       840
         1       707       828       829       840
         1       708       719       720       841
         1       708       709       720       841
         1       708       709       830       841
         1       708       719       840       841
         1       708       829       840       841
         1       708       829       830       841
         1       709       720       721       842
         1       709       710       721       842
         1       709       710       831       842
         1       709       720       841       842
         1       709       830       841       842
         1       709       830       831       842
         1       710       721       722       843
         1       710       711       722       843
         1       710       711       832       843
         1       710       721       842       843
         1       710       831       842       843
         1       710       831       832       843
         1       711       722       723       844
         1       711       712       723       844
         1       711       712       833       844
         1       711       722       843       844
         1       711       832       843       844
         1       711       832       833       844
         1       712       723       724       845
         1       712       713       724       845
         1       712       713       834       845
         1       712       723       844       845
         1       712       833       844       845
         1       712       833       834       845
         1       713       724       725       846
         1       713       714       725       846
         1       713       714       835       846
         1       713       724       845       846
         1       713       834       845       846
         1       713       834       835       846
         1       714       725       726       847
         1       714       715       726       847
         1       714       715       836       847
         1       714       725       846       847
         1       714       835       846       847
         1       714       835       836       847
         1       715       716       726       837
         1       705       715       716       837
         1       705       715       826       837
         1       715       726       837       847
         1       715       836       837       847
         1       715       826       836       837
         1       705       716       717       838
         1       705       706       717       838
         1       705       706       827       838
         1       705       716       837       838
         1       705       826       837       838
         1       705       826       827       838
         1       607       608       717       729
         1       608       717       718       729
         1       717       718       729       839
         1       607       717       728       729
         1       717       728       729       838
         1       717       729       838       839
         1       608       609       718       730
         1       609       718       719       730
         1       718       719       730       840
         1       608       718       729       730
         1       718       729       730       839
         1       718       730       839       840
         1       609       610       719       731
         1       610       719       720       731
         1       719       720       731       841
         1       609       719       730       731
         1       719       730       731       840
         1       719       731       840       841
         1       610       611       720       732
         1       611       720       721       732
         1       720       721       732       842
         1       610       720       731       732
         1       720       731       732       841
         1       720       732       841       842
         1       611       612       721       733
         1       612       721       722       733
         1       721       722       733       843
         1       611       721       732       733
         1       721       732       733       842
         1       721       733       842       843
         1       612       613       722       734
         1       613       722       723       734
         1       722       723       734       844
         1       612       722       733       734
         1       722       733       734       843
         1       722       734       843       844
         1       613       614       723       735
         1       614       723       724       735
         1       723       724       735       845
         1       613       723       734       735
         1       723       734       735       844
         1       723       735       844       845
         1       614       615       724       736
         1       615       724       725       736
         1       724       725       736       846
         1       614       724       735       736
         1       724       735       736       845
         1       724       736       845       846
         1       615       616       725       737
         1       616       725       726       737
         1       725       726       737       847
         1       615       725       736       737
         1       725       736       737       846
         1       725       737       846       847
         1       606       616       726       727
         1       606       716       726       727
         1       716       726       727       837
         1       616       726       727       737
         1       726       727       737       847
         1       726       727       837       847
         1       606       607       716       728
         1       607       716       717       728
         1       716       717       728       838
         1       606       716       727       728
         1       716       727       728       837
         1       716       728       837       838
         1       607       618       619       740
         1       607       608       619       740
         1       607       608       729       740
         1       607       618       739       740
         1       607       728       739       740
         1       607       728       729       740
         1       608       619       620       741
         1       608       609       620       741
         1       608       609       730       741
         1       608       619       740       741
         1       608       729       740       741
         1       608       729       730       741
         1       609       620       621       742
         1       609       610       621       742
         1       609       610       731       742
         1       609       620       741       742
         1       609       730       741       742
         1       609       730       731       742
         1       610       621       622       743
         1       610       611       622       743
         1       610       611       732       743
         1       610       621       742       743
         1       610       731       742       743
         1       610       731       732       743
         1       611       622       623       744
         1       611       612       623       744
         1       611       612       733       744
         1       611       622       743       744
         1       611       732       743       744
         1       611       732       733       744
         1       612       623       624       745
         1       612       613       624       745
         1       612       613       734       745
         1       612       623       744       745
         1       612       733       744       745
         1       612       733       734       745
         1       613       624       625       746
         1       613       614       625       746
         1       613       614       735       746
         1       613       624       745       746
         1       613       734       745       746
         1       613       734       735       746
         1       614       625       626       747
         1       614       615       626       747
         1       614       615       736       747
         1       614       625       746       747
         1       614       735       746       747
         1       614       735       736       747
         1       615       626       627       748
         1       615       616       627       748
         1       615       616       737       748
         1       615       626       747       748
         1       615       736       747       748
         1       615       736       737       748
         1       616       617       627       738
         1       606       616       617       738
         1       606       616       727       738
         1       616       627       738       748
         1       616       737       738       748
         1       616       727       737       738
         1       606       617       618       739
         1       606       607       618       739
         1       606       607       728       739
         1       606       617       738       739
         1       606       727       738       739
         1       606       727       728       739
         1       739       750       751       872
         1       739       740       751       872
         1       739       740       861       872
         1       739       750       871       872
         1       739       860       871       872
         1       739       860       861       872
         1       740       751       752       873
         1       740       741       752       873
         1       740       741       862       873
         1       740       751       872       873
         1       740       861       872       873
         1       740       861       862       873
         1       741       752       753       874
         1       741       742       753       874
         1       741       742       863       874
         1       741       752       873       874
         1       741       862       873       874
         1       741       862       863       874
         1       742       753       754       875
         1       742       743       754       875
         1       742       743       864       875
         1       742       753       874       875
         1       742       863       874       875
         1       742       863       864       875
         1       743       754       755       876
         1       743       744       755       876
         1       743       744       865       876
         1       743       754       875       876
         1       743       864       875       876
         1       743       864       865       876
         1       744       755       756       877
         1       744       745       756       877
         1       744       745       866       877
         1       744       755       876       877
         1       744       865       876       877
         1       744       865       866       877
         1       745       756       757       878
         1       745       746       757       878
         1       745       746       867       878
         1       745       756       877       878
         1       745       866       877       878
         1       745       866       867       878
         1       746       757       758       879
         1       746       747       758       879
         1       746       747       868       879
         1       746       757       878       879
         1       746       867       878       879
         1       746       867       868       879
         1       747       758       759       880
         1       747       748       759       880
         1       747       748       869       880
         1       747       758       879       880
         1       747       868       879       880
         1       747       868       869       880
         1       748       749       759       870
         1       738       748       749       870
         1       738       748       859       870
         1       748       759       870       880
         1       748       869       870       880
         1       748       859       869       870
         1       738       749       750       871
         1       738       739       750       871
         1       738       739       860       871
         1       738       749       870       871
         1       738       859       870       871
         1       738       859       860       871
         1       750       761       762       883
         1       750       751       762       883
         1       750       751       872       883
         1       750       761       882       883
         1       750       871       882       883
         1       750       871       872       883
         1       751       762       763       884
         1       751       752       763       884
         1       751       752       873       884
         1       751       762       883       884
         1       751       872       883       884
         1       751       872       873       884
         1       752       763       764       885
         1       752       753       764       885
         1       752       753       874       885
         1       752       763       884       885
         1       752       873       884       885
         1       752       873       874       885
         1       753       764       765       886
         1       753       754       765       886
         1       753       754       875       886
         1       753       764       885       886
         1       753       874       885       886
         1       753       874       875       886
         1       754       765       766       887
         1       754       755       766       887
         1       754       755       876       887
         1       754       765       886       887
         1       754       875       886       887
         1       754       875       876       887
         1       755       766       767       888
         1       755       756       767       888
         1       755       756       877       888
         1       755       766       887       888
         1       755       876       887       888
         1       755       876       877       888
         1       756       767       768       889
         1       756       757       768       889
         1       756       757       878       889
         1       756       767       888       889
         1       756       877       888       889
         1       756       877       878       889
         1       757       768       769       890
         1       757       758       769       890
         1       757       758       879       890
         1       757       768       889       890
         1       757       878       889       890
         1       757       878       879       890
         1       758       769       770       891
         1       758       759       770       891
         1       758       759       880       891
         1       758       769       890       891
         1       758       879       890       891
         1       758       879       880       891
         1       759       760       770       881
         1       749       759       760       881
         1       749       759       870       881
         1       759       770       881       891
         1       759       880       881       891
         1       759       870       880       881
         1       749       760       761       882
         1       749       750       761       882
         1       749       750       871       882
         1       749       760       881       882
         1       749       870       881       882
         1       749       870       871       882
         1       761       772       773       894
         1       761       762       773       894
         1       761       762       883       894
         1       761       772       893       894
         1       761       882       893       894
         1       761       882       883       894
         1       762       773       774       895
         1       762       763       774       895
         1       762       763       884       895
         1       762       773       894       895
         1       762       883       894       895
         1       762       883       884       895
         1       763       774       775       896
         1       763       764       775       896
         1       763       764       885       896
         1       763       774       895       896
         1       763       884       895       896
         1       763       884       885       896
         1       764       775       776       897
         1       764       765       776       897
         1       764       765       886       897
         1       764       775       896       897
         1       764       885       896       897
         1       764       885       886       897
         1       765       776       777       898
         1       765       766       777       898
         1       765       766       887       898
         1       765       776       897       898
         1       765       886       897       898
         1       765       886       887       898
         1       766       777       778       899
         1       766       767       778       899
         1       766       767       888       899
         1       766       777       898       899
         1       766       887       898       899
         1       766       887       888       899
         1       767       778       779       900
         1       767       768       779       900
         1       767       768       889       900
         1       767       778       899       900
         1       767       888       899       900
         1       767       888       889       900
         1       768       779       780       901
         1       768       769       780       901
         1       768       769       890       901
         1       768       779       900       901
         1       768       889       900       901
         1       768       889       890       901
         1       769       780       781       902
         1       769       770       781       902
         1       769       770       891       902
         1       769       780       901       902
         1       769       890       901       902
         1       769       890       891       902
         1       770       771       781       892
         1       760       770       771       892
         1       760       770       881       892
         1       770       781       892       902
         1       770       891       892       902
         1       770       881       891       892
         1       760       771       772       893
         1       760       761       772       893
         1       760       761       882       893
         1       760       771       892       893
         1       760       881       892       893
         1       760       881       882       893
         1       772       783       784       905
         1       772       773       784       905
         1       772       773       894       905
         1       772       783       904       905
         1       772       893       904       905
         1       772       893       894       905
         1       773       784       785       906
         1       773       774       785       906
         1       773       774       895       906
         1       773       784       905       906
         1       773       894       905       906
         1       773       894       895       906
         1       774       785       786       907
         1       774       775       786       907
         1       774       775       896       907
         1       774       785       906       907
         1       774       895       906       907
         1       774       895       896       907
         1       775       786       787       908
         1       775       776       787       908
         1       775       776       897       908
         1       775       786       907       908
         1       775       896       907       908
         1       775       896       897       908
         1       776       787       788       909
         1       776       777       788       909
         1       776       777       898       909
         1       776       787       908       909
         1       776       897       908       909
         1       776       897       898       909
         1       777       788       789       910
         1       777       778       789       910
         1       777       778       899       910
         1       777       788       909       910
         1       777       898       909       910
         1       777       898       899       910
         1       778       789       790       911
         1       778       779       790       911
         1       778       779       900       911
         1       778       789       910       911
         1       778       899       910       911
         1       778       899       900       911
         1       779       790       791       912
         1       779       780       791       912
         1       779       780       901       912
         1       779       790       911       912
         1       779       900       911       912
         1       779       900       901       912
         1       780       791       792       913
         1       780       781       792       913
         1       780       781       902       913
         1       780       791       912       913
         1       780       901       912       913
         1       780       901       902       913
         1       781       782       792       903
         1       771       781       782       903
         1       771       781       892       903
         1       781       792       903       913
         1       781       902       903       913
         1       781       892       902       903
         1       771       782       783       904
         1       771       772       783       904
         1       771       772       893       904
         1       771       782       903       904
         1       771       892       903       904
         1       771       892       893       904
         1       783       794       795       916
         1       783       784       795       916
         1       783       784       905       916
         1       783       794       915       916
         1       783       904       915       916
         1       783       904       905       916
         1       784       795       796       917
         1       784       785       796       917
         1       784       785       906       917
         1       784       795       916       917
         1       784       905       916       917
         1       784       905       906       917
         1       785       796       797       918
         1       785       786       797       918
         1       785       786       907       918
         1       785       796       917       918
         1       785       906       917       918
         1       785       906       907       918
         1       786       797       798       919
         1       786       787       798       919
         1       786       787       908       919
         1       786       797       918       919
         1       786       907       918       919
         1       786       907       908       919
         1       787       798       799       920
         1       787       788       799       920
         1       787       788       909       920
         1       787       798       919       920
         1       787       908       919       920
         1       787       908       909       920
         1       788       799       800       921
         1       788       789       800       921
         1       788       789       910       921
         1       788       799       920       921
         1       788       909       920       921
         1       788       909       910       921
         1       789       800       801       922
         1       789       790       801       922
         1       789       790       911       922
         1       789       800       921       922
         1       789       910       921       922
         1       789       910       911       922
         1       790       801       802       923
         1       790       791       802       923
         1       790       791       912       923
         1       790       801       922       923
         1       790       911       922       923
         1       790       911       912       923
         1       791       802       803       924
         1       791       792       803       924
         1       791       792       913       924
         1       791       802       923       924
         1       791       912       923       924
         1       791       912       913       924
         1       792       793       803       914
         1       782       792       793       914
         1       782       792       903       914
         1       792       803       914       924
         1       792       913       914       924
         1       792       903       913       914
         1       782       793       794       915
         1       782       783       794       915
         1       782       783       904       915
         1       782       793       914       915
         1       782       903       914       915
         1       782       903       904       915
         1       794       805       806       927
         1       794       795       806       927
         1       794       795       916       927
         1       794       805       926       927
         1       794       915       926       927
         1       794       915       916       927
         1       795       806       807       928
         1       795       796       807       928
         1       795       796       917       928
         1       795       806       927       928
         1       795       916       927       928
         1       795       916       917       928
         1       796       807       808       929
         1       796       797       808       929
         1       796       797       918       929
         1       796       807       928       929
         1       796       917       928       929
         1       796       917       918       929
         1       797       808       809       930
         1       797       798       809       930
         1       797       798       919       930
         1       797       808       929       930
         1       797       918       929       930
         1       797       918       919       930
         1       798       809       810       931
         1       798       799       810       931
         1       798       799       920       931
         1       798       809       930       931
         1       798       919       930       931
         1       798       919       920       931
         1       799       810       811       932
         1       799       800       811       932
         1       799       800       921       932
         1       799       810       931       932
         1       799       920       931       932
         1       799       920       921       932
         1       800       811       812       933
         1       800       801       812       933
         1       800       801       922       933
         1       800       811       932       933
         1       800       921       932       933
         1       800       921       922       933
         1       801       812       813       934
         1       801       802       813       934
         1       801       802       923       934
         1       801       812       933       934
         1       801       922       933       934
         1       801       922       923       934
         1       802       813       814       935
         1       802       803       814       935
         1       802       803       924       935
         1       802       813       934       935
         1       802       923       934       935
         1       802       923       924       935
         1       803       804       814       925
         1       793       803       804       925
         1       793       803       914       925
         1       803       814       925       935
         1       803       924       925       935
         1       803       914       924       925
         1       793       804       805       926
         1       793       794       805       926
         1       793       794       915       926
         1       793       804       925       926
         1       793       914       925       926
         1       793       914       915       926
         1       805       816       817       938
         1       805       806       817       938
         1       805       806       927       938
         1       805       816       937       938
         1       805       926       937       938
         1       805       926       927       938
         1       806       817       818       939
         1       806       807       818       939
         1       806       807       928       939
         1       806       817       938       939
         1       806       927       938       939
         1       806       927       928       939
         1       807       818       819       940
         1       807       808       819       940
         1       807       808       929       940
         1       807       818       939       940
         1       807       928       939       940
         1       807       928       929       940
         1       808       819       820       941
         1       808       809       820       941
         1       808       809       930       941
         1       808       819       940       941
         1       808       929       940       941
         1       808       929       930       941
         1       809       820       821       942
         1       809       810       821       942
         1       809       810       931       942
         1       809       820       941       942
         1       809       930       941       942
         1       809       930       931       942
         1       810       821       822       943
         1       810       811       822       943
         1       810       811       932       943
         1       810       821       942       943
         1       810       931       942       943
         1       810       931       932       943
         1       811       822       823       944
         1       811       812       823       944
         1       811       812       933       944
         1       811       822       943       944
         1       811       932       943       944
         1       811       932       933       944
         1       812       823       824       945
         1       812       813       824       945
         1       812       813       934       945
         1       812       823       944       945
         1       812       933       944       945
         1       812       933       934       945
         1       813       824       825       946
         1       813       814       825       946
         1       813       814       935       946
         1       813       824       945       946
         1       813       934       945       946
         1       813       934       935       946
         1       814       815       825       936
         1       804       814       815       936
         1       804       814       925       936
         1       814       825       936       946
         1       814       935       936       946
         1       814       925       935       936
         1       804       815       816       937
         1       804       805       816       937
         1       804       805       926       937
         1       804       815       936       937
         1       804       925       936       937
         1       804       925       926       937
         1       816       827       828       949
         1       816       817       828       949
         1       816       817       938       949
         1       816       827       948       949
         1       816       937       948       949
         1       816       937       938       949
         1       817       828       829       950
         1       817       818       829       950
         1       817       818       939       950
         1       817       828       949       950
         1       817       938       949       950
         1       817       938       939       950
         1       818       829       830       951
         1       818       819       830       951
         1       818       819       940       951
         1       818       829       950       951
         1       818       939       950       951
         1       818       939       940       951
         1       819       830       831       952
         1       819       820       831       952
         1       819       820       941       952
         1       819       830       951       952
         1       819       940       951       952
         1       819       940       941       952
         1       820       831       832       953
         1       820       821       832       953
         1       820       821       942       953
         1       820       831       952       953
         1       820       941       952       953
         1       820       941       942       953
         1       821       832       833       954
         1       821       822       833       954
         1       821       822       943       954
         1       821       832       953       954
         1       821       942       953       954
         1       821       942       943       954
         1       822       833       834       955
         1       822       823       834       955
         1       822       823       944       955
         1       822       833       954       955
         1       822       943       954       955
         1       822       943       944       955
         1       823       834       835       956
         1       823       824       835       956
         1       823       824       945       956
         1       823       834       955       956
         1       823       944       955       956
         1       823       944       945       956
         1       824       835       836       957
         1       824       825       836       957
         1       824       825       946       957
         1       824       835       956       957
         1       824       945       956       957
         1       824       945       946       957
         1       825       826       836       947
         1       815       825       826       947
         1       815       825       936       947
         1       825       836       947       957
         1       825       946       947       957
         1       825       936       946       947
         1       815       826       827       948
         1       815       816       827       948
         1       815       816       937       948
         1       815       826       947       948
         1       815       936       947       948
         1       815       936       937       948
         1       827       838       839       960
         1       827       828       839       960
         1       827       828       949       960
         1       827       838       959       960
         1       827       948       959       960
         1       827       948       949       960
         1       828       839       840       961
         1       828       829       840       961
         1       828       829       950       961
         1       828       839       960       961
         1       828       949       960       961
         1       828       949       950       961
         1       829       840       841       962
         1       829       830       841       962
         1       829       830       951       962
         1       829       840       961       962
         1       829       950       961       962
         1       829       950       951       962
         1       830       841       842       963
         1       830       831       842       963
         1       830       831       952       963
         1       830       841       962       963
         1       830       951       962       963
         1       830       951       952       963
         1       831       842       843       964
         1       831       832       843       964
         1       831       832       953       964
         1       831       842       963       964
         1       831       952       963       964
         1       831       952       953       964
         1       832       843       844       965
         1       832       833       844       965
         1       832       833       954       965
         1       832       843       964       965
         1       832       953       964       965
         1       832       953       954       965
         1       833       844       845       966
         1       833       834       845       966
         1       833       834       955       966
         1       833       844       965       966
         1       833       954       965       966
         1       833       954       955       966
         1       834       845       846       967
         1       834       835       846       967
         1       834       835       956       967
         1       834       845       966       967
         1       834       955       966       967
         1       834       955       956       967
         1       835       846       847       968
         1       835       836       847       968
         1       835       836       957       968
         1       835       846       967       968
         1       835       956       967       968
         1       835       956       957       968
         1       836       837       847       958
         1       826       836       837       958
         1       826       836       947       958
         1       836       847       958       968
         1       836       957       958       968
         1       836       947       957       958
         1       826       837       838       959
         1       826       827       838       959
         1       826       827       948       959
         1       826       837       958       959
         1       826       947       958       959
         1       826       947       948       959
         1       728       729       838       850
         1       729       838       839       850
         1       838       839       850       960
         1       728       838       849       850
         1       838       849       850       959
         1       838       850       959       960
         1       729       730       839       851
         1       730       839       840       851
         1       839       840       851       961
         1       729       839       850       851
         1       839       850       851       960
         1       839       851       960       961
         1       730       731       840       852
         1       731       840       841       852
         1       840       841       852       962
         1       730       840       851       852
         1       840       851       852       961
         1       840       852       961       962
         1       731       732       841       853
         1       732       841       842       853
         1       841       842       853       963
         1       731       841       852       853
         1       841       852       853       962
         1       841       853       962       963
         1       732       733       842       854
         1       733       842       843       854
         1       842       843       854       964
         1       732       842       853       854
         1       842       853       854       963
         1       842       854       963       964
         1       733       734       843       855
         1       734       843       844       855
         1       843       844       855       965
         1       733       843       854       855
         1       843       854       855       964
         1       843       855       964       965
         1       734       735       844       856
         1       735       844       845       856
         1       844       845       856       966
         1       734       844       855       856
         1       844       855       856       965
         1       844       856       965       966
         1       735       736       845       857
         1       736       845       846       857
         1       845       846       857       967
         1       735       845       856       857
         1       845       856       857       966
         1       845       857       966       967
         1       736       737       846       858
         1       737       846       847       858
         1       846       847       858       968
         1       736       846       857       858
         1       846       857       858       967
         1       846       858       967       968
         1       727       737       847       848
         1       727       837       847       848
         1       837       847       848       958
         1       737       847       848       858
         1       847       848       858       968
         1       847       848       958       968
         1       727       728       837       849
         1       728       837       838       849
         1       837       838       849       959
         1       727       837       848       849
         1       837       848       849       958
         1       837       849       958       959
         1       728       739       740       861
         1       728       729       740       861
         1       728       729       850       861
         1       728       739       860       861
         1       728       849       860       861
         1       728       849       850       861
         1       729       740       741       862
         1       729       730       741       862
         1       729       730       851       862
         1       729       740       861       862
         1       729       850       861       862
         1       729       850       851       862
         1       730       741       742       863
         1       730       731       742       863
         1       730       731       852       863
         1       730       741       862       863
         1       730       851       862       863
         1       730       851       852       863
         1       731       742       743       864
         1       731       732       743       864
         1       731       732       853       864
         1       731       742       863       864
         1       731       852       863       864
         1       731       852       853       864
         1       732       743       744       865
         1       732       733       744       865
         1       732       733       854       865
         1       732       743       864       865
         1       732       853       864       865
         1       732       853       854       865
         1       733       744       745       866
         1       733       734       745       866
         1       733       734       855       866
         1       733       744       865       866
         1       733       854       865       866
         1       733       854       855       866
         1       734       745       746       867
         1       734       735       746       867
         1       734       735       856       867
         1       734       745       866       867
         1       734       855       866       867
         1       734       855       856       867
         1       735       746       747       868
         1       735       736       747       868
         1       735       736       857       868
         1       735       746       867       868
         1       735       856       867       868
         1       735       856       857       868
         1       736       747       748       869
         1       736       737       748       869
         1       736       737       858       869
         1       736       747       868       869
         1       736       857       868       869
         1       736       857       858       869
         1       737       738       748       859
         1       727       737       738       859
         1       727       737       848       859
         1       737       748       859       869
         1       737       858       859       869
         1       737       848       858       859
         1       727       738       739       860
         1       727       728       739       860
         1       727       728       849       860
         1       727       738       859       860
         1       727       848       859       860
         1       727       848       849       860
         1       860       871       872       993
         1       860       861       872       993
         1       860       861       982       993
         1       860       871       992       993
         1       860       981       992       993
         1       860       981       982       993
         1       861       872       873       994
         1       861       862       873       994
         1       861       862       983       994
         1       861       872       993       994
         1       861       982       993       994
         1       861       982       983       994
         1       862       873       874       995
         1       862       863       874       995
         1       862       863       984       995
         1       862       873       994       995
         1       862       983       994       995
         1       862       983       984       995
         1       863       874       875       996
         1       863       864       875       996
         1       863       864       985       996
         1       863       874       995       996
         1       863       984       995       996
         1       863       984       985       996
         1       864       875       876       997
         1       864       865       876       997
         1       864       865       986       997
         1       864       875       996       997
         1       864       985       996       997
         1       864       985       986       997
         1       865       876       877       998
         1       865       866       877       998
         1       865       866       987       998
         1       865       876       997       998
         1       865       986       997       998
         1       865       986       987       998
         1       866       877       878       999
         1       866       867       878       999
         1       866       867       988       999
         1       866       877       998       999
         1       866       987       998       999
         1       866       987       988       999
         1       867       878       879      1000
         1       867       868       879      1000
         1       867       868       989      1000
         1       867       878       999      1000
         1       867       988       999      1000
         1       867       988       989      1000
         1       868       879       880      1001
         1       868       869       880      1001
         1       868       869       990      1001
         1       868       879      1000      1001
         1       868       989      1000      1001
         1       868       989       990      1001
         1       869       870       880       991
         1       859       869       870       991
         1       859       869       980       991
         1       869       880       991      1001
         1       869       990       991      1001
         1       869       980       990       991
         1       859       870       871       992
         1       859       860       871       992
         1       859       860       981       992
         1       859       870       991       992
         1       859       980       991       992
         1       859       980       981       992
         1       871       882       883      1004
         1       871       872       883      1004
         1       871       872       993      1004
         1       871       882      1003      1004
         1       871       992      1003      1004
         1       871       992       993      1004
         1       872       883       884      1005
         1       872       873       884      1005
         1       872       873       994      1005
         1       872       883      1004      1005
         1       872       993      1004      1005
         1       872       993       994      1005
         1       873       884       885      1006
         1       873       874       885      1006
         1       873       874       995      1006
         1       873       884      1005      1006
         1       873       994      1005      1006
         1       873       994       995      1006
         1       874       885       886      1007
         1       874       875       886      1007
         1       874       875       996      1007
         1       874       885      1006      1007
         1       874       995      1006      1007
         1       874       995       996      1007
         1       875       886       887      1008
         1       875       876       887      1008
         1       875       876       997      1008
         1       875       886      1007      1008
         1       875       996      1007      1008
         1       875       996       997      1008
         1       876       887       888      1009
         1       876       877       888      1009
         1       876       877       998      1009
         1       876       887      1008      1009
         1       876       997      1008      1009
         1       876       997       998      1009
         1       877       888       889      1010
         1       877       878       889      1010
         1       877       878       999      1010
         1       877       888      1009      1010
         1       877       998      1009      1010
         1       877       998       999      1010
         1       878       889       890      1011
         1       878       879       890      1011
         1       878       879      1000      1011
         1       878       889      1010      1011
         1       878       999      1010      1011
         1       878       999      1000      1011
         1       879       890       891      1012
         1       879       880       891      1012
         1       879       880      1001      1012
         1       879       890      1011      1012
         1       879      1000      1011      1012
         1       879      1000      1001      1012
         1       880       881       891      1002
         1       870       880       881      1002
         1       870       880       991      1002
         1       880       891      1002      1012
         1       880      1001      1002      1012
         1       880       991      1001      1002
         1       870       881       882      1003
         1       870       871       882      1003
         1       870       871       992      1003
         1       870       881      1002      1003
         1       870       991      1002      1003
         1       870       991       992      1003
         1       882       893       894      1015
         1       882       883       894      1015
         1       882       883      1004      1015
         1       882       893      1014      1015
         1       882      1003      1014      1015
         1       882      1003      1004      1015
         1       883       894       895      1016
         1       883       884       895      1016
         1       883       884      1005      1016
         1       883       894      1015      1016
         1       883      1004      1015      1016
         1       883      1004      1005      1016
         1       884       895       896      1017
         1       884       885       896      1017
         1       884       885      1006      1017
         1       884       895      1016      1017
         1       884      1005      1016      1017
         1       884      1005      1006      1017
         1       885       896       897      1018
         1       885       886       897      1018
         1       885       886      1007      1018
         1       885       896      1017      1018
         1       885      1006      1017      1018
         1       885      1006      1007      1018
         1       886       897       898      1019
         1       886       887       898      1019
         1       886       887      1008      1019
         1       886       897      1018      1019
         1       886      1007      1018      1019
         1       886      1007      1008      1019
         1       887       898       899      1020
         1       887       888       899      1020
         1       887       888      1009      1020
         1       887       898      1019      1020
         1       887      1008      1019      1020
         1       887      1008      1009      1020
         1       888       899       900      1021
         1       888       889       900      1021
         1       888       889      1010      1021
         1       888       899      1020      1021
         1       888      1009      1020      1021
         1       888      1009      1010      1021
         1       889       900       901      1022
         1       889       890       901      1022
         1       889       890      1011      1022
         1       889       900      1021      1022
         1       889      1010      1021      1022
         1       889      1010      1011      1022
         1       890       901       902      1023
         1       890       891       902      1023
         1       890       891      1012      1023
         1       890       901      1022      1023
         1       890      1011      1022      1023
         1       890      1011      1012      1023
         1       891       892       902      1013
         1       881       891       892      1013
         1       881       891      1002      1013
         1       891       902      1013      1023
         1       891      1012      1013      1023
         1       891      1002      1012      1013
         1       881       892       893      1014
         1       881       882       893      1014
         1       881       882      1003      1014
         1       881       892      1013      1014
         1       881      1002      1013      1014
         1       881      1002      1003      1014
         1       893       904       905      1026
         1       893       894       905      1026
         1       893       894      1015      1026
         1       893       904      1025      1026
         1       893      1014      1025      1026
         1       893      1014      1015      1026
         1       894       905       906      1027
         1       894       895       906      1027
         1       894       895      1016      1027
         1       894       905      1026      1027
         1       894      1015      1026      1027
         1       894      1015      1016      1027
         1       895       906       907      1028
         1       895       896       907      1028
         1       895       896      1017      1028
         1       895       906      1027      1028
         1       895      1016      1027      1028
         1       895      1016      1017      1028
         1       896       907       908      1029
         1       896       897       908      1029
         1       896       897      1018      1029
         1       896       907      1028      1029
         1       896      1017      1028      1029
         1       896      1017      1018      1029
         1       897       908       909      1030
         1       897       898       909      1030
         1       897       898      1019      1030
         1       897       908      1029      1030
         1       897      1018      1029      1030
         1       897      1018      1019      1030
         1       898       909       910      1031
         1       898       899       910      1031
         1       898       899      1020      1031
         1       898       909      1030      1031
         1       898      1019      1030      1031
         1       898      1019      1020      1031
         1       899       910       911      1032
         1       899       900       911      1032
         1       899       900      1021      1032
         1       899       910      1031      1032
         1       899      1020      1031      1032
         1       899      1020      1021      1032
         1       900       911       912      1033
         1       900       901       912      1033
         1       900       901      1022      1033
         1       900       911      1032      1033
         1       900      1021      1032      1033
         1       900      1021      1022      1033
         1       901       912       913      1034
         1       901       902       913      1034
         1       901       902      1023      1034
         1       901       912      1033      1034
         1       901      1022      1033      1034
         1       901      1022      1023      1034
         1       902       903       913      1024
         1       892       902       903      1024
         1       892       902      1013      1024
         1       902       913      1024      1034
         1       902      1023      1024      1034
         1       902      1013      1023      1024
         1       892       903       904      1025
         1       892       893       904      1025
         1       892       893      1014      1025
         1       892       903      1024      1025
         1       892      1013      1024      1025
         1       892      1013      1014      1025
         1       904       915       916      1037
         1       904       905       916      1037
         1       904       905      1026      1037
         1       904       915      1036      1037
         1       904      1025      1036      1037
         1       904      1025      1026      1037
         1       905       916       917      1038
         1       905       906       917      1038
         1       905       906      1027      1038
         1       905       916      1037      1038
         1       905      1026      1037      1038
         1       905      1026      1027      1038
         1       906       917       918      1039
         1       906       907       918      1039
         1       906       907      1028      1039
         1       906       917      1038      1039
         1       906      1027      1038      1039
         1       906      1027      1028      1039
         1       907       918       919      1040
         1       907       908       919      1040
         1       907       908      1029      1040
         1       907       918      1039      1040
         1       907      1028      1039      1040
         1       907      1028      1029      1040
         1       908       919       920      1041
         1       908       909       920      1041
         1       908       909      1030      1041
         1       908       919      1040      1041
         1       908      1029      1040      1041
         1       908      1029      1030      1041
         1       909       920       921      1042
         1       909       910       921      1042
         1       909       910      1031      1042
         1       909       920      1041      1042
         1       909      1030      1041      1042
         1       909      1030      1031      1042
         1       910       921       922      1043
         1       910       911       922      1043
         1       910       911      1032      1043
         1       910       921      1042      1043
         1       910      1031      1042      1043
         1       910      1031      1032      1043
         1       911       922       923      1044
         1       911       912       923      1044
         1       911       912      1033      1044
         1       911       922      1043      1044
         1       911      1032      1043      1044
         1       911      1032      1033      1044
         1       912       923       924      1045
         1       912       913       924      1045
         1       912       913      1034      1045
         1       912       923      1044      1045
         1       912      1033      1044      1045
         1       912      1033      1034      1045
         1       913       914       924      1035
         1       903       913       914      1035
         1       903       913      1024      1035
         1       913       924      1035      1045
         1       913      1034      1035      1045
         1       913      1024      1034      1035
         1       903       914       915      1036
         1       903       904       915      1036
         1       903       904      1025      1036
         1       903       914      1035      1036
         1       903      1024      1035      1036
         1       903      1024      1025      1036
         1       915       926       927      1048
         1       915       916       927      1048
         1       915       916      1037      1048
         1       915       926      1047      1048
         1       915      1036      1047      1048
         1       915      1036      1037      1048
         1       916       927       928      1049
         1       916       917       928      1049
         1       916       917      1038      1049
         1       916       927      1048      1049
         1       916      1037      1048      1049
         1       916      1037      1038      1049
         1       917       928       929      1050
         1       917       918       929      1050
         1       917       918      1039      1050
         1       917       928      1049      1050
         1       917      1038      1049      1050
         1       917      1038      1039      1050
         1       918       929       930      1051
         1       918       919       930      1051
         1       918       919      1040      1051
         1       918       929      1050      1051
         1       918      1039      1050      1051
         1       918      1039      1040      1051
         1       919       930       931      1052
         1       919       920       931      1052
         1       919       920      1041      1052
         1       919       930      1051      1052
         1       919      1040      1051      1052
         1       919      1040      1041      1052
         1       920       931       932      1053
         1       920       921       932      1053
         1       920       921      1042      1053
         1       920       931      1052      1053
         1       920      1041      1052      1053
         1       920      1041      1042      1053
         1       921       932       933      1054
         1       921       922       933      1054
         1       921       922      1043      1054
         1       921       932      1053      1054
         1       921      1042      1053      1054
         1       921      1042      1043      1054
         1       922       933       934      1055
         1       922       923       934      1055
         1       922       923      1044      1055
         1       922       933      1054      1055
         1       922      1043      1054      1055
         1       922      1043      1044      1055
         1       923       934       935      1056
         1       923       924       935      1056
         1       923       924      1045      1056
         1       923       934      1055      1056
         1       923      1044      1055      1056
         1       923      1044      1045      1056
         1       924       925       935      1046
         1       914       924       925      1046
         1       914       924      1035      1046
         1       924       935      1046      1056
         1       924      1045      1046      1056
         1       924      1035      1045      1046
         1       914       925       926      1047
         1       914       915       926      1047
         1       914       915      1036      1047
         1       914       925      1046      1047
         1       914      1035      1046      1047
         1       914      1035      1036      1047
         1       926       937       938      1059
         1       926       927       938      1059
         1       926       927      1048      1059
         1       926       937      1058      1059
         1       926      1047      1058      1059
         1       926      1047      1048      1059
         1       927       938       939      1060
         1       927       928       939      1060
         1       927       928      1049      1060
         1       927       938      1059      1060
         1       927      1048      1059      1060
         1       927      1048      1049      1060
         1       928       939       940      1061
         1       928       929       940      1061
         1       928       929      1050      1061
         1       928       939      1060      1061
         1       928      1049      1060      1061
         1       928      1049      1050      1061
         1       929       940       941      1062
         1       929       930       941      1062
         1       929       930      1051      1062
         1       929       940      1061      1062
         1       929      1050      1061      1062
         1       929      1050      1051      1062
         1       930       941       942      1063
         1       930       931       942      1063
         1       930       931      1052      1063
         1       930       941      1062      1063
         1       930      1051      1062      1063
         1       930      1051      1052      1063
         1       931       942       943      1064
         1       931       932       943      1064
         1       931       932      1053      1064
         1       931       942      1063      1064
         1       931      1052      1063      1064
         1       931      1052      1053      1064
         1       932       943       944      1065
         1       932       933       944      1065
         1       932       933      1054      1065
         1       932       943      1064      1065
         1       932      1053      1064      1065
         1       932      1053      1054      1065
         1       933       944       945      1066
         1       933       934       945      1066
         1       933       934      1055      1066
         1       933       944      1065      1066
         1       933      1054      1065      1066
         1       933      1054      1055      1066
         1       934       945       946      1067
         1       934       935       946      1067
         1       934       935      1056      1067
         1       934       945      1066      1067
         1       934      1055      1066      1067
         1       934      1055      1056      1067
         1       935       936       946      1057
         1       925       935       936      1057
         1       925       935      1046      1057
         1       935       946      1057      1067
         1       935      1056      1057      1067
         1       935      1046      1056      1057
         1       925       936       937      1058
         1       925       926       937      1058
         1       925       926      1047      1058
         1       925       936      1057      1058
         1       925      1046      1057      1058
         1       925      1046      1047      1058
         1       937       948       949      1070
         1       937       938       949      1070
         1       937       938      1059      1070
         1       937       948      1069      1070
         1       937      1058      1069      1070
         1       937      1058      1059      1070
         1       938       949       950      1071
         1       938       939       950      1071
         1       938       939      1060      1071
         1       938       949      1070      1071
         1       938      1059      1070      1071
         1       938      1059      1060      1071
         1       939       950       951      1072
         1       939       940       951      1072
         1       939       940      1061      1072
         1       939       950      1071      1072
         1       939      1060      1071      1072
         1       939      1060      1061      1072
         1       940       951       952      1073
         1       940       941       952      1073
         1       940       941      1062      1073
         1       940       951      1072      1073
         1       940      1061      1072      1073
         1       940      1061      1062      1073
         1       941       952       953      1074
         1       941       942       953      1074
         1       941       942      1063      1074
         1       941       952      1073      1074
         1       941      1062      1073      1074
         1       941      1062      1063      1074
         1       942       953       954      1075
         1       942       943       954      1075
         1       942       943      1064      1075
         1       942       953      1074      1075
         1       942      1063      1074      1075
         1       942      1063      1064      1075
         1       943       954       955      1076
         1       943       944       955      1076
         1       943       944      1065      1076
         1       943       954      1075      1076
         1       943      1064      1075      1076
         1       943      1064      1065      1076
         1       944       955       956      1077
         1       944       945       956      1077
         1       944       945      1066      1077
         1       944       955      1076      1077
         1       944      1065      1076      1077
         1       944      1065      1066      1077
         1       945       956       957      1078
         1       945       946       957      1078
         1       945       946      1067      1078
         1       945       956      1077      1078
         1       945      1066      1077      1078
         1       945      1066      1067      1078
         1       946       947       957      1068
         1       936       946       947      1068
         1       936       946      1057      1068
         1       946       957      1068      1078
         1       946      1067      1068      1078
         1       946      1057      1067      1068
         1       936       947       948      1069
         1       936       937       948      1069
         1       936       937      1058      1069
         1       936       947      1068      1069
         1       936      1057      1068      1069
         1       936      1057      1058      1069
         1       948       959       960      1081
         1       948       949       960      1081
         1       948       949      1070      1081
         1       948       959      1080      1081
         1       948      1069      1080      1081
         1       948      1069      1070      1081
         1       949       960       961      1082
         1       949       950       961      1082
         1       949       950      1071      1082
         1       949       960      1081      1082
         1       949      1070      1081      1082
         1       949      1070      1071      1082
         1       950       961       962      1083
         1       950       951       962      1083
         1       950       951      1072      1083
         1       950       961      1082      1083
         1       950      1071      1082      1083
         1       950      1071      1072      1083
         1       951       962       963      1084
         1       951       952       963      1084
         1       951       952      1073      1084
         1       951       962      1083      1084
         1       951      1072      1083      1084
         1       951      1072      1073      1084
         1       952       963       964      1085
         1       952       953       964      1085
         1       952       953      1074      1085
         1       952       963      1084      1085
         1       952      1073      1084      1085
         1       952      1073      1074      1085
         1       953       964       965      1086
         1       953       954       965      1086
         1       953       954      1075      1086
         1       953       964      1085      1086
         1       953      1074      1085      1086
         1       953      1074      1075      1086
         1       954       965       966      1087
         1       954       955       966      1087
         1       954       955      1076      1087
         1       954       965      1086      1087
         1       954      1075      1086      1087
         1       954      1075      1076      1087
         1       955       966       967      1088
         1       955       956       967      1088
         1       955       956      1077      1088
         1       955       966      1087      1088
         1       955      1076      1087      1088
         1       955      1076      1077      1088
         1       956       967       968      1089
         1       956       957       968      1089
         1       956       957      1078      1089
         1       956       967      1088      1089
         1       956      1077      1088      1089
         1       956      1077      1078      1089
         1       957       958       968      1079
         1       947       957       958      1079
         1       947       957      1068      1079
         1       957       968      1079      1089
         1       957      1078      1079      1089
         1       957      1068      1078      1079
         1       947       958       959      1080
         1       947       948       959      1080
         1       947       948      1069      1080
         1       947       958      1079      1080
         1       947      1068      1079      1080
         1       947      1068      1069      1080
         1       849       850       959       971
         1       850       959       960       971
         1       959       960       971      1081
         1       849       959       970       971
         1       959       970       971      1080
         1       959       971      1080      1081
         1       850       851       960       972
         1       851       960       961       972
         1       960       961       972      1082
         1       850       960       971       972
         1       960       971       972      1081
         1       960       972      1081      1082
         1       851       852       961       973
         1       852       961       962       973
         1       961       962       973      1083
         1       851       961       972       973
         1       961       972       973      1082
         1       961       973      1082      1083
         1       852       853       962       974
         1       853       962       963       974
         1       962       963       974      1084
         1       852       962       973       974
         1       962       973       974      1083
         1       962       974      1083      1084
         1       853       854       963       975
         1       854       963       964       975
         1       963       964       975      1085
         1       853       963       974       975
         1       963       974       975      1084
         1       963       975      1084      1085
         1       854       855       964       976
         1       855       964       965       976
         1       964       965       976      1086
         1       854       964       975       976
         1       964       975       976      1085
         1       964       976      1085      1086
         1       855       856       965       977
         1       856       965       966       977
         1       965       966       977      1087
         1       855       965       976       977
         1       965       976       977      1086
         1       965       977      1086      1087
         1       856       857       966       978
         1       857       966       967       978
         1       966       967       978      1088
         1       856       966       977       978
         1       966       977       978      1087
         1       966       978      1087      1088
         1       857       858       967       979
         1       858       967       968       979
         1       967       968       979      1089
         1       857       967       978       979
         1       967       978       979      1088
         1       967       979      1088      1089
         1       848       858       968       969
         1       848       958       968       969
         1       958       968       969      1079
         1       858       968       969       979
         1       968       969       979      1089
         1       968       969      1079      1089
         1       848       849       958       970
         1       849       958       959       970
         1       958       959       970      1080
         1       848       958       969       970
         1       958       969       970      1079
         1       958       970      1079      1080
         1       849       860       861       982
         1       849       850       861       982
         1       849       850       971       982
         1       849       860       981       982
         1       849       970       981       982
         1       849       970       971       982
         1       850       861       862       983
         1       850       851       862       983
         1       850       851       972       983
         1       850       861       982       983
         1       850       971       982       983
         1       850       971       972       983
         1       851       862       863       984
         1       851       852       863       984
         1       851       852       973       984
         1       851       862       983       984
         1       851       972       983       984
         1       851       972       973       984
         1       852       863       864       985
         1       852       853       864       985
         1       852       853       974       985
         1       852       863       984       985
         1       852       973       984       985
         1       852       973       974       985
         1       853       864       865       986
         1       853       854       865       986
         1       853       854       975       986
         1       853       864       985       986
         1       853       974       985       986
         1       853       974       975       986
         1       854       865       866       987
         1       854       855       866       987
         1       854       855       976       987
         1       854       865       986       987
         1       854       975       986       987
         1       854       975       976       987
         1       855       866       867       988
         1       855       856       867       988
         1       855       856       977       988
         1       855       866       987       988
         1       855       976       987       988
         1       855       976       977       988
         1       856       867       868       989
         1       856       857       868       989
         1       856       857       978       989
         1       856       867       988       989
         1       856       977       988       989
         1       856       977       978       989
         1       857       868       869       990
         1       857       858       869       990
         1       857       858       979       990
         1       857       868       989       990
         1       857       978       989       990
         1       857       978       979       990
         1       858       859       869       980
         1       848       858       859       980
         1       848       858       969       980
         1       858       869       980       990
         1       858       979       980       990
         1       858       969       979       980
         1       848       859       860       981
         1       848       849       860       981
         1       848       849       970       981
         1       848       859       980       981
         1       848       969       980       981
         1       848       969       970       981
         1       981       992       993      1114
         1       981       982       993      1114
         1       981       982      1103      1114
         1       981       992      1113      1114
         1       981      1102      1113      1114
         1       981      1102      1103      1114
         1       982       993       994      1115
         1       982       983       994      1115
         1       982       983      1104      1115
         1       982       993      1114      1115
         1       982      1103      1114      1115
         1       982      1103      1104      1115
         1       983       994       995      1116
         1       983       984       995      1116
         1       983       984      1105      1116
         1       983       994      1115      1116
         1       983      1104      1115      1116
         1       983      1104      1105      1116
         1       984       995       996      1117
         1       984       985       996      1117
         1       984       985      1106      1117
         1       984       995      1116      1117
         1       984      1105      1116      1117
         1       984      1105      1106      1117
         1       985       996       997      1118
         1       985       986       997      1118
         1       985       986      1107      1118
         1       985       996      1117      1118
         1       985      1106      1117      1118
         1       985      1106      1107      1118
         1       986       997       998      1119
         1       986       987       998      1119
         1       986       987      1108      1119
         1       986       997      1118      1119
         1       986      1107      1118      1119
         1       986      1107      1108      1119
         1       987       998       999      1120
         1       987       988       999      1120
         1       987       988      1109      1120
         1       987       998      1119      1120
         1       987      1108      1119      1120
         1       987      1108      1109      1120
         1       988       999      1000      1121
         1       988       989      1000      1121
         1       988       989      1110      1121
         1       988       999      1120      1121
         1       988      1109      1120      1121
         1       988      1109      1110      1121
         1       989      1000      1001      1122
         1       989       990      1001      1122
         1       989       990      1111      1122
         1       989      1000      1121      1122
         1       989      1110      1121      1122
         1       989      1110      1111      1122
         1       990       991      1001      1112
         1       980       990       991      1112
         1       980       990      1101      1112
         1       990      1001      1112      1122
         1       990      1111      1112      1122
         1       990      1101      1111      1112
         1       980       991       992      1113
         1       980       981       992      1113
         1       980       981      1102      1113
         1       980       991      1112      1113
         1       980      1101      1112      1113
         1       980      1101      1102      1113
         1       992      1003      1004      1125
         1       992       993      1004      1125
         1       992       993      1114      1125
         1       992      1003      1124      1125
         1       992      1113      1124      1125
         1       992      1113      1114      1125
         1       993      1004      1005      1126
         1       993       994      1005      1126
         1       993       994      1115      1126
         1       993      1004      1125      1126
         1       993      1114      1125      1126
         1       993      1114      1115      1126
         1       994      1005      1006      1127
         1       994       995      1006      1127
         1       994       995      1116      1127
         1       994      1005      1126      1127
         1       994      1115      1126      1127
         1       994      1115      1116      1127
         1       995      1006      1007      1128
         1       995       996      1007      1128
         1       995       996      1117      1128
         1       995      1006      1127      1128
         1       995      1116      1127      1128
         1       995      1116      1117      1128
         1       996      1007      1008      1129
         1       996       997      1008      1129
         1       996       997      1118      1129
         1       996      1007      1128      1129
         1       996      1117      1128      1129
         1       996      1117      1118      1129
         1       997      1008      1009      1130
         1       997       998      1009      1130
         1       997       998      1119      1130
         1       997      1008      1129      1130
         1       997      1118      1129      1130
         1       997      1118      1119      1130
         1       998      1009      1010      1131
         1       998       999      1010      1131
         1       998       999      1120      1131
         1       998      1009      1130      1131
         1       998      1119      1130      1131
         1       998      1119      1120      1131
         1       999      1010      1011      1132
         1       999      1000      1011      1132
         1       999      1000      1121      1132
         1       999      1010      1131      1132
         1       999      1120      1131      1132
         1       999      1120      1121      1132
         1      1000      1011      1012      1133
         1      1000      1001      1012      1133
         1      1000      1001      1122      1133
         1      1000      1011      1132      1133
         1      1000      1121      1132      1133
         1      1000      1121      1122      1133
         1      1001      1002      1012      1123
         1       991      1001      1002      1123
         1       991      1001      1112      1123
         1      1001      1012      1123      1133
         1      1001      1122      1123      1133
         1      1001      1112      1122      1123
         1       991      1002      1003      1124
         1       991       992      1003      1124
         1       991       992      1113      1124
         1       991      1002      1123      1124
         1       991      1112      1123      1124
         1       991      1112      1113      1124
         1      1003      1014      1015      1136
         1      1003      1004      1015      1136
         1      1003      1004      1125      1136
         1      1003      1014      1135      1136
         1      1003      1124      1135      1136
         1      1003      1124      1125      1136
         1      1004      1015      1016      1137
         1      1004      1005      1016      1137
         1      1004      1005      1126      1137
         1      1004      1015      1136      1137
         1      1004      1125      1136      1137
         1      1004      1125      1126      1137
         1      1005      1016      1017      1138
         1      1005      1006      1017      1138
         1      1005      1006      1127      1138
         1      1005      1016      1137      1138
         1      1005      1126      1137      1138
         1      1005      1126      1127      1138
         1      1006      1017      1018      1139
         1      1006      1007      1018      1139
         1      1006      1007      1128      1139
         1      1006      1017      1138      1139
         1      1006      1127      1138      1139
         1      1006      1127      1128      1139
         1      1007      1018      1019      1140
         1      1007      1008      1019      1140
         1      1007      1008      1129      1140
         1      1007      1018      1139      1140
         1      1007      1128      1139      1140
         1      1007      1128      1129      1140
         1      1008      1019      1020      1141
         1      1008      1009      1020      1141
         1      1008      1009      1130      1141
         1      1008      1019      1140      1141
         1      1008      1129      1140      1141
         1      1008      1129      1130      1141
         1      1009      1020      1021      1142
         1      1009      1010      1021      1142
         1      1009      1010      1131      1142
         1      1009      1020      1141      1142
         1      1009      1130      1141      1142
         1      1009      1130      1131      1142
         1      1010      1021      1022      1143
         1      1010      1011      1022      1143
         1      1010      1011      1132      1143
         1      1010      1021      1142      1143
         1      1010      1131      1142      1143
         1      1010      1131      1132      1143
         1      1011      1022      1023      1144
         1      1011      1012      1023      1144
         1      1011      1012      1133      1144
         1      1011      1022      1143      1144
         1      1011      1132      1143      1144
         1      1011      1132      1133      1144
         1      1012      1013      1023      1134
         1      1002      1012      1013      1134
         1      1002      1012      1123      1134
         1      1012      1023      1134      1144
         1      1012      1133      1134      1144
         1      1012      1123      1133      1134
         1      1002      1013      1014      1135
         1      1002      1003      1014      1135
         1      1002      1003      1124      1135
         1      1002      1013      1134      1135
         1      1002      1123      1134      1135
         1      1002      1123      1124      1135
         1      1014      1025      1026      1147
         1      1014      1015      1026      1147
         1      1014      1015      1136      1147
         1      1014      1025      1146      1147
         1      1014      1135      1146      1147
         1      1014      1135      1136      1147
         1      1015      1026      1027      1148
         1      1015      1016      1027      1148
         1      1015      1016      1137      1148
         1      1015      1026      1147      1148
         1      1015      1136      1147      1148
         1      1015      1136      1137      1148
         1      1016      1027      1028      1149
         1      1016      1017      1028      1149
         1      1016      1017      1138      1149
         1      1016      1027      1148      1149
         1      1016      1137      1148      1149
         1      1016      1137      1138      1149
         1      1017      1028      1029      1150
         1      1017      1018      1029      1150
         1      1017      1018      1139      1150
         1      1017      1028      1149      1150
         1      1017      1138      1149      1150
         1      1017      1138      1139      1150
         1      1018      1029      1030      1151
         1      1018      1019      1030      1151
         1      1018      1019      1140      1151
         1      1018      1029      1150      1151
         1      1018      1139      1150      1151
         1      1018      1139      1140      1151
         1      1019      1030      1031      1152
         1      1019      1020      1031      1152
         1      1019      1020      1141      1152
         1      1019      1030      1151      1152
         1      1019      1140      1151      1152
         1      1019      1140      1141      1152
         1      1020      1031      1032      1153
         1      1020      1021      1032      1153
         1      1020      1021      1142      1153
         1      1020      1031      1152      1153
         1      1020      1141      1152      1153
         1      1020      1141      1142      1153
         1      1021      1032      1033      1154
         1      1021      1022      1033      1154
         1      1021      1022      1143      1154
         1      1021      1032      1153      1154
         1      1021      1142      1153      1154
         1      1021      1142      1143      1154
         1      1022      1033      1034      1155
         1      1022      1023      1034      1155
         1      1022      1023      1144      1155
         1      1022      1033      1154      1155
         1      1022      1143      1154      1155
         1      1022      1143      1144      1155
         1      1023      1024      1034      1145
         1      1013      1023      1024      1145
         1      1013      1023      1134      1145
         1      1023      1034      1145      1155
         1      1023      1144      1145      1155
         1      1023      1134      1144      1145
         1      1013      1024      1025      1146
         1      1013      1014      1025      1146
         1      1013      1014      1135      1146
         1      1013      1024      1145      1146
         1      1013      1134      1145      1146
         1      1013      1134      1135      1146
         1      1025      1036      1037      1158
         1      1025      1026      1037      1158
         1      1025      1026      1147      1158
         1      1025      1036      1157      1158
         1      1025      1146      1157      1158
         1      1025      1146      1147      1158
         1      1026      1037      1038      1159
         1      1026      1027      1038      1159
         1      1026      1027      1148      1159
         1      1026      1037      1158      1159
         1      1026      1147      1158      1159
         1      1026      1147      1148      1159
         1      1027      1038      1039      1160
         1      1027      1028      1039      1160
         1      1027      1028      1149      1160
         1      1027      1038      1159      1160
         1      1027      1148      1159      1160
         1      1027      1148      1149      1160
         1      1028      1039      1040      1161
         1      1028      1029      1040      1161
         1      1028      1029      1150      1161
         1      1028      1039      1160      1161
         1      1028      1149      1160      1161
         1      1028      1149      1150      1161
         1      1029      1040      1041      1162
         1      1029      1030      1041      1162
         1      1029      1030      1151      1162
         1      1029      1040      1161      1162
         1      1029      1150      1161      1162
         1      1029      1150      1151      1162
         1      1030      1041      1042      1163
         1      1030      1031      1042      1163
         1      1030      1031      1152      1163
         1      1030      1041      1162      1163
         1      1030      1151      1162      1163
         1      1030      1151      1152      1163
         1      1031      1042      1043      1164
         1      1031      1032      1043      1164
         1      1031      1032      1153      1164
         1      1031      1042      1163      1164
         1      1031      1152      1163      1164
         1      1031      1152      1153      1164
         1      1032      1043      1044      1165
         1      1032      1033      1044      1165
         1      1032      1033      1154      1165
         1      1032      1043      1164      1165
         1      1032      1153      1164      1165
         1      1032      1153      1154      1165
         1      1033      1044      1045      1166
         1      1033      1034      1045      1166
         1      1033      1034      1155      1166
         1      1033      1044      1165      1166
         1      1033      1154      1165      1166
         1      1033      1154      1155      1166
         1      1034      1035      1045      1156
         1      1024      1034      1035      1156
         1      1024      1034      1145      1156
         1      1034      1045      1156      1166
         1      1034      1155      1156      1166
         1      1034      1145      1155      1156
         1      1024      1035      1036      1157
         1      1024      1025      1036      1157
         1      1024      1025      1146      1157
         1      1024      1035      1156      1157
         1      1024      1145      1156      1157
         1      1024      1145      1146      1157
         1      1036      1047      1048      1169
         1      1036      1037      1048      1169
         1      1036      1037      1158      1169
         1      1036      1047      1168      1169
         1      1036      1157      1168      1169
         1      1036      1157      1158      1169
         1      1037      1048      1049      1170
         1      1037      1038      1049      1170
         1      1037      1038      1159      1170
         1      1037      1048      1169      1170
         1      1037      1158      1169      1170
         1      1037      1158      1159      1170
         1      1038      1049      1050      1171
         1      1038      1039      1050      1171
         1      1038      1039      1160      1171
         1      1038      1049      1170      1171
         1      1038      1159      1170      1171
         1      1038      1159      1160      1171
         1      1039      1050      1051      1172
         1      1039      1040      1051      1172
         1      1039      1040      1161      1172
         1      1039      1050      1171      1172
         1      1039      1160      1171      1172
         1      1039      1160      1161      1172
         1      1040      1051      1052      1173
         1      1040      1041      1052      1173
         1      1040      1041      1162      1173
         1      1040      1051      1172      1173
         1      1040      1161      1172      1173
         1      1040      1161      1162      1173
         1      1041      1052      1053      1174
         1      1041      1042      1053      1174
         1      1041      1042      1163      1174
         1      1041      1052      1173      1174
         1      1041      1162      1173      1174
         1      1041      1162      1163      1174
         1      1042      1053      1054      1175
         1      1042      1043      1054      1175
         1      1042      1043      1164      1175
         1      1042      1053      1174      1175
         1      1042      1163      1174      1175
         1      1042      1163      1164      1175
         1      1043      1054      1055      1176
         1      1043      1044      1055      1176
         1      1043      1044      1165      1176
         1      1043      1054      1175      1176
         1      1043      1164      1175      1176
         1      1043      1164      1165      1176
         1      1044      1055      1056      1177
         1      1044      1045      1056      1177
         1      1044      1045      1166      1177
         1      1044      1055      1176      1177
         1      1044      1165      1176      1177
         1      1044      1165      1166      1177
         1      1045      1046      1056      1167
         1      1035      1045      1046      1167
         1      1035      1045      1156      1167
         1      1045      1056      1167      1177
         1      1045      1166      1167      1177
         1      1045      1156      1166      1167
         1      1035      1046      1047      1168
         1      1035      1036      1047      1168
         1      1035      1036      1157      1168
         1      1035      1046      1167      1168
         1      1035      1156      1167      1168
         1      1035      1156      1157      1168
         1      1047      1058      1059      1180
         1      1047      1048      1059      1180
         1      1047      1048      1169      1180
         1      1047      1058      1179      1180
         1      1047      1168      1179      1180
         1      1047      1168      1169      1180
         1      1048      1059      1060      1181
         1      1048      1049      1060      1181
         1      1048      1049      1170      1181
         1      1048      1059      1180      1181
         1      1048      1169      1180      1181
         1      1048      1169      1170      1181
         1      1049      1060      1061      1182
         1      1049      1050      1061      1182
         1      1049      1050      1171      1182
         1      1049      1060      1181      1182
         1      1049      1170      1181      1182
         1      1049      1170      1171      1182
         1      1050      1061      1062      1183
         1      1050      1051      1062      1183
         1      1050      1051      1172      1183
         1      1050      1061      1182      1183
         1      1050      1171      1182      1183
         1      1050      1171      1172      1183
         1      1051      1062      1063      1184
         1      1051      1052      1063      1184
         1      1051      1052      1173      1184
         1      1051      1062      1183      1184
         1      1051      1172      1183      1184
         1      1051      1172      1173      1184
         1      1052      1063      1064      1185
         1      1052      1053      1064      1185
         1      1052      1053      1174      1185
         1      1052      1063      1184      1185
         1      1052      1173      1184      1185
         1      1052      1173      1174      1185
         1      1053      1064      1065      1186
         1      1053      1054      1065      1186
         1      1053      1054      1175      1186
         1      1053      1064      1185      1186
         1      1053      1174      1185      1186
         1      1053      1174      1175      1186
         1      1054      1065      1066      1187
         1      1054      1055      1066      1187
         1      1054      1055      1176      1187
         1      1054      1065      1186      1187
         1      1054      1175      1186      1187
         1      1054      1175      1176      1187
         1      1055      1066      1067      1188
         1      1055      1056      1067      1188
         1      1055      1056      1177      1188
         1      1055      1066      1187      1188
         1      1055      1176      1187      1188
         1      1055      1176      1177      1188
         1      1056      1057      1067      1178
         1      1046      1056      1057      1178
         1      1046      1056      1167      1178
         1      1056      1067      1178      1188
         1      1056      1177      1178      1188
         1      1056      1167      1177      1178
         1      1046      1057      1058      1179
         1      1046      1047      1058      1179
         1      1046      1047      1168      1179
         1      1046      1057      1178      1179
         1      1046      1167      1178      1179
         1      1046      1167      1168      1179
         1      1058      1069      1070      1191
         1      1058      1059      1070      1191
         1      1058      1059      1180      1191
         1      1058      1069      1190      1191
         1      1058      1179      1190      1191
         1      1058      1179      1180      1191
         1      1059      1070      1071      1192
         1      1059      1060      1071      1192
         1      1059      1060      1181      1192
         1      1059      1070      1191      1192
         1      1059      1180      1191      1192
         1      1059      1180      1181      1192
         1      1060      1071      1072      1193
         1      1060      1061      1072      1193
         1      1060      1061      1182      1193
         1      1060      1071      1192      1193
         1      1060      1181      1192      1193
         1      1060      1181      1182      1193
         1      1061      1072      1073      1194
         1      1061      1062      1073      1194
         1      1061      1062      1183      1194
         1      1061      1072      1193      1194
         1      1061      1182      1193      1194
         1      1061      1182      1183      1194
         1      1062      1073      1074      1195
         1      1062      1063      1074      1195
         1      1062      1063      1184      1195
         1      1062      1073      1194      1195
         1      1062      1183      1194      1195
         1      1062      1183      1184      1195
         1      1063      1074      1075      1196
         1      1063      1064      1075      1196
         1      1063      1064      1185      1196
         1      1063      1074      1195      1196
         1      1063      1184      1195      1196
         1      1063      1184      1185      1196
         1      1064      1075      1076      1197
         1      1064      1065      1076      1197
         1      1064      1065      1186      1197
         1      1064      1075      1196      1197
         1      1064      1185      1196      1197
         1      1064      1185      1186      1197
         1      1065      1076      1077      1198
         1      1065      1066      1077      1198
         1      1065      1066      1187      1198
         1      1065      1076      1197      1198
         1      1065      1186      1197      1198
         1      1065      1186      1187      1198
         1      1066      1077      1078      1199
         1      1066      1067      1078      1199
         1      1066      1067      1188      1199
         1      1066      1077      1198      1199
         1      1066      1187      1198      1199
         1      1066      1187      1188      1199
         1      1067      1068      1078      1189
         1      1057      1067      1068      1189
         1      1057      1067      1178      1189
         1      1067      1078      1189      1199
         1      1067      1188      1189      1199
         1      1067      1178      1188      1189
         1      1057      1068      1069      1190
         1      1057      1058      1069      1190
         1      1057      1058      1179      1190
         1      1057      1068      1189      1190
         1      1057      1178      1189      1190
         1      1057      1178      1179      1190
         1      1069      1080      1081      1202
         1      1069      1070      1081      1202
         1      1069      1070      1191      1202
         1      1069      1080      1201      1202
         1      1069      1190      1201      1202
         1      1069      1190      1191      1202
         1      1070      1081      1082      1203
         1      1070      1071      1082      1203
         1      1070      1071      1192      1203
         1      1070      1081      1202      1203
         1      1070      1191      1202      1203
         1      1070      1191      1192      1203
         1      1071      1082      1083      1204
         1      1071      1072      1083      1204
         1      1071      1072      1193      1204
         1      1071      1082      1203      1204
         1      1071      1192      1203      1204
         1      1071      1192      1193      1204
         1      1072      1083      1084      1205
         1      1072      1073      1084      1205
         1      1072      1073      1194      1205
         1      1072      1083      1204      1205
         1      1072      1193      1204      1205
         1      1072      1193      1194      1205
         1      1073      1084      1085      1206
         1      1073      1074      1085      1206
         1      1073      1074      1195      1206
         1      1073      1084      1205      1206
         1      1073      1194      1205      1206
         1      1073      1194      1195      1206
         1      1074      1085      1086      1207
         1      1074      1075      1086      1207
         1      1074      1075      1196      1207
         1      1074      1085      1206      1207
         1      1074      1195      1206      1207
         1      1074      1195      1196      1207
         1      1075      1086      1087      1208
         1      1075      1076      1087      1208
         1      1075      1076      1197      1208
         1      1075      1086      1207      1208
         1      1075      1196      1207      1208
         1      1075      1196      1197      1208
         1      1076      1087      1088      1209
         1      1076      1077      1088      1209
         1      1076      1077      1198      1209
         1      1076      1087      1208      1209
         1      1076      1197      1208      1209
         1      1076      1197      1198      1209
         1      1077      1088      1089      1210
         1      1077      1078      1089      1210
         1      1077      1078      1199      1210
         1      1077      1088      1209      1210
         1      1077      1198      1209      1210
         1      1077      1198      1199      1210
         1      1078      1079      1089      1200
         1      1068      1078      1079      1200
         1      1068      1078      1189      1200
         1      1078      1089      1200      1210
         1      1078      1199      1200      1210
         1      1078      1189      1199      1200
         1      1068      1079      1080      1201
         1      1068      1069      1080      1201
         1      1068      1069      1190      1201
         1      1068      1079      1200      1201
         1      1068      1189      1200      1201
         1      1068      1189      1190      1201
         1       970       971      1080      1092
         1       971      1080      1081      1092
         1      1080      1081      1092      1202
         1       970      1080      1091      1092
         1      1080      1091      1092      1201
         1      1080      1092      1201      1202
         1       971       972      1081      1093
         1       972      1081      1082      1093
         1      1081      1082      1093      1203
         1       971      1081      1092      1093
         1      1081      1092      1093      1202
         1      1081      1093      1202      1203
         1       972       973      1082      1094
         1       973      1082      1083      1094
         1      1082      1083      1094      1204
         1       972      1082      1093      1094
         1      1082      1093      1094      1203
         1      1082      1094      1203      1204
         1       973       974      1083      1095
         1       974      1083      1084      1095
         1      1083      1084      1095      1205
         1       973      1083      1094      1095
         1      1083      1094      1095      1204
         1      1083      1095      1204      1205
         1       974       975      1084      1096
         1       975      1084      1085      1096
         1      1084      1085      1096      1206
         1       974      1084      1095      1096
         1      1084      1095      1096      1205
         1      1084      1096      1205      1206
         1       975       976      1085      1097
         1       976      1085      1086      1097
         1      1085      1086      1097      1207
         1       975      1085      1096      1097
         1      1085      1096      1097      1206
         1      1085      1097      1206      1207
         1       976       977      1086      1098
         1       977      1086      1087      1098
         1      1086      1087      1098      1208
         1       976      1086      1097      1098
         1      1086      1097      1098      1207
         1      1086      1098      1207      1208
         1       977       978      1087      1099
         1       978      1087      1088      1099
         1      1087      1088      1099      1209
         1       977      1087      1098      1099
         1      1087      1098      1099      1208
         1      1087      1099      1208      1209
         1       978       979      1088      1100
         1       979      1088      1089      1100
         1      1088      1089      1100      1210
         1       978      1088      1099      1100
         1      1088      1099      1100      1209
         1      1088      1100      1209      1210
         1       969       979      1089      1090
         1       969      1079      1089      1090
         1      1079      1089      1090      1200
         1       979      1089      1090      1100
         1      1089      1090      1100      1210
         1      1089      1090      1200      1210
         1       969       970      1079      1091
         1       970      1079      1080      1091
         1      1079      1080      1091      1201
         1       969      1079      1090      1091
         1      1079      1090      1091      1200
         1      1079      1091      1200      1201
         1       970       981       982      1103
         1       970       971       982      1103
         1       970       971      1092      1103
         1       970       981      1102      1103
         1       970      1091      1102      1103
         1       970      1091      1092      1103
         1       971       982       983      1104
         1       971       972       983      1104
         1       971       972      1093      1104
         1       971       982      1103      1104
         1       971      1092      1103      1104
         1       971      1092      1093      1104
         1       972       983       984      1105
         1       972       973       984      1105
         1       972       973      1094      1105
         1       972       983      1104      1105
         1       972      1093      1104      1105
         1       972      1093      1094      1105
         1       973       984       985      1106
         1       973       974       985      1106
         1       973       974      1095      1106
         1       973       984      1105      1106
         1       973      1094      1105      1106
         1       973      1094      1095      1106
         1       974       985       986      1107
         1       974       975       986      1107
         1       974       975      1096      1107
         1       974       985      1106      1107
         1       974      1095      1106      1107
         1       974      1095      1096      1107
         1       975       986       987      1108
         1       975       976       987      1108
         1       975       976      1097      1108
         1       975       986      1107      1108
         1       975      1096      1107      1108
         1       975      1096      1097      1108
         1       976       987       988      1109
         1       976       977       988      1109
         1       976       977      1098      1109
         1       976       987      1108      1109
         1       976      1097      1108      1109
         1       976      1097      1098      1109
         1       977       988       989      1110
         1       977       978       989      1110
         1       977       978      1099      1110
         1       977       988      1109      1110
         1       977      1098      1109      1110
         1       977      1098      1099      1110
         1       978       989       990      1111
         1       978       979       990      1111
         1       978       979      1100      1111
         1       978       989      1110      1111
         1       978      1099      1110      1111
         1       978      1099      1100      1111
         1       979       980       990      1101
         1       969       979       980      1101
         1       969       979      1090      1101
         1       979       990      1101      1111
         1       979      1100      1101      1111
         1       979      1090      1100      1101
         1       969       980       981      1102
         1       969       970       981      1102
         1       969       970      1091      1102
         1       969       980      1101      1102
         1       969      1090      1101      1102
         1       969      1090      1091      1102
         1      1102      1113      1114      1235
         1      1102      1103      1114      1235
         1      1102      1103      1224      1235
         1      1102      1113      1234      1235
         1      1102      1223      1234      1235
         1      1102      1223      1224      1235
         1      1103      1114      1115      1236
         1      1103      1104      1115      1236
         1      1103      1104      1225      1236
         1      1103      1114      1235      1236
         1      1103      1224      1235      1236
         1      1103      1224      1225      1236
         1      1104      1115      1116      1237
         1      1104      1105      1116      1237
         1      1104      1105      1226      1237
         1      1104      1115      1236      1237
         1      1104      1225      1236      1237
         1      1104      1225      1226      1237
         1      1105      1116      1117      1238
         1      1105      1106      1117      1238
         1      1105      1106      1227      1238
         1      1105      1116      1237      1238
         1      1105      1226      1237      1238
         1      1105      1226      1227      1238
         1      1106      1117      1118      1239
         1      1106      1107      1118      1239
         1      1106      1107      1228      1239
         1      1106      1117      1238      1239
         1      1106      1227      1238      1239
         1      1106      1227      1228      1239
         1      1107      1118      1119      1240
         1      1107      1108      1119      1240
         1      1107      1108      1229      1240
         1      1107      1118      1239      1240
         1      1107      1228      1239      1240
         1      1107      1228      1229      1240
         1      1108      1119      1120      1241
         1      1108      1109      1120      1241
         1      1108      1109      1230      1241
         1      1108      1119      1240      1241
         1      1108      1229      1240      1241
         1      1108      1229      1230      1241
         1      1109      1120      1121      1242
         1      1109      1110      1121      1242
         1      1109      1110      1231      1242
         1      1109      1120      1241      1242
         1      1109      1230      1241      1242
         1      1109      1230      1231      1242
         1      1110      1121      1122      1243
         1      1110      1111      1122      1243
         1      1110      1111      1232      1243
         1      1110      1121      1242      1243
         1      1110      1231      1242      1243
         1      1110      1231      1232      1243
         1      1111      1112      1122      1233
         1      1101      1111      1112      1233
         1      1101      1111      1222      1233
         1      1111      1122      1233      1243
         1      1111      1232      1233      1243
         1      1111      1222      1232      1233
         1      1101      1112      1113      1234
         1      1101      1102      1113      1234
         1      1101      1102      1223      1234
         1      1101      1112      1233      1234
         1      1101      1222      1233      1234
         1      1101      1222      1223      1234
         1      1113      1124      1125      1246
         1      1113      1114      1125      1246
         1      1113      1114      1235      1246
         1      1113      1124      1245      1246
         1      1113      1234      1245      1246
         1      1113      1234      1235      1246
         1      1114      1125      1126      1247
         1      1114      1115      1126      1247
         1      1114      1115      1236      1247
         1      1114      1125      1246      1247
         1      1114      1235      1246      1247
         1      1114      1235      1236      1247
         1      1115      1126      1127      1248
         1      1115      1116      1127      1248
         1      1115      1116      1237      1248
         1      1115      1126      1247      1248
         1      1115      1236      1247      1248
         1      1115      1236      1237      1248
         1      1116      1127      1128      1249
         1      1116      1117      1128      1249
         1      1116      1117      1238      1249
         1      1116      1127      1248      1249
         1      1116      1237      1248      1249
         1      1116      1237      1238      1249
         1      1117      1128      1129      1250
         1      1117      1118      1129      1250
         1      1117      1118      1239      1250
         1      1117      1128      1249      1250
         1      1117      1238      1249      1250
         1      1117      1238      1239      1250
         1      1118      1129      1130      1251
         1      1118      1119      1130      1251
         1      1118      1119      1240      1251
         1      1118      1129      1250      1251
         1      1118      1239      1250      1251
         1      1118      1239      1240      1251
         1      1119      1130      1131      1252
         1      1119      1120      1131      1252
         1      1119      1120      1241      1252
         1      1119      1130      1251      1252
         1      1119      1240      1251      1252
         1      1119      1240      1241      1252
         1      1120      1131      1132      1253
         1      1120      1121      1132      1253
         1      1120      1121      1242      1253
         1      1120      1131      1252      1253
         1      1120      1241      1252      1253
         1      1120      1241      1242      1253
         1      1121      1132      1133      1254
         1      1121      1122      1133      1254
         1      1121      1122      1243      1254
         1      1121      1132      1253      1254
         1      1121      1242      1253      1254
         1      1121      1242      1243      1254
         1      1122      1123      1133      1244
         1      1112      1122      1123      1244
         1      1112      1122      1233      1244
         1      1122      1133      1244      1254
         1      1122      1243      1244      1254
         1      1122      1233      1243      1244
         1      1112      1123      1124      1245
         1      1112      1113      1124      1245
         1      1112      1113      1234      1245
         1      1112      1123      1244      1245
         1      1112      1233      1244      1245
         1      1112      1233      1234      1245
         1      1124      1135      1136      1257
         1      1124      1125      1136      1257
         1      1124      1125      1246      1257
         1      1124      1135      1256      1257
         1      1124      1245      1256      1257
         1      1124      1245      1246      1257
         1      1125      1136      1137      1258
         1      1125      1126      1137      1258
         1      1125      1126      1247      1258
         1      1125      1136      1257      1258
         1      1125      1246      1257      1258
         1      1125      1246      1247      1258
         1      1126      1137      1138      1259
         1      1126      1127      1138      1259
         1      1126      1127      1248      1259
         1      1126      1137      1258      1259
         1      1126      1247      1258      1259
         1      1126      1247      1248      1259
         1      1127      1138      1139      1260
         1      1127      1128      1139      1260
         1      1127      1128      1249      1260
         1      1127      1138      1259      1260
         1      1127      1248      1259      1260
         1      1127      1248      1249      1260
         1      1128      1139      1140      1261
         1      1128      1129      1140      1261
         1      1128      1129      1250      1261
         1      1128      1139      1260      1261
         1      1128      1249      1260      1261
         1      1128      1249      1250      1261
         1      1129      1140      1141      1262
         1      1129      1130      1141      1262
         1      1129      1130      1251      1262
         1      1129      1140      1261      1262
         1      1129      1250      1261      1262
         1      1129      1250      1251      1262
         1      1130      1141      1142      1263
         1      1130      1131      1142      1263
         1      1130      1131      1252      1263
         1      1130      1141      1262      1263
         1      1130      1251      1262      1263
         1      1130      1251      1252      1263
         1      1131      1142      1143      1264
         1      1131      1132      1143      1264
         1      1131      1132      1253      1264
         1      1131      1142      1263      1264
         1      1131      1252      1263      1264
         1      1131      1252      1253      1264
         1      1132      1143      1144      1265
         1      1132      1133      1144      1265
         1      1132      1133      1254      1265
         1      1132      1143      1264      1265
         1      1132      1253      1264      1265
         1      1132      1253      1254      1265
         1      1133      1134      1144      1255
         1      1123      1133      1134      1255
         1      1123      1133      1244      1255
         1      1133      1144      1255      1265
         1      1133      1254      1255      1265
         1      1133      1244      1254      1255
         1      1123      1134      1135      1256
         1      1123      1124      1135      1256
         1      1123      1124      1245      1256
         1      1123      1134      1255      1256
         1      1123      1244      1255      1256
         1      1123      1244      1245      1256
         1      1135      1146      1147      1268
         1      1135      1136      1147      1268
         1      1135      1136      1257      1268
         1      1135      1146      1267      1268
         1      1135      1256      1267      1268
         1      1135      1256      1257      1268
         1      1136      1147      1148      1269
         1      1136      1137      1148      1269
         1      1136      1137      1258      1269
         1      1136      1147      1268      1269
         1      1136      1257      1268      1269
         1      1136      1257      1258      1269
         1      1137      1148      1149      1270
         1      1137      1138      1149      1270
         1      1137      1138      1259      1270
         1      1137      1148      1269      1270
         1      1137      1258      1269      1270
         1      1137      1258      1259      1270
         1      1138      1149      1150      1271
         1      1138      1139      1150      1271
         1      1138      1139      1260      1271
         1      1138      1149      1270      1271
         1      1138      1259      1270      1271
         1      1138      1259      1260      1271
         1      1139      1150      1151      1272
         1      1139      1140      1151      1272
         1      1139      1140      1261      1272
         1      1139      1150      1271      1272
         1      1139      1260      1271      1272
         1      1139      1260      1261      1272
         1      1140      1151      1152      1273
         1      1140      1141      1152      1273
         1      1140      1141      1262      1273
         1      1140      1151      1272      1273
         1      1140      1261      1272      1273
         1      1140      1261      1262      1273
         1      1141      1152      1153      1274
         1      1141      1142      1153      1274
         1      1141      1142      1263      1274
         1      1141      1152      1273      1274
         1      1141      1262      1273      1274
         1      1141      1262      1263      1274
         1      1142      1153      1154      1275
         1      1142      1143      1154      1275
         1      1142      1143      1264      1275
         1      1142      1153      1274      1275
         1      1142      1263      1274      1275
         1      1142      1263      1264      1275
         1      1143      1154      1155      1276
         1      1143      1144      1155      1276
         1      1143      1144      1265      1276
         1      1143      1154      1275      1276
         1      1143      1264      1275      1276
         1      1143      1264      1265      1276
         1      1144      1145      1155      1266
         1      1134      1144      1145      1266
         1      1134      1144      1255      1266
         1      1144      1155      1266      1276
         1      1144      1265      1266      1276
         1      1144      1255      1265      1266
         1      1134      1145      1146      1267
         1      1134      1135      1146      1267
         1      1134      1135      1256      1267
         1      1134      1145      1266      1267
         1      1134      1255      1266      1267
         1      1134      1255      1256      1267
         1      1146      1157      1158      1279
         1      1146      1147      1158      1279
         1      1146      1147      1268      1279
         1      1146      1157      1278      1279
         1      1146      1267      1278      1279
         1      1146      1267      1268      1279
         1      1147      1158      1159      1280
         1      1147      1148      1159      1280
         1      1147      1148      1269      1280
         1      1147      1158      1279      1280
         1      1147      1268      1279      1280
         1      1147      1268      1269      1280
         1      1148      1159      1160      1281
         1      1148      1149      1160      1281
         1      1148      1149      1270      1281
         1      1148      1159      1280      1281
         1      1148      1269      1280      1281
         1      1148      1269      1270      1281
         1      1149      1160      1161      1282
         1      1149      1150      1161      1282
         1      1149      1150      1271      1282
         1      1149      1160      1281      1282
         1      1149      1270      1281      1282
         1      1149      1270      1271      1282
         1      1150      1161      1162      1283
         1      1150      1151      1162      1283
         1      1150      1151      1272      1283
         1      1150      1161      1282      1283
         1      1150      1271      1282      1283
         1      1150      1271      1272      1283
         1      1151      1162      1163      1284
         1      1151      1152      1163      1284
         1      1151      1152      1273      1284
         1      1151      1162      1283      1284
         1      1151      1272      1283      1284
         1      1151      1272      1273      1284
         1      1152      1163      1164      1285
         1      1152      1153      1164      1285
         1      1152      1153      1274      1285
         1      1152      1163      1284      1285
         1      1152      1273      1284      1285
         1      1152      1273      1274      1285
         1      1153      1164      1165      1286
         1      1153      1154      1165      1286
         1      1153      1154      1275      1286
         1      1153      1164      1285      1286
         1      1153      1274      1285      1286
         1      1153      1274      1275      1286
         1      1154      1165      1166      1287
         1      1154      1155      1166      1287
         1      1154      1155      1276      1287
         1      1154      1165      1286      1287
         1      1154      1275      1286      1287
         1      1154      1275      1276      1287
         1      1155      1156      1166      1277
         1      1145      1155      1156      1277
         1      1145      1155      1266      1277
         1      1155      1166      1277      1287
         1      1155      1276      1277      1287
         1      1155      1266      1276      1277
         1      1145      1156      1157      1278
         1      1145      1146      1157      1278
         1      1145      1146      1267      1278
         1      1145      1156      1277      1278
         1      1145      1266      1277      1278
         1      1145      1266      1267      1278
         1      1157      1168      1169      1290
         1      1157      1158      1169      1290
         1      1157      1158      1279      1290
         1      1157      1168      1289      1290
         1      1157      1278      1289      1290
         1      1157      1278      1279      1290
         1      1158      1169      1170      1291
         1      1158      1159      1170      1291
         1      1158      1159      1280      1291
         1      1158      1169      1290      1291
         1      1158      1279      1290      1291
         1      1158      1279      1280      1291
         1      1159      1170      1171      1292
         1      1159      1160      1171      1292
         1      1159      1160      1281      1292
         1      1159      1170      1291      1292
         1      1159      1280      1291      1292
         1      1159      1280      1281      1292
         1      1160      1171      1172      1293
         1      1160      1161      1172      1293
         1      1160      1161      1282      1293
         1      1160      1171      1292      1293
         1      1160      1281      1292      1293
         1      1160      1281      1282      1293
         1      1161      1172      1173      1294
         1      1161      1162      1173      1294
         1      1161      1162      1283      1294
         1      1161      1172      1293      1294
         1      1161      1282      1293      1294
         1      1161      1282      1283      1294
         1      1162      1173      1174      1295
         1      1162      1163      1174      1295
         1      1162      1163      1284      1295
         1      1162      1173      1294      1295
         1      1162      1283      1294      1295
         1      1162      1283      1284      1295
         1      1163      1174      1175      1296
         1      1163      1164      1175      1296
         1      1163      1164      1285      1296
         1      1163      1174      1295      1296
         1      1163      1284      1295      1296
         1      1163      1284      1285      1296
         1      1164      1175      1176      1297
         1      1164      1165      1176      1297
         1      1164      1165      1286      1297
         1      1164      1175      1296      1297
         1      1164      1285      1296      1297
         1      1164      1285      1286      1297
         1      1165      1176      1177      1298
         1      1165      1166      1177      1298
         1      1165      1166      1287      1298
         1      1165      1176      1297      1298
         1      1165      1286      1297      1298
         1      1165      1286      1287      1298
         1      1166      1167      1177      1288
         1      1156      1166      1167      1288
         1      1156      1166      1277      1288
         1      1166      1177      1288      1298
         1      1166      1287      1288      1298
         1      1166      1277      1287      1288
         1      1156      1167      1168      1289
         1      1156      1157      1168      1289
         1      1156      1157      1278      1289
         1      1156      1167      1288      1289
         1      1156      1277      1288      1289
         1      1156      1277      1278      1289
         1      1168      1179      1180      1301
         1      1168      1169      1180      1301
         1      1168      1169      1290      1301
         1      1168      1179      1300      1301
         1      1168      1289      1300      1301
         1      1168      1289      1290      1301
         1      1169      1180      1181      1302
         1      1169      1170      1181      1302
         1      1169      1170      1291      1302
         1      1169      1180      1301      1302
         1      1169      1290      1301      1302
         1      1169      1290      1291      1302
         1      1170      1181      1182      1303
         1      1170      1171      1182      1303
         1      1170      1171      1292      1303
         1      1170      1181      1302      1303
         1      1170      1291      1302      1303
         1      1170      1291      1292      1303
         1      1171      1182      1183      1304
         1      1171      1172      1183      1304
         1      1171      1172      1293      1304
         1      1171      1182      1303      1304
         1      1171      1292      1303      1304
         1      1171      1292      1293      1304
         1      1172      1183      1184      1305
         1      1172      1173      1184      1305
         1      1172      1173      1294      1305
         1      1172      1183      1304      1305
         1      1172      1293      1304      1305
         1      1172      1293      1294      1305
         1      1173      1184      1185      1306
         1      1173      1174      1185      1306
         1      1173      1174      1295      1306
         1      1173      1184      1305      1306
         1      1173      1294      1305      1306
         1      1173      1294      1295      1306
         1      1174      1185      1186      1307
         1      1174      1175      1186      1307
         1      1174      1175      1296      1307
         1      1174      1185      1306      1307
         1      1174      1295      1306      1307
         1      1174      1295      1296      1307
         1      1175      1186      1187      1308
         1      1175      1176      1187      1308
         1      1175      1176      1297      1308
         1      1175      1186      1307      1308
         1      1175      1296      1307      1308
         1      1175      1296      1297      1308
         1      1176      1187      1188      1309
         1      1176      1177      1188      1309
         1      1176      1177      1298      1309
         1      1176      1187      1308      1309
         1      1176      1297      1308      1309
         1      1176      1297      1298      1309
         1      1177      1178      1188      1299
         1      1167      1177      1178      1299
         1      1167      1177      1288      1299
         1      1177      1188      1299      1309
         1      1177      1298      1299      1309
         1      1177      1288      1298      1299
         1      1167      1178      1179      1300
         1      1167      1168      1179      1300
         1      1167      1168      1289      1300
         1      1167      1178      1299      1300
         1      1167      1288      1299      1300
         1      1167      1288      1289      1300
         1      1179      1190      1191      1312
         1      1179      1180      1191      1312
         1      1179      1180      1301      1312
         1      1179      1190      1311      1312
         1      1179      1300      1311      1312
         1      1179      1300      1301      1312
         1      1180      1191      1192      1313
         1      1180      1181      1192      1313
         1      1180      1181      1302      1313
         1      1180      1191      1312      1313
         1      1180      1301      1312      1313
         1      1180      1301      1302      1313
         1      1181      1192      1193      1314
         1      1181      1182      1193      1314
         1      1181      1182      1303      1314
         1      1181      1192      1313      1314
         1      1181      1302      1313      1314
         1      1181      1302      1303      1314
         1      1182      1193      1194      1315
         1      1182      1183      1194      1315
         1      1182      1183      1304      1315
         1      1182      1193      1314      1315
         1      1182      1303      1314      1315
         1      1182      1303      1304      1315
         1      1183      1194      1195      1316
         1      1183      1184      1195      1316
         1      1183      1184      1305      1316
         1      1183      1194      1315      1316
         1      1183      1304      1315      1316
         1      1183      1304      1305      1316
         1      1184      1195      1196      1317
         1      1184      1185      1196      1317
         1      1184      1185      1306      1317
         1      1184      1195      1316      1317
         1      1184      1305      1316      1317
         1      1184      1305      1306      1317
         1      1185      1196      1197      1318
         1      1185      1186      1197      1318
         1      1185      1186      1307      1318
         1      1185      1196      1317      1318
         1      1185      1306      1317      1318
         1      1185      1306      1307      1318
         1      1186      1197      1198      1319
         1      1186      1187      1198      1319
         1      1186      1187      1308      1319
         1      1186      1197      1318      1319
         1      1186      1307      1318      1319
         1      1186      1307      1308      1319
         1      1187      1198      1199      1320
         1      1187      1188      1199      1320
         1      1187      1188      1309      1320
         1      1187      1198      1319      1320
         1      1187      1308      1319      1320
         1      1187      1308      1309      1320
         1      1188      1189      1199      1310
         1      1178      1188      1189      1310
         1      1178      1188      1299      1310
         1      1188      1199      1310      1320
         1      1188      1309      1310      1320
         1      1188      1299      1309      1310
         1      1178      1189      1190      1311
         1      1178      1179      1190      1311
         1      1178      1179      1300      1311
         1      1178      1189      1310      1311
         1      1178      1299      1310      1311
         1      1178      1299      1300      1311
         1      1190      1201      1202      1323
         1      1190      1191      1202      1323
         1      1190      1191      1312      1323
         1      1190      1201      1322      1323
         1      1190      1311      1322      1323
         1      1190      1311      1312      1323
         1      1191      1202      1203      1324
         1      1191      1192      1203      1324
         1      1191      1192      1313      1324
         1      1191      1202      1323      1324
         1      1191      1312      1323      1324
         1      1191      1312      1313      1324
         1      1192      1203      1204      1325
         1      1192      1193      1204      1325
         1      1192      1193      1314      1325
         1      1192      1203      1324      1325
         1      1192      1313      1324      1325
         1      1192      1313      1314      1325
         1      1193      1204      1205      1326
         1      1193      1194      1205      1326
         1      1193      1194      1315      1326
         1      1193      1204      1325      1326
         1      1193      1314      1325      1326
         1      1193      1314      1315      1326
         1      1194      1205      1206      1327
         1      1194      1195      1206      1327
         1      1194      1195      1316      1327
         1      1194      1205      1326      1327
         1      1194      1315      1326      1327
         1      1194      1315      1316      1327
         1      1195      1206      1207      1328
         1      1195      1196      1207      1328
         1      1195      1196      1317      1328
         1      1195      1206      1327      1328
         1      1195      1316      1327      1328
         1      1195      1316      1317      1328
         1      1196      1207      1208      1329
         1      1196      1197      1208      1329
         1      1196      1197      1318      1329
         1      1196      1207      1328      1329
         1      1196      1317      1328      1329
         1      1196      1317      1318      1329
         1      1197      1208      1209      1330
         1      1197      1198      1209      1330
         1      1197      1198      1319      1330
         1      1197      1208      1329      1330
         1      1197      1318      1329      1330
         1      1197      1318      1319      1330
         1      1198      1209      1210      1331
         1      1198      1199      1210      1331
         1      1198      1199      1320      1331
         1      1198      1209      1330      1331
         1      1198      1319      1330      1331
         1      1198      1319      1320      1331
         1      1199      1200      1210      1321
         1      1189      1199      1200      1321
         1      1189      1199      1310      1321
         1      1199      1210      1321      1331
         1      1199      1320      1321      1331
         1      1199      1310      1320      1321
         1      1189      1200      1201      1322
         1      1189      1190      1201      1322
         1      1189      1190      1311      1322
         1      1189      1200      1321      1322
         1      1189      1310      1321      1322
         1      1189      1310      1311      1322
         1      1091      1092      1201      1213
         1      1092      1201      1202      1213
         1      1201      1202      1213      1323
         1      1091      1201      1212      1213
         1      1201      1212      1213      1322
         1      1201      1213      1322      1323
         1      1092      1093      1202      1214
         1      1093      1202      1203      1214
         1      1202      1203      1214      1324
         1      1092      1202      1213      1214
         1      1202      1213      1214      1323
         1      1202      1214      1323      1324
         1      1093      1094      1203      1215
         1      1094      1203      1204      1215
         1      1203      1204      1215      1325
         1      1093      1203      1214      1215
         1      1203      1214      1215      1324
         1      1203      1215      1324      1325
         1      1094      1095      1204      1216
         1      1095      1204      1205      1216
         1      1204      1205      1216      1326
         1      1094      1204      1215      1216
         1      1204      1215      1216      1325
         1      1204      1216      1325      1326
         1      1095      1096      1205      1217
         1      1096      1205      1206      1217
         1      1205      1206      1217      1327
         1      1095      1205      1216      1217
         1      1205      1216      1217      1326
         1      1205      1217      1326      1327
         1      1096      1097      1206      1218
         1      1097      1206      1207      1218
         1      1206      1207      1218      1328
         1      1096      1206      1217      1218
         1      1206      1217      1218      1327
         1      1206      1218      1327      1328
         1      1097      1098      1207      1219
         1      1098      1207      1208      1219
         1      1207      1208      1219      1329
         1      1097      1207      1218      1219
         1      1207      1218      1219      1328
         1      1207      1219      1328      1329
         1      1098      1099      1208      1220
         1      1099      1208      1209      1220
         1      1208      1209      1220      1330
         1      1098      1208      1219      1220
         1      1208      1219      1220      1329
         1      1208      1220      1329      1330
         1      1099      1100      1209      1221
         1      1100      1209      1210      1221
         1      1209      1210      1221      1331
         1      1099      1209      1220      1221
         1      1209      1220      1221      1330
         1      1209      1221      1330      1331
         1      1090      1100      1210      1211
         1      1090      1200      1210      1211
         1      1200      1210      1211      1321
         1      1100      1210      1211      1221
         1      1210      1211      1221      1331
         1      1210      1211      1321      1331
         1      1090      1091      1200      1212
         1      1091      1200      1201      1212
         1      1200      1201      1212      1322
         1      1090      1200      1211      1212
         1      1200      1211      1212      1321
         1      1200      1212      1321      1322
         1      1091      1102      1103      1224
         1      1091      1092      1103      1224
         1      1091      1092      1213      1224
         1      1091      1102      1223      1224
         1      1091      1212      1223      1224
         1      1091      1212      1213      1224
         1      1092      1103      1104      1225
         1      1092      1093      1104      1225
         1      1092      1093      1214      1225
         1      1092      1103      1224      1225
         1      1092      1213      1224      1225
         1      1092      1213      1214      1225
         1      1093      1104      1105      1226
         1      1093      1094      1105      1226
         1      1093      1094      1215      1226
         1      1093      1104      1225      1226
         1      1093      1214      1225      1226
         1      1093      1214      1215      1226
         1      1094      1105      1106      1227
         1      1094      1095      1106      1227
         1      1094      1095      1216      1227
         1      1094      1105      1226      1227
         1      1094      1215      1226      1227
         1      1094      1215      1216      1227
         1      1095      1106      1107      1228
         1      1095      1096      1107      1228
         1      1095      1096      1217      1228
         1      1095      1106      1227      1228
         1      1095      1216      1227      1228
         1      1095      1216      1217      1228
         1      1096      1107      1108      1229
         1      1096      1097      1108      1229
         1      1096      1097      1218      1229
         1      1096      1107      1228      1229
         1      1096      1217      1228      1229
         1      1096      1217      1218      1229
         1      1097      1108      1109      1230
         1      1097      1098      1109      1230
         1      1097      1098      1219      1230
         1      1097      1108      1229      1230
         1      1097      1218      1229      1230
         1      1097      1218      1219      1230
         1      1098      1109      1110      1231
         1      1098      1099      1110      1231
         1      1098      1099      1220      1231
         1      1098      1109      1230      1231
         1      1098      1219      1230      1231
         1      1098      1219      1220      1231
         1      1099      1110      1111      1232
         1      1099      1100      1111      1232
         1      1099      1100      1221      1232
         1      1099      1110      1231      1232
         1      1099      1220      1231      1232
         1      1099      1220      1221      1232
         1      1100      1101      1111      1222
         1      1090      1100      1101      1222
         1      1090      1100      1211      1222
         1      1100      1111      1222      1232
         1      1100      1221      1222      1232
         1      1100      1211      1221      1222
         1      1090      1101      1102      1223
         1      1090      1091      1102      1223
         1      1090      1091      1212      1223
         1      1090      1101      1222      1223
         1      1090      1211      1222      1223
         1      1090      1211      1212      1223
         1        25      1223      1234      1235
         1        25      1223      1224      1235
         1        14        25      1223      1224
         1        24        25      1223      1234
         1        13        24        25      1223
         1        13        14        25      1223
         1        26      1224      1235      1236
         1        26      1224      1225      1236
         1        15        26      1224      1225
         1        25        26      1224      1235
         1        14        25        26      1224
         1        14        15        26      1224
         1        27      1225      1236      1237
         1        27      1225      1226      1237
         1        16        27      1225      1226
         1        26        27      1225      1236
         1        15        26        27      1225
         1        15        16        27      1225
         1        28      1226      1237      1238
         1        28      1226      1227      1238
         1        17        28      1226      1227
         1        27        28      1226      1237
         1        16        27        28      1226
         1        16        17        28      1226
         1        29      1227      1238      1239
         1        29      1227      1228      1239
         1        18        29      1227      1228
         1        28        29      1227      1238
         1        17        28        29      1227
         1        17        18        29      1227
         1        30      1228      1239      1240
         1        30      1228      1229      1240
         1        19        30      1228      1229
         1        29        30      1228      1239
         1        18        29        30      1228
         1        18        19        30      1228
         1        31      1229      1240      1241
         1        31      1229      1230      1241
         1        20        31      1229      1230
         1        30        31      1229      1240
         1        19        30        31      1229
         1        19        20        31      1229
         1        32      1230      1241      1242
         1        32      1230      1231      1242
         1        21        32      1230      1231
         1        31        32      1230      1241
         1        20        31        32      1230
         1        20        21        32      1230
         1        33      1231      1242      1243
         1        33      1231      1232      1243
         1        22        33      1231      1232
         1        32        33      1231      1242
         1        21        32        33      1231
         1        21        22        33      1231
         1        23      1232      1233      1243
         1        23      1222      1232      1233
         1        12        23      1222      1232
         1        23        33      1232      1243
         1        22        23        33      1232
         1        12        22        23      1232
         1        24      1222      1233      1234
         1        24      1222      1223      1234
         1        13        24      1222      1223
         1        23        24      1222      1233
         1        12        23        24      1222
         1        12        13        24      1222
         1        36      1234      1245      1246
         1        36      1234      1235      1246
         1        25        36      1234      1235
         1        35        36      1234      1245
         1        24        35        36      1234
         1        24        25        36      1234
         1        37      1235      1246      1247
         1        37      1235      1236      1247
         1        26        37      1235      1236
         1        36        37      1235      1246
         1        25        36        37      1235
         1        25        26        37      1235
         1        38      1236      1247      1248
         1        38      1236      1237      1248
         1        27        38      1236      1237
         1        37        38      1236      1247
         1        26        37        38      1236
         1        26        27        38      1236
         1        39      1237      1248      1249
         1        39      1237      1238      1249
         1        28        39      1237      1238
         1        38        39      1237      1248
         1        27        38        39      1237
         1        27        28        39      1237
         1        40      1238      1249      1250
         1        40      1238      1239      1250
         1        29        40      1238      1239
         1        39        40      1238      1249
         1        28        39        40      1238
         1        28        29        40      1238
         1        41      1239      1250      1251
         1        41      1239      1240      1251
         1        30        41      1239      1240
         1        40        41      1239      1250
         1        29        40        41      1239
         1        29        30        41      1239
         1        42      1240      1251      1252
         1        42      1240      1241      1252
         1        31        42      1240      1241
         1        41        42      1240      1251
         1        30        41        42      1240
         1        30        31        42      1240
         1        43      1241      1252      1253
         1        43      1241      1242      1253
         1        32        43      1241      1242
         1        42        43      1241      1252
         1        31        42        43      1241
         1        31        32        43      1241
         1        44      1242      1253      1254
         1        44      1242      1243      1254
         1        33        44      1242      1243
         1        43        44      1242      1253
         1        32        43        44      1242
         1        32        33        44      1242
         1        34      1243      1244      1254
         1        34      1233      1243      1244
         1        23        34      1233      1243
         1        34        44      1243      1254
         1        33        34        44      1243
         1        23        33        34      1243
         1        35      1233      1244      1245
         1        35      1233      1234      1245
         1        24        35      1233      1234
         1        34        35      1233      1244
         1        23        34        35      1233
         1        23        24        35      1233
         1        47      1245      1256      1257
         1        47      1245      1246      1257
         1        36        47      1245      1246
         1        46        47      1245      1256
         1        35        46        47      1245
         1        35        36        47      1245
         1        48      1246      1257      1258
         1        48      1246      1247      1258
         1        37        48      1246      1247
         1        47        48      1246      1257
         1        36        47        48      1246
         1        36        37        48      1246
         1        49      1247      1258      1259
         1        49      1247      1248      1259
         1        38        49      1247      1248
         1        48        49      1247      1258
         1        37        48        49      1247
         1        37        38        49      1247
         1        50      1248      1259      1260
         1        50      1248      1249      1260
         1        39        50      1248      1249
         1        49        50      1248      1259
         1        38        49        50      1248
         1        38        39        50      1248
         1        51      1249      1260      1261
         1        51      1249      1250      1261
         1        40        51      1249      1250
         1        50        51      1249      1260
         1        39        50        51      1249
         1        39        40        51      1249
         1        52      1250      1261      1262
         1        52      1250      1251      1262
         1        41        52      1250      1251
         1        51        52      1250      1261
         1        40        51        52      1250
         1        40        41        52      1250
         1        53      1251      1262      1263
         1        53      1251      1252      1263
         1        42        53      1251      1252
         1        52        53      1251      1262
         1        41        52        53      1251
         1        41        42        53      1251
         1        54      1252      1263      1264
         1        54      1252      1253      1264
         1        43        54      1252      1253
         1        53        54      1252      1263
         1        42        53        54      1252
         1        42        43        54      1252
         1        55      1253      1264      1265
         1        55      1253      1254      1265
         1        44        55      1253      1254
         1        54        55      1253      1264
         1        43        54        55      1253
         1        43        44        55      1253
         1        45      1254      1255      1265
         1        45      1244      1254      1255
         1        34        45      1244      1254
         1        45        55      1254      1265
         1        44        45        55      1254
         1        34        44        45      1254
         1        46      1244      1255      1256
         1        46      1244      1245      1256
         1        35        46      1244      1245
         1        45        46      1244      1255
         1        34        45        46      1244
         1        34        35        46      1244
         1        58      1256      1267      1268
         1        58      1256      1257      1268
         1        47        58      1256      1257
         1        57        58      1256      1267
         1        46        57        58      1256
         1        46        47        58      1256
         1        59      1257      1268      1269
         1        59      1257      1258      1269
         1        48        59      1257      1258
         1        58        59      1257      1268
         1        47        58        59      1257
         1        47        48        59      1257
         1        60      1258      1269      1270
         1        60      1258      1259      1270
         1        49        60      1258      1259
         1        59        60      1258      1269
         1        48        59        60      1258
         1        48        49        60      1258
         1        61      1259      1270      1271
         1        61      1259      1260      1271
         1        50        61      1259      1260
         1        60        61      1259      1270
         1        49        60        61      1259
         1        49        50        61      1259
         1        62      1260      1271      1272
         1        62      1260      1261      1272
         1        51        62      1260      1261
         1        61        62      1260      1271
         1        50        61        62      1260
         1        50        51        62      1260
         1        63      1261      1272      1273
         1        63      1261      1262      1273
         1        52        63      1261      1262
         1        62        63      1261      1272
         1        51        62        63      1261
         1        51        52        63      1261
         1        64      1262      1273      1274
         1        64      1262      1263      1274
         1        53        64      1262      1263
         1        63        64      1262      1273
         1        52        63        64      1262
         1        52        53        64      1262
         1        65      1263      1274      1275
         1        65      1263      1264      1275
         1        54        65      1263      1264
         1        64        65      1263      1274
         1        53        64        65      1263
         1        53        54        65      1263
         1        66      1264      1275      1276
         1        66      1264      1265      1276
         1        55        66      1264      1265
         1        65        66      1264      1275
         1        54        65        66      1264
         1        54        55        66      1264
         1        56      1265      1266      1276
         1        56      1255      1265      1266
         1        45        56      1255      1265
         1        56        66      1265      1276
         1        55        56        66      1265
         1        45        55        56      1265
         1        57      1255      1266      1267
         1        57      1255      1256      1267
         1        46        57      1255      1256
         1        56        57      1255      1266
         1        45        56        57      1255
         1        45        46        57      1255
         1        69      1267      1278      1279
         1        69      1267      1268      1279
         1        58        69      1267      1268
         1        68        69      1267      1278
         1        57        68        69      1267
         1        57        58        69      1267
         1        70      1268      1279      1280
         1        70      1268      1269      1280
         1        59        70      1268      1269
         1        69        70      1268      1279
         1        58        69        70      1268
         1        58        59        70      1268
         1        71      1269      1280      1281
         1        71      1269      1270      1281
         1        60        71      1269      1270
         1        70        71      1269      1280
         1        59        70        71      1269
         1        59        60        71      1269
         1        72      1270      1281      1282
         1        72      1270      1271      1282
         1        61        72      1270      1271
         1        71        72      1270      1281
         1        60        71        72      1270
         1        60        61        72      1270
         1        73      1271      1282      1283
         1        73      1271      1272      1283
         1        62        73      1271      1272
         1        72        73      1271      1282
         1        61        72        73      1271
         1        61        62        73      1271
         1        74      1272      1283      1284
         1        74      1272      1273      1284
         1        63        74      1272      1273
         1        73        74      1272      1283
         1        62        73        74      1272
         1        62        63        74      1272
         1        75      1273      1284      1285
         1        75      1273      1274      1285
         1        64        75      1273      1274
         1        74        75      1273      1284
         1        63        74        75      1273
         1        63        64        75      1273
         1        76      1274      1285      1286
         1        76      1274      1275      1286
         1        65        76      1274      1275
         1        75        76      1274      1285
         1        64        75        76      1274
         1        64        65        76      1274
         1        77      1275      1286      1287
         1        77      1275      1276      1287
         1        66        77      1275      1276
         1        76        77      1275      1286
         1        65        76        77      1275
         1        65        66        77      1275
         1        67      1276      1277      1287
         1        67      1266      1276      1277
         1        56        67      1266      1276
         1        67        77      1276      1287
         1        66        67        77      1276
         1        56        66        67      1276
         1        68      1266      1277      1278
         1        68      1266      1267      1278
         1        57        68      1266      1267
         1        67        68      1266      1277
         1        56        67        68      1266
         1        56        57        68      1266
         1        80      1278      1289      1290
         1        80      1278      1279      1290
         1        69        80      1278      1279
         1        79        80      1278      1289
         1        68        79        80      1278
         1        68        69        80      1278
         1        81      1279      1290      1291
         1        81      1279      1280      1291
         1        70        81      1279      1280
         1        80        81      1279      1290
         1        69        80        81      1279
         1        69        70        81      1279
         1        82      1280      1291      1292
         1        82      1280      1281      1292
         1        71        82      1280      1281
         1        81        82      1280      1291
         1        70        81        82      1280
         1        70        71        82      1280
         1        83      1281      1292      1293
         1        83      1281      1282      1293
         1        72        83      1281      1282
         1        82        83      1281      1292
         1        71        82        83      1281
         1        71        72        83      1281
         1        84      1282      1293      1294
         1        84      1282      1283      1294
         1        73        84      1282      1283
         1        83        84      1282      1293
         1        72        83        84      1282
         1        72        73        84      1282
         1        85      1283      1294      1295
         1        85      1283      1284      1295
         1        74        85      1283      1284
         1        84        85      1283      1294
         1        73        84        85      1283
         1        73        74        85      1283
         1        86      1284      1295      1296
         1        86      1284      1285      1296
         1        75        86      1284      1285
         1        85        86      1284      1295
         1        74        85        86      1284
         1        74        75        86      1284
         1        87      1285      1296      1297
         1        87      1285      1286      1297
         1        76        87      1285      1286
         1        86        87      1285      1296
         1        75        86        87      1285
         1        75        76        87      1285
         1        88      1286      1297      1298
         1        88      1286      1287      1298
         1        77        88      1286      1287
         1        87        88      1286      1297
         1        76        87        88      1286
         1        76        77        88      1286
         1        78      1287      1288      1298
         1        78      1277      1287      1288
         1        67        78      1277      1287
         1        78        88      1287      1298
         1        77        78        88      1287
         1        67        77        78      1287
         1        79      1277      1288      1289
         1        79      1277      1278      1289
         1        68        79      1277      1278
         1        78        79      1277      1288
         1        67        78        79      1277
         1        67        68        79      1277
         1        91      1289      1300      1301
         1        91      1289      1290      1301
         1        80        91      1289      1290
         1        90        91      1289      1300
         1        79        90        91      1289
         1        79        80        91      1289
         1        92      1290      1301      1302
         1        92      1290      1291      1302
         1        81        92      1290      1291
         1        91        92      1290      1301
         1        80        91        92      1290
         1        80        81        92      1290
         1        93      1291      1302      1303
         1        93      1291      1292      1303
         1        82        93      1291      1292
         1        92        93      1291      1302
         1        81        92        93      1291
         1        81        82        93      1291
         1        94      1292      1303      1304
         1        94      1292      1293      1304
         1        83        94      1292      1293
         1        93        94      1292      1303
         1        82        93        94      1292
         1        82        83        94      1292
         1        95      1293      1304      1305
         1        95      1293      1294      1305
         1        84        95      1293      1294
         1        94        95      1293      1304
         1        83        94        95      1293
         1        83        84        95      1293
         1        96      1294      1305      1306
         1        96      1294      1295      1306
         1        85        96      1294      1295
         1        95        96      1294      1305
         1        84        95        96      1294
         1        84        85        96      1294
         1        97      1295      1306      1307
         1        97      1295      1296      1307
         1        86        97      1295      1296
         1        96        97      1295      1306
         1        85        96        97      1295
         1        85        86        97      1295
         1        98      1296      1307      1308
         1        98      1296      1297      1308
         1        87        98      1296      1297
         1        97        98      1296      1307
         1        86        97        98      1296
         1        86        87        98      1296
         1        99      1297      1308      1309
         1        99      1297      1298      1309
         1        88        99      1297      1298
         1        98        99      1297      1308
         1        87        98        99      1297
         1        87        88        99      1297
         1        89      1298      1299      1309
         1        89      1288      1298      1299
         1        78        89      1288      1298
         1        89        99      1298      1309
         1        88        89        99      1298
         1        78        88        89      1298
         1        90      1288      1299      1300
         1        90      1288      1289      1300
         1        79        90      1288      1289
         1        89        90      1288      1299
         1        78        89        90      1288
         1        78        79        90      1288
         1       102      1300      1311      1312
         1       102      1300      1301      1312
         1        91       102      1300      1301
         1       101       102      1300      1311
         1        90       101       102      1300
         1        90        91       102      1300
         1       103      1301      1312      1313
         1       103      1301      1302      1313
         1        92       103      1301      1302
         1       102       103      1301      1312
         1        91       102       103      1301
         1        91        92       103      1301
         1       104      1302      1313      1314
         1       104      1302      1303      1314
         1        93       104      1302      1303
         1       103       104      1302      1313
         1        92       103       104      1302
         1        92        93       104      1302
         1       105      1303      1314      1315
         1       105      1303      1304      1315
         1        94       105      1303      1304
         1       104       105      1303      1314
         1        93       104       105      1303
         1        93        94       105      1303
         1       106      1304      1315      1316
         1       106      1304      1305      1316
         1        95       106      1304      1305
         1       105       106      1304      1315
         1        94       105       106      1304
         1        94        95       106      1304
         1       107      1305      1316      1317
         1       107      1305      1306      1317
         1        96       107      1305      1306
         1       106       107      1305      1316
         1        95       106       107      1305
         1        95        96       107      1305
         1       108      1306      1317      1318
         1       108      1306      1307      1318
         1        97       108      1306      1307
         1       107       108      1306      1317
         1        96       107       108      1306
         1        96        97       108      1306
         1       109      1307      1318      1319
         1       109      1307      1308      1319
         1        98       109      1307      1308
         1       108       109      1307      1318
         1        97       108       109      1307
         1        97        98       109      1307
         1       110      1308      1319      1320
         1       110      1308      1309      1320
         1        99       110      1308      1309
         1       109       110      1308      1319
         1        98       109       110      1308
         1        98        99       110      1308
         1       100      1309      1310      1320
         1       100      1299      1309      1310
         1        89       100      1299      1309
         1       100       110      1309      1320
         1        99       100       110      1309
         1        89        99       100      1309
         1       101      1299      1310      1311
         1       101      1299      1300      1311
         1        90       101      1299      1300
         1       100       101      1299      1310
         1        89       100       101      1299
         1        89        90       101      1299
         1       113      1311      1322      1323
         1       113      1311      1312      1323
         1       102       113      1311      1312
         1       112       113      1311      1322
         1       101       112       113      1311
         1       101       102       113      1311
         1       114      1312      1323      1324
         1       114      1312      1313      1324
         1       103       114      1312      1313
         1       113       114      1312      1323
         1       102       113       114      1312
         1       102       103       114      1312
         1       115      1313      1324      1325
         1       115      1313      1314      1325
         1       104       115      1313      1314
         1       114       115      1313      1324
         1       103       114       115      1313
         1       103       104       115      1313
         1       116      1314      1325      1326
         1       116      1314      1315      1326
         1       105       116      1314      1315
         1       115       116      1314      1325
         1       104       115       116      1314
         1       104       105       116      1314
         1       117      1315      1326      1327
         1       117      1315      1316      1327
         1       106       117      1315      1316
         1       116       117      1315      1326
         1       105       116       117      1315
         1       105       106       117      1315
         1       118      1316      1327      1328
         1       118      1316      1317      1328
         1       107       118      1316      1317
         1       117       118      1316      1327
         1       106       117       118      1316
         1       106       107       118      1316
         1       119      1317      1328      1329
         1       119      1317      1318      1329
         1       108       119      1317      1318
         1       118       119      1317      1328
         1       107       118       119      1317
         1       107       108       119      1317
         1       120      1318      1329      1330
         1       120      1318      1319      1330
         1       109       120      1318      1319
         1       119       120      1318      1329
         1       108       119       120      1318
         1       108       109       120      1318
         1       121      1319      1330      1331
         1       121      1319      1320      1331
         1       110       121      1319      1320
         1       120       121      1319      1330
         1       109       120       121      1319
         1       109       110       121      1319
         1       111      1320      1321      1331
         1       111      1310      1320      1321
         1       100       111      1310      1320
         1       111       121      1320      1331
         1       110       111       121      1320
         1       100       110       111      1320
         1       112      1310      1321      1322
         1       112      1310      1311      1322
         1       101       112      1310      1311
         1       111       112      1310      1321
         1       100       111       112      1310
         1       100       101       112      1310
         1         3      1212      1213      1322
         1         3      1213      1322      1323
         1         3       113      1322      1323
         1         2         3      1212      1322
         1         2         3       112      1322
         1         3       112       113      1322
         1         4      1213      1214      1323
         1         4      1214      1323      1324
         1         4       114      1323      1324
         1         3         4      1213      1323
         1         3         4       113      1323
         1         4       113       114      1323
         1         5      1214      1215      1324
         1         5      1215      1324      1325
         1         5       115      1324      1325
         1         4         5      1214      1324
         1         4         5       114      1324
         1         5       114       115      1324
         1         6      1215      1216      1325
         1         6      1216      1325      1326
         1         6       116      1325      1326
         1         5         6      1215      1325
         1         5         6       115      1325
         1         6       115       116      1325
         1         7      1216      1217      1326
         1         7      1217      1326      1327
         1         7       117      1326      1327
         1         6         7      1216      1326
         1         6         7       116      1326
         1         7       116       117      1326
         1         8      1217      1218      1327
         1         8      1218      1327      1328
         1         8       118      1327      1328
         1         7         8      1217      1327
         1         7         8       117      1327
         1         8       117       118      1327
         1         9      1218      1219      1328
         1         9      1219      1328      1329
         1         9       119      1328      1329
         1         8         9      1218      1328
         1         8         9       118      1328
         1         9       118       119      1328
         1        10      1219      1220      1329
         1        10      1220      1329      1330
         1        10       120      1329      1330
         1         9        10      1219      1329
         1         9        10       119      1329
         1        10       119       120      1329
         1        11      1220      1221      1330
         1        11      1221      1330      1331
         1        11       121      1330      1331
         1        10        11      1220      1330
         1        10        11       120      1330
         1        11       120       121      1330
         1         1      1211      1221      1331
         1         1      1211      1321      1331
         1         1       111      1321      1331
         1         1        11      1221      1331
         1         1        11       121      1331
         1         1       111       121      1331
         1         2      1211      1212      1321
         1         2      1212      1321      1322
         1         2       112      1321      1322
         1         1         2      1211      1321
         1         1         2       111      1321
         1         2       111       112      1321
         1        14      1212      1223      1224
         1        14      1212      1213      1224
         1         3        14      1212      1213
         1        13        14      1212      1223
         1         2        13        14      1212
         1         2         3        14      1212
         1        15      1213      1224      1225
         1        15      1213      1214      1225
         1         4        15      1213      1214
         1        14        15      1213      1224
         1         3        14        15      1213
         1         3         4        15      1213
         1        16      1214      1225      1226
         1        16      1214      1215      1226
         1         5        16      1214      1215
         1        15        16      1214      1225
         1         4        15        16      1214
         1         4         5        16      1214
         1        17      1215      1226      1227
         1        17      1215      1216      1227
         1         6        17      1215      1216
         1        16        17      1215      1226
         1         5        16        17      1215
         1         5         6        17      1215
         1        18      1216      1227      1228
         1        18      1216      1217      1228
         1         7        18      1216      1217
         1        17        18      1216      1227
         1         6        17        18      1216
         1         6         7        18      1216
         1        19      1217      1228      1229
         1        19      1217      1218      1229
         1         8        19      1217      1218
         1        18        19      1217      1228
         1         7        18        19      1217
         1         7         8        19      1217
         1        20      1218      1229      1230
         1        20      1218      1219      1230
         1         9        20      1218      1219
         1        19        20      1218      1229
         1         8        19        20      1218
         1         8         9        20      1218
         1        21      1219      1230      1231
         1        21      1219      1220      1231
         1        10        21      1219      1220
         1        20        21      1219      1230
         1         9        20        21      1219
         1         9        10        21      1219
         1        22      1220      1231      1232
         1        22      1220      1221      1232
         1        11        22      1220      1221
         1        21        22      1220      1231
         1        10        21        22      1220
         1        10        11        22      1220
         1        12      1221      1222      1232
         1        12      1211      1221      1222
         1         1        12      1211      1221
         1        12        22      1221      1232
         1        11        12        22      1221
         1         1        11        12      1221
         1        13      1211      1222      1223
         1        13      1211      1212      1223
         1         2        13      1211      1212
         1        12        13      1211      1222
         1         1        12        13      1211
         1         1         2        13      1211
         1        13        24        25       146
         1        13        14        25       146
         1        13        14       135       146
         1        13        24       145       146
         1        13       134       145       146
         1        13       134       135       146
         1        14        25        26       147
         1        14        15        26       147
         1        14        15       136       147
         1        14        25       146       147
         1        14       135       146       147
         1        14       135       136       147
         1        15        26        27       148
         1        15        16        27       148
         1        15        16       137       148
         1        15        26       147       148
         1        15       136       147       148
         1        15       136       137       148
         1        16        27        28       149
         1        16        17        28       149
         1        16        17       138       149
         1        16        27       148       149
         1        16       137       148       149
         1        16       137       138       149
         1        17        28        29       150
         1        17        18        29       150
         1        17        18       139       150
         1        17        28       149       150
         1        17       138       149       150
         1        17       138       139       150
         1        18        29        30       151
         1        18        19        30       151
         1        18        19       140       151
         1        18        29       150       151
         1        18       139       150       151
         1        18       139       140       151
         1        19        30        31       152
         1        19        20        31       152
         1        19        20       141       152
         1        19        30       151       152
         1        19       140       151       152
         1        19       140       141       152
         1        20        31        32       153
         1        20        21        32       153
         1        20        21       142       153
         1        20        31       152       153
         1        20       141       152       153
         1        20       141       142       153
         1        21        32        33       154
         1        21        22        33       154
         1        21        22       143       154
         1        21        32       153       154
         1        21       142       153       154
         1        21       142       143       154
         1        22        23        33       144
         1        12        22        23       144
         1        12        22       133       144
         1        22        33       144       154
         1        22       143       144       154
         1        22       133       143       144
         1        12        23        24       145
         1        12        13        24       145
         1        12        13       134       145
         1        12        23       144       145
         1        12       133       144       145
         1        12       133       134       145
         1        24        35        36       157
         1        24        25        36       157
         1        24        25       146       157
         1        24        35       156       157
         1        24       145       156       157
         1        24       145       146       157
         1        25        36        37       158
         1        25        26        37       158
         1        25        26       147       158
         1        25        36       157       158
         1        25       146       157       158
         1        25       146       147       158
         1        26        37        38       159
         1        26        27        38       159
         1        26        27       148       159
         1        26        37       158       159
         1        26       147       158       159
         1        26       147       148       159
         1        27        38        39       160
         1        27        28        39       160
         1        27        28       149       160
         1        27        38       159       160
         1        27       148       159       160
         1        27       148       149       160
         1        28        39        40       161
         1        28        29        40       161
         1        28        29       150       161
         1        28        39       160       161
         1        28       149       160       161
         1        28       149       150       161
         1        29        40        41       162
         1        29        30        41       162
         1        29        30       151       162
         1        29        40       161       162
         1        29       150       161       162
         1        29       150       151       162
         1        30        41        42       163
         1        30        31        42       163
         1        30        31       152       163
         1        30        41       162       163
         1        30       151       162       163
         1        30       151       152       163
         1        31        42        43       164
         1        31        32        43       164
         1        31        32       153       164
         1        31        42       163       164
         1        31       152       163       164
         1        31       152       153       164
         1        32        43        44       165
         1        32        33        44       165
         1        32        33       154       165
         1        32        43       164       165
         1        32       153       164       165
         1        32       153       154       165
         1        33        34        44       155
         1        23        33        34       155
         1        23        33       144       155
         1        33        44       155       165
         1        33       154       155       165
         1        33       144       154       155
         1        23        34        35       156
         1        23        24        35       156
         1        23        24       145       156
         1        23        34       155       156
         1        23       144       155       156
         1        23       144       145       156
         1        35        46        47       168
         1        35        36        47       168
         1        35        36       157       168
         1        35        46       167       168
         1        35       156       167       168
         1        35       156       157       168
         1        36        47        48       169
         1        36        37        48       169
         1        36        37       158       169
         1        36        47       168       169
         1        36       157       168       169
         1        36       157       158       169
         1        37        48        49       170
         1        37        38        49       170
         1        37        38       159       170
         1        37        48       169       170
         1        37       158       169       170
         1        37       158       159       170
         1        38        49        50       171
         1        38        39        50       171
         1        38        39       160       171
         1        38        49       170       171
         1        38       159       170       171
         1        38       159       160       171
         1        39        50        51       172
         1        39        40        51       172
         1        39        40       161       172
         1        39        50       171       172
         1        39       160       171       172
         1        39       160       161       172
         1        40        51        52       173
         1        40        41        52       173
         1        40        41       162       173
         1        40        51       172       173
         1        40       161       172       173
         1        40       161       162       173
         1        41        52        53       174
         1        41        42        53       174
         1        41        42       163       174
         1        41        52       173       174
         1        41       162       173       174
         1        41       162       163       174
         1        42        53        54       175
         1        42        43        54       175
         1        42        43       164       175
         1        42        53       174       175
         1        42       163       174       175
         1        42       163       164       175
         1        43        54        55       176
         1        43        44        55       176
         1        43        44       165       176
         1        43        54       175       176
         1        43       164       175       176
         1        43       164       165       176
         1        44        45        55       166
         1        34        44        45       166
         1        34        44       155       166
         1        44        55       166       176
         1        44       165       166       176
         1        44       155       165       166
         1        34        45        46       167
         1        34        35        46       167
         1        34        35       156       167
         1        34        45       166       167
         1        34       155       166       167
         1        34       155       156       167
         1        46        57        58       179
         1        46        47        58       179
         1        46        47       168       179
         1        46        57       178       179
         1        46       167       178       179
         1        46       167       168       179
         1        47        58        59       180
         1        47        48        59       180
         1        47        48       169       180
         1        47        58       179       180
         1        47       168       179       180
         1        47       168       169       180
         1        48        59        60       181
         1        48        49        60       181
         1        48        49       170       181
         1        48        59       180       181
         1        48       169       180       181
         1        48       169       170       181
         1        49        60        61       182
         1        49        50        61       182
         1        49        50       171       182
         1        49        60       181       182
         1        49       170       181       182
         1        49       170       171       182
         1        50        61        62       183
         1        50        51        62       183
         1        50        51       172       183
         1        50        61       182       183
         1        50       171       182       183
         1        50       171       172       183
         1        51        62        63       184
         1        51        52        63       184
         1        51        52       173       184
         1        51        62       183       184
         1        51       172       183       184
         1        51       172       173       184
         1        52        63        64       185
         1        52        53        64       185
         1        52        53       174       185
         1        52        63       184       185
         1        52       173       184       185
         1        52       173       174       185
         1        53        64        65       186
         1        53        54        65       186
         1        53        54       175       186
         1        53        64       185       186
         1        53       174       185       186
         1        53       174       175       186
         1        54        65        66       187
         1        54        55        66       187
         1        54        55       176       187
         1        54        65       186       187
         1        54       175       186       187
         1        54       175       176       187
         1        55        56        66       177
         1        45        55        56       177
         1        45        55       166       177
         1        55        66       177       187
         1        55       176       177       187
         1        55       166       176       177
         1        45        56        57       178
         1        45        46        57       178
         1        45        46       167       178
         1        45        56       177       178
         1        45       166       177       178
         1        45       166       167       178
         1        57        68        69       190
         1        57        58        69       190
         1        57        58       179       190
         1        57        68       189       190
         1        57       178       189       190
         1        57       178       179       190
         1        58        69        70       191
         1        58        59        70       191
         1        58        59       180       191
         1        58        69       190       191
         1        58       179       190       191
         1        58       179       180       191
         1        59        70        71       192
         1        59        60        71       192
         1        59        60       181       192
         1        59        70       191       192
         1        59       180       191       192
         1        59       180       181       192
         1        60        71        72       193
         1        60        61        72       193
         1        60        61       182       193
         1        60        71       192       193
         1        60       181       192       193
         1        60       181       182       193
         1        61        72        73       194
         1        61        62        73       194
         1        61        62       183       194
         1        61        72       193       194
         1        61       182       193       194
         1        61       182       183       194
         1        62        73        74       195
         1        62        63        74       195
         1        62        63       184       195
         1        62        73       194       195
         1        62       183       194       195
         1        62       183       184       195
         1        63        74        75       196
         1        63        64        75       196
         1        63        64       185       196
         1        63        74       195       196
         1        63       184       195       196
         1        63       184       185       196
         1        64        75        76       197
         1        64        65        76       197
         1        64        65       186       197
         1        64        75       196       197
         1        64       185       196       197
         1        64       185       186       197
         1        65        76        77       198
         1        65        66        77       198
         1        65        66       187       198
         1        65        76       197       198
         1        65       186       197       198
         1        65       186       187       198
         1        66        67        77       188
         1        56        66        67       188
         1        56        66       177       188
         1        66        77       188       198
         1        66       187       188       198
         1        66       177       187       188
         1        56        67        68       189
         1        56        57        68       189
         1        56        57       178       189
         1        56        67       188       189
         1        56       177       188       189
         1        56       177       178       189
         1        68        79        80       201
         1        68        69        80       201
         1        68        69       190       201
         1        68        79       200       201
         1        68       189       200       201
         1        68       189       190       201
         1        69        80        81       202
         1        69        70        81       202
         1        69        70       191       202
         1        69        80       201       202
         1        69       190       201       202
         1        69       190       191       202
         1        70        81        82       203
         1        70        71        82       203
         1        70        71       192       203
         1        70        81       202       203
         1        70       191       202       203
         1        70       191       192       203
         1        71        82        83       204
         1        71        72        83       204
         1        71        72       193       204
         1        71        82       203       204
         1        71       192       203       204
         1        71       192       193       204
         1        72        83        84       205
         1        72        73        84       205
         1        72        73       194       205
         1        72        83       204       205
         1        72       193       204       205
         1        72       193       194       205
         1        73        84        85       206
         1        73        74        85       206
         1        73        74       195       206
         1        73        84       205       206
         1        73       194       205       206
         1        73       194       195       206
         1        74        85        86       207
         1        74        75        86       207
         1        74        75       196       207
         1        74        85       206       207
         1        74       195       206       207
         1        74       195       196       207
         1        75        86        87       208
         1        75        76        87       208
         1        75        76       197       208
         1        75        86       207       208
         1        75       196       207       208
         1        75       196       197       208
         1        76        87        88       209
         1        76        77        88       209
         1        76        77       198       209
         1        76        87       208       209
         1        76       197       208       209
         1        76       197       198       209
         1        77        78        88       199
         1        67        77        78       199
         1        67        77       188       199
         1        77        88       199       209
         1        77       198       199       209
         1        77       188       198       199
         1        67        78        79       200
         1        67        68        79       200
         1        67        68       189       200
         1        67        78       199       200
         1        67       188       199       200
         1        67       188       189       200
         1        79        90        91       212
         1        79        80        91       212
         1        79        80       201       212
         1        79        90       211       212
         1        79       200       211       212
         1        79       200       201       212
         1        80        91        92       213
         1        80        81        92       213
         1        80        81       202       213
         1        80        91       212       213
         1        80       201       212       213
         1        80       201       202       213
         1        81        92        93       214
         1        81        82        93       214
         1        81        82       203       214
         1        81        92       213       214
         1        81       202       213       214
         1        81       202       203       214
         1        82        93        94       215
         1        82        83        94       215
         1        82        83       204       215
         1        82        93       214       215
         1        82       203       214       215
         1        82       203       204       215
         1        83        94        95       216
         1        83        84        95       216
         1        83        84       205       216
         1        83        94       215       216
         1        83       204       215       216
         1        83       204       205       216
         1        84        95        96       217
         1        84        85        96       217
         1        84        85       206       217
         1        84        95       216       217
         1        84       205       216       217
         1        84       205       206       217
         1        85        96        97       218
         1        85        86        97       218
         1        85        86       207       218
         1        85        96       217       218
         1        85       206       217       218
         1        85       206       207       218
         1        86        97        98       219
         1        86        87        98       219
         1        86        87       208       219
         1        86        97       218       219
         1        86       207       218       219
         1        86       207       208       219
         1        87        98        99       220
         1        87        88        99       220
         1        87        88       209       220
         1        87        98       219       220
         1        87       208       219       220
         1        87       208       209       220
         1        88        89        99       210
         1        78        88        89       210
         1        78        88       199       210
         1        88        99       210       220
         1        88       209       210       220
         1        88       199       209       210
         1        78        89        90       211
         1        78        79        90       211
         1        78        79       200       211
         1        78        89       210       211
         1        78       199       210       211
         1        78       199       200       211
         1        90       101       102       223
         1        90        91       102       223
         1        90        91       212       223
         1        90       101       222       223
         1        90       211       222       223
         1        90       211       212       223
         1        91       102       103       224
         1        91        92       103       224
         1        91        92       213       224
         1        91       102       223       224
         1        91       212       223       224
         1        91       212       213       224
         1        92       103       104       225
         1        92        93       104       225
         1        92        93       214       225
         1        92       103       224       225
         1        92       213       224       225
         1        92       213       214       225
         1        93       104       105       226
         1        93        94       105       226
         1        93        94       215       226
         1        93       104       225       226
         1        93       214       225       226
         1        93       214       215       226
         1        94       105       106       227
         1        94        95       106       227
         1        94        95       216       227
         1        94       105       226       227
         1        94       215       226       227
         1        94       215       216       227
         1        95       106       107       228
         1        95        96       107       228
         1        95        96       217       228
         1        95       106       227       228
         1        95       216       227       228
         1        95       216       217       228
         1        96       107       108       229
         1        96        97       108       229
         1        96        97       218       229
         1        96       107       228       229
         1        96       217       228       229
         1        96       217       218       229
         1        97       108       109       230
         1        97        98       109       230
         1        97        98       219       230
         1        97       108       229       230
         1        97       218       229       230
         1        97       218       219       230
         1        98       109       110       231
         1        98        99       110       231
         1        98        99       220       231
         1        98       109       230       231
         1        98       219       230       231
         1        98       219       220       231
         1        99       100       110       221
         1        89        99       100       221
         1        89        99       210       221
         1        99       110       221       231
         1        99       220       221       231
         1        99       210       220       221
         1        89       100       101       222
         1        89        90       101       222
         1        89        90       211       222
         1        89       100       221       222
         1        89       210       221       222
         1        89       210       211       222
         1       101       112       113       234
         1       101       102       113       234
         1       101       102       223       234
         1       101       112       233       234
         1       101       222       233       234
         1       101       222       223       234
         1       102       113       114       235
         1       102       103       114       235
         1       102       103       224       235
         1       102       113       234       235
         1       102       223       234       235
         1       102       223       224       235
         1       103       114       115       236
         1       103       104       115       236
         1       103       104       225       236
         1       103       114       235       236
         1       103       224       235       236
         1       103       224       225       236
         1       104       115       116       237
         1       104       105       116       237
         1       104       105       226       237
         1       104       115       236       237
         1       104       225       236       237
         1       104       225       226       237
         1       105       116       117       238
         1       105       106       117       238
         1       105       106       227       238
         1       105       116       237       238
         1       105       226       237       238
         1       105       226       227       238
         1       106       117       118       239
         1       106       107       118       239
         1       106       107       228       239
         1       106       117       238       239
         1       106       227       238       239
         1       106       227       228       239
         1       107       118       119       240
         1       107       108       119       240
         1       107       108       229       240
         1       107       118       239       240
         1       107       228       239       240
         1       107       228       229       240
         1       108       119       120       241
         1       108       109       120       241
         1       108       109       230       241
         1       108       119       240       241
         1       108       229       240       241
         1       108       229       230       241
         1       109       120       121       242
         1       109       110       121       242
         1       109       110       231       242
         1       109       120       241       242
         1       109       230       241       242
         1       109       230       231       242
         1       110       111       121       232
         1       100       110       111       232
         1       100       110       221       232
         1       110       121       232       242
         1       110       231       232       242
         1       110       221       231       232
         1       100       111       112       233
         1       100       101       112       233
         1       100       101       222       233
         1       100       111       232       233
         1       100       221       232       233
         1       100       221       222       233
         1         2         3       112       124
         1         3       112       113       124
         1       112       113       124       234
         1         2       112       123       124
         1       112       123       124       233
         1       112       124       233       234
         1         3         4       113       125
         1         4       113       114       125
         1       113       114       125       235
         1         3       113       124       125
         1       113       124       125       234
         1       113       125       234       235
         1         4         5       114       126
         1         5       114       115       126
         1       114       115       126       236
         1         4       114       125       126
         1       114       125       126       235
         1       114       126       235       236
         1         5         6       115       127
         1         6       115       116       127
         1       115       116       127       237
         1         5       115       126       127
         1       115       126       127       236
         1       115       127       236       237
         1         6         7       116       128
         1         7       116       117       128
         1       116       117       128       238
         1         6       116       127       128
         1       116       127       128       237
         1       116       128       237       238
         1         7         8       117       129
         1         8       117       118       129
         1       117       118       129       239
         1         7       117       128       129
         1       117       128       129       238
         1       117       129       238       239
         1         8         9       118       130
         1         9       118       119       130
         1       118       119       130       240
         1         8       118       129       130
         1       118       129       130       239
         1       118       130       239       240
         1         9        10       119       131
         1        10       119       120       131
         1       119       120       131       241
         1         9       119       130       131
         1       119       130       131       240
         1       119       131       240       241
         1        10        11       120       132
         1        11       120       121       132
         1       120       121       132       242
         1        10       120       131       132
         1       120       131       132       241
         1       120       132       241       242
         1         1        11       121       122
         1         1       111       121       122
         1       111       121       122       232
         1        11       121       122       132
         1       121       122       132       242
         1       121       122       232       242
         1         1         2       111       123
         1         2       111       112       123
         1       111       112       123       233
         1         1       111       122       123
         1       111       122       123       232
         1       111       123       232       233
         1         2        13        14       135
         1         2         3        14       135
         1         2         3       124       135
         1         2        13       134       135
         1         2       123       134       135
         1         2       123       124       135
         1         3        14        15       136
         1         3         4        15       136
         1         3         4       125       136
         1         3        14       135       136
         1         3       124       135       136
         1         3       124       125       136
         1         4        15        16       137
         1         4         5        16       137
         1         4         5       126       137
         1         4        15       136       137
         1         4       125       136       137
         1         4       125       126       137
         1         5        16        17       138
         1         5         6        17       138
         1         5         6       127       138
         1         5        16       137       138
         1         5       126       137       138
         1         5       126       127       138
         1         6        17        18       139
         1         6         7        18       139
         1         6         7       128       139
         1         6        17       138       139
         1         6       127       138       139
         1         6       127       128       139
         1         7        18        19       140
         1         7         8        19       140
         1         7         8       129       140
         1         7        18       139       140
         1         7       128       139       140
         1         7       128       129       140
         1         8        19        20       141
         1         8         9        20       141
         1         8         9       130       141
         1         8        19       140       141
         1         8       129       140       141
         1         8       129       130       141
         1         9        20        21       142
         1         9        10        21       142
         1         9        10       131       142
         1         9        20       141       142
         1         9       130       141       142
         1         9       130       131       142
         1        10        21        22       143
         1        10        11        22       143
         1        10        11       132       143
         1        10        21       142       143
         1        10       131       142       143
         1        10       131       132       143
         1        11        12        22       133
         1         1        11        12       133
         1         1        11       122       133
         1        11        22       133       143
         1        11       132       133       143
         1        11       122       132       133
         1         1        12        13       134
         1         1         2        13       134
         1         1         2       123       134
         1         1        12       133       134
         1         1       122       133       134
         1         1       122       123       134
