Automatically generated mesh
    1728
Reciprocal lattice
    0.04166666666666    0.04166666666666    0.04166666666666             1
    0.12500000000000    0.04166666666666    0.04166666666666             1
    0.20833333333334    0.04166666666666    0.04166666666666             1
    0.29166666666666    0.04166666666666    0.04166666666666             1
    0.37500000000000    0.04166666666666    0.04166666666666             1
    0.45833333333334    0.04166666666666    0.04166666666666             1
   -0.45833333333334    0.04166666666666    0.04166666666666             1
   -0.37500000000000    0.04166666666666    0.04166666666666             1
   -0.29166666666666    0.04166666666666    0.04166666666666             1
   -0.20833333333334    0.04166666666666    0.04166666666666             1
   -0.12500000000000    0.04166666666666    0.04166666666666             1
   -0.04166666666666    0.04166666666666    0.04166666666666             1
    0.04166666666666    0.12500000000000    0.04166666666666             1
    0.12500000000000    0.12500000000000    0.04166666666666             1
    0.20833333333334    0.12500000000000    0.04166666666666             1
    0.29166666666666    0.12500000000000    0.04166666666666             1
    0.37500000000000    0.12500000000000    0.04166666666666             1
    0.45833333333334    0.12500000000000    0.04166666666666             1
   -0.45833333333334    0.12500000000000    0.04166666666666             1
   -0.37500000000000    0.12500000000000    0.04166666666666             1
   -0.29166666666666    0.12500000000000    0.04166666666666             1
   -0.20833333333334    0.12500000000000    0.04166666666666             1
   -0.12500000000000    0.12500000000000    0.04166666666666             1
   -0.04166666666666    0.12500000000000    0.04166666666666             1
    0.04166666666666    0.20833333333334    0.04166666666666             1
    0.12500000000000    0.20833333333334    0.04166666666666             1
    0.20833333333334    0.20833333333334    0.04166666666666             1
    0.29166666666666    0.20833333333334    0.04166666666666             1
    0.37500000000000    0.20833333333334    0.04166666666666             1
    0.45833333333334    0.20833333333334    0.04166666666666             1
   -0.45833333333334    0.20833333333334    0.04166666666666             1
   -0.37500000000000    0.20833333333334    0.04166666666666             1
   -0.29166666666666    0.20833333333334    0.04166666666666             1
   -0.20833333333334    0.20833333333334    0.04166666666666             1
   -0.12500000000000    0.20833333333334    0.04166666666666             1
   -0.04166666666666    0.20833333333334    0.04166666666666             1
    0.04166666666666    0.29166666666666    0.04166666666666             1
    0.12500000000000    0.29166666666666    0.04166666666666             1
    0.20833333333334    0.29166666666666    0.04166666666666             1
    0.29166666666666    0.29166666666666    0.04166666666666             1
    0.37500000000000    0.29166666666666    0.04166666666666             1
    0.45833333333334    0.29166666666666    0.04166666666666             1
   -0.45833333333334    0.29166666666666    0.04166666666666             1
   -0.37500000000000    0.29166666666666    0.04166666666666             1
   -0.29166666666666    0.29166666666666    0.04166666666666             1
   -0.20833333333334    0.29166666666666    0.04166666666666             1
   -0.12500000000000    0.29166666666666    0.04166666666666             1
   -0.04166666666666    0.29166666666666    0.04166666666666             1
    0.04166666666666    0.37500000000000    0.04166666666666             1
    0.12500000000000    0.37500000000000    0.04166666666666             1
    0.20833333333334    0.37500000000000    0.04166666666666             1
    0.29166666666666    0.37500000000000    0.04166666666666             1
    0.37500000000000    0.37500000000000    0.04166666666666             1
    0.45833333333334    0.37500000000000    0.04166666666666             1
   -0.45833333333334    0.37500000000000    0.04166666666666             1
   -0.37500000000000    0.37500000000000    0.04166666666666             1
   -0.29166666666666    0.37500000000000    0.04166666666666             1
   -0.20833333333334    0.37500000000000    0.04166666666666             1
   -0.12500000000000    0.37500000000000    0.04166666666666             1
   -0.04166666666666    0.37500000000000    0.04166666666666             1
    0.04166666666666    0.45833333333334    0.04166666666666             1
    0.12500000000000    0.45833333333334    0.04166666666666             1
    0.20833333333334    0.45833333333334    0.04166666666666             1
    0.29166666666666    0.45833333333334    0.04166666666666             1
    0.37500000000000    0.45833333333334    0.04166666666666             1
    0.45833333333334    0.45833333333334    0.04166666666666             1
   -0.45833333333334    0.45833333333334    0.04166666666666             1
   -0.37500000000000    0.45833333333334    0.04166666666666             1
   -0.29166666666666    0.45833333333334    0.04166666666666             1
   -0.20833333333334    0.45833333333334    0.04166666666666             1
   -0.12500000000000    0.45833333333334    0.04166666666666             1
   -0.04166666666666    0.45833333333334    0.04166666666666             1
    0.04166666666666   -0.45833333333334    0.04166666666666             1
    0.12500000000000   -0.45833333333334    0.04166666666666             1
    0.20833333333334   -0.45833333333334    0.04166666666666             1
    0.29166666666666   -0.45833333333334    0.04166666666666             1
    0.37500000000000   -0.45833333333334    0.04166666666666             1
    0.45833333333334   -0.45833333333334    0.04166666666666             1
   -0.45833333333334   -0.45833333333334    0.04166666666666             1
   -0.37500000000000   -0.45833333333334    0.04166666666666             1
   -0.29166666666666   -0.45833333333334    0.04166666666666             1
   -0.20833333333334   -0.45833333333334    0.04166666666666             1
   -0.12500000000000   -0.45833333333334    0.04166666666666             1
   -0.04166666666666   -0.45833333333334    0.04166666666666             1
    0.04166666666666   -0.37500000000000    0.04166666666666             1
    0.12500000000000   -0.37500000000000    0.04166666666666             1
    0.20833333333334   -0.37500000000000    0.04166666666666             1
    0.29166666666666   -0.37500000000000    0.04166666666666             1
    0.37500000000000   -0.37500000000000    0.04166666666666             1
    0.45833333333334   -0.37500000000000    0.04166666666666             1
   -0.45833333333334   -0.37500000000000    0.04166666666666             1
   -0.37500000000000   -0.37500000000000    0.04166666666666             1
   -0.29166666666666   -0.37500000000000    0.04166666666666             1
   -0.20833333333334   -0.37500000000000    0.04166666666666             1
   -0.12500000000000   -0.37500000000000    0.04166666666666             1
   -0.04166666666666   -0.37500000000000    0.04166666666666             1
    0.04166666666666   -0.29166666666666    0.04166666666666             1
    0.12500000000000   -0.29166666666666    0.04166666666666             1
    0.20833333333334   -0.29166666666666    0.04166666666666             1
    0.29166666666666   -0.29166666666666    0.04166666666666             1
    0.37500000000000   -0.29166666666666    0.04166666666666             1
    0.45833333333334   -0.29166666666666    0.04166666666666             1
   -0.45833333333334   -0.29166666666666    0.04166666666666             1
   -0.37500000000000   -0.29166666666666    0.04166666666666             1
   -0.29166666666666   -0.29166666666666    0.04166666666666             1
   -0.20833333333334   -0.29166666666666    0.04166666666666             1
   -0.12500000000000   -0.29166666666666    0.04166666666666             1
   -0.04166666666666   -0.29166666666666    0.04166666666666             1
    0.04166666666666   -0.20833333333334    0.04166666666666             1
    0.12500000000000   -0.20833333333334    0.04166666666666             1
    0.20833333333334   -0.20833333333334    0.04166666666666             1
    0.29166666666666   -0.20833333333334    0.04166666666666             1
    0.37500000000000   -0.20833333333334    0.04166666666666             1
    0.45833333333334   -0.20833333333334    0.04166666666666             1
   -0.45833333333334   -0.20833333333334    0.04166666666666             1
   -0.37500000000000   -0.20833333333334    0.04166666666666             1
   -0.29166666666666   -0.20833333333334    0.04166666666666             1
   -0.20833333333334   -0.20833333333334    0.04166666666666             1
   -0.12500000000000   -0.20833333333334    0.04166666666666             1
   -0.04166666666666   -0.20833333333334    0.04166666666666             1
    0.04166666666666   -0.12500000000000    0.04166666666666             1
    0.12500000000000   -0.12500000000000    0.04166666666666             1
    0.20833333333334   -0.12500000000000    0.04166666666666             1
    0.29166666666666   -0.12500000000000    0.04166666666666             1
    0.37500000000000   -0.12500000000000    0.04166666666666             1
    0.45833333333334   -0.12500000000000    0.04166666666666             1
   -0.45833333333334   -0.12500000000000    0.04166666666666             1
   -0.37500000000000   -0.12500000000000    0.04166666666666             1
   -0.29166666666666   -0.12500000000000    0.04166666666666             1
   -0.20833333333334   -0.12500000000000    0.04166666666666             1
   -0.12500000000000   -0.12500000000000    0.04166666666666             1
   -0.04166666666666   -0.12500000000000    0.04166666666666             1
    0.04166666666666   -0.04166666666666    0.04166666666666             1
    0.12500000000000   -0.04166666666666    0.04166666666666             1
    0.20833333333334   -0.04166666666666    0.04166666666666             1
    0.29166666666666   -0.04166666666666    0.04166666666666             1
    0.37500000000000   -0.04166666666666    0.04166666666666             1
    0.45833333333334   -0.04166666666666    0.04166666666666             1
   -0.45833333333334   -0.04166666666666    0.04166666666666             1
   -0.37500000000000   -0.04166666666666    0.04166666666666             1
   -0.29166666666666   -0.04166666666666    0.04166666666666             1
   -0.20833333333334   -0.04166666666666    0.04166666666666             1
   -0.12500000000000   -0.04166666666666    0.04166666666666             1
   -0.04166666666666   -0.04166666666666    0.04166666666666             1
    0.04166666666666    0.04166666666666    0.12500000000000             1
    0.12500000000000    0.04166666666666    0.12500000000000             1
    0.20833333333334    0.04166666666666    0.12500000000000             1
    0.29166666666666    0.04166666666666    0.12500000000000             1
    0.37500000000000    0.04166666666666    0.12500000000000             1
    0.45833333333334    0.04166666666666    0.12500000000000             1
   -0.45833333333334    0.04166666666666    0.12500000000000             1
   -0.37500000000000    0.04166666666666    0.12500000000000             1
   -0.29166666666666    0.04166666666666    0.12500000000000             1
   -0.20833333333334    0.04166666666666    0.12500000000000             1
   -0.12500000000000    0.04166666666666    0.12500000000000             1
   -0.04166666666666    0.04166666666666    0.12500000000000             1
    0.04166666666666    0.12500000000000    0.12500000000000             1
    0.12500000000000    0.12500000000000    0.12500000000000             1
    0.20833333333334    0.12500000000000    0.12500000000000             1
    0.29166666666666    0.12500000000000    0.12500000000000             1
    0.37500000000000    0.12500000000000    0.12500000000000             1
    0.45833333333334    0.12500000000000    0.12500000000000             1
   -0.45833333333334    0.12500000000000    0.12500000000000             1
   -0.37500000000000    0.12500000000000    0.12500000000000             1
   -0.29166666666666    0.12500000000000    0.12500000000000             1
   -0.20833333333334    0.12500000000000    0.12500000000000             1
   -0.12500000000000    0.12500000000000    0.12500000000000             1
   -0.04166666666666    0.12500000000000    0.12500000000000             1
    0.04166666666666    0.20833333333334    0.12500000000000             1
    0.12500000000000    0.20833333333334    0.12500000000000             1
    0.20833333333334    0.20833333333334    0.12500000000000             1
    0.29166666666666    0.20833333333334    0.12500000000000             1
    0.37500000000000    0.20833333333334    0.12500000000000             1
    0.45833333333334    0.20833333333334    0.12500000000000             1
   -0.45833333333334    0.20833333333334    0.12500000000000             1
   -0.37500000000000    0.20833333333334    0.12500000000000             1
   -0.29166666666666    0.20833333333334    0.12500000000000             1
   -0.20833333333334    0.20833333333334    0.12500000000000             1
   -0.12500000000000    0.20833333333334    0.12500000000000             1
   -0.04166666666666    0.20833333333334    0.12500000000000             1
    0.04166666666666    0.29166666666666    0.12500000000000             1
    0.12500000000000    0.29166666666666    0.12500000000000             1
    0.20833333333334    0.29166666666666    0.12500000000000             1
    0.29166666666666    0.29166666666666    0.12500000000000             1
    0.37500000000000    0.29166666666666    0.12500000000000             1
    0.45833333333334    0.29166666666666    0.12500000000000             1
   -0.45833333333334    0.29166666666666    0.12500000000000             1
   -0.37500000000000    0.29166666666666    0.12500000000000             1
   -0.29166666666666    0.29166666666666    0.12500000000000             1
   -0.20833333333334    0.29166666666666    0.12500000000000             1
   -0.12500000000000    0.29166666666666    0.12500000000000             1
   -0.04166666666666    0.29166666666666    0.12500000000000             1
    0.04166666666666    0.37500000000000    0.12500000000000             1
    0.12500000000000    0.37500000000000    0.12500000000000             1
    0.20833333333334    0.37500000000000    0.12500000000000             1
    0.29166666666666    0.37500000000000    0.12500000000000             1
    0.37500000000000    0.37500000000000    0.12500000000000             1
    0.45833333333334    0.37500000000000    0.12500000000000             1
   -0.45833333333334    0.37500000000000    0.12500000000000             1
   -0.37500000000000    0.37500000000000    0.12500000000000             1
   -0.29166666666666    0.37500000000000    0.12500000000000             1
   -0.20833333333334    0.37500000000000    0.12500000000000             1
   -0.12500000000000    0.37500000000000    0.12500000000000             1
   -0.04166666666666    0.37500000000000    0.12500000000000             1
    0.04166666666666    0.45833333333334    0.12500000000000             1
    0.12500000000000    0.45833333333334    0.12500000000000             1
    0.20833333333334    0.45833333333334    0.12500000000000             1
    0.29166666666666    0.45833333333334    0.12500000000000             1
    0.37500000000000    0.45833333333334    0.12500000000000             1
    0.45833333333334    0.45833333333334    0.12500000000000             1
   -0.45833333333334    0.45833333333334    0.12500000000000             1
   -0.37500000000000    0.45833333333334    0.12500000000000             1
   -0.29166666666666    0.45833333333334    0.12500000000000             1
   -0.20833333333334    0.45833333333334    0.12500000000000             1
   -0.12500000000000    0.45833333333334    0.12500000000000             1
   -0.04166666666666    0.45833333333334    0.12500000000000             1
    0.04166666666666   -0.45833333333334    0.12500000000000             1
    0.12500000000000   -0.45833333333334    0.12500000000000             1
    0.20833333333334   -0.45833333333334    0.12500000000000             1
    0.29166666666666   -0.45833333333334    0.12500000000000             1
    0.37500000000000   -0.45833333333334    0.12500000000000             1
    0.45833333333334   -0.45833333333334    0.12500000000000             1
   -0.45833333333334   -0.45833333333334    0.12500000000000             1
   -0.37500000000000   -0.45833333333334    0.12500000000000             1
   -0.29166666666666   -0.45833333333334    0.12500000000000             1
   -0.20833333333334   -0.45833333333334    0.12500000000000             1
   -0.12500000000000   -0.45833333333334    0.12500000000000             1
   -0.04166666666666   -0.45833333333334    0.12500000000000             1
    0.04166666666666   -0.37500000000000    0.12500000000000             1
    0.12500000000000   -0.37500000000000    0.12500000000000             1
    0.20833333333334   -0.37500000000000    0.12500000000000             1
    0.29166666666666   -0.37500000000000    0.12500000000000             1
    0.37500000000000   -0.37500000000000    0.12500000000000             1
    0.45833333333334   -0.37500000000000    0.12500000000000             1
   -0.45833333333334   -0.37500000000000    0.12500000000000             1
   -0.37500000000000   -0.37500000000000    0.12500000000000             1
   -0.29166666666666   -0.37500000000000    0.12500000000000             1
   -0.20833333333334   -0.37500000000000    0.12500000000000             1
   -0.12500000000000   -0.37500000000000    0.12500000000000             1
   -0.04166666666666   -0.37500000000000    0.12500000000000             1
    0.04166666666666   -0.29166666666666    0.12500000000000             1
    0.12500000000000   -0.29166666666666    0.12500000000000             1
    0.20833333333334   -0.29166666666666    0.12500000000000             1
    0.29166666666666   -0.29166666666666    0.12500000000000             1
    0.37500000000000   -0.29166666666666    0.12500000000000             1
    0.45833333333334   -0.29166666666666    0.12500000000000             1
   -0.45833333333334   -0.29166666666666    0.12500000000000             1
   -0.37500000000000   -0.29166666666666    0.12500000000000             1
   -0.29166666666666   -0.29166666666666    0.12500000000000             1
   -0.20833333333334   -0.29166666666666    0.12500000000000             1
   -0.12500000000000   -0.29166666666666    0.12500000000000             1
   -0.04166666666666   -0.29166666666666    0.12500000000000             1
    0.04166666666666   -0.20833333333334    0.12500000000000             1
    0.12500000000000   -0.20833333333334    0.12500000000000             1
    0.20833333333334   -0.20833333333334    0.12500000000000             1
    0.29166666666666   -0.20833333333334    0.12500000000000             1
    0.37500000000000   -0.20833333333334    0.12500000000000             1
    0.45833333333334   -0.20833333333334    0.12500000000000             1
   -0.45833333333334   -0.20833333333334    0.12500000000000             1
   -0.37500000000000   -0.20833333333334    0.12500000000000             1
   -0.29166666666666   -0.20833333333334    0.12500000000000             1
   -0.20833333333334   -0.20833333333334    0.12500000000000             1
   -0.12500000000000   -0.20833333333334    0.12500000000000             1
   -0.04166666666666   -0.20833333333334    0.12500000000000             1
    0.04166666666666   -0.12500000000000    0.12500000000000             1
    0.12500000000000   -0.12500000000000    0.12500000000000             1
    0.20833333333334   -0.12500000000000    0.12500000000000             1
    0.29166666666666   -0.12500000000000    0.12500000000000             1
    0.37500000000000   -0.12500000000000    0.12500000000000             1
    0.45833333333334   -0.12500000000000    0.12500000000000             1
   -0.45833333333334   -0.12500000000000    0.12500000000000             1
   -0.37500000000000   -0.12500000000000    0.12500000000000             1
   -0.29166666666666   -0.12500000000000    0.12500000000000             1
   -0.20833333333334   -0.12500000000000    0.12500000000000             1
   -0.12500000000000   -0.12500000000000    0.12500000000000             1
   -0.04166666666666   -0.12500000000000    0.12500000000000             1
    0.04166666666666   -0.04166666666666    0.12500000000000             1
    0.12500000000000   -0.04166666666666    0.12500000000000             1
    0.20833333333334   -0.04166666666666    0.12500000000000             1
    0.29166666666666   -0.04166666666666    0.12500000000000             1
    0.37500000000000   -0.04166666666666    0.12500000000000             1
    0.45833333333334   -0.04166666666666    0.12500000000000             1
   -0.45833333333334   -0.04166666666666    0.12500000000000             1
   -0.37500000000000   -0.04166666666666    0.12500000000000             1
   -0.29166666666666   -0.04166666666666    0.12500000000000             1
   -0.20833333333334   -0.04166666666666    0.12500000000000             1
   -0.12500000000000   -0.04166666666666    0.12500000000000             1
   -0.04166666666666   -0.04166666666666    0.12500000000000             1
    0.04166666666666    0.04166666666666    0.20833333333334             1
    0.12500000000000    0.04166666666666    0.20833333333334             1
    0.20833333333334    0.04166666666666    0.20833333333334             1
    0.29166666666666    0.04166666666666    0.20833333333334             1
    0.37500000000000    0.04166666666666    0.20833333333334             1
    0.45833333333334    0.04166666666666    0.20833333333334             1
   -0.45833333333334    0.04166666666666    0.20833333333334             1
   -0.37500000000000    0.04166666666666    0.20833333333334             1
   -0.29166666666666    0.04166666666666    0.20833333333334             1
   -0.20833333333334    0.04166666666666    0.20833333333334             1
   -0.12500000000000    0.04166666666666    0.20833333333334             1
   -0.04166666666666    0.04166666666666    0.20833333333334             1
    0.04166666666666    0.12500000000000    0.20833333333334             1
    0.12500000000000    0.12500000000000    0.20833333333334             1
    0.20833333333334    0.12500000000000    0.20833333333334             1
    0.29166666666666    0.12500000000000    0.20833333333334             1
    0.37500000000000    0.12500000000000    0.20833333333334             1
    0.45833333333334    0.12500000000000    0.20833333333334             1
   -0.45833333333334    0.12500000000000    0.20833333333334             1
   -0.37500000000000    0.12500000000000    0.20833333333334             1
   -0.29166666666666    0.12500000000000    0.20833333333334             1
   -0.20833333333334    0.12500000000000    0.20833333333334             1
   -0.12500000000000    0.12500000000000    0.20833333333334             1
   -0.04166666666666    0.12500000000000    0.20833333333334             1
    0.04166666666666    0.20833333333334    0.20833333333334             1
    0.12500000000000    0.20833333333334    0.20833333333334             1
    0.20833333333334    0.20833333333334    0.20833333333334             1
    0.29166666666666    0.20833333333334    0.20833333333334             1
    0.37500000000000    0.20833333333334    0.20833333333334             1
    0.45833333333334    0.20833333333334    0.20833333333334             1
   -0.45833333333334    0.20833333333334    0.20833333333334             1
   -0.37500000000000    0.20833333333334    0.20833333333334             1
   -0.29166666666666    0.20833333333334    0.20833333333334             1
   -0.20833333333334    0.20833333333334    0.20833333333334             1
   -0.12500000000000    0.20833333333334    0.20833333333334             1
   -0.04166666666666    0.20833333333334    0.20833333333334             1
    0.04166666666666    0.29166666666666    0.20833333333334             1
    0.12500000000000    0.29166666666666    0.20833333333334             1
    0.20833333333334    0.29166666666666    0.20833333333334             1
    0.29166666666666    0.29166666666666    0.20833333333334             1
    0.37500000000000    0.29166666666666    0.20833333333334             1
    0.45833333333334    0.29166666666666    0.20833333333334             1
   -0.45833333333334    0.29166666666666    0.20833333333334             1
   -0.37500000000000    0.29166666666666    0.20833333333334             1
   -0.29166666666666    0.29166666666666    0.20833333333334             1
   -0.20833333333334    0.29166666666666    0.20833333333334             1
   -0.12500000000000    0.29166666666666    0.20833333333334             1
   -0.04166666666666    0.29166666666666    0.20833333333334             1
    0.04166666666666    0.37500000000000    0.20833333333334             1
    0.12500000000000    0.37500000000000    0.20833333333334             1
    0.20833333333334    0.37500000000000    0.20833333333334             1
    0.29166666666666    0.37500000000000    0.20833333333334             1
    0.37500000000000    0.37500000000000    0.20833333333334             1
    0.45833333333334    0.37500000000000    0.20833333333334             1
   -0.45833333333334    0.37500000000000    0.20833333333334             1
   -0.37500000000000    0.37500000000000    0.20833333333334             1
   -0.29166666666666    0.37500000000000    0.20833333333334             1
   -0.20833333333334    0.37500000000000    0.20833333333334             1
   -0.12500000000000    0.37500000000000    0.20833333333334             1
   -0.04166666666666    0.37500000000000    0.20833333333334             1
    0.04166666666666    0.45833333333334    0.20833333333334             1
    0.12500000000000    0.45833333333334    0.20833333333334             1
    0.20833333333334    0.45833333333334    0.20833333333334             1
    0.29166666666666    0.45833333333334    0.20833333333334             1
    0.37500000000000    0.45833333333334    0.20833333333334             1
    0.45833333333334    0.45833333333334    0.20833333333334             1
   -0.45833333333334    0.45833333333334    0.20833333333334             1
   -0.37500000000000    0.45833333333334    0.20833333333334             1
   -0.29166666666666    0.45833333333334    0.20833333333334             1
   -0.20833333333334    0.45833333333334    0.20833333333334             1
   -0.12500000000000    0.45833333333334    0.20833333333334             1
   -0.04166666666666    0.45833333333334    0.20833333333334             1
    0.04166666666666   -0.45833333333334    0.20833333333334             1
    0.12500000000000   -0.45833333333334    0.20833333333334             1
    0.20833333333334   -0.45833333333334    0.20833333333334             1
    0.29166666666666   -0.45833333333334    0.20833333333334             1
    0.37500000000000   -0.45833333333334    0.20833333333334             1
    0.45833333333334   -0.45833333333334    0.20833333333334             1
   -0.45833333333334   -0.45833333333334    0.20833333333334             1
   -0.37500000000000   -0.45833333333334    0.20833333333334             1
   -0.29166666666666   -0.45833333333334    0.20833333333334             1
   -0.20833333333334   -0.45833333333334    0.20833333333334             1
   -0.12500000000000   -0.45833333333334    0.20833333333334             1
   -0.04166666666666   -0.45833333333334    0.20833333333334             1
    0.04166666666666   -0.37500000000000    0.20833333333334             1
    0.12500000000000   -0.37500000000000    0.20833333333334             1
    0.20833333333334   -0.37500000000000    0.20833333333334             1
    0.29166666666666   -0.37500000000000    0.20833333333334             1
    0.37500000000000   -0.37500000000000    0.20833333333334             1
    0.45833333333334   -0.37500000000000    0.20833333333334             1
   -0.45833333333334   -0.37500000000000    0.20833333333334             1
   -0.37500000000000   -0.37500000000000    0.20833333333334             1
   -0.29166666666666   -0.37500000000000    0.20833333333334             1
   -0.20833333333334   -0.37500000000000    0.20833333333334             1
   -0.12500000000000   -0.37500000000000    0.20833333333334             1
   -0.04166666666666   -0.37500000000000    0.20833333333334             1
    0.04166666666666   -0.29166666666666    0.20833333333334             1
    0.12500000000000   -0.29166666666666    0.20833333333334             1
    0.20833333333334   -0.29166666666666    0.20833333333334             1
    0.29166666666666   -0.29166666666666    0.20833333333334             1
    0.37500000000000   -0.29166666666666    0.20833333333334             1
    0.45833333333334   -0.29166666666666    0.20833333333334             1
   -0.45833333333334   -0.29166666666666    0.20833333333334             1
   -0.37500000000000   -0.29166666666666    0.20833333333334             1
   -0.29166666666666   -0.29166666666666    0.20833333333334             1
   -0.20833333333334   -0.29166666666666    0.20833333333334             1
   -0.12500000000000   -0.29166666666666    0.20833333333334             1
   -0.04166666666666   -0.29166666666666    0.20833333333334             1
    0.04166666666666   -0.20833333333334    0.20833333333334             1
    0.12500000000000   -0.20833333333334    0.20833333333334             1
    0.20833333333334   -0.20833333333334    0.20833333333334             1
    0.29166666666666   -0.20833333333334    0.20833333333334             1
    0.37500000000000   -0.20833333333334    0.20833333333334             1
    0.45833333333334   -0.20833333333334    0.20833333333334             1
   -0.45833333333334   -0.20833333333334    0.20833333333334             1
   -0.37500000000000   -0.20833333333334    0.20833333333334             1
   -0.29166666666666   -0.20833333333334    0.20833333333334             1
   -0.20833333333334   -0.20833333333334    0.20833333333334             1
   -0.12500000000000   -0.20833333333334    0.20833333333334             1
   -0.04166666666666   -0.20833333333334    0.20833333333334             1
    0.04166666666666   -0.12500000000000    0.20833333333334             1
    0.12500000000000   -0.12500000000000    0.20833333333334             1
    0.20833333333334   -0.12500000000000    0.20833333333334             1
    0.29166666666666   -0.12500000000000    0.20833333333334             1
    0.37500000000000   -0.12500000000000    0.20833333333334             1
    0.45833333333334   -0.12500000000000    0.20833333333334             1
   -0.45833333333334   -0.12500000000000    0.20833333333334             1
   -0.37500000000000   -0.12500000000000    0.20833333333334             1
   -0.29166666666666   -0.12500000000000    0.20833333333334             1
   -0.20833333333334   -0.12500000000000    0.20833333333334             1
   -0.12500000000000   -0.12500000000000    0.20833333333334             1
   -0.04166666666666   -0.12500000000000    0.20833333333334             1
    0.04166666666666   -0.04166666666666    0.20833333333334             1
    0.12500000000000   -0.04166666666666    0.20833333333334             1
    0.20833333333334   -0.04166666666666    0.20833333333334             1
    0.29166666666666   -0.04166666666666    0.20833333333334             1
    0.37500000000000   -0.04166666666666    0.20833333333334             1
    0.45833333333334   -0.04166666666666    0.20833333333334             1
   -0.45833333333334   -0.04166666666666    0.20833333333334             1
   -0.37500000000000   -0.04166666666666    0.20833333333334             1
   -0.29166666666666   -0.04166666666666    0.20833333333334             1
   -0.20833333333334   -0.04166666666666    0.20833333333334             1
   -0.12500000000000   -0.04166666666666    0.20833333333334             1
   -0.04166666666666   -0.04166666666666    0.20833333333334             1
    0.04166666666666    0.04166666666666    0.29166666666666             1
    0.12500000000000    0.04166666666666    0.29166666666666             1
    0.20833333333334    0.04166666666666    0.29166666666666             1
    0.29166666666666    0.04166666666666    0.29166666666666             1
    0.37500000000000    0.04166666666666    0.29166666666666             1
    0.45833333333334    0.04166666666666    0.29166666666666             1
   -0.45833333333334    0.04166666666666    0.29166666666666             1
   -0.37500000000000    0.04166666666666    0.29166666666666             1
   -0.29166666666666    0.04166666666666    0.29166666666666             1
   -0.20833333333334    0.04166666666666    0.29166666666666             1
   -0.12500000000000    0.04166666666666    0.29166666666666             1
   -0.04166666666666    0.04166666666666    0.29166666666666             1
    0.04166666666666    0.12500000000000    0.29166666666666             1
    0.12500000000000    0.12500000000000    0.29166666666666             1
    0.20833333333334    0.12500000000000    0.29166666666666             1
    0.29166666666666    0.12500000000000    0.29166666666666             1
    0.37500000000000    0.12500000000000    0.29166666666666             1
    0.45833333333334    0.12500000000000    0.29166666666666             1
   -0.45833333333334    0.12500000000000    0.29166666666666             1
   -0.37500000000000    0.12500000000000    0.29166666666666             1
   -0.29166666666666    0.12500000000000    0.29166666666666             1
   -0.20833333333334    0.12500000000000    0.29166666666666             1
   -0.12500000000000    0.12500000000000    0.29166666666666             1
   -0.04166666666666    0.12500000000000    0.29166666666666             1
    0.04166666666666    0.20833333333334    0.29166666666666             1
    0.12500000000000    0.20833333333334    0.29166666666666             1
    0.20833333333334    0.20833333333334    0.29166666666666             1
    0.29166666666666    0.20833333333334    0.29166666666666             1
    0.37500000000000    0.20833333333334    0.29166666666666             1
    0.45833333333334    0.20833333333334    0.29166666666666             1
   -0.45833333333334    0.20833333333334    0.29166666666666             1
   -0.37500000000000    0.20833333333334    0.29166666666666             1
   -0.29166666666666    0.20833333333334    0.29166666666666             1
   -0.20833333333334    0.20833333333334    0.29166666666666             1
   -0.12500000000000    0.20833333333334    0.29166666666666             1
   -0.04166666666666    0.20833333333334    0.29166666666666             1
    0.04166666666666    0.29166666666666    0.29166666666666             1
    0.12500000000000    0.29166666666666    0.29166666666666             1
    0.20833333333334    0.29166666666666    0.29166666666666             1
    0.29166666666666    0.29166666666666    0.29166666666666             1
    0.37500000000000    0.29166666666666    0.29166666666666             1
    0.45833333333334    0.29166666666666    0.29166666666666             1
   -0.45833333333334    0.29166666666666    0.29166666666666             1
   -0.37500000000000    0.29166666666666    0.29166666666666             1
   -0.29166666666666    0.29166666666666    0.29166666666666             1
   -0.20833333333334    0.29166666666666    0.29166666666666             1
   -0.12500000000000    0.29166666666666    0.29166666666666             1
   -0.04166666666666    0.29166666666666    0.29166666666666             1
    0.04166666666666    0.37500000000000    0.29166666666666             1
    0.12500000000000    0.37500000000000    0.29166666666666             1
    0.20833333333334    0.37500000000000    0.29166666666666             1
    0.29166666666666    0.37500000000000    0.29166666666666             1
    0.37500000000000    0.37500000000000    0.29166666666666             1
    0.45833333333334    0.37500000000000    0.29166666666666             1
   -0.45833333333334    0.37500000000000    0.29166666666666             1
   -0.37500000000000    0.37500000000000    0.29166666666666             1
   -0.29166666666666    0.37500000000000    0.29166666666666             1
   -0.20833333333334    0.37500000000000    0.29166666666666             1
   -0.12500000000000    0.37500000000000    0.29166666666666             1
   -0.04166666666666    0.37500000000000    0.29166666666666             1
    0.04166666666666    0.45833333333334    0.29166666666666             1
    0.12500000000000    0.45833333333334    0.29166666666666             1
    0.20833333333334    0.45833333333334    0.29166666666666             1
    0.29166666666666    0.45833333333334    0.29166666666666             1
    0.37500000000000    0.45833333333334    0.29166666666666             1
    0.45833333333334    0.45833333333334    0.29166666666666             1
   -0.45833333333334    0.45833333333334    0.29166666666666             1
   -0.37500000000000    0.45833333333334    0.29166666666666             1
   -0.29166666666666    0.45833333333334    0.29166666666666             1
   -0.20833333333334    0.45833333333334    0.29166666666666             1
   -0.12500000000000    0.45833333333334    0.29166666666666             1
   -0.04166666666666    0.45833333333334    0.29166666666666             1
    0.04166666666666   -0.45833333333334    0.29166666666666             1
    0.12500000000000   -0.45833333333334    0.29166666666666             1
    0.20833333333334   -0.45833333333334    0.29166666666666             1
    0.29166666666666   -0.45833333333334    0.29166666666666             1
    0.37500000000000   -0.45833333333334    0.29166666666666             1
    0.45833333333334   -0.45833333333334    0.29166666666666             1
   -0.45833333333334   -0.45833333333334    0.29166666666666             1
   -0.37500000000000   -0.45833333333334    0.29166666666666             1
   -0.29166666666666   -0.45833333333334    0.29166666666666             1
   -0.20833333333334   -0.45833333333334    0.29166666666666             1
   -0.12500000000000   -0.45833333333334    0.29166666666666             1
   -0.04166666666666   -0.45833333333334    0.29166666666666             1
    0.04166666666666   -0.37500000000000    0.29166666666666             1
    0.12500000000000   -0.37500000000000    0.29166666666666             1
    0.20833333333334   -0.37500000000000    0.29166666666666             1
    0.29166666666666   -0.37500000000000    0.29166666666666             1
    0.37500000000000   -0.37500000000000    0.29166666666666             1
    0.45833333333334   -0.37500000000000    0.29166666666666             1
   -0.45833333333334   -0.37500000000000    0.29166666666666             1
   -0.37500000000000   -0.37500000000000    0.29166666666666             1
   -0.29166666666666   -0.37500000000000    0.29166666666666             1
   -0.20833333333334   -0.37500000000000    0.29166666666666             1
   -0.12500000000000   -0.37500000000000    0.29166666666666             1
   -0.04166666666666   -0.37500000000000    0.29166666666666             1
    0.04166666666666   -0.29166666666666    0.29166666666666             1
    0.12500000000000   -0.29166666666666    0.29166666666666             1
    0.20833333333334   -0.29166666666666    0.29166666666666             1
    0.29166666666666   -0.29166666666666    0.29166666666666             1
    0.37500000000000   -0.29166666666666    0.29166666666666             1
    0.45833333333334   -0.29166666666666    0.29166666666666             1
   -0.45833333333334   -0.29166666666666    0.29166666666666             1
   -0.37500000000000   -0.29166666666666    0.29166666666666             1
   -0.29166666666666   -0.29166666666666    0.29166666666666             1
   -0.20833333333334   -0.29166666666666    0.29166666666666             1
   -0.12500000000000   -0.29166666666666    0.29166666666666             1
   -0.04166666666666   -0.29166666666666    0.29166666666666             1
    0.04166666666666   -0.20833333333334    0.29166666666666             1
    0.12500000000000   -0.20833333333334    0.29166666666666             1
    0.20833333333334   -0.20833333333334    0.29166666666666             1
    0.29166666666666   -0.20833333333334    0.29166666666666             1
    0.37500000000000   -0.20833333333334    0.29166666666666             1
    0.45833333333334   -0.20833333333334    0.29166666666666             1
   -0.45833333333334   -0.20833333333334    0.29166666666666             1
   -0.37500000000000   -0.20833333333334    0.29166666666666             1
   -0.29166666666666   -0.20833333333334    0.29166666666666             1
   -0.20833333333334   -0.20833333333334    0.29166666666666             1
   -0.12500000000000   -0.20833333333334    0.29166666666666             1
   -0.04166666666666   -0.20833333333334    0.29166666666666             1
    0.04166666666666   -0.12500000000000    0.29166666666666             1
    0.12500000000000   -0.12500000000000    0.29166666666666             1
    0.20833333333334   -0.12500000000000    0.29166666666666             1
    0.29166666666666   -0.12500000000000    0.29166666666666             1
    0.37500000000000   -0.12500000000000    0.29166666666666             1
    0.45833333333334   -0.12500000000000    0.29166666666666             1
   -0.45833333333334   -0.12500000000000    0.29166666666666             1
   -0.37500000000000   -0.12500000000000    0.29166666666666             1
   -0.29166666666666   -0.12500000000000    0.29166666666666             1
   -0.20833333333334   -0.12500000000000    0.29166666666666             1
   -0.12500000000000   -0.12500000000000    0.29166666666666             1
   -0.04166666666666   -0.12500000000000    0.29166666666666             1
    0.04166666666666   -0.04166666666666    0.29166666666666             1
    0.12500000000000   -0.04166666666666    0.29166666666666             1
    0.20833333333334   -0.04166666666666    0.29166666666666             1
    0.29166666666666   -0.04166666666666    0.29166666666666             1
    0.37500000000000   -0.04166666666666    0.29166666666666             1
    0.45833333333334   -0.04166666666666    0.29166666666666             1
   -0.45833333333334   -0.04166666666666    0.29166666666666             1
   -0.37500000000000   -0.04166666666666    0.29166666666666             1
   -0.29166666666666   -0.04166666666666    0.29166666666666             1
   -0.20833333333334   -0.04166666666666    0.29166666666666             1
   -0.12500000000000   -0.04166666666666    0.29166666666666             1
   -0.04166666666666   -0.04166666666666    0.29166666666666             1
    0.04166666666666    0.04166666666666    0.37500000000000             1
    0.12500000000000    0.04166666666666    0.37500000000000             1
    0.20833333333334    0.04166666666666    0.37500000000000             1
    0.29166666666666    0.04166666666666    0.37500000000000             1
    0.37500000000000    0.04166666666666    0.37500000000000             1
    0.45833333333334    0.04166666666666    0.37500000000000             1
   -0.45833333333334    0.04166666666666    0.37500000000000             1
   -0.37500000000000    0.04166666666666    0.37500000000000             1
   -0.29166666666666    0.04166666666666    0.37500000000000             1
   -0.20833333333334    0.04166666666666    0.37500000000000             1
   -0.12500000000000    0.04166666666666    0.37500000000000             1
   -0.04166666666666    0.04166666666666    0.37500000000000             1
    0.04166666666666    0.12500000000000    0.37500000000000             1
    0.12500000000000    0.12500000000000    0.37500000000000             1
    0.20833333333334    0.12500000000000    0.37500000000000             1
    0.29166666666666    0.12500000000000    0.37500000000000             1
    0.37500000000000    0.12500000000000    0.37500000000000             1
    0.45833333333334    0.12500000000000    0.37500000000000             1
   -0.45833333333334    0.12500000000000    0.37500000000000             1
   -0.37500000000000    0.12500000000000    0.37500000000000             1
   -0.29166666666666    0.12500000000000    0.37500000000000             1
   -0.20833333333334    0.12500000000000    0.37500000000000             1
   -0.12500000000000    0.12500000000000    0.37500000000000             1
   -0.04166666666666    0.12500000000000    0.37500000000000             1
    0.04166666666666    0.20833333333334    0.37500000000000             1
    0.12500000000000    0.20833333333334    0.37500000000000             1
    0.20833333333334    0.20833333333334    0.37500000000000             1
    0.29166666666666    0.20833333333334    0.37500000000000             1
    0.37500000000000    0.20833333333334    0.37500000000000             1
    0.45833333333334    0.20833333333334    0.37500000000000             1
   -0.45833333333334    0.20833333333334    0.37500000000000             1
   -0.37500000000000    0.20833333333334    0.37500000000000             1
   -0.29166666666666    0.20833333333334    0.37500000000000             1
   -0.20833333333334    0.20833333333334    0.37500000000000             1
   -0.12500000000000    0.20833333333334    0.37500000000000             1
   -0.04166666666666    0.20833333333334    0.37500000000000             1
    0.04166666666666    0.29166666666666    0.37500000000000             1
    0.12500000000000    0.29166666666666    0.37500000000000             1
    0.20833333333334    0.29166666666666    0.37500000000000             1
    0.29166666666666    0.29166666666666    0.37500000000000             1
    0.37500000000000    0.29166666666666    0.37500000000000             1
    0.45833333333334    0.29166666666666    0.37500000000000             1
   -0.45833333333334    0.29166666666666    0.37500000000000             1
   -0.37500000000000    0.29166666666666    0.37500000000000             1
   -0.29166666666666    0.29166666666666    0.37500000000000             1
   -0.20833333333334    0.29166666666666    0.37500000000000             1
   -0.12500000000000    0.29166666666666    0.37500000000000             1
   -0.04166666666666    0.29166666666666    0.37500000000000             1
    0.04166666666666    0.37500000000000    0.37500000000000             1
    0.12500000000000    0.37500000000000    0.37500000000000             1
    0.20833333333334    0.37500000000000    0.37500000000000             1
    0.29166666666666    0.37500000000000    0.37500000000000             1
    0.37500000000000    0.37500000000000    0.37500000000000             1
    0.45833333333334    0.37500000000000    0.37500000000000             1
   -0.45833333333334    0.37500000000000    0.37500000000000             1
   -0.37500000000000    0.37500000000000    0.37500000000000             1
   -0.29166666666666    0.37500000000000    0.37500000000000             1
   -0.20833333333334    0.37500000000000    0.37500000000000             1
   -0.12500000000000    0.37500000000000    0.37500000000000             1
   -0.04166666666666    0.37500000000000    0.37500000000000             1
    0.04166666666666    0.45833333333334    0.37500000000000             1
    0.12500000000000    0.45833333333334    0.37500000000000             1
    0.20833333333334    0.45833333333334    0.37500000000000             1
    0.29166666666666    0.45833333333334    0.37500000000000             1
    0.37500000000000    0.45833333333334    0.37500000000000             1
    0.45833333333334    0.45833333333334    0.37500000000000             1
   -0.45833333333334    0.45833333333334    0.37500000000000             1
   -0.37500000000000    0.45833333333334    0.37500000000000             1
   -0.29166666666666    0.45833333333334    0.37500000000000             1
   -0.20833333333334    0.45833333333334    0.37500000000000             1
   -0.12500000000000    0.45833333333334    0.37500000000000             1
   -0.04166666666666    0.45833333333334    0.37500000000000             1
    0.04166666666666   -0.45833333333334    0.37500000000000             1
    0.12500000000000   -0.45833333333334    0.37500000000000             1
    0.20833333333334   -0.45833333333334    0.37500000000000             1
    0.29166666666666   -0.45833333333334    0.37500000000000             1
    0.37500000000000   -0.45833333333334    0.37500000000000             1
    0.45833333333334   -0.45833333333334    0.37500000000000             1
   -0.45833333333334   -0.45833333333334    0.37500000000000             1
   -0.37500000000000   -0.45833333333334    0.37500000000000             1
   -0.29166666666666   -0.45833333333334    0.37500000000000             1
   -0.20833333333334   -0.45833333333334    0.37500000000000             1
   -0.12500000000000   -0.45833333333334    0.37500000000000             1
   -0.04166666666666   -0.45833333333334    0.37500000000000             1
    0.04166666666666   -0.37500000000000    0.37500000000000             1
    0.12500000000000   -0.37500000000000    0.37500000000000             1
    0.20833333333334   -0.37500000000000    0.37500000000000             1
    0.29166666666666   -0.37500000000000    0.37500000000000             1
    0.37500000000000   -0.37500000000000    0.37500000000000             1
    0.45833333333334   -0.37500000000000    0.37500000000000             1
   -0.45833333333334   -0.37500000000000    0.37500000000000             1
   -0.37500000000000   -0.37500000000000    0.37500000000000             1
   -0.29166666666666   -0.37500000000000    0.37500000000000             1
   -0.20833333333334   -0.37500000000000    0.37500000000000             1
   -0.12500000000000   -0.37500000000000    0.37500000000000             1
   -0.04166666666666   -0.37500000000000    0.37500000000000             1
    0.04166666666666   -0.29166666666666    0.37500000000000             1
    0.12500000000000   -0.29166666666666    0.37500000000000             1
    0.20833333333334   -0.29166666666666    0.37500000000000             1
    0.29166666666666   -0.29166666666666    0.37500000000000             1
    0.37500000000000   -0.29166666666666    0.37500000000000             1
    0.45833333333334   -0.29166666666666    0.37500000000000             1
   -0.45833333333334   -0.29166666666666    0.37500000000000             1
   -0.37500000000000   -0.29166666666666    0.37500000000000             1
   -0.29166666666666   -0.29166666666666    0.37500000000000             1
   -0.20833333333334   -0.29166666666666    0.37500000000000             1
   -0.12500000000000   -0.29166666666666    0.37500000000000             1
   -0.04166666666666   -0.29166666666666    0.37500000000000             1
    0.04166666666666   -0.20833333333334    0.37500000000000             1
    0.12500000000000   -0.20833333333334    0.37500000000000             1
    0.20833333333334   -0.20833333333334    0.37500000000000             1
    0.29166666666666   -0.20833333333334    0.37500000000000             1
    0.37500000000000   -0.20833333333334    0.37500000000000             1
    0.45833333333334   -0.20833333333334    0.37500000000000             1
   -0.45833333333334   -0.20833333333334    0.37500000000000             1
   -0.37500000000000   -0.20833333333334    0.37500000000000             1
   -0.29166666666666   -0.20833333333334    0.37500000000000             1
   -0.20833333333334   -0.20833333333334    0.37500000000000             1
   -0.12500000000000   -0.20833333333334    0.37500000000000             1
   -0.04166666666666   -0.20833333333334    0.37500000000000             1
    0.04166666666666   -0.12500000000000    0.37500000000000             1
    0.12500000000000   -0.12500000000000    0.37500000000000             1
    0.20833333333334   -0.12500000000000    0.37500000000000             1
    0.29166666666666   -0.12500000000000    0.37500000000000             1
    0.37500000000000   -0.12500000000000    0.37500000000000             1
    0.45833333333334   -0.12500000000000    0.37500000000000             1
   -0.45833333333334   -0.12500000000000    0.37500000000000             1
   -0.37500000000000   -0.12500000000000    0.37500000000000             1
   -0.29166666666666   -0.12500000000000    0.37500000000000             1
   -0.20833333333334   -0.12500000000000    0.37500000000000             1
   -0.12500000000000   -0.12500000000000    0.37500000000000             1
   -0.04166666666666   -0.12500000000000    0.37500000000000             1
    0.04166666666666   -0.04166666666666    0.37500000000000             1
    0.12500000000000   -0.04166666666666    0.37500000000000             1
    0.20833333333334   -0.04166666666666    0.37500000000000             1
    0.29166666666666   -0.04166666666666    0.37500000000000             1
    0.37500000000000   -0.04166666666666    0.37500000000000             1
    0.45833333333334   -0.04166666666666    0.37500000000000             1
   -0.45833333333334   -0.04166666666666    0.37500000000000             1
   -0.37500000000000   -0.04166666666666    0.37500000000000             1
   -0.29166666666666   -0.04166666666666    0.37500000000000             1
   -0.20833333333334   -0.04166666666666    0.37500000000000             1
   -0.12500000000000   -0.04166666666666    0.37500000000000             1
   -0.04166666666666   -0.04166666666666    0.37500000000000             1
    0.04166666666666    0.04166666666666    0.45833333333334             1
    0.12500000000000    0.04166666666666    0.45833333333334             1
    0.20833333333334    0.04166666666666    0.45833333333334             1
    0.29166666666666    0.04166666666666    0.45833333333334             1
    0.37500000000000    0.04166666666666    0.45833333333334             1
    0.45833333333334    0.04166666666666    0.45833333333334             1
   -0.45833333333334    0.04166666666666    0.45833333333334             1
   -0.37500000000000    0.04166666666666    0.45833333333334             1
   -0.29166666666666    0.04166666666666    0.45833333333334             1
   -0.20833333333334    0.04166666666666    0.45833333333334             1
   -0.12500000000000    0.04166666666666    0.45833333333334             1
   -0.04166666666666    0.04166666666666    0.45833333333334             1
    0.04166666666666    0.12500000000000    0.45833333333334             1
    0.12500000000000    0.12500000000000    0.45833333333334             1
    0.20833333333334    0.12500000000000    0.45833333333334             1
    0.29166666666666    0.12500000000000    0.45833333333334             1
    0.37500000000000    0.12500000000000    0.45833333333334             1
    0.45833333333334    0.12500000000000    0.45833333333334             1
   -0.45833333333334    0.12500000000000    0.45833333333334             1
   -0.37500000000000    0.12500000000000    0.45833333333334             1
   -0.29166666666666    0.12500000000000    0.45833333333334             1
   -0.20833333333334    0.12500000000000    0.45833333333334             1
   -0.12500000000000    0.12500000000000    0.45833333333334             1
   -0.04166666666666    0.12500000000000    0.45833333333334             1
    0.04166666666666    0.20833333333334    0.45833333333334             1
    0.12500000000000    0.20833333333334    0.45833333333334             1
    0.20833333333334    0.20833333333334    0.45833333333334             1
    0.29166666666666    0.20833333333334    0.45833333333334             1
    0.37500000000000    0.20833333333334    0.45833333333334             1
    0.45833333333334    0.20833333333334    0.45833333333334             1
   -0.45833333333334    0.20833333333334    0.45833333333334             1
   -0.37500000000000    0.20833333333334    0.45833333333334             1
   -0.29166666666666    0.20833333333334    0.45833333333334             1
   -0.20833333333334    0.20833333333334    0.45833333333334             1
   -0.12500000000000    0.20833333333334    0.45833333333334             1
   -0.04166666666666    0.20833333333334    0.45833333333334             1
    0.04166666666666    0.29166666666666    0.45833333333334             1
    0.12500000000000    0.29166666666666    0.45833333333334             1
    0.20833333333334    0.29166666666666    0.45833333333334             1
    0.29166666666666    0.29166666666666    0.45833333333334             1
    0.37500000000000    0.29166666666666    0.45833333333334             1
    0.45833333333334    0.29166666666666    0.45833333333334             1
   -0.45833333333334    0.29166666666666    0.45833333333334             1
   -0.37500000000000    0.29166666666666    0.45833333333334             1
   -0.29166666666666    0.29166666666666    0.45833333333334             1
   -0.20833333333334    0.29166666666666    0.45833333333334             1
   -0.12500000000000    0.29166666666666    0.45833333333334             1
   -0.04166666666666    0.29166666666666    0.45833333333334             1
    0.04166666666666    0.37500000000000    0.45833333333334             1
    0.12500000000000    0.37500000000000    0.45833333333334             1
    0.20833333333334    0.37500000000000    0.45833333333334             1
    0.29166666666666    0.37500000000000    0.45833333333334             1
    0.37500000000000    0.37500000000000    0.45833333333334             1
    0.45833333333334    0.37500000000000    0.45833333333334             1
   -0.45833333333334    0.37500000000000    0.45833333333334             1
   -0.37500000000000    0.37500000000000    0.45833333333334             1
   -0.29166666666666    0.37500000000000    0.45833333333334             1
   -0.20833333333334    0.37500000000000    0.45833333333334             1
   -0.12500000000000    0.37500000000000    0.45833333333334             1
   -0.04166666666666    0.37500000000000    0.45833333333334             1
    0.04166666666666    0.45833333333334    0.45833333333334             1
    0.12500000000000    0.45833333333334    0.45833333333334             1
    0.20833333333334    0.45833333333334    0.45833333333334             1
    0.29166666666666    0.45833333333334    0.45833333333334             1
    0.37500000000000    0.45833333333334    0.45833333333334             1
    0.45833333333334    0.45833333333334    0.45833333333334             1
   -0.45833333333334    0.45833333333334    0.45833333333334             1
   -0.37500000000000    0.45833333333334    0.45833333333334             1
   -0.29166666666666    0.45833333333334    0.45833333333334             1
   -0.20833333333334    0.45833333333334    0.45833333333334             1
   -0.12500000000000    0.45833333333334    0.45833333333334             1
   -0.04166666666666    0.45833333333334    0.45833333333334             1
    0.04166666666666   -0.45833333333334    0.45833333333334             1
    0.12500000000000   -0.45833333333334    0.45833333333334             1
    0.20833333333334   -0.45833333333334    0.45833333333334             1
    0.29166666666666   -0.45833333333334    0.45833333333334             1
    0.37500000000000   -0.45833333333334    0.45833333333334             1
    0.45833333333334   -0.45833333333334    0.45833333333334             1
   -0.45833333333334   -0.45833333333334    0.45833333333334             1
   -0.37500000000000   -0.45833333333334    0.45833333333334             1
   -0.29166666666666   -0.45833333333334    0.45833333333334             1
   -0.20833333333334   -0.45833333333334    0.45833333333334             1
   -0.12500000000000   -0.45833333333334    0.45833333333334             1
   -0.04166666666666   -0.45833333333334    0.45833333333334             1
    0.04166666666666   -0.37500000000000    0.45833333333334             1
    0.12500000000000   -0.37500000000000    0.45833333333334             1
    0.20833333333334   -0.37500000000000    0.45833333333334             1
    0.29166666666666   -0.37500000000000    0.45833333333334             1
    0.37500000000000   -0.37500000000000    0.45833333333334             1
    0.45833333333334   -0.37500000000000    0.45833333333334             1
   -0.45833333333334   -0.37500000000000    0.45833333333334             1
   -0.37500000000000   -0.37500000000000    0.45833333333334             1
   -0.29166666666666   -0.37500000000000    0.45833333333334             1
   -0.20833333333334   -0.37500000000000    0.45833333333334             1
   -0.12500000000000   -0.37500000000000    0.45833333333334             1
   -0.04166666666666   -0.37500000000000    0.45833333333334             1
    0.04166666666666   -0.29166666666666    0.45833333333334             1
    0.12500000000000   -0.29166666666666    0.45833333333334             1
    0.20833333333334   -0.29166666666666    0.45833333333334             1
    0.29166666666666   -0.29166666666666    0.45833333333334             1
    0.37500000000000   -0.29166666666666    0.45833333333334             1
    0.45833333333334   -0.29166666666666    0.45833333333334             1
   -0.45833333333334   -0.29166666666666    0.45833333333334             1
   -0.37500000000000   -0.29166666666666    0.45833333333334             1
   -0.29166666666666   -0.29166666666666    0.45833333333334             1
   -0.20833333333334   -0.29166666666666    0.45833333333334             1
   -0.12500000000000   -0.29166666666666    0.45833333333334             1
   -0.04166666666666   -0.29166666666666    0.45833333333334             1
    0.04166666666666   -0.20833333333334    0.45833333333334             1
    0.12500000000000   -0.20833333333334    0.45833333333334             1
    0.20833333333334   -0.20833333333334    0.45833333333334             1
    0.29166666666666   -0.20833333333334    0.45833333333334             1
    0.37500000000000   -0.20833333333334    0.45833333333334             1
    0.45833333333334   -0.20833333333334    0.45833333333334             1
   -0.45833333333334   -0.20833333333334    0.45833333333334             1
   -0.37500000000000   -0.20833333333334    0.45833333333334             1
   -0.29166666666666   -0.20833333333334    0.45833333333334             1
   -0.20833333333334   -0.20833333333334    0.45833333333334             1
   -0.12500000000000   -0.20833333333334    0.45833333333334             1
   -0.04166666666666   -0.20833333333334    0.45833333333334             1
    0.04166666666666   -0.12500000000000    0.45833333333334             1
    0.12500000000000   -0.12500000000000    0.45833333333334             1
    0.20833333333334   -0.12500000000000    0.45833333333334             1
    0.29166666666666   -0.12500000000000    0.45833333333334             1
    0.37500000000000   -0.12500000000000    0.45833333333334             1
    0.45833333333334   -0.12500000000000    0.45833333333334             1
   -0.45833333333334   -0.12500000000000    0.45833333333334             1
   -0.37500000000000   -0.12500000000000    0.45833333333334             1
   -0.29166666666666   -0.12500000000000    0.45833333333334             1
   -0.20833333333334   -0.12500000000000    0.45833333333334             1
   -0.12500000000000   -0.12500000000000    0.45833333333334             1
   -0.04166666666666   -0.12500000000000    0.45833333333334             1
    0.04166666666666   -0.04166666666666    0.45833333333334             1
    0.12500000000000   -0.04166666666666    0.45833333333334             1
    0.20833333333334   -0.04166666666666    0.45833333333334             1
    0.29166666666666   -0.04166666666666    0.45833333333334             1
    0.37500000000000   -0.04166666666666    0.45833333333334             1
    0.45833333333334   -0.04166666666666    0.45833333333334             1
   -0.45833333333334   -0.04166666666666    0.45833333333334             1
   -0.37500000000000   -0.04166666666666    0.45833333333334             1
   -0.29166666666666   -0.04166666666666    0.45833333333334             1
   -0.20833333333334   -0.04166666666666    0.45833333333334             1
   -0.12500000000000   -0.04166666666666    0.45833333333334             1
   -0.04166666666666   -0.04166666666666    0.45833333333334             1
    0.04166666666666    0.04166666666666   -0.45833333333334             1
    0.12500000000000    0.04166666666666   -0.45833333333334             1
    0.20833333333334    0.04166666666666   -0.45833333333334             1
    0.29166666666666    0.04166666666666   -0.45833333333334             1
    0.37500000000000    0.04166666666666   -0.45833333333334             1
    0.45833333333334    0.04166666666666   -0.45833333333334             1
   -0.45833333333334    0.04166666666666   -0.45833333333334             1
   -0.37500000000000    0.04166666666666   -0.45833333333334             1
   -0.29166666666666    0.04166666666666   -0.45833333333334             1
   -0.20833333333334    0.04166666666666   -0.45833333333334             1
   -0.12500000000000    0.04166666666666   -0.45833333333334             1
   -0.04166666666666    0.04166666666666   -0.45833333333334             1
    0.04166666666666    0.12500000000000   -0.45833333333334             1
    0.12500000000000    0.12500000000000   -0.45833333333334             1
    0.20833333333334    0.12500000000000   -0.45833333333334             1
    0.29166666666666    0.12500000000000   -0.45833333333334             1
    0.37500000000000    0.12500000000000   -0.45833333333334             1
    0.45833333333334    0.12500000000000   -0.45833333333334             1
   -0.45833333333334    0.12500000000000   -0.45833333333334             1
   -0.37500000000000    0.12500000000000   -0.45833333333334             1
   -0.29166666666666    0.12500000000000   -0.45833333333334             1
   -0.20833333333334    0.12500000000000   -0.45833333333334             1
   -0.12500000000000    0.12500000000000   -0.45833333333334             1
   -0.04166666666666    0.12500000000000   -0.45833333333334             1
    0.04166666666666    0.20833333333334   -0.45833333333334             1
    0.12500000000000    0.20833333333334   -0.45833333333334             1
    0.20833333333334    0.20833333333334   -0.45833333333334             1
    0.29166666666666    0.20833333333334   -0.45833333333334             1
    0.37500000000000    0.20833333333334   -0.45833333333334             1
    0.45833333333334    0.20833333333334   -0.45833333333334             1
   -0.45833333333334    0.20833333333334   -0.45833333333334             1
   -0.37500000000000    0.20833333333334   -0.45833333333334             1
   -0.29166666666666    0.20833333333334   -0.45833333333334             1
   -0.20833333333334    0.20833333333334   -0.45833333333334             1
   -0.12500000000000    0.20833333333334   -0.45833333333334             1
   -0.04166666666666    0.20833333333334   -0.45833333333334             1
    0.04166666666666    0.29166666666666   -0.45833333333334             1
    0.12500000000000    0.29166666666666   -0.45833333333334             1
    0.20833333333334    0.29166666666666   -0.45833333333334             1
    0.29166666666666    0.29166666666666   -0.45833333333334             1
    0.37500000000000    0.29166666666666   -0.45833333333334             1
    0.45833333333334    0.29166666666666   -0.45833333333334             1
   -0.45833333333334    0.29166666666666   -0.45833333333334             1
   -0.37500000000000    0.29166666666666   -0.45833333333334             1
   -0.29166666666666    0.29166666666666   -0.45833333333334             1
   -0.20833333333334    0.29166666666666   -0.45833333333334             1
   -0.12500000000000    0.29166666666666   -0.45833333333334             1
   -0.04166666666666    0.29166666666666   -0.45833333333334             1
    0.04166666666666    0.37500000000000   -0.45833333333334             1
    0.12500000000000    0.37500000000000   -0.45833333333334             1
    0.20833333333334    0.37500000000000   -0.45833333333334             1
    0.29166666666666    0.37500000000000   -0.45833333333334             1
    0.37500000000000    0.37500000000000   -0.45833333333334             1
    0.45833333333334    0.37500000000000   -0.45833333333334             1
   -0.45833333333334    0.37500000000000   -0.45833333333334             1
   -0.37500000000000    0.37500000000000   -0.45833333333334             1
   -0.29166666666666    0.37500000000000   -0.45833333333334             1
   -0.20833333333334    0.37500000000000   -0.45833333333334             1
   -0.12500000000000    0.37500000000000   -0.45833333333334             1
   -0.04166666666666    0.37500000000000   -0.45833333333334             1
    0.04166666666666    0.45833333333334   -0.45833333333334             1
    0.12500000000000    0.45833333333334   -0.45833333333334             1
    0.20833333333334    0.45833333333334   -0.45833333333334             1
    0.29166666666666    0.45833333333334   -0.45833333333334             1
    0.37500000000000    0.45833333333334   -0.45833333333334             1
    0.45833333333334    0.45833333333334   -0.45833333333334             1
   -0.45833333333334    0.45833333333334   -0.45833333333334             1
   -0.37500000000000    0.45833333333334   -0.45833333333334             1
   -0.29166666666666    0.45833333333334   -0.45833333333334             1
   -0.20833333333334    0.45833333333334   -0.45833333333334             1
   -0.12500000000000    0.45833333333334   -0.45833333333334             1
   -0.04166666666666    0.45833333333334   -0.45833333333334             1
    0.04166666666666   -0.45833333333334   -0.45833333333334             1
    0.12500000000000   -0.45833333333334   -0.45833333333334             1
    0.20833333333334   -0.45833333333334   -0.45833333333334             1
    0.29166666666666   -0.45833333333334   -0.45833333333334             1
    0.37500000000000   -0.45833333333334   -0.45833333333334             1
    0.45833333333334   -0.45833333333334   -0.45833333333334             1
   -0.45833333333334   -0.45833333333334   -0.45833333333334             1
   -0.37500000000000   -0.45833333333334   -0.45833333333334             1
   -0.29166666666666   -0.45833333333334   -0.45833333333334             1
   -0.20833333333334   -0.45833333333334   -0.45833333333334             1
   -0.12500000000000   -0.45833333333334   -0.45833333333334             1
   -0.04166666666666   -0.45833333333334   -0.45833333333334             1
    0.04166666666666   -0.37500000000000   -0.45833333333334             1
    0.12500000000000   -0.37500000000000   -0.45833333333334             1
    0.20833333333334   -0.37500000000000   -0.45833333333334             1
    0.29166666666666   -0.37500000000000   -0.45833333333334             1
    0.37500000000000   -0.37500000000000   -0.45833333333334             1
    0.45833333333334   -0.37500000000000   -0.45833333333334             1
   -0.45833333333334   -0.37500000000000   -0.45833333333334             1
   -0.37500000000000   -0.37500000000000   -0.45833333333334             1
   -0.29166666666666   -0.37500000000000   -0.45833333333334             1
   -0.20833333333334   -0.37500000000000   -0.45833333333334             1
   -0.12500000000000   -0.37500000000000   -0.45833333333334             1
   -0.04166666666666   -0.37500000000000   -0.45833333333334             1
    0.04166666666666   -0.29166666666666   -0.45833333333334             1
    0.12500000000000   -0.29166666666666   -0.45833333333334             1
    0.20833333333334   -0.29166666666666   -0.45833333333334             1
    0.29166666666666   -0.29166666666666   -0.45833333333334             1
    0.37500000000000   -0.29166666666666   -0.45833333333334             1
    0.45833333333334   -0.29166666666666   -0.45833333333334             1
   -0.45833333333334   -0.29166666666666   -0.45833333333334             1
   -0.37500000000000   -0.29166666666666   -0.45833333333334             1
   -0.29166666666666   -0.29166666666666   -0.45833333333334             1
   -0.20833333333334   -0.29166666666666   -0.45833333333334             1
   -0.12500000000000   -0.29166666666666   -0.45833333333334             1
   -0.04166666666666   -0.29166666666666   -0.45833333333334             1
    0.04166666666666   -0.20833333333334   -0.45833333333334             1
    0.12500000000000   -0.20833333333334   -0.45833333333334             1
    0.20833333333334   -0.20833333333334   -0.45833333333334             1
    0.29166666666666   -0.20833333333334   -0.45833333333334             1
    0.37500000000000   -0.20833333333334   -0.45833333333334             1
    0.45833333333334   -0.20833333333334   -0.45833333333334             1
   -0.45833333333334   -0.20833333333334   -0.45833333333334             1
   -0.37500000000000   -0.20833333333334   -0.45833333333334             1
   -0.29166666666666   -0.20833333333334   -0.45833333333334             1
   -0.20833333333334   -0.20833333333334   -0.45833333333334             1
   -0.12500000000000   -0.20833333333334   -0.45833333333334             1
   -0.04166666666666   -0.20833333333334   -0.45833333333334             1
    0.04166666666666   -0.12500000000000   -0.45833333333334             1
    0.12500000000000   -0.12500000000000   -0.45833333333334             1
    0.20833333333334   -0.12500000000000   -0.45833333333334             1
    0.29166666666666   -0.12500000000000   -0.45833333333334             1
    0.37500000000000   -0.12500000000000   -0.45833333333334             1
    0.45833333333334   -0.12500000000000   -0.45833333333334             1
   -0.45833333333334   -0.12500000000000   -0.45833333333334             1
   -0.37500000000000   -0.12500000000000   -0.45833333333334             1
   -0.29166666666666   -0.12500000000000   -0.45833333333334             1
   -0.20833333333334   -0.12500000000000   -0.45833333333334             1
   -0.12500000000000   -0.12500000000000   -0.45833333333334             1
   -0.04166666666666   -0.12500000000000   -0.45833333333334             1
    0.04166666666666   -0.04166666666666   -0.45833333333334             1
    0.12500000000000   -0.04166666666666   -0.45833333333334             1
    0.20833333333334   -0.04166666666666   -0.45833333333334             1
    0.29166666666666   -0.04166666666666   -0.45833333333334             1
    0.37500000000000   -0.04166666666666   -0.45833333333334             1
    0.45833333333334   -0.04166666666666   -0.45833333333334             1
   -0.45833333333334   -0.04166666666666   -0.45833333333334             1
   -0.37500000000000   -0.04166666666666   -0.45833333333334             1
   -0.29166666666666   -0.04166666666666   -0.45833333333334             1
   -0.20833333333334   -0.04166666666666   -0.45833333333334             1
   -0.12500000000000   -0.04166666666666   -0.45833333333334             1
   -0.04166666666666   -0.04166666666666   -0.45833333333334             1
    0.04166666666666    0.04166666666666   -0.37500000000000             1
    0.12500000000000    0.04166666666666   -0.37500000000000             1
    0.20833333333334    0.04166666666666   -0.37500000000000             1
    0.29166666666666    0.04166666666666   -0.37500000000000             1
    0.37500000000000    0.04166666666666   -0.37500000000000             1
    0.45833333333334    0.04166666666666   -0.37500000000000             1
   -0.45833333333334    0.04166666666666   -0.37500000000000             1
   -0.37500000000000    0.04166666666666   -0.37500000000000             1
   -0.29166666666666    0.04166666666666   -0.37500000000000             1
   -0.20833333333334    0.04166666666666   -0.37500000000000             1
   -0.12500000000000    0.04166666666666   -0.37500000000000             1
   -0.04166666666666    0.04166666666666   -0.37500000000000             1
    0.04166666666666    0.12500000000000   -0.37500000000000             1
    0.12500000000000    0.12500000000000   -0.37500000000000             1
    0.20833333333334    0.12500000000000   -0.37500000000000             1
    0.29166666666666    0.12500000000000   -0.37500000000000             1
    0.37500000000000    0.12500000000000   -0.37500000000000             1
    0.45833333333334    0.12500000000000   -0.37500000000000             1
   -0.45833333333334    0.12500000000000   -0.37500000000000             1
   -0.37500000000000    0.12500000000000   -0.37500000000000             1
   -0.29166666666666    0.12500000000000   -0.37500000000000             1
   -0.20833333333334    0.12500000000000   -0.37500000000000             1
   -0.12500000000000    0.12500000000000   -0.37500000000000             1
   -0.04166666666666    0.12500000000000   -0.37500000000000             1
    0.04166666666666    0.20833333333334   -0.37500000000000             1
    0.12500000000000    0.20833333333334   -0.37500000000000             1
    0.20833333333334    0.20833333333334   -0.37500000000000             1
    0.29166666666666    0.20833333333334   -0.37500000000000             1
    0.37500000000000    0.20833333333334   -0.37500000000000             1
    0.45833333333334    0.20833333333334   -0.37500000000000             1
   -0.45833333333334    0.20833333333334   -0.37500000000000             1
   -0.37500000000000    0.20833333333334   -0.37500000000000             1
   -0.29166666666666    0.20833333333334   -0.37500000000000             1
   -0.20833333333334    0.20833333333334   -0.37500000000000             1
   -0.12500000000000    0.20833333333334   -0.37500000000000             1
   -0.04166666666666    0.20833333333334   -0.37500000000000             1
    0.04166666666666    0.29166666666666   -0.37500000000000             1
    0.12500000000000    0.29166666666666   -0.37500000000000             1
    0.20833333333334    0.29166666666666   -0.37500000000000             1
    0.29166666666666    0.29166666666666   -0.37500000000000             1
    0.37500000000000    0.29166666666666   -0.37500000000000             1
    0.45833333333334    0.29166666666666   -0.37500000000000             1
   -0.45833333333334    0.29166666666666   -0.37500000000000             1
   -0.37500000000000    0.29166666666666   -0.37500000000000             1
   -0.29166666666666    0.29166666666666   -0.37500000000000             1
   -0.20833333333334    0.29166666666666   -0.37500000000000             1
   -0.12500000000000    0.29166666666666   -0.37500000000000             1
   -0.04166666666666    0.29166666666666   -0.37500000000000             1
    0.04166666666666    0.37500000000000   -0.37500000000000             1
    0.12500000000000    0.37500000000000   -0.37500000000000             1
    0.20833333333334    0.37500000000000   -0.37500000000000             1
    0.29166666666666    0.37500000000000   -0.37500000000000             1
    0.37500000000000    0.37500000000000   -0.37500000000000             1
    0.45833333333334    0.37500000000000   -0.37500000000000             1
   -0.45833333333334    0.37500000000000   -0.37500000000000             1
   -0.37500000000000    0.37500000000000   -0.37500000000000             1
   -0.29166666666666    0.37500000000000   -0.37500000000000             1
   -0.20833333333334    0.37500000000000   -0.37500000000000             1
   -0.12500000000000    0.37500000000000   -0.37500000000000             1
   -0.04166666666666    0.37500000000000   -0.37500000000000             1
    0.04166666666666    0.45833333333334   -0.37500000000000             1
    0.12500000000000    0.45833333333334   -0.37500000000000             1
    0.20833333333334    0.45833333333334   -0.37500000000000             1
    0.29166666666666    0.45833333333334   -0.37500000000000             1
    0.37500000000000    0.45833333333334   -0.37500000000000             1
    0.45833333333334    0.45833333333334   -0.37500000000000             1
   -0.45833333333334    0.45833333333334   -0.37500000000000             1
   -0.37500000000000    0.45833333333334   -0.37500000000000             1
   -0.29166666666666    0.45833333333334   -0.37500000000000             1
   -0.20833333333334    0.45833333333334   -0.37500000000000             1
   -0.12500000000000    0.45833333333334   -0.37500000000000             1
   -0.04166666666666    0.45833333333334   -0.37500000000000             1
    0.04166666666666   -0.45833333333334   -0.37500000000000             1
    0.12500000000000   -0.45833333333334   -0.37500000000000             1
    0.20833333333334   -0.45833333333334   -0.37500000000000             1
    0.29166666666666   -0.45833333333334   -0.37500000000000             1
    0.37500000000000   -0.45833333333334   -0.37500000000000             1
    0.45833333333334   -0.45833333333334   -0.37500000000000             1
   -0.45833333333334   -0.45833333333334   -0.37500000000000             1
   -0.37500000000000   -0.45833333333334   -0.37500000000000             1
   -0.29166666666666   -0.45833333333334   -0.37500000000000             1
   -0.20833333333334   -0.45833333333334   -0.37500000000000             1
   -0.12500000000000   -0.45833333333334   -0.37500000000000             1
   -0.04166666666666   -0.45833333333334   -0.37500000000000             1
    0.04166666666666   -0.37500000000000   -0.37500000000000             1
    0.12500000000000   -0.37500000000000   -0.37500000000000             1
    0.20833333333334   -0.37500000000000   -0.37500000000000             1
    0.29166666666666   -0.37500000000000   -0.37500000000000             1
    0.37500000000000   -0.37500000000000   -0.37500000000000             1
    0.45833333333334   -0.37500000000000   -0.37500000000000             1
   -0.45833333333334   -0.37500000000000   -0.37500000000000             1
   -0.37500000000000   -0.37500000000000   -0.37500000000000             1
   -0.29166666666666   -0.37500000000000   -0.37500000000000             1
   -0.20833333333334   -0.37500000000000   -0.37500000000000             1
   -0.12500000000000   -0.37500000000000   -0.37500000000000             1
   -0.04166666666666   -0.37500000000000   -0.37500000000000             1
    0.04166666666666   -0.29166666666666   -0.37500000000000             1
    0.12500000000000   -0.29166666666666   -0.37500000000000             1
    0.20833333333334   -0.29166666666666   -0.37500000000000             1
    0.29166666666666   -0.29166666666666   -0.37500000000000             1
    0.37500000000000   -0.29166666666666   -0.37500000000000             1
    0.45833333333334   -0.29166666666666   -0.37500000000000             1
   -0.45833333333334   -0.29166666666666   -0.37500000000000             1
   -0.37500000000000   -0.29166666666666   -0.37500000000000             1
   -0.29166666666666   -0.29166666666666   -0.37500000000000             1
   -0.20833333333334   -0.29166666666666   -0.37500000000000             1
   -0.12500000000000   -0.29166666666666   -0.37500000000000             1
   -0.04166666666666   -0.29166666666666   -0.37500000000000             1
    0.04166666666666   -0.20833333333334   -0.37500000000000             1
    0.12500000000000   -0.20833333333334   -0.37500000000000             1
    0.20833333333334   -0.20833333333334   -0.37500000000000             1
    0.29166666666666   -0.20833333333334   -0.37500000000000             1
    0.37500000000000   -0.20833333333334   -0.37500000000000             1
    0.45833333333334   -0.20833333333334   -0.37500000000000             1
   -0.45833333333334   -0.20833333333334   -0.37500000000000             1
   -0.37500000000000   -0.20833333333334   -0.37500000000000             1
   -0.29166666666666   -0.20833333333334   -0.37500000000000             1
   -0.20833333333334   -0.20833333333334   -0.37500000000000             1
   -0.12500000000000   -0.20833333333334   -0.37500000000000             1
   -0.04166666666666   -0.20833333333334   -0.37500000000000             1
    0.04166666666666   -0.12500000000000   -0.37500000000000             1
    0.12500000000000   -0.12500000000000   -0.37500000000000             1
    0.20833333333334   -0.12500000000000   -0.37500000000000             1
    0.29166666666666   -0.12500000000000   -0.37500000000000             1
    0.37500000000000   -0.12500000000000   -0.37500000000000             1
    0.45833333333334   -0.12500000000000   -0.37500000000000             1
   -0.45833333333334   -0.12500000000000   -0.37500000000000             1
   -0.37500000000000   -0.12500000000000   -0.37500000000000             1
   -0.29166666666666   -0.12500000000000   -0.37500000000000             1
   -0.20833333333334   -0.12500000000000   -0.37500000000000             1
   -0.12500000000000   -0.12500000000000   -0.37500000000000             1
   -0.04166666666666   -0.12500000000000   -0.37500000000000             1
    0.04166666666666   -0.04166666666666   -0.37500000000000             1
    0.12500000000000   -0.04166666666666   -0.37500000000000             1
    0.20833333333334   -0.04166666666666   -0.37500000000000             1
    0.29166666666666   -0.04166666666666   -0.37500000000000             1
    0.37500000000000   -0.04166666666666   -0.37500000000000             1
    0.45833333333334   -0.04166666666666   -0.37500000000000             1
   -0.45833333333334   -0.04166666666666   -0.37500000000000             1
   -0.37500000000000   -0.04166666666666   -0.37500000000000             1
   -0.29166666666666   -0.04166666666666   -0.37500000000000             1
   -0.20833333333334   -0.04166666666666   -0.37500000000000             1
   -0.12500000000000   -0.04166666666666   -0.37500000000000             1
   -0.04166666666666   -0.04166666666666   -0.37500000000000             1
    0.04166666666666    0.04166666666666   -0.29166666666666             1
    0.12500000000000    0.04166666666666   -0.29166666666666             1
    0.20833333333334    0.04166666666666   -0.29166666666666             1
    0.29166666666666    0.04166666666666   -0.29166666666666             1
    0.37500000000000    0.04166666666666   -0.29166666666666             1
    0.45833333333334    0.04166666666666   -0.29166666666666             1
   -0.45833333333334    0.04166666666666   -0.29166666666666             1
   -0.37500000000000    0.04166666666666   -0.29166666666666             1
   -0.29166666666666    0.04166666666666   -0.29166666666666             1
   -0.20833333333334    0.04166666666666   -0.29166666666666             1
   -0.12500000000000    0.04166666666666   -0.29166666666666             1
   -0.04166666666666    0.04166666666666   -0.29166666666666             1
    0.04166666666666    0.12500000000000   -0.29166666666666             1
    0.12500000000000    0.12500000000000   -0.29166666666666             1
    0.20833333333334    0.12500000000000   -0.29166666666666             1
    0.29166666666666    0.12500000000000   -0.29166666666666             1
    0.37500000000000    0.12500000000000   -0.29166666666666             1
    0.45833333333334    0.12500000000000   -0.29166666666666             1
   -0.45833333333334    0.12500000000000   -0.29166666666666             1
   -0.37500000000000    0.12500000000000   -0.29166666666666             1
   -0.29166666666666    0.12500000000000   -0.29166666666666             1
   -0.20833333333334    0.12500000000000   -0.29166666666666             1
   -0.12500000000000    0.12500000000000   -0.29166666666666             1
   -0.04166666666666    0.12500000000000   -0.29166666666666             1
    0.04166666666666    0.20833333333334   -0.29166666666666             1
    0.12500000000000    0.20833333333334   -0.29166666666666             1
    0.20833333333334    0.20833333333334   -0.29166666666666             1
    0.29166666666666    0.20833333333334   -0.29166666666666             1
    0.37500000000000    0.20833333333334   -0.29166666666666             1
    0.45833333333334    0.20833333333334   -0.29166666666666             1
   -0.45833333333334    0.20833333333334   -0.29166666666666             1
   -0.37500000000000    0.20833333333334   -0.29166666666666             1
   -0.29166666666666    0.20833333333334   -0.29166666666666             1
   -0.20833333333334    0.20833333333334   -0.29166666666666             1
   -0.12500000000000    0.20833333333334   -0.29166666666666             1
   -0.04166666666666    0.20833333333334   -0.29166666666666             1
    0.04166666666666    0.29166666666666   -0.29166666666666             1
    0.12500000000000    0.29166666666666   -0.29166666666666             1
    0.20833333333334    0.29166666666666   -0.29166666666666             1
    0.29166666666666    0.29166666666666   -0.29166666666666             1
    0.37500000000000    0.29166666666666   -0.29166666666666             1
    0.45833333333334    0.29166666666666   -0.29166666666666             1
   -0.45833333333334    0.29166666666666   -0.29166666666666             1
   -0.37500000000000    0.29166666666666   -0.29166666666666             1
   -0.29166666666666    0.29166666666666   -0.29166666666666             1
   -0.20833333333334    0.29166666666666   -0.29166666666666             1
   -0.12500000000000    0.29166666666666   -0.29166666666666             1
   -0.04166666666666    0.29166666666666   -0.29166666666666             1
    0.04166666666666    0.37500000000000   -0.29166666666666             1
    0.12500000000000    0.37500000000000   -0.29166666666666             1
    0.20833333333334    0.37500000000000   -0.29166666666666             1
    0.29166666666666    0.37500000000000   -0.29166666666666             1
    0.37500000000000    0.37500000000000   -0.29166666666666             1
    0.45833333333334    0.37500000000000   -0.29166666666666             1
   -0.45833333333334    0.37500000000000   -0.29166666666666             1
   -0.37500000000000    0.37500000000000   -0.29166666666666             1
   -0.29166666666666    0.37500000000000   -0.29166666666666             1
   -0.20833333333334    0.37500000000000   -0.29166666666666             1
   -0.12500000000000    0.37500000000000   -0.29166666666666             1
   -0.04166666666666    0.37500000000000   -0.29166666666666             1
    0.04166666666666    0.45833333333334   -0.29166666666666             1
    0.12500000000000    0.45833333333334   -0.29166666666666             1
    0.20833333333334    0.45833333333334   -0.29166666666666             1
    0.29166666666666    0.45833333333334   -0.29166666666666             1
    0.37500000000000    0.45833333333334   -0.29166666666666             1
    0.45833333333334    0.45833333333334   -0.29166666666666             1
   -0.45833333333334    0.45833333333334   -0.29166666666666             1
   -0.37500000000000    0.45833333333334   -0.29166666666666             1
   -0.29166666666666    0.45833333333334   -0.29166666666666             1
   -0.20833333333334    0.45833333333334   -0.29166666666666             1
   -0.12500000000000    0.45833333333334   -0.29166666666666             1
   -0.04166666666666    0.45833333333334   -0.29166666666666             1
    0.04166666666666   -0.45833333333334   -0.29166666666666             1
    0.12500000000000   -0.45833333333334   -0.29166666666666             1
    0.20833333333334   -0.45833333333334   -0.29166666666666             1
    0.29166666666666   -0.45833333333334   -0.29166666666666             1
    0.37500000000000   -0.45833333333334   -0.29166666666666             1
    0.45833333333334   -0.45833333333334   -0.29166666666666             1
   -0.45833333333334   -0.45833333333334   -0.29166666666666             1
   -0.37500000000000   -0.45833333333334   -0.29166666666666             1
   -0.29166666666666   -0.45833333333334   -0.29166666666666             1
   -0.20833333333334   -0.45833333333334   -0.29166666666666             1
   -0.12500000000000   -0.45833333333334   -0.29166666666666             1
   -0.04166666666666   -0.45833333333334   -0.29166666666666             1
    0.04166666666666   -0.37500000000000   -0.29166666666666             1
    0.12500000000000   -0.37500000000000   -0.29166666666666             1
    0.20833333333334   -0.37500000000000   -0.29166666666666             1
    0.29166666666666   -0.37500000000000   -0.29166666666666             1
    0.37500000000000   -0.37500000000000   -0.29166666666666             1
    0.45833333333334   -0.37500000000000   -0.29166666666666             1
   -0.45833333333334   -0.37500000000000   -0.29166666666666             1
   -0.37500000000000   -0.37500000000000   -0.29166666666666             1
   -0.29166666666666   -0.37500000000000   -0.29166666666666             1
   -0.20833333333334   -0.37500000000000   -0.29166666666666             1
   -0.12500000000000   -0.37500000000000   -0.29166666666666             1
   -0.04166666666666   -0.37500000000000   -0.29166666666666             1
    0.04166666666666   -0.29166666666666   -0.29166666666666             1
    0.12500000000000   -0.29166666666666   -0.29166666666666             1
    0.20833333333334   -0.29166666666666   -0.29166666666666             1
    0.29166666666666   -0.29166666666666   -0.29166666666666             1
    0.37500000000000   -0.29166666666666   -0.29166666666666             1
    0.45833333333334   -0.29166666666666   -0.29166666666666             1
   -0.45833333333334   -0.29166666666666   -0.29166666666666             1
   -0.37500000000000   -0.29166666666666   -0.29166666666666             1
   -0.29166666666666   -0.29166666666666   -0.29166666666666             1
   -0.20833333333334   -0.29166666666666   -0.29166666666666             1
   -0.12500000000000   -0.29166666666666   -0.29166666666666             1
   -0.04166666666666   -0.29166666666666   -0.29166666666666             1
    0.04166666666666   -0.20833333333334   -0.29166666666666             1
    0.12500000000000   -0.20833333333334   -0.29166666666666             1
    0.20833333333334   -0.20833333333334   -0.29166666666666             1
    0.29166666666666   -0.20833333333334   -0.29166666666666             1
    0.37500000000000   -0.20833333333334   -0.29166666666666             1
    0.45833333333334   -0.20833333333334   -0.29166666666666             1
   -0.45833333333334   -0.20833333333334   -0.29166666666666             1
   -0.37500000000000   -0.20833333333334   -0.29166666666666             1
   -0.29166666666666   -0.20833333333334   -0.29166666666666             1
   -0.20833333333334   -0.20833333333334   -0.29166666666666             1
   -0.12500000000000   -0.20833333333334   -0.29166666666666             1
   -0.04166666666666   -0.20833333333334   -0.29166666666666             1
    0.04166666666666   -0.12500000000000   -0.29166666666666             1
    0.12500000000000   -0.12500000000000   -0.29166666666666             1
    0.20833333333334   -0.12500000000000   -0.29166666666666             1
    0.29166666666666   -0.12500000000000   -0.29166666666666             1
    0.37500000000000   -0.12500000000000   -0.29166666666666             1
    0.45833333333334   -0.12500000000000   -0.29166666666666             1
   -0.45833333333334   -0.12500000000000   -0.29166666666666             1
   -0.37500000000000   -0.12500000000000   -0.29166666666666             1
   -0.29166666666666   -0.12500000000000   -0.29166666666666             1
   -0.20833333333334   -0.12500000000000   -0.29166666666666             1
   -0.12500000000000   -0.12500000000000   -0.29166666666666             1
   -0.04166666666666   -0.12500000000000   -0.29166666666666             1
    0.04166666666666   -0.04166666666666   -0.29166666666666             1
    0.12500000000000   -0.04166666666666   -0.29166666666666             1
    0.20833333333334   -0.04166666666666   -0.29166666666666             1
    0.29166666666666   -0.04166666666666   -0.29166666666666             1
    0.37500000000000   -0.04166666666666   -0.29166666666666             1
    0.45833333333334   -0.04166666666666   -0.29166666666666             1
   -0.45833333333334   -0.04166666666666   -0.29166666666666             1
   -0.37500000000000   -0.04166666666666   -0.29166666666666             1
   -0.29166666666666   -0.04166666666666   -0.29166666666666             1
   -0.20833333333334   -0.04166666666666   -0.29166666666666             1
   -0.12500000000000   -0.04166666666666   -0.29166666666666             1
   -0.04166666666666   -0.04166666666666   -0.29166666666666             1
    0.04166666666666    0.04166666666666   -0.20833333333334             1
    0.12500000000000    0.04166666666666   -0.20833333333334             1
    0.20833333333334    0.04166666666666   -0.20833333333334             1
    0.29166666666666    0.04166666666666   -0.20833333333334             1
    0.37500000000000    0.04166666666666   -0.20833333333334             1
    0.45833333333334    0.04166666666666   -0.20833333333334             1
   -0.45833333333334    0.04166666666666   -0.20833333333334             1
   -0.37500000000000    0.04166666666666   -0.20833333333334             1
   -0.29166666666666    0.04166666666666   -0.20833333333334             1
   -0.20833333333334    0.04166666666666   -0.20833333333334             1
   -0.12500000000000    0.04166666666666   -0.20833333333334             1
   -0.04166666666666    0.04166666666666   -0.20833333333334             1
    0.04166666666666    0.12500000000000   -0.20833333333334             1
    0.12500000000000    0.12500000000000   -0.20833333333334             1
    0.20833333333334    0.12500000000000   -0.20833333333334             1
    0.29166666666666    0.12500000000000   -0.20833333333334             1
    0.37500000000000    0.12500000000000   -0.20833333333334             1
    0.45833333333334    0.12500000000000   -0.20833333333334             1
   -0.45833333333334    0.12500000000000   -0.20833333333334             1
   -0.37500000000000    0.12500000000000   -0.20833333333334             1
   -0.29166666666666    0.12500000000000   -0.20833333333334             1
   -0.20833333333334    0.12500000000000   -0.20833333333334             1
   -0.12500000000000    0.12500000000000   -0.20833333333334             1
   -0.04166666666666    0.12500000000000   -0.20833333333334             1
    0.04166666666666    0.20833333333334   -0.20833333333334             1
    0.12500000000000    0.20833333333334   -0.20833333333334             1
    0.20833333333334    0.20833333333334   -0.20833333333334             1
    0.29166666666666    0.20833333333334   -0.20833333333334             1
    0.37500000000000    0.20833333333334   -0.20833333333334             1
    0.45833333333334    0.20833333333334   -0.20833333333334             1
   -0.45833333333334    0.20833333333334   -0.20833333333334             1
   -0.37500000000000    0.20833333333334   -0.20833333333334             1
   -0.29166666666666    0.20833333333334   -0.20833333333334             1
   -0.20833333333334    0.20833333333334   -0.20833333333334             1
   -0.12500000000000    0.20833333333334   -0.20833333333334             1
   -0.04166666666666    0.20833333333334   -0.20833333333334             1
    0.04166666666666    0.29166666666666   -0.20833333333334             1
    0.12500000000000    0.29166666666666   -0.20833333333334             1
    0.20833333333334    0.29166666666666   -0.20833333333334             1
    0.29166666666666    0.29166666666666   -0.20833333333334             1
    0.37500000000000    0.29166666666666   -0.20833333333334             1
    0.45833333333334    0.29166666666666   -0.20833333333334             1
   -0.45833333333334    0.29166666666666   -0.20833333333334             1
   -0.37500000000000    0.29166666666666   -0.20833333333334             1
   -0.29166666666666    0.29166666666666   -0.20833333333334             1
   -0.20833333333334    0.29166666666666   -0.20833333333334             1
   -0.12500000000000    0.29166666666666   -0.20833333333334             1
   -0.04166666666666    0.29166666666666   -0.20833333333334             1
    0.04166666666666    0.37500000000000   -0.20833333333334             1
    0.12500000000000    0.37500000000000   -0.20833333333334             1
    0.20833333333334    0.37500000000000   -0.20833333333334             1
    0.29166666666666    0.37500000000000   -0.20833333333334             1
    0.37500000000000    0.37500000000000   -0.20833333333334             1
    0.45833333333334    0.37500000000000   -0.20833333333334             1
   -0.45833333333334    0.37500000000000   -0.20833333333334             1
   -0.37500000000000    0.37500000000000   -0.20833333333334             1
   -0.29166666666666    0.37500000000000   -0.20833333333334             1
   -0.20833333333334    0.37500000000000   -0.20833333333334             1
   -0.12500000000000    0.37500000000000   -0.20833333333334             1
   -0.04166666666666    0.37500000000000   -0.20833333333334             1
    0.04166666666666    0.45833333333334   -0.20833333333334             1
    0.12500000000000    0.45833333333334   -0.20833333333334             1
    0.20833333333334    0.45833333333334   -0.20833333333334             1
    0.29166666666666    0.45833333333334   -0.20833333333334             1
    0.37500000000000    0.45833333333334   -0.20833333333334             1
    0.45833333333334    0.45833333333334   -0.20833333333334             1
   -0.45833333333334    0.45833333333334   -0.20833333333334             1
   -0.37500000000000    0.45833333333334   -0.20833333333334             1
   -0.29166666666666    0.45833333333334   -0.20833333333334             1
   -0.20833333333334    0.45833333333334   -0.20833333333334             1
   -0.12500000000000    0.45833333333334   -0.20833333333334             1
   -0.04166666666666    0.45833333333334   -0.20833333333334             1
    0.04166666666666   -0.45833333333334   -0.20833333333334             1
    0.12500000000000   -0.45833333333334   -0.20833333333334             1
    0.20833333333334   -0.45833333333334   -0.20833333333334             1
    0.29166666666666   -0.45833333333334   -0.20833333333334             1
    0.37500000000000   -0.45833333333334   -0.20833333333334             1
    0.45833333333334   -0.45833333333334   -0.20833333333334             1
   -0.45833333333334   -0.45833333333334   -0.20833333333334             1
   -0.37500000000000   -0.45833333333334   -0.20833333333334             1
   -0.29166666666666   -0.45833333333334   -0.20833333333334             1
   -0.20833333333334   -0.45833333333334   -0.20833333333334             1
   -0.12500000000000   -0.45833333333334   -0.20833333333334             1
   -0.04166666666666   -0.45833333333334   -0.20833333333334             1
    0.04166666666666   -0.37500000000000   -0.20833333333334             1
    0.12500000000000   -0.37500000000000   -0.20833333333334             1
    0.20833333333334   -0.37500000000000   -0.20833333333334             1
    0.29166666666666   -0.37500000000000   -0.20833333333334             1
    0.37500000000000   -0.37500000000000   -0.20833333333334             1
    0.45833333333334   -0.37500000000000   -0.20833333333334             1
   -0.45833333333334   -0.37500000000000   -0.20833333333334             1
   -0.37500000000000   -0.37500000000000   -0.20833333333334             1
   -0.29166666666666   -0.37500000000000   -0.20833333333334             1
   -0.20833333333334   -0.37500000000000   -0.20833333333334             1
   -0.12500000000000   -0.37500000000000   -0.20833333333334             1
   -0.04166666666666   -0.37500000000000   -0.20833333333334             1
    0.04166666666666   -0.29166666666666   -0.20833333333334             1
    0.12500000000000   -0.29166666666666   -0.20833333333334             1
    0.20833333333334   -0.29166666666666   -0.20833333333334             1
    0.29166666666666   -0.29166666666666   -0.20833333333334             1
    0.37500000000000   -0.29166666666666   -0.20833333333334             1
    0.45833333333334   -0.29166666666666   -0.20833333333334             1
   -0.45833333333334   -0.29166666666666   -0.20833333333334             1
   -0.37500000000000   -0.29166666666666   -0.20833333333334             1
   -0.29166666666666   -0.29166666666666   -0.20833333333334             1
   -0.20833333333334   -0.29166666666666   -0.20833333333334             1
   -0.12500000000000   -0.29166666666666   -0.20833333333334             1
   -0.04166666666666   -0.29166666666666   -0.20833333333334             1
    0.04166666666666   -0.20833333333334   -0.20833333333334             1
    0.12500000000000   -0.20833333333334   -0.20833333333334             1
    0.20833333333334   -0.20833333333334   -0.20833333333334             1
    0.29166666666666   -0.20833333333334   -0.20833333333334             1
    0.37500000000000   -0.20833333333334   -0.20833333333334             1
    0.45833333333334   -0.20833333333334   -0.20833333333334             1
   -0.45833333333334   -0.20833333333334   -0.20833333333334             1
   -0.37500000000000   -0.20833333333334   -0.20833333333334             1
   -0.29166666666666   -0.20833333333334   -0.20833333333334             1
   -0.20833333333334   -0.20833333333334   -0.20833333333334             1
   -0.12500000000000   -0.20833333333334   -0.20833333333334             1
   -0.04166666666666   -0.20833333333334   -0.20833333333334             1
    0.04166666666666   -0.12500000000000   -0.20833333333334             1
    0.12500000000000   -0.12500000000000   -0.20833333333334             1
    0.20833333333334   -0.12500000000000   -0.20833333333334             1
    0.29166666666666   -0.12500000000000   -0.20833333333334             1
    0.37500000000000   -0.12500000000000   -0.20833333333334             1
    0.45833333333334   -0.12500000000000   -0.20833333333334             1
   -0.45833333333334   -0.12500000000000   -0.20833333333334             1
   -0.37500000000000   -0.12500000000000   -0.20833333333334             1
   -0.29166666666666   -0.12500000000000   -0.20833333333334             1
   -0.20833333333334   -0.12500000000000   -0.20833333333334             1
   -0.12500000000000   -0.12500000000000   -0.20833333333334             1
   -0.04166666666666   -0.12500000000000   -0.20833333333334             1
    0.04166666666666   -0.04166666666666   -0.20833333333334             1
    0.12500000000000   -0.04166666666666   -0.20833333333334             1
    0.20833333333334   -0.04166666666666   -0.20833333333334             1
    0.29166666666666   -0.04166666666666   -0.20833333333334             1
    0.37500000000000   -0.04166666666666   -0.20833333333334             1
    0.45833333333334   -0.04166666666666   -0.20833333333334             1
   -0.45833333333334   -0.04166666666666   -0.20833333333334             1
   -0.37500000000000   -0.04166666666666   -0.20833333333334             1
   -0.29166666666666   -0.04166666666666   -0.20833333333334             1
   -0.20833333333334   -0.04166666666666   -0.20833333333334             1
   -0.12500000000000   -0.04166666666666   -0.20833333333334             1
   -0.04166666666666   -0.04166666666666   -0.20833333333334             1
    0.04166666666666    0.04166666666666   -0.12500000000000             1
    0.12500000000000    0.04166666666666   -0.12500000000000             1
    0.20833333333334    0.04166666666666   -0.12500000000000             1
    0.29166666666666    0.04166666666666   -0.12500000000000             1
    0.37500000000000    0.04166666666666   -0.12500000000000             1
    0.45833333333334    0.04166666666666   -0.12500000000000             1
   -0.45833333333334    0.04166666666666   -0.12500000000000             1
   -0.37500000000000    0.04166666666666   -0.12500000000000             1
   -0.29166666666666    0.04166666666666   -0.12500000000000             1
   -0.20833333333334    0.04166666666666   -0.12500000000000             1
   -0.12500000000000    0.04166666666666   -0.12500000000000             1
   -0.04166666666666    0.04166666666666   -0.12500000000000             1
    0.04166666666666    0.12500000000000   -0.12500000000000             1
    0.12500000000000    0.12500000000000   -0.12500000000000             1
    0.20833333333334    0.12500000000000   -0.12500000000000             1
    0.29166666666666    0.12500000000000   -0.12500000000000             1
    0.37500000000000    0.12500000000000   -0.12500000000000             1
    0.45833333333334    0.12500000000000   -0.12500000000000             1
   -0.45833333333334    0.12500000000000   -0.12500000000000             1
   -0.37500000000000    0.12500000000000   -0.12500000000000             1
   -0.29166666666666    0.12500000000000   -0.12500000000000             1
   -0.20833333333334    0.12500000000000   -0.12500000000000             1
   -0.12500000000000    0.12500000000000   -0.12500000000000             1
   -0.04166666666666    0.12500000000000   -0.12500000000000             1
    0.04166666666666    0.20833333333334   -0.12500000000000             1
    0.12500000000000    0.20833333333334   -0.12500000000000             1
    0.20833333333334    0.20833333333334   -0.12500000000000             1
    0.29166666666666    0.20833333333334   -0.12500000000000             1
    0.37500000000000    0.20833333333334   -0.12500000000000             1
    0.45833333333334    0.20833333333334   -0.12500000000000             1
   -0.45833333333334    0.20833333333334   -0.12500000000000             1
   -0.37500000000000    0.20833333333334   -0.12500000000000             1
   -0.29166666666666    0.20833333333334   -0.12500000000000             1
   -0.20833333333334    0.20833333333334   -0.12500000000000             1
   -0.12500000000000    0.20833333333334   -0.12500000000000             1
   -0.04166666666666    0.20833333333334   -0.12500000000000             1
    0.04166666666666    0.29166666666666   -0.12500000000000             1
    0.12500000000000    0.29166666666666   -0.12500000000000             1
    0.20833333333334    0.29166666666666   -0.12500000000000             1
    0.29166666666666    0.29166666666666   -0.12500000000000             1
    0.37500000000000    0.29166666666666   -0.12500000000000             1
    0.45833333333334    0.29166666666666   -0.12500000000000             1
   -0.45833333333334    0.29166666666666   -0.12500000000000             1
   -0.37500000000000    0.29166666666666   -0.12500000000000             1
   -0.29166666666666    0.29166666666666   -0.12500000000000             1
   -0.20833333333334    0.29166666666666   -0.12500000000000             1
   -0.12500000000000    0.29166666666666   -0.12500000000000             1
   -0.04166666666666    0.29166666666666   -0.12500000000000             1
    0.04166666666666    0.37500000000000   -0.12500000000000             1
    0.12500000000000    0.37500000000000   -0.12500000000000             1
    0.20833333333334    0.37500000000000   -0.12500000000000             1
    0.29166666666666    0.37500000000000   -0.12500000000000             1
    0.37500000000000    0.37500000000000   -0.12500000000000             1
    0.45833333333334    0.37500000000000   -0.12500000000000             1
   -0.45833333333334    0.37500000000000   -0.12500000000000             1
   -0.37500000000000    0.37500000000000   -0.12500000000000             1
   -0.29166666666666    0.37500000000000   -0.12500000000000             1
   -0.20833333333334    0.37500000000000   -0.12500000000000             1
   -0.12500000000000    0.37500000000000   -0.12500000000000             1
   -0.04166666666666    0.37500000000000   -0.12500000000000             1
    0.04166666666666    0.45833333333334   -0.12500000000000             1
    0.12500000000000    0.45833333333334   -0.12500000000000             1
    0.20833333333334    0.45833333333334   -0.12500000000000             1
    0.29166666666666    0.45833333333334   -0.12500000000000             1
    0.37500000000000    0.45833333333334   -0.12500000000000             1
    0.45833333333334    0.45833333333334   -0.12500000000000             1
   -0.45833333333334    0.45833333333334   -0.12500000000000             1
   -0.37500000000000    0.45833333333334   -0.12500000000000             1
   -0.29166666666666    0.45833333333334   -0.12500000000000             1
   -0.20833333333334    0.45833333333334   -0.12500000000000             1
   -0.12500000000000    0.45833333333334   -0.12500000000000             1
   -0.04166666666666    0.45833333333334   -0.12500000000000             1
    0.04166666666666   -0.45833333333334   -0.12500000000000             1
    0.12500000000000   -0.45833333333334   -0.12500000000000             1
    0.20833333333334   -0.45833333333334   -0.12500000000000             1
    0.29166666666666   -0.45833333333334   -0.12500000000000             1
    0.37500000000000   -0.45833333333334   -0.12500000000000             1
    0.45833333333334   -0.45833333333334   -0.12500000000000             1
   -0.45833333333334   -0.45833333333334   -0.12500000000000             1
   -0.37500000000000   -0.45833333333334   -0.12500000000000             1
   -0.29166666666666   -0.45833333333334   -0.12500000000000             1
   -0.20833333333334   -0.45833333333334   -0.12500000000000             1
   -0.12500000000000   -0.45833333333334   -0.12500000000000             1
   -0.04166666666666   -0.45833333333334   -0.12500000000000             1
    0.04166666666666   -0.37500000000000   -0.12500000000000             1
    0.12500000000000   -0.37500000000000   -0.12500000000000             1
    0.20833333333334   -0.37500000000000   -0.12500000000000             1
    0.29166666666666   -0.37500000000000   -0.12500000000000             1
    0.37500000000000   -0.37500000000000   -0.12500000000000             1
    0.45833333333334   -0.37500000000000   -0.12500000000000             1
   -0.45833333333334   -0.37500000000000   -0.12500000000000             1
   -0.37500000000000   -0.37500000000000   -0.12500000000000             1
   -0.29166666666666   -0.37500000000000   -0.12500000000000             1
   -0.20833333333334   -0.37500000000000   -0.12500000000000             1
   -0.12500000000000   -0.37500000000000   -0.12500000000000             1
   -0.04166666666666   -0.37500000000000   -0.12500000000000             1
    0.04166666666666   -0.29166666666666   -0.12500000000000             1
    0.12500000000000   -0.29166666666666   -0.12500000000000             1
    0.20833333333334   -0.29166666666666   -0.12500000000000             1
    0.29166666666666   -0.29166666666666   -0.12500000000000             1
    0.37500000000000   -0.29166666666666   -0.12500000000000             1
    0.45833333333334   -0.29166666666666   -0.12500000000000             1
   -0.45833333333334   -0.29166666666666   -0.12500000000000             1
   -0.37500000000000   -0.29166666666666   -0.12500000000000             1
   -0.29166666666666   -0.29166666666666   -0.12500000000000             1
   -0.20833333333334   -0.29166666666666   -0.12500000000000             1
   -0.12500000000000   -0.29166666666666   -0.12500000000000             1
   -0.04166666666666   -0.29166666666666   -0.12500000000000             1
    0.04166666666666   -0.20833333333334   -0.12500000000000             1
    0.12500000000000   -0.20833333333334   -0.12500000000000             1
    0.20833333333334   -0.20833333333334   -0.12500000000000             1
    0.29166666666666   -0.20833333333334   -0.12500000000000             1
    0.37500000000000   -0.20833333333334   -0.12500000000000             1
    0.45833333333334   -0.20833333333334   -0.12500000000000             1
   -0.45833333333334   -0.20833333333334   -0.12500000000000             1
   -0.37500000000000   -0.20833333333334   -0.12500000000000             1
   -0.29166666666666   -0.20833333333334   -0.12500000000000             1
   -0.20833333333334   -0.20833333333334   -0.12500000000000             1
   -0.12500000000000   -0.20833333333334   -0.12500000000000             1
   -0.04166666666666   -0.20833333333334   -0.12500000000000             1
    0.04166666666666   -0.12500000000000   -0.12500000000000             1
    0.12500000000000   -0.12500000000000   -0.12500000000000             1
    0.20833333333334   -0.12500000000000   -0.12500000000000             1
    0.29166666666666   -0.12500000000000   -0.12500000000000             1
    0.37500000000000   -0.12500000000000   -0.12500000000000             1
    0.45833333333334   -0.12500000000000   -0.12500000000000             1
   -0.45833333333334   -0.12500000000000   -0.12500000000000             1
   -0.37500000000000   -0.12500000000000   -0.12500000000000             1
   -0.29166666666666   -0.12500000000000   -0.12500000000000             1
   -0.20833333333334   -0.12500000000000   -0.12500000000000             1
   -0.12500000000000   -0.12500000000000   -0.12500000000000             1
   -0.04166666666666   -0.12500000000000   -0.12500000000000             1
    0.04166666666666   -0.04166666666666   -0.12500000000000             1
    0.12500000000000   -0.04166666666666   -0.12500000000000             1
    0.20833333333334   -0.04166666666666   -0.12500000000000             1
    0.29166666666666   -0.04166666666666   -0.12500000000000             1
    0.37500000000000   -0.04166666666666   -0.12500000000000             1
    0.45833333333334   -0.04166666666666   -0.12500000000000             1
   -0.45833333333334   -0.04166666666666   -0.12500000000000             1
   -0.37500000000000   -0.04166666666666   -0.12500000000000             1
   -0.29166666666666   -0.04166666666666   -0.12500000000000             1
   -0.20833333333334   -0.04166666666666   -0.12500000000000             1
   -0.12500000000000   -0.04166666666666   -0.12500000000000             1
   -0.04166666666666   -0.04166666666666   -0.12500000000000             1
    0.04166666666666    0.04166666666666   -0.04166666666666             1
    0.12500000000000    0.04166666666666   -0.04166666666666             1
    0.20833333333334    0.04166666666666   -0.04166666666666             1
    0.29166666666666    0.04166666666666   -0.04166666666666             1
    0.37500000000000    0.04166666666666   -0.04166666666666             1
    0.45833333333334    0.04166666666666   -0.04166666666666             1
   -0.45833333333334    0.04166666666666   -0.04166666666666             1
   -0.37500000000000    0.04166666666666   -0.04166666666666             1
   -0.29166666666666    0.04166666666666   -0.04166666666666             1
   -0.20833333333334    0.04166666666666   -0.04166666666666             1
   -0.12500000000000    0.04166666666666   -0.04166666666666             1
   -0.04166666666666    0.04166666666666   -0.04166666666666             1
    0.04166666666666    0.12500000000000   -0.04166666666666             1
    0.12500000000000    0.12500000000000   -0.04166666666666             1
    0.20833333333334    0.12500000000000   -0.04166666666666             1
    0.29166666666666    0.12500000000000   -0.04166666666666             1
    0.37500000000000    0.12500000000000   -0.04166666666666             1
    0.45833333333334    0.12500000000000   -0.04166666666666             1
   -0.45833333333334    0.12500000000000   -0.04166666666666             1
   -0.37500000000000    0.12500000000000   -0.04166666666666             1
   -0.29166666666666    0.12500000000000   -0.04166666666666             1
   -0.20833333333334    0.12500000000000   -0.04166666666666             1
   -0.12500000000000    0.12500000000000   -0.04166666666666             1
   -0.04166666666666    0.12500000000000   -0.04166666666666             1
    0.04166666666666    0.20833333333334   -0.04166666666666             1
    0.12500000000000    0.20833333333334   -0.04166666666666             1
    0.20833333333334    0.20833333333334   -0.04166666666666             1
    0.29166666666666    0.20833333333334   -0.04166666666666             1
    0.37500000000000    0.20833333333334   -0.04166666666666             1
    0.45833333333334    0.20833333333334   -0.04166666666666             1
   -0.45833333333334    0.20833333333334   -0.04166666666666             1
   -0.37500000000000    0.20833333333334   -0.04166666666666             1
   -0.29166666666666    0.20833333333334   -0.04166666666666             1
   -0.20833333333334    0.20833333333334   -0.04166666666666             1
   -0.12500000000000    0.20833333333334   -0.04166666666666             1
   -0.04166666666666    0.20833333333334   -0.04166666666666             1
    0.04166666666666    0.29166666666666   -0.04166666666666             1
    0.12500000000000    0.29166666666666   -0.04166666666666             1
    0.20833333333334    0.29166666666666   -0.04166666666666             1
    0.29166666666666    0.29166666666666   -0.04166666666666             1
    0.37500000000000    0.29166666666666   -0.04166666666666             1
    0.45833333333334    0.29166666666666   -0.04166666666666             1
   -0.45833333333334    0.29166666666666   -0.04166666666666             1
   -0.37500000000000    0.29166666666666   -0.04166666666666             1
   -0.29166666666666    0.29166666666666   -0.04166666666666             1
   -0.20833333333334    0.29166666666666   -0.04166666666666             1
   -0.12500000000000    0.29166666666666   -0.04166666666666             1
   -0.04166666666666    0.29166666666666   -0.04166666666666             1
    0.04166666666666    0.37500000000000   -0.04166666666666             1
    0.12500000000000    0.37500000000000   -0.04166666666666             1
    0.20833333333334    0.37500000000000   -0.04166666666666             1
    0.29166666666666    0.37500000000000   -0.04166666666666             1
    0.37500000000000    0.37500000000000   -0.04166666666666             1
    0.45833333333334    0.37500000000000   -0.04166666666666             1
   -0.45833333333334    0.37500000000000   -0.04166666666666             1
   -0.37500000000000    0.37500000000000   -0.04166666666666             1
   -0.29166666666666    0.37500000000000   -0.04166666666666             1
   -0.20833333333334    0.37500000000000   -0.04166666666666             1
   -0.12500000000000    0.37500000000000   -0.04166666666666             1
   -0.04166666666666    0.37500000000000   -0.04166666666666             1
    0.04166666666666    0.45833333333334   -0.04166666666666             1
    0.12500000000000    0.45833333333334   -0.04166666666666             1
    0.20833333333334    0.45833333333334   -0.04166666666666             1
    0.29166666666666    0.45833333333334   -0.04166666666666             1
    0.37500000000000    0.45833333333334   -0.04166666666666             1
    0.45833333333334    0.45833333333334   -0.04166666666666             1
   -0.45833333333334    0.45833333333334   -0.04166666666666             1
   -0.37500000000000    0.45833333333334   -0.04166666666666             1
   -0.29166666666666    0.45833333333334   -0.04166666666666             1
   -0.20833333333334    0.45833333333334   -0.04166666666666             1
   -0.12500000000000    0.45833333333334   -0.04166666666666             1
   -0.04166666666666    0.45833333333334   -0.04166666666666             1
    0.04166666666666   -0.45833333333334   -0.04166666666666             1
    0.12500000000000   -0.45833333333334   -0.04166666666666             1
    0.20833333333334   -0.45833333333334   -0.04166666666666             1
    0.29166666666666   -0.45833333333334   -0.04166666666666             1
    0.37500000000000   -0.45833333333334   -0.04166666666666             1
    0.45833333333334   -0.45833333333334   -0.04166666666666             1
   -0.45833333333334   -0.45833333333334   -0.04166666666666             1
   -0.37500000000000   -0.45833333333334   -0.04166666666666             1
   -0.29166666666666   -0.45833333333334   -0.04166666666666             1
   -0.20833333333334   -0.45833333333334   -0.04166666666666             1
   -0.12500000000000   -0.45833333333334   -0.04166666666666             1
   -0.04166666666666   -0.45833333333334   -0.04166666666666             1
    0.04166666666666   -0.37500000000000   -0.04166666666666             1
    0.12500000000000   -0.37500000000000   -0.04166666666666             1
    0.20833333333334   -0.37500000000000   -0.04166666666666             1
    0.29166666666666   -0.37500000000000   -0.04166666666666             1
    0.37500000000000   -0.37500000000000   -0.04166666666666             1
    0.45833333333334   -0.37500000000000   -0.04166666666666             1
   -0.45833333333334   -0.37500000000000   -0.04166666666666             1
   -0.37500000000000   -0.37500000000000   -0.04166666666666             1
   -0.29166666666666   -0.37500000000000   -0.04166666666666             1
   -0.20833333333334   -0.37500000000000   -0.04166666666666             1
   -0.12500000000000   -0.37500000000000   -0.04166666666666             1
   -0.04166666666666   -0.37500000000000   -0.04166666666666             1
    0.04166666666666   -0.29166666666666   -0.04166666666666             1
    0.12500000000000   -0.29166666666666   -0.04166666666666             1
    0.20833333333334   -0.29166666666666   -0.04166666666666             1
    0.29166666666666   -0.29166666666666   -0.04166666666666             1
    0.37500000000000   -0.29166666666666   -0.04166666666666             1
    0.45833333333334   -0.29166666666666   -0.04166666666666             1
   -0.45833333333334   -0.29166666666666   -0.04166666666666             1
   -0.37500000000000   -0.29166666666666   -0.04166666666666             1
   -0.29166666666666   -0.29166666666666   -0.04166666666666             1
   -0.20833333333334   -0.29166666666666   -0.04166666666666             1
   -0.12500000000000   -0.29166666666666   -0.04166666666666             1
   -0.04166666666666   -0.29166666666666   -0.04166666666666             1
    0.04166666666666   -0.20833333333334   -0.04166666666666             1
    0.12500000000000   -0.20833333333334   -0.04166666666666             1
    0.20833333333334   -0.20833333333334   -0.04166666666666             1
    0.29166666666666   -0.20833333333334   -0.04166666666666             1
    0.37500000000000   -0.20833333333334   -0.04166666666666             1
    0.45833333333334   -0.20833333333334   -0.04166666666666             1
   -0.45833333333334   -0.20833333333334   -0.04166666666666             1
   -0.37500000000000   -0.20833333333334   -0.04166666666666             1
   -0.29166666666666   -0.20833333333334   -0.04166666666666             1
   -0.20833333333334   -0.20833333333334   -0.04166666666666             1
   -0.12500000000000   -0.20833333333334   -0.04166666666666             1
   -0.04166666666666   -0.20833333333334   -0.04166666666666             1
    0.04166666666666   -0.12500000000000   -0.04166666666666             1
    0.12500000000000   -0.12500000000000   -0.04166666666666             1
    0.20833333333334   -0.12500000000000   -0.04166666666666             1
    0.29166666666666   -0.12500000000000   -0.04166666666666             1
    0.37500000000000   -0.12500000000000   -0.04166666666666             1
    0.45833333333334   -0.12500000000000   -0.04166666666666             1
   -0.45833333333334   -0.12500000000000   -0.04166666666666             1
   -0.37500000000000   -0.12500000000000   -0.04166666666666             1
   -0.29166666666666   -0.12500000000000   -0.04166666666666             1
   -0.20833333333334   -0.12500000000000   -0.04166666666666             1
   -0.12500000000000   -0.12500000000000   -0.04166666666666             1
   -0.04166666666666   -0.12500000000000   -0.04166666666666             1
    0.04166666666666   -0.04166666666666   -0.04166666666666             1
    0.12500000000000   -0.04166666666666   -0.04166666666666             1
    0.20833333333334   -0.04166666666666   -0.04166666666666             1
    0.29166666666666   -0.04166666666666   -0.04166666666666             1
    0.37500000000000   -0.04166666666666   -0.04166666666666             1
    0.45833333333334   -0.04166666666666   -0.04166666666666             1
   -0.45833333333334   -0.04166666666666   -0.04166666666666             1
   -0.37500000000000   -0.04166666666666   -0.04166666666666             1
   -0.29166666666666   -0.04166666666666   -0.04166666666666             1
   -0.20833333333334   -0.04166666666666   -0.04166666666666             1
   -0.12500000000000   -0.04166666666666   -0.04166666666666             1
   -0.04166666666666   -0.04166666666666   -0.04166666666666             1
