Automatically generated mesh
     343
Reciprocal lattice
    0.00000000000000    0.00000000000000    0.00000000000000             1
    0.14285714285715    0.00000000000000    0.00000000000000             1
    0.28571428571428    0.00000000000000    0.00000000000000             1
    0.42857142857143    0.00000000000000    0.00000000000000             1
   -0.42857142857143    0.00000000000000    0.00000000000000             1
   -0.28571428571428    0.00000000000000    0.00000000000000             1
   -0.14285714285715    0.00000000000000    0.00000000000000             1
    0.00000000000000    0.14285714285715    0.00000000000000             1
    0.14285714285715    0.14285714285715    0.00000000000000             1
    0.28571428571428    0.14285714285715    0.00000000000000             1
    0.42857142857143    0.14285714285715    0.00000000000000             1
   -0.42857142857143    0.14285714285715    0.00000000000000             1
   -0.28571428571428    0.14285714285715    0.00000000000000             1
   -0.14285714285715    0.14285714285715    0.00000000000000             1
    0.00000000000000    0.28571428571428    0.00000000000000             1
    0.14285714285715    0.28571428571428    0.00000000000000             1
    0.28571428571428    0.28571428571428    0.00000000000000             1
    0.42857142857143    0.28571428571428    0.00000000000000             1
   -0.42857142857143    0.28571428571428    0.00000000000000             1
   -0.28571428571428    0.28571428571428    0.00000000000000             1
   -0.14285714285715    0.28571428571428    0.00000000000000             1
    0.00000000000000    0.42857142857143    0.00000000000000             1
    0.14285714285715    0.42857142857143    0.00000000000000             1
    0.28571428571428    0.42857142857143    0.00000000000000             1
    0.42857142857143    0.42857142857143    0.00000000000000             1
   -0.42857142857143    0.42857142857143    0.00000000000000             1
   -0.28571428571428    0.42857142857143    0.00000000000000             1
   -0.14285714285715    0.42857142857143    0.00000000000000             1
    0.00000000000000   -0.42857142857143    0.00000000000000             1
    0.14285714285715   -0.42857142857143    0.00000000000000             1
    0.28571428571428   -0.42857142857143    0.00000000000000             1
    0.42857142857143   -0.42857142857143    0.00000000000000             1
   -0.42857142857143   -0.42857142857143    0.00000000000000             1
   -0.28571428571428   -0.42857142857143    0.00000000000000             1
   -0.14285714285715   -0.42857142857143    0.00000000000000             1
    0.00000000000000   -0.28571428571428    0.00000000000000             1
    0.14285714285715   -0.28571428571428    0.00000000000000             1
    0.28571428571428   -0.28571428571428    0.00000000000000             1
    0.42857142857143   -0.28571428571428    0.00000000000000             1
   -0.42857142857143   -0.28571428571428    0.00000000000000             1
   -0.28571428571428   -0.28571428571428    0.00000000000000             1
   -0.14285714285715   -0.28571428571428    0.00000000000000             1
    0.00000000000000   -0.14285714285715    0.00000000000000             1
    0.14285714285715   -0.14285714285715    0.00000000000000             1
    0.28571428571428   -0.14285714285715    0.00000000000000             1
    0.42857142857143   -0.14285714285715    0.00000000000000             1
   -0.42857142857143   -0.14285714285715    0.00000000000000             1
   -0.28571428571428   -0.14285714285715    0.00000000000000             1
   -0.14285714285715   -0.14285714285715    0.00000000000000             1
    0.00000000000000    0.00000000000000    0.14285714285715             1
    0.14285714285715    0.00000000000000    0.14285714285715             1
    0.28571428571428    0.00000000000000    0.14285714285715             1
    0.42857142857143    0.00000000000000    0.14285714285715             1
   -0.42857142857143    0.00000000000000    0.14285714285715             1
   -0.28571428571428    0.00000000000000    0.14285714285715             1
   -0.14285714285715    0.00000000000000    0.14285714285715             1
    0.00000000000000    0.14285714285715    0.14285714285715             1
    0.14285714285715    0.14285714285715    0.14285714285715             1
    0.28571428571428    0.14285714285715    0.14285714285715             1
    0.42857142857143    0.14285714285715    0.14285714285715             1
   -0.42857142857143    0.14285714285715    0.14285714285715             1
   -0.28571428571428    0.14285714285715    0.14285714285715             1
   -0.14285714285715    0.14285714285715    0.14285714285715             1
    0.00000000000000    0.28571428571428    0.14285714285715             1
    0.14285714285715    0.28571428571428    0.14285714285715             1
    0.28571428571428    0.28571428571428    0.14285714285715             1
    0.42857142857143    0.28571428571428    0.14285714285715             1
   -0.42857142857143    0.28571428571428    0.14285714285715             1
   -0.28571428571428    0.28571428571428    0.14285714285715             1
   -0.14285714285715    0.28571428571428    0.14285714285715             1
    0.00000000000000    0.42857142857143    0.14285714285715             1
    0.14285714285715    0.42857142857143    0.14285714285715             1
    0.28571428571428    0.42857142857143    0.14285714285715             1
    0.42857142857143    0.42857142857143    0.14285714285715             1
   -0.42857142857143    0.42857142857143    0.14285714285715             1
   -0.28571428571428    0.42857142857143    0.14285714285715             1
   -0.14285714285715    0.42857142857143    0.14285714285715             1
    0.00000000000000   -0.42857142857143    0.14285714285715             1
    0.14285714285715   -0.42857142857143    0.14285714285715             1
    0.28571428571428   -0.42857142857143    0.14285714285715             1
    0.42857142857143   -0.42857142857143    0.14285714285715             1
   -0.42857142857143   -0.42857142857143    0.14285714285715             1
   -0.28571428571428   -0.42857142857143    0.14285714285715             1
   -0.14285714285715   -0.42857142857143    0.14285714285715             1
    0.00000000000000   -0.28571428571428    0.14285714285715             1
    0.14285714285715   -0.28571428571428    0.14285714285715             1
    0.28571428571428   -0.28571428571428    0.14285714285715             1
    0.42857142857143   -0.28571428571428    0.14285714285715             1
   -0.42857142857143   -0.28571428571428    0.14285714285715             1
   -0.28571428571428   -0.28571428571428    0.14285714285715             1
   -0.14285714285715   -0.28571428571428    0.14285714285715             1
    0.00000000000000   -0.14285714285715    0.14285714285715             1
    0.14285714285715   -0.14285714285715    0.14285714285715             1
    0.28571428571428   -0.14285714285715    0.14285714285715             1
    0.42857142857143   -0.14285714285715    0.14285714285715             1
   -0.42857142857143   -0.14285714285715    0.14285714285715             1
   -0.28571428571428   -0.14285714285715    0.14285714285715             1
   -0.14285714285715   -0.14285714285715    0.14285714285715             1
    0.00000000000000    0.00000000000000    0.28571428571428             1
    0.14285714285715    0.00000000000000    0.28571428571428             1
    0.28571428571428    0.00000000000000    0.28571428571428             1
    0.42857142857143    0.00000000000000    0.28571428571428             1
   -0.42857142857143    0.00000000000000    0.28571428571428             1
   -0.28571428571428    0.00000000000000    0.28571428571428             1
   -0.14285714285715    0.00000000000000    0.28571428571428             1
    0.00000000000000    0.14285714285715    0.28571428571428             1
    0.14285714285715    0.14285714285715    0.28571428571428             1
    0.28571428571428    0.14285714285715    0.28571428571428             1
    0.42857142857143    0.14285714285715    0.28571428571428             1
   -0.42857142857143    0.14285714285715    0.28571428571428             1
   -0.28571428571428    0.14285714285715    0.28571428571428             1
   -0.14285714285715    0.14285714285715    0.28571428571428             1
    0.00000000000000    0.28571428571428    0.28571428571428             1
    0.14285714285715    0.28571428571428    0.28571428571428             1
    0.28571428571428    0.28571428571428    0.28571428571428             1
    0.42857142857143    0.28571428571428    0.28571428571428             1
   -0.42857142857143    0.28571428571428    0.28571428571428             1
   -0.28571428571428    0.28571428571428    0.28571428571428             1
   -0.14285714285715    0.28571428571428    0.28571428571428             1
    0.00000000000000    0.42857142857143    0.28571428571428             1
    0.14285714285715    0.42857142857143    0.28571428571428             1
    0.28571428571428    0.42857142857143    0.28571428571428             1
    0.42857142857143    0.42857142857143    0.28571428571428             1
   -0.42857142857143    0.42857142857143    0.28571428571428             1
   -0.28571428571428    0.42857142857143    0.28571428571428             1
   -0.14285714285715    0.42857142857143    0.28571428571428             1
    0.00000000000000   -0.42857142857143    0.28571428571428             1
    0.14285714285715   -0.42857142857143    0.28571428571428             1
    0.28571428571428   -0.42857142857143    0.28571428571428             1
    0.42857142857143   -0.42857142857143    0.28571428571428             1
   -0.42857142857143   -0.42857142857143    0.28571428571428             1
   -0.28571428571428   -0.42857142857143    0.28571428571428             1
   -0.14285714285715   -0.42857142857143    0.28571428571428             1
    0.00000000000000   -0.28571428571428    0.28571428571428             1
    0.14285714285715   -0.28571428571428    0.28571428571428             1
    0.28571428571428   -0.28571428571428    0.28571428571428             1
    0.42857142857143   -0.28571428571428    0.28571428571428             1
   -0.42857142857143   -0.28571428571428    0.28571428571428             1
   -0.28571428571428   -0.28571428571428    0.28571428571428             1
   -0.14285714285715   -0.28571428571428    0.28571428571428             1
    0.00000000000000   -0.14285714285715    0.28571428571428             1
    0.14285714285715   -0.14285714285715    0.28571428571428             1
    0.28571428571428   -0.14285714285715    0.28571428571428             1
    0.42857142857143   -0.14285714285715    0.28571428571428             1
   -0.42857142857143   -0.14285714285715    0.28571428571428             1
   -0.28571428571428   -0.14285714285715    0.28571428571428             1
   -0.14285714285715   -0.14285714285715    0.28571428571428             1
    0.00000000000000    0.00000000000000    0.42857142857143             1
    0.14285714285715    0.00000000000000    0.42857142857143             1
    0.28571428571428    0.00000000000000    0.42857142857143             1
    0.42857142857143    0.00000000000000    0.42857142857143             1
   -0.42857142857143    0.00000000000000    0.42857142857143             1
   -0.28571428571428    0.00000000000000    0.42857142857143             1
   -0.14285714285715    0.00000000000000    0.42857142857143             1
    0.00000000000000    0.14285714285715    0.42857142857143             1
    0.14285714285715    0.14285714285715    0.42857142857143             1
    0.28571428571428    0.14285714285715    0.42857142857143             1
    0.42857142857143    0.14285714285715    0.42857142857143             1
   -0.42857142857143    0.14285714285715    0.42857142857143             1
   -0.28571428571428    0.14285714285715    0.42857142857143             1
   -0.14285714285715    0.14285714285715    0.42857142857143             1
    0.00000000000000    0.28571428571428    0.42857142857143             1
    0.14285714285715    0.28571428571428    0.42857142857143             1
    0.28571428571428    0.28571428571428    0.42857142857143             1
    0.42857142857143    0.28571428571428    0.42857142857143             1
   -0.42857142857143    0.28571428571428    0.42857142857143             1
   -0.28571428571428    0.28571428571428    0.42857142857143             1
   -0.14285714285715    0.28571428571428    0.42857142857143             1
    0.00000000000000    0.42857142857143    0.42857142857143             1
    0.14285714285715    0.42857142857143    0.42857142857143             1
    0.28571428571428    0.42857142857143    0.42857142857143             1
    0.42857142857143    0.42857142857143    0.42857142857143             1
   -0.42857142857143    0.42857142857143    0.42857142857143             1
   -0.28571428571428    0.42857142857143    0.42857142857143             1
   -0.14285714285715    0.42857142857143    0.42857142857143             1
    0.00000000000000   -0.42857142857143    0.42857142857143             1
    0.14285714285715   -0.42857142857143    0.42857142857143             1
    0.28571428571428   -0.42857142857143    0.42857142857143             1
    0.42857142857143   -0.42857142857143    0.42857142857143             1
   -0.42857142857143   -0.42857142857143    0.42857142857143             1
   -0.28571428571428   -0.42857142857143    0.42857142857143             1
   -0.14285714285715   -0.42857142857143    0.42857142857143             1
    0.00000000000000   -0.28571428571428    0.42857142857143             1
    0.14285714285715   -0.28571428571428    0.42857142857143             1
    0.28571428571428   -0.28571428571428    0.42857142857143             1
    0.42857142857143   -0.28571428571428    0.42857142857143             1
   -0.42857142857143   -0.28571428571428    0.42857142857143             1
   -0.28571428571428   -0.28571428571428    0.42857142857143             1
   -0.14285714285715   -0.28571428571428    0.42857142857143             1
    0.00000000000000   -0.14285714285715    0.42857142857143             1
    0.14285714285715   -0.14285714285715    0.42857142857143             1
    0.28571428571428   -0.14285714285715    0.42857142857143             1
    0.42857142857143   -0.14285714285715    0.42857142857143             1
   -0.42857142857143   -0.14285714285715    0.42857142857143             1
   -0.28571428571428   -0.14285714285715    0.42857142857143             1
   -0.14285714285715   -0.14285714285715    0.42857142857143             1
    0.00000000000000    0.00000000000000   -0.42857142857143             1
    0.14285714285715    0.00000000000000   -0.42857142857143             1
    0.28571428571428    0.00000000000000   -0.42857142857143             1
    0.42857142857143    0.00000000000000   -0.42857142857143             1
   -0.42857142857143    0.00000000000000   -0.42857142857143             1
   -0.28571428571428    0.00000000000000   -0.42857142857143             1
   -0.14285714285715    0.00000000000000   -0.42857142857143             1
    0.00000000000000    0.14285714285715   -0.42857142857143             1
    0.14285714285715    0.14285714285715   -0.42857142857143             1
    0.28571428571428    0.14285714285715   -0.42857142857143             1
    0.42857142857143    0.14285714285715   -0.42857142857143             1
   -0.42857142857143    0.14285714285715   -0.42857142857143             1
   -0.28571428571428    0.14285714285715   -0.42857142857143             1
   -0.14285714285715    0.14285714285715   -0.42857142857143             1
    0.00000000000000    0.28571428571428   -0.42857142857143             1
    0.14285714285715    0.28571428571428   -0.42857142857143             1
    0.28571428571428    0.28571428571428   -0.42857142857143             1
    0.42857142857143    0.28571428571428   -0.42857142857143             1
   -0.42857142857143    0.28571428571428   -0.42857142857143             1
   -0.28571428571428    0.28571428571428   -0.42857142857143             1
   -0.14285714285715    0.28571428571428   -0.42857142857143             1
    0.00000000000000    0.42857142857143   -0.42857142857143             1
    0.14285714285715    0.42857142857143   -0.42857142857143             1
    0.28571428571428    0.42857142857143   -0.42857142857143             1
    0.42857142857143    0.42857142857143   -0.42857142857143             1
   -0.42857142857143    0.42857142857143   -0.42857142857143             1
   -0.28571428571428    0.42857142857143   -0.42857142857143             1
   -0.14285714285715    0.42857142857143   -0.42857142857143             1
    0.00000000000000   -0.42857142857143   -0.42857142857143             1
    0.14285714285715   -0.42857142857143   -0.42857142857143             1
    0.28571428571428   -0.42857142857143   -0.42857142857143             1
    0.42857142857143   -0.42857142857143   -0.42857142857143             1
   -0.42857142857143   -0.42857142857143   -0.42857142857143             1
   -0.28571428571428   -0.42857142857143   -0.42857142857143             1
   -0.14285714285715   -0.42857142857143   -0.42857142857143             1
    0.00000000000000   -0.28571428571428   -0.42857142857143             1
    0.14285714285715   -0.28571428571428   -0.42857142857143             1
    0.28571428571428   -0.28571428571428   -0.42857142857143             1
    0.42857142857143   -0.28571428571428   -0.42857142857143             1
   -0.42857142857143   -0.28571428571428   -0.42857142857143             1
   -0.28571428571428   -0.28571428571428   -0.42857142857143             1
   -0.14285714285715   -0.28571428571428   -0.42857142857143             1
    0.00000000000000   -0.14285714285715   -0.42857142857143             1
    0.14285714285715   -0.14285714285715   -0.42857142857143             1
    0.28571428571428   -0.14285714285715   -0.42857142857143             1
    0.42857142857143   -0.14285714285715   -0.42857142857143             1
   -0.42857142857143   -0.14285714285715   -0.42857142857143             1
   -0.28571428571428   -0.14285714285715   -0.42857142857143             1
   -0.14285714285715   -0.14285714285715   -0.42857142857143             1
    0.00000000000000    0.00000000000000   -0.28571428571428             1
    0.14285714285715    0.00000000000000   -0.28571428571428             1
    0.28571428571428    0.00000000000000   -0.28571428571428             1
    0.42857142857143    0.00000000000000   -0.28571428571428             1
   -0.42857142857143    0.00000000000000   -0.28571428571428             1
   -0.28571428571428    0.00000000000000   -0.28571428571428             1
   -0.14285714285715    0.00000000000000   -0.28571428571428             1
    0.00000000000000    0.14285714285715   -0.28571428571428             1
    0.14285714285715    0.14285714285715   -0.28571428571428             1
    0.28571428571428    0.14285714285715   -0.28571428571428             1
    0.42857142857143    0.14285714285715   -0.28571428571428             1
   -0.42857142857143    0.14285714285715   -0.28571428571428             1
   -0.28571428571428    0.14285714285715   -0.28571428571428             1
   -0.14285714285715    0.14285714285715   -0.28571428571428             1
    0.00000000000000    0.28571428571428   -0.28571428571428             1
    0.14285714285715    0.28571428571428   -0.28571428571428             1
    0.28571428571428    0.28571428571428   -0.28571428571428             1
    0.42857142857143    0.28571428571428   -0.28571428571428             1
   -0.42857142857143    0.28571428571428   -0.28571428571428             1
   -0.28571428571428    0.28571428571428   -0.28571428571428             1
   -0.14285714285715    0.28571428571428   -0.28571428571428             1
    0.00000000000000    0.42857142857143   -0.28571428571428             1
    0.14285714285715    0.42857142857143   -0.28571428571428             1
    0.28571428571428    0.42857142857143   -0.28571428571428             1
    0.42857142857143    0.42857142857143   -0.28571428571428             1
   -0.42857142857143    0.42857142857143   -0.28571428571428             1
   -0.28571428571428    0.42857142857143   -0.28571428571428             1
   -0.14285714285715    0.42857142857143   -0.28571428571428             1
    0.00000000000000   -0.42857142857143   -0.28571428571428             1
    0.14285714285715   -0.42857142857143   -0.28571428571428             1
    0.28571428571428   -0.42857142857143   -0.28571428571428             1
    0.42857142857143   -0.42857142857143   -0.28571428571428             1
   -0.42857142857143   -0.42857142857143   -0.28571428571428             1
   -0.28571428571428   -0.42857142857143   -0.28571428571428             1
   -0.14285714285715   -0.42857142857143   -0.28571428571428             1
    0.00000000000000   -0.28571428571428   -0.28571428571428             1
    0.14285714285715   -0.28571428571428   -0.28571428571428             1
    0.28571428571428   -0.28571428571428   -0.28571428571428             1
    0.42857142857143   -0.28571428571428   -0.28571428571428             1
   -0.42857142857143   -0.28571428571428   -0.28571428571428             1
   -0.28571428571428   -0.28571428571428   -0.28571428571428             1
   -0.14285714285715   -0.28571428571428   -0.28571428571428             1
    0.00000000000000   -0.14285714285715   -0.28571428571428             1
    0.14285714285715   -0.14285714285715   -0.28571428571428             1
    0.28571428571428   -0.14285714285715   -0.28571428571428             1
    0.42857142857143   -0.14285714285715   -0.28571428571428             1
   -0.42857142857143   -0.14285714285715   -0.28571428571428             1
   -0.28571428571428   -0.14285714285715   -0.28571428571428             1
   -0.14285714285715   -0.14285714285715   -0.28571428571428             1
    0.00000000000000    0.00000000000000   -0.14285714285715             1
    0.14285714285715    0.00000000000000   -0.14285714285715             1
    0.28571428571428    0.00000000000000   -0.14285714285715             1
    0.42857142857143    0.00000000000000   -0.14285714285715             1
   -0.42857142857143    0.00000000000000   -0.14285714285715             1
   -0.28571428571428    0.00000000000000   -0.14285714285715             1
   -0.14285714285715    0.00000000000000   -0.14285714285715             1
    0.00000000000000    0.14285714285715   -0.14285714285715             1
    0.14285714285715    0.14285714285715   -0.14285714285715             1
    0.28571428571428    0.14285714285715   -0.14285714285715             1
    0.42857142857143    0.14285714285715   -0.14285714285715             1
   -0.42857142857143    0.14285714285715   -0.14285714285715             1
   -0.28571428571428    0.14285714285715   -0.14285714285715             1
   -0.14285714285715    0.14285714285715   -0.14285714285715             1
    0.00000000000000    0.28571428571428   -0.14285714285715             1
    0.14285714285715    0.28571428571428   -0.14285714285715             1
    0.28571428571428    0.28571428571428   -0.14285714285715             1
    0.42857142857143    0.28571428571428   -0.14285714285715             1
   -0.42857142857143    0.28571428571428   -0.14285714285715             1
   -0.28571428571428    0.28571428571428   -0.14285714285715             1
   -0.14285714285715    0.28571428571428   -0.14285714285715             1
    0.00000000000000    0.42857142857143   -0.14285714285715             1
    0.14285714285715    0.42857142857143   -0.14285714285715             1
    0.28571428571428    0.42857142857143   -0.14285714285715             1
    0.42857142857143    0.42857142857143   -0.14285714285715             1
   -0.42857142857143    0.42857142857143   -0.14285714285715             1
   -0.28571428571428    0.42857142857143   -0.14285714285715             1
   -0.14285714285715    0.42857142857143   -0.14285714285715             1
    0.00000000000000   -0.42857142857143   -0.14285714285715             1
    0.14285714285715   -0.42857142857143   -0.14285714285715             1
    0.28571428571428   -0.42857142857143   -0.14285714285715             1
    0.42857142857143   -0.42857142857143   -0.14285714285715             1
   -0.42857142857143   -0.42857142857143   -0.14285714285715             1
   -0.28571428571428   -0.42857142857143   -0.14285714285715             1
   -0.14285714285715   -0.42857142857143   -0.14285714285715             1
    0.00000000000000   -0.28571428571428   -0.14285714285715             1
    0.14285714285715   -0.28571428571428   -0.14285714285715             1
    0.28571428571428   -0.28571428571428   -0.14285714285715             1
    0.42857142857143   -0.28571428571428   -0.14285714285715             1
   -0.42857142857143   -0.28571428571428   -0.14285714285715             1
   -0.28571428571428   -0.28571428571428   -0.14285714285715             1
   -0.14285714285715   -0.28571428571428   -0.14285714285715             1
    0.00000000000000   -0.14285714285715   -0.14285714285715             1
    0.14285714285715   -0.14285714285715   -0.14285714285715             1
    0.28571428571428   -0.14285714285715   -0.14285714285715             1
    0.42857142857143   -0.14285714285715   -0.14285714285715             1
   -0.42857142857143   -0.14285714285715   -0.14285714285715             1
   -0.28571428571428   -0.14285714285715   -0.14285714285715             1
   -0.14285714285715   -0.14285714285715   -0.14285714285715             1
Tetrahedra
      2058    0.00048590864917
         1        58        59        66       107
         1        58        65        66       107
         1        65        66       107       114
         1        59        66       107       108
         1        66       107       108       115
         1        66       107       114       115
         1        59        60        67       108
         1        59        66        67       108
         1        66        67       108       115
         1        60        67       108       109
         1        67       108       109       116
         1        67       108       115       116
         1        60        61        68       109
         1        60        67        68       109
         1        67        68       109       116
         1        61        68       109       110
         1        68       109       110       117
         1        68       109       116       117
         1        61        62        69       110
         1        61        68        69       110
         1        68        69       110       117
         1        62        69       110       111
         1        69       110       111       118
         1        69       110       117       118
         1        62        63        70       111
         1        62        69        70       111
         1        69        70       111       118
         1        63        70       111       112
         1        70       111       112       119
         1        70       111       118       119
         1        57        63        64       112
         1        63        64        70       112
         1        64        70       112       119
         1        57        64       106       112
         1        64       106       112       113
         1        64       112       113       119
         1        57        58        65       106
         1        57        64        65       106
         1        64        65       106       113
         1        58        65       106       107
         1        65       106       107       114
         1        65       106       113       114
         1        65        66        73       114
         1        65        72        73       114
         1        72        73       114       121
         1        66        73       114       115
         1        73       114       115       122
         1        73       114       121       122
         1        66        67        74       115
         1        66        73        74       115
         1        73        74       115       122
         1        67        74       115       116
         1        74       115       116       123
         1        74       115       122       123
         1        67        68        75       116
         1        67        74        75       116
         1        74        75       116       123
         1        68        75       116       117
         1        75       116       117       124
         1        75       116       123       124
         1        68        69        76       117
         1        68        75        76       117
         1        75        76       117       124
         1        69        76       117       118
         1        76       117       118       125
         1        76       117       124       125
         1        69        70        77       118
         1        69        76        77       118
         1        76        77       118       125
         1        70        77       118       119
         1        77       118       119       126
         1        77       118       125       126
         1        64        70        71       119
         1        70        71        77       119
         1        71        77       119       126
         1        64        71       113       119
         1        71       113       119       120
         1        71       119       120       126
         1        64        65        72       113
         1        64        71        72       113
         1        71        72       113       120
         1        65        72       113       114
         1        72       113       114       121
         1        72       113       120       121
         1        72        73        80       121
         1        72        79        80       121
         1        79        80       121       128
         1        73        80       121       122
         1        80       121       122       129
         1        80       121       128       129
         1        73        74        81       122
         1        73        80        81       122
         1        80        81       122       129
         1        74        81       122       123
         1        81       122       123       130
         1        81       122       129       130
         1        74        75        82       123
         1        74        81        82       123
         1        81        82       123       130
         1        75        82       123       124
         1        82       123       124       131
         1        82       123       130       131
         1        75        76        83       124
         1        75        82        83       124
         1        82        83       124       131
         1        76        83       124       125
         1        83       124       125       132
         1        83       124       131       132
         1        76        77        84       125
         1        76        83        84       125
         1        83        84       125       132
         1        77        84       125       126
         1        84       125       126       133
         1        84       125       132       133
         1        71        77        78       126
         1        77        78        84       126
         1        78        84       126       133
         1        71        78       120       126
         1        78       120       126       127
         1        78       126       127       133
         1        71        72        79       120
         1        71        78        79       120
         1        78        79       120       127
         1        72        79       120       121
         1        79       120       121       128
         1        79       120       127       128
         1        79        80        87       128
         1        79        86        87       128
         1        86        87       128       135
         1        80        87       128       129
         1        87       128       129       136
         1        87       128       135       136
         1        80        81        88       129
         1        80        87        88       129
         1        87        88       129       136
         1        81        88       129       130
         1        88       129       130       137
         1        88       129       136       137
         1        81        82        89       130
         1        81        88        89       130
         1        88        89       130       137
         1        82        89       130       131
         1        89       130       131       138
         1        89       130       137       138
         1        82        83        90       131
         1        82        89        90       131
         1        89        90       131       138
         1        83        90       131       132
         1        90       131       132       139
         1        90       131       138       139
         1        83        84        91       132
         1        83        90        91       132
         1        90        91       132       139
         1        84        91       132       133
         1        91       132       133       140
         1        91       132       139       140
         1        78        84        85       133
         1        84        85        91       133
         1        85        91       133       140
         1        78        85       127       133
         1        85       127       133       134
         1        85       133       134       140
         1        78        79        86       127
         1        78        85        86       127
         1        85        86       127       134
         1        79        86       127       128
         1        86       127       128       135
         1        86       127       134       135
         1        86        87        94       135
         1        86        93        94       135
         1        93        94       135       142
         1        87        94       135       136
         1        94       135       136       143
         1        94       135       142       143
         1        87        88        95       136
         1        87        94        95       136
         1        94        95       136       143
         1        88        95       136       137
         1        95       136       137       144
         1        95       136       143       144
         1        88        89        96       137
         1        88        95        96       137
         1        95        96       137       144
         1        89        96       137       138
         1        96       137       138       145
         1        96       137       144       145
         1        89        90        97       138
         1        89        96        97       138
         1        96        97       138       145
         1        90        97       138       139
         1        97       138       139       146
         1        97       138       145       146
         1        90        91        98       139
         1        90        97        98       139
         1        97        98       139       146
         1        91        98       139       140
         1        98       139       140       147
         1        98       139       146       147
         1        85        91        92       140
         1        91        92        98       140
         1        92        98       140       147
         1        85        92       134       140
         1        92       134       140       141
         1        92       140       141       147
         1        85        86        93       134
         1        85        92        93       134
         1        92        93       134       141
         1        86        93       134       135
         1        93       134       135       142
         1        93       134       141       142
         1        52        93        94       142
         1        51        52        93       142
         1        51        52       100       142
         1        52        94       142       143
         1        52       101       142       143
         1        52       100       101       142
         1        53        94        95       143
         1        52        53        94       143
         1        52        53       101       143
         1        53        95       143       144
         1        53       102       143       144
         1        53       101       102       143
         1        54        95        96       144
         1        53        54        95       144
         1        53        54       102       144
         1        54        96       144       145
         1        54       103       144       145
         1        54       102       103       144
         1        55        96        97       145
         1        54        55        96       145
         1        54        55       103       145
         1        55        97       145       146
         1        55       104       145       146
         1        55       103       104       145
         1        56        97        98       146
         1        55        56        97       146
         1        55        56       104       146
         1        56        98       146       147
         1        56       105       146       147
         1        56       104       105       146
         1        50        92        98       147
         1        50        56        98       147
         1        50        56       105       147
         1        50        92       141       147
         1        50        99       141       147
         1        50        99       105       147
         1        51        92        93       141
         1        50        51        92       141
         1        50        51        99       141
         1        51        93       141       142
         1        51       100       141       142
         1        51        99       100       141
         1        51        52        59       100
         1        51        58        59       100
         1        58        59       100       107
         1        52        59       100       101
         1        59       100       101       108
         1        59       100       107       108
         1        52        53        60       101
         1        52        59        60       101
         1        59        60       101       108
         1        53        60       101       102
         1        60       101       102       109
         1        60       101       108       109
         1        53        54        61       102
         1        53        60        61       102
         1        60        61       102       109
         1        54        61       102       103
         1        61       102       103       110
         1        61       102       109       110
         1        54        55        62       103
         1        54        61        62       103
         1        61        62       103       110
         1        55        62       103       104
         1        62       103       104       111
         1        62       103       110       111
         1        55        56        63       104
         1        55        62        63       104
         1        62        63       104       111
         1        56        63       104       105
         1        63       104       105       112
         1        63       104       111       112
         1        50        56        57       105
         1        56        57        63       105
         1        57        63       105       112
         1        50        57        99       105
         1        57        99       105       106
         1        57       105       106       112
         1        50        51        58        99
         1        50        57        58        99
         1        57        58        99       106
         1        51        58        99       100
         1        58        99       100       107
         1        58        99       106       107
         1       107       108       115       156
         1       107       114       115       156
         1       114       115       156       163
         1       108       115       156       157
         1       115       156       157       164
         1       115       156       163       164
         1       108       109       116       157
         1       108       115       116       157
         1       115       116       157       164
         1       109       116       157       158
         1       116       157       158       165
         1       116       157       164       165
         1       109       110       117       158
         1       109       116       117       158
         1       116       117       158       165
         1       110       117       158       159
         1       117       158       159       166
         1       117       158       165       166
         1       110       111       118       159
         1       110       117       118       159
         1       117       118       159       166
         1       111       118       159       160
         1       118       159       160       167
         1       118       159       166       167
         1       111       112       119       160
         1       111       118       119       160
         1       118       119       160       167
         1       112       119       160       161
         1       119       160       161       168
         1       119       160       167       168
         1       106       112       113       161
         1       112       113       119       161
         1       113       119       161       168
         1       106       113       155       161
         1       113       155       161       162
         1       113       161       162       168
         1       106       107       114       155
         1       106       113       114       155
         1       113       114       155       162
         1       107       114       155       156
         1       114       155       156       163
         1       114       155       162       163
         1       114       115       122       163
         1       114       121       122       163
         1       121       122       163       170
         1       115       122       163       164
         1       122       163       164       171
         1       122       163       170       171
         1       115       116       123       164
         1       115       122       123       164
         1       122       123       164       171
         1       116       123       164       165
         1       123       164       165       172
         1       123       164       171       172
         1       116       117       124       165
         1       116       123       124       165
         1       123       124       165       172
         1       117       124       165       166
         1       124       165       166       173
         1       124       165       172       173
         1       117       118       125       166
         1       117       124       125       166
         1       124       125       166       173
         1       118       125       166       167
         1       125       166       167       174
         1       125       166       173       174
         1       118       119       126       167
         1       118       125       126       167
         1       125       126       167       174
         1       119       126       167       168
         1       126       167       168       175
         1       126       167       174       175
         1       113       119       120       168
         1       119       120       126       168
         1       120       126       168       175
         1       113       120       162       168
         1       120       162       168       169
         1       120       168       169       175
         1       113       114       121       162
         1       113       120       121       162
         1       120       121       162       169
         1       114       121       162       163
         1       121       162       163       170
         1       121       162       169       170
         1       121       122       129       170
         1       121       128       129       170
         1       128       129       170       177
         1       122       129       170       171
         1       129       170       171       178
         1       129       170       177       178
         1       122       123       130       171
         1       122       129       130       171
         1       129       130       171       178
         1       123       130       171       172
         1       130       171       172       179
         1       130       171       178       179
         1       123       124       131       172
         1       123       130       131       172
         1       130       131       172       179
         1       124       131       172       173
         1       131       172       173       180
         1       131       172       179       180
         1       124       125       132       173
         1       124       131       132       173
         1       131       132       173       180
         1       125       132       173       174
         1       132       173       174       181
         1       132       173       180       181
         1       125       126       133       174
         1       125       132       133       174
         1       132       133       174       181
         1       126       133       174       175
         1       133       174       175       182
         1       133       174       181       182
         1       120       126       127       175
         1       126       127       133       175
         1       127       133       175       182
         1       120       127       169       175
         1       127       169       175       176
         1       127       175       176       182
         1       120       121       128       169
         1       120       127       128       169
         1       127       128       169       176
         1       121       128       169       170
         1       128       169       170       177
         1       128       169       176       177
         1       128       129       136       177
         1       128       135       136       177
         1       135       136       177       184
         1       129       136       177       178
         1       136       177       178       185
         1       136       177       184       185
         1       129       130       137       178
         1       129       136       137       178
         1       136       137       178       185
         1       130       137       178       179
         1       137       178       179       186
         1       137       178       185       186
         1       130       131       138       179
         1       130       137       138       179
         1       137       138       179       186
         1       131       138       179       180
         1       138       179       180       187
         1       138       179       186       187
         1       131       132       139       180
         1       131       138       139       180
         1       138       139       180       187
         1       132       139       180       181
         1       139       180       181       188
         1       139       180       187       188
         1       132       133       140       181
         1       132       139       140       181
         1       139       140       181       188
         1       133       140       181       182
         1       140       181       182       189
         1       140       181       188       189
         1       127       133       134       182
         1       133       134       140       182
         1       134       140       182       189
         1       127       134       176       182
         1       134       176       182       183
         1       134       182       183       189
         1       127       128       135       176
         1       127       134       135       176
         1       134       135       176       183
         1       128       135       176       177
         1       135       176       177       184
         1       135       176       183       184
         1       135       136       143       184
         1       135       142       143       184
         1       142       143       184       191
         1       136       143       184       185
         1       143       184       185       192
         1       143       184       191       192
         1       136       137       144       185
         1       136       143       144       185
         1       143       144       185       192
         1       137       144       185       186
         1       144       185       186       193
         1       144       185       192       193
         1       137       138       145       186
         1       137       144       145       186
         1       144       145       186       193
         1       138       145       186       187
         1       145       186       187       194
         1       145       186       193       194
         1       138       139       146       187
         1       138       145       146       187
         1       145       146       187       194
         1       139       146       187       188
         1       146       187       188       195
         1       146       187       194       195
         1       139       140       147       188
         1       139       146       147       188
         1       146       147       188       195
         1       140       147       188       189
         1       147       188       189       196
         1       147       188       195       196
         1       134       140       141       189
         1       140       141       147       189
         1       141       147       189       196
         1       134       141       183       189
         1       141       183       189       190
         1       141       189       190       196
         1       134       135       142       183
         1       134       141       142       183
         1       141       142       183       190
         1       135       142       183       184
         1       142       183       184       191
         1       142       183       190       191
         1       101       142       143       191
         1       100       101       142       191
         1       100       101       149       191
         1       101       143       191       192
         1       101       150       191       192
         1       101       149       150       191
         1       102       143       144       192
         1       101       102       143       192
         1       101       102       150       192
         1       102       144       192       193
         1       102       151       192       193
         1       102       150       151       192
         1       103       144       145       193
         1       102       103       144       193
         1       102       103       151       193
         1       103       145       193       194
         1       103       152       193       194
         1       103       151       152       193
         1       104       145       146       194
         1       103       104       145       194
         1       103       104       152       194
         1       104       146       194       195
         1       104       153       194       195
         1       104       152       153       194
         1       105       146       147       195
         1       104       105       146       195
         1       104       105       153       195
         1       105       147       195       196
         1       105       154       195       196
         1       105       153       154       195
         1        99       141       147       196
         1        99       105       147       196
         1        99       105       154       196
         1        99       141       190       196
         1        99       148       190       196
         1        99       148       154       196
         1       100       141       142       190
         1        99       100       141       190
         1        99       100       148       190
         1       100       142       190       191
         1       100       149       190       191
         1       100       148       149       190
         1       100       101       108       149
         1       100       107       108       149
         1       107       108       149       156
         1       101       108       149       150
         1       108       149       150       157
         1       108       149       156       157
         1       101       102       109       150
         1       101       108       109       150
         1       108       109       150       157
         1       102       109       150       151
         1       109       150       151       158
         1       109       150       157       158
         1       102       103       110       151
         1       102       109       110       151
         1       109       110       151       158
         1       103       110       151       152
         1       110       151       152       159
         1       110       151       158       159
         1       103       104       111       152
         1       103       110       111       152
         1       110       111       152       159
         1       104       111       152       153
         1       111       152       153       160
         1       111       152       159       160
         1       104       105       112       153
         1       104       111       112       153
         1       111       112       153       160
         1       105       112       153       154
         1       112       153       154       161
         1       112       153       160       161
         1        99       105       106       154
         1       105       106       112       154
         1       106       112       154       161
         1        99       106       148       154
         1       106       148       154       155
         1       106       154       155       161
         1        99       100       107       148
         1        99       106       107       148
         1       106       107       148       155
         1       100       107       148       149
         1       107       148       149       156
         1       107       148       155       156
         1       156       157       164       205
         1       156       163       164       205
         1       163       164       205       212
         1       157       164       205       206
         1       164       205       206       213
         1       164       205       212       213
         1       157       158       165       206
         1       157       164       165       206
         1       164       165       206       213
         1       158       165       206       207
         1       165       206       207       214
         1       165       206       213       214
         1       158       159       166       207
         1       158       165       166       207
         1       165       166       207       214
         1       159       166       207       208
         1       166       207       208       215
         1       166       207       214       215
         1       159       160       167       208
         1       159       166       167       208
         1       166       167       208       215
         1       160       167       208       209
         1       167       208       209       216
         1       167       208       215       216
         1       160       161       168       209
         1       160       167       168       209
         1       167       168       209       216
         1       161       168       209       210
         1       168       209       210       217
         1       168       209       216       217
         1       155       161       162       210
         1       161       162       168       210
         1       162       168       210       217
         1       155       162       204       210
         1       162       204       210       211
         1       162       210       211       217
         1       155       156       163       204
         1       155       162       163       204
         1       162       163       204       211
         1       156       163       204       205
         1       163       204       205       212
         1       163       204       211       212
         1       163       164       171       212
         1       163       170       171       212
         1       170       171       212       219
         1       164       171       212       213
         1       171       212       213       220
         1       171       212       219       220
         1       164       165       172       213
         1       164       171       172       213
         1       171       172       213       220
         1       165       172       213       214
         1       172       213       214       221
         1       172       213       220       221
         1       165       166       173       214
         1       165       172       173       214
         1       172       173       214       221
         1       166       173       214       215
         1       173       214       215       222
         1       173       214       221       222
         1       166       167       174       215
         1       166       173       174       215
         1       173       174       215       222
         1       167       174       215       216
         1       174       215       216       223
         1       174       215       222       223
         1       167       168       175       216
         1       167       174       175       216
         1       174       175       216       223
         1       168       175       216       217
         1       175       216       217       224
         1       175       216       223       224
         1       162       168       169       217
         1       168       169       175       217
         1       169       175       217       224
         1       162       169       211       217
         1       169       211       217       218
         1       169       217       218       224
         1       162       163       170       211
         1       162       169       170       211
         1       169       170       211       218
         1       163       170       211       212
         1       170       211       212       219
         1       170       211       218       219
         1       170       171       178       219
         1       170       177       178       219
         1       177       178       219       226
         1       171       178       219       220
         1       178       219       220       227
         1       178       219       226       227
         1       171       172       179       220
         1       171       178       179       220
         1       178       179       220       227
         1       172       179       220       221
         1       179       220       221       228
         1       179       220       227       228
         1       172       173       180       221
         1       172       179       180       221
         1       179       180       221       228
         1       173       180       221       222
         1       180       221       222       229
         1       180       221       228       229
         1       173       174       181       222
         1       173       180       181       222
         1       180       181       222       229
         1       174       181       222       223
         1       181       222       223       230
         1       181       222       229       230
         1       174       175       182       223
         1       174       181       182       223
         1       181       182       223       230
         1       175       182       223       224
         1       182       223       224       231
         1       182       223       230       231
         1       169       175       176       224
         1       175       176       182       224
         1       176       182       224       231
         1       169       176       218       224
         1       176       218       224       225
         1       176       224       225       231
         1       169       170       177       218
         1       169       176       177       218
         1       176       177       218       225
         1       170       177       218       219
         1       177       218       219       226
         1       177       218       225       226
         1       177       178       185       226
         1       177       184       185       226
         1       184       185       226       233
         1       178       185       226       227
         1       185       226       227       234
         1       185       226       233       234
         1       178       179       186       227
         1       178       185       186       227
         1       185       186       227       234
         1       179       186       227       228
         1       186       227       228       235
         1       186       227       234       235
         1       179       180       187       228
         1       179       186       187       228
         1       186       187       228       235
         1       180       187       228       229
         1       187       228       229       236
         1       187       228       235       236
         1       180       181       188       229
         1       180       187       188       229
         1       187       188       229       236
         1       181       188       229       230
         1       188       229       230       237
         1       188       229       236       237
         1       181       182       189       230
         1       181       188       189       230
         1       188       189       230       237
         1       182       189       230       231
         1       189       230       231       238
         1       189       230       237       238
         1       176       182       183       231
         1       182       183       189       231
         1       183       189       231       238
         1       176       183       225       231
         1       183       225       231       232
         1       183       231       232       238
         1       176       177       184       225
         1       176       183       184       225
         1       183       184       225       232
         1       177       184       225       226
         1       184       225       226       233
         1       184       225       232       233
         1       184       185       192       233
         1       184       191       192       233
         1       191       192       233       240
         1       185       192       233       234
         1       192       233       234       241
         1       192       233       240       241
         1       185       186       193       234
         1       185       192       193       234
         1       192       193       234       241
         1       186       193       234       235
         1       193       234       235       242
         1       193       234       241       242
         1       186       187       194       235
         1       186       193       194       235
         1       193       194       235       242
         1       187       194       235       236
         1       194       235       236       243
         1       194       235       242       243
         1       187       188       195       236
         1       187       194       195       236
         1       194       195       236       243
         1       188       195       236       237
         1       195       236       237       244
         1       195       236       243       244
         1       188       189       196       237
         1       188       195       196       237
         1       195       196       237       244
         1       189       196       237       238
         1       196       237       238       245
         1       196       237       244       245
         1       183       189       190       238
         1       189       190       196       238
         1       190       196       238       245
         1       183       190       232       238
         1       190       232       238       239
         1       190       238       239       245
         1       183       184       191       232
         1       183       190       191       232
         1       190       191       232       239
         1       184       191       232       233
         1       191       232       233       240
         1       191       232       239       240
         1       150       191       192       240
         1       149       150       191       240
         1       149       150       198       240
         1       150       192       240       241
         1       150       199       240       241
         1       150       198       199       240
         1       151       192       193       241
         1       150       151       192       241
         1       150       151       199       241
         1       151       193       241       242
         1       151       200       241       242
         1       151       199       200       241
         1       152       193       194       242
         1       151       152       193       242
         1       151       152       200       242
         1       152       194       242       243
         1       152       201       242       243
         1       152       200       201       242
         1       153       194       195       243
         1       152       153       194       243
         1       152       153       201       243
         1       153       195       243       244
         1       153       202       243       244
         1       153       201       202       243
         1       154       195       196       244
         1       153       154       195       244
         1       153       154       202       244
         1       154       196       244       245
         1       154       203       244       245
         1       154       202       203       244
         1       148       190       196       245
         1       148       154       196       245
         1       148       154       203       245
         1       148       190       239       245
         1       148       197       239       245
         1       148       197       203       245
         1       149       190       191       239
         1       148       149       190       239
         1       148       149       197       239
         1       149       191       239       240
         1       149       198       239       240
         1       149       197       198       239
         1       149       150       157       198
         1       149       156       157       198
         1       156       157       198       205
         1       150       157       198       199
         1       157       198       199       206
         1       157       198       205       206
         1       150       151       158       199
         1       150       157       158       199
         1       157       158       199       206
         1       151       158       199       200
         1       158       199       200       207
         1       158       199       206       207
         1       151       152       159       200
         1       151       158       159       200
         1       158       159       200       207
         1       152       159       200       201
         1       159       200       201       208
         1       159       200       207       208
         1       152       153       160       201
         1       152       159       160       201
         1       159       160       201       208
         1       153       160       201       202
         1       160       201       202       209
         1       160       201       208       209
         1       153       154       161       202
         1       153       160       161       202
         1       160       161       202       209
         1       154       161       202       203
         1       161       202       203       210
         1       161       202       209       210
         1       148       154       155       203
         1       154       155       161       203
         1       155       161       203       210
         1       148       155       197       203
         1       155       197       203       204
         1       155       203       204       210
         1       148       149       156       197
         1       148       155       156       197
         1       155       156       197       204
         1       149       156       197       198
         1       156       197       198       205
         1       156       197       204       205
         1       205       206       213       254
         1       205       212       213       254
         1       212       213       254       261
         1       206       213       254       255
         1       213       254       255       262
         1       213       254       261       262
         1       206       207       214       255
         1       206       213       214       255
         1       213       214       255       262
         1       207       214       255       256
         1       214       255       256       263
         1       214       255       262       263
         1       207       208       215       256
         1       207       214       215       256
         1       214       215       256       263
         1       208       215       256       257
         1       215       256       257       264
         1       215       256       263       264
         1       208       209       216       257
         1       208       215       216       257
         1       215       216       257       264
         1       209       216       257       258
         1       216       257       258       265
         1       216       257       264       265
         1       209       210       217       258
         1       209       216       217       258
         1       216       217       258       265
         1       210       217       258       259
         1       217       258       259       266
         1       217       258       265       266
         1       204       210       211       259
         1       210       211       217       259
         1       211       217       259       266
         1       204       211       253       259
         1       211       253       259       260
         1       211       259       260       266
         1       204       205       212       253
         1       204       211       212       253
         1       211       212       253       260
         1       205       212       253       254
         1       212       253       254       261
         1       212       253       260       261
         1       212       213       220       261
         1       212       219       220       261
         1       219       220       261       268
         1       213       220       261       262
         1       220       261       262       269
         1       220       261       268       269
         1       213       214       221       262
         1       213       220       221       262
         1       220       221       262       269
         1       214       221       262       263
         1       221       262       263       270
         1       221       262       269       270
         1       214       215       222       263
         1       214       221       222       263
         1       221       222       263       270
         1       215       222       263       264
         1       222       263       264       271
         1       222       263       270       271
         1       215       216       223       264
         1       215       222       223       264
         1       222       223       264       271
         1       216       223       264       265
         1       223       264       265       272
         1       223       264       271       272
         1       216       217       224       265
         1       216       223       224       265
         1       223       224       265       272
         1       217       224       265       266
         1       224       265       266       273
         1       224       265       272       273
         1       211       217       218       266
         1       217       218       224       266
         1       218       224       266       273
         1       211       218       260       266
         1       218       260       266       267
         1       218       266       267       273
         1       211       212       219       260
         1       211       218       219       260
         1       218       219       260       267
         1       212       219       260       261
         1       219       260       261       268
         1       219       260       267       268
         1       219       220       227       268
         1       219       226       227       268
         1       226       227       268       275
         1       220       227       268       269
         1       227       268       269       276
         1       227       268       275       276
         1       220       221       228       269
         1       220       227       228       269
         1       227       228       269       276
         1       221       228       269       270
         1       228       269       270       277
         1       228       269       276       277
         1       221       222       229       270
         1       221       228       229       270
         1       228       229       270       277
         1       222       229       270       271
         1       229       270       271       278
         1       229       270       277       278
         1       222       223       230       271
         1       222       229       230       271
         1       229       230       271       278
         1       223       230       271       272
         1       230       271       272       279
         1       230       271       278       279
         1       223       224       231       272
         1       223       230       231       272
         1       230       231       272       279
         1       224       231       272       273
         1       231       272       273       280
         1       231       272       279       280
         1       218       224       225       273
         1       224       225       231       273
         1       225       231       273       280
         1       218       225       267       273
         1       225       267       273       274
         1       225       273       274       280
         1       218       219       226       267
         1       218       225       226       267
         1       225       226       267       274
         1       219       226       267       268
         1       226       267       268       275
         1       226       267       274       275
         1       226       227       234       275
         1       226       233       234       275
         1       233       234       275       282
         1       227       234       275       276
         1       234       275       276       283
         1       234       275       282       283
         1       227       228       235       276
         1       227       234       235       276
         1       234       235       276       283
         1       228       235       276       277
         1       235       276       277       284
         1       235       276       283       284
         1       228       229       236       277
         1       228       235       236       277
         1       235       236       277       284
         1       229       236       277       278
         1       236       277       278       285
         1       236       277       284       285
         1       229       230       237       278
         1       229       236       237       278
         1       236       237       278       285
         1       230       237       278       279
         1       237       278       279       286
         1       237       278       285       286
         1       230       231       238       279
         1       230       237       238       279
         1       237       238       279       286
         1       231       238       279       280
         1       238       279       280       287
         1       238       279       286       287
         1       225       231       232       280
         1       231       232       238       280
         1       232       238       280       287
         1       225       232       274       280
         1       232       274       280       281
         1       232       280       281       287
         1       225       226       233       274
         1       225       232       233       274
         1       232       233       274       281
         1       226       233       274       275
         1       233       274       275       282
         1       233       274       281       282
         1       233       234       241       282
         1       233       240       241       282
         1       240       241       282       289
         1       234       241       282       283
         1       241       282       283       290
         1       241       282       289       290
         1       234       235       242       283
         1       234       241       242       283
         1       241       242       283       290
         1       235       242       283       284
         1       242       283       284       291
         1       242       283       290       291
         1       235       236       243       284
         1       235       242       243       284
         1       242       243       284       291
         1       236       243       284       285
         1       243       284       285       292
         1       243       284       291       292
         1       236       237       244       285
         1       236       243       244       285
         1       243       244       285       292
         1       237       244       285       286
         1       244       285       286       293
         1       244       285       292       293
         1       237       238       245       286
         1       237       244       245       286
         1       244       245       286       293
         1       238       245       286       287
         1       245       286       287       294
         1       245       286       293       294
         1       232       238       239       287
         1       238       239       245       287
         1       239       245       287       294
         1       232       239       281       287
         1       239       281       287       288
         1       239       287       288       294
         1       232       233       240       281
         1       232       239       240       281
         1       239       240       281       288
         1       233       240       281       282
         1       240       281       282       289
         1       240       281       288       289
         1       199       240       241       289
         1       198       199       240       289
         1       198       199       247       289
         1       199       241       289       290
         1       199       248       289       290
         1       199       247       248       289
         1       200       241       242       290
         1       199       200       241       290
         1       199       200       248       290
         1       200       242       290       291
         1       200       249       290       291
         1       200       248       249       290
         1       201       242       243       291
         1       200       201       242       291
         1       200       201       249       291
         1       201       243       291       292
         1       201       250       291       292
         1       201       249       250       291
         1       202       243       244       292
         1       201       202       243       292
         1       201       202       250       292
         1       202       244       292       293
         1       202       251       292       293
         1       202       250       251       292
         1       203       244       245       293
         1       202       203       244       293
         1       202       203       251       293
         1       203       245       293       294
         1       203       252       293       294
         1       203       251       252       293
         1       197       239       245       294
         1       197       203       245       294
         1       197       203       252       294
         1       197       239       288       294
         1       197       246       288       294
         1       197       246       252       294
         1       198       239       240       288
         1       197       198       239       288
         1       197       198       246       288
         1       198       240       288       289
         1       198       247       288       289
         1       198       246       247       288
         1       198       199       206       247
         1       198       205       206       247
         1       205       206       247       254
         1       199       206       247       248
         1       206       247       248       255
         1       206       247       254       255
         1       199       200       207       248
         1       199       206       207       248
         1       206       207       248       255
         1       200       207       248       249
         1       207       248       249       256
         1       207       248       255       256
         1       200       201       208       249
         1       200       207       208       249
         1       207       208       249       256
         1       201       208       249       250
         1       208       249       250       257
         1       208       249       256       257
         1       201       202       209       250
         1       201       208       209       250
         1       208       209       250       257
         1       202       209       250       251
         1       209       250       251       258
         1       209       250       257       258
         1       202       203       210       251
         1       202       209       210       251
         1       209       210       251       258
         1       203       210       251       252
         1       210       251       252       259
         1       210       251       258       259
         1       197       203       204       252
         1       203       204       210       252
         1       204       210       252       259
         1       197       204       246       252
         1       204       246       252       253
         1       204       252       253       259
         1       197       198       205       246
         1       197       204       205       246
         1       204       205       246       253
         1       198       205       246       247
         1       205       246       247       254
         1       205       246       253       254
         1       254       255       262       303
         1       254       261       262       303
         1       261       262       303       310
         1       255       262       303       304
         1       262       303       304       311
         1       262       303       310       311
         1       255       256       263       304
         1       255       262       263       304
         1       262       263       304       311
         1       256       263       304       305
         1       263       304       305       312
         1       263       304       311       312
         1       256       257       264       305
         1       256       263       264       305
         1       263       264       305       312
         1       257       264       305       306
         1       264       305       306       313
         1       264       305       312       313
         1       257       258       265       306
         1       257       264       265       306
         1       264       265       306       313
         1       258       265       306       307
         1       265       306       307       314
         1       265       306       313       314
         1       258       259       266       307
         1       258       265       266       307
         1       265       266       307       314
         1       259       266       307       308
         1       266       307       308       315
         1       266       307       314       315
         1       253       259       260       308
         1       259       260       266       308
         1       260       266       308       315
         1       253       260       302       308
         1       260       302       308       309
         1       260       308       309       315
         1       253       254       261       302
         1       253       260       261       302
         1       260       261       302       309
         1       254       261       302       303
         1       261       302       303       310
         1       261       302       309       310
         1       261       262       269       310
         1       261       268       269       310
         1       268       269       310       317
         1       262       269       310       311
         1       269       310       311       318
         1       269       310       317       318
         1       262       263       270       311
         1       262       269       270       311
         1       269       270       311       318
         1       263       270       311       312
         1       270       311       312       319
         1       270       311       318       319
         1       263       264       271       312
         1       263       270       271       312
         1       270       271       312       319
         1       264       271       312       313
         1       271       312       313       320
         1       271       312       319       320
         1       264       265       272       313
         1       264       271       272       313
         1       271       272       313       320
         1       265       272       313       314
         1       272       313       314       321
         1       272       313       320       321
         1       265       266       273       314
         1       265       272       273       314
         1       272       273       314       321
         1       266       273       314       315
         1       273       314       315       322
         1       273       314       321       322
         1       260       266       267       315
         1       266       267       273       315
         1       267       273       315       322
         1       260       267       309       315
         1       267       309       315       316
         1       267       315       316       322
         1       260       261       268       309
         1       260       267       268       309
         1       267       268       309       316
         1       261       268       309       310
         1       268       309       310       317
         1       268       309       316       317
         1       268       269       276       317
         1       268       275       276       317
         1       275       276       317       324
         1       269       276       317       318
         1       276       317       318       325
         1       276       317       324       325
         1       269       270       277       318
         1       269       276       277       318
         1       276       277       318       325
         1       270       277       318       319
         1       277       318       319       326
         1       277       318       325       326
         1       270       271       278       319
         1       270       277       278       319
         1       277       278       319       326
         1       271       278       319       320
         1       278       319       320       327
         1       278       319       326       327
         1       271       272       279       320
         1       271       278       279       320
         1       278       279       320       327
         1       272       279       320       321
         1       279       320       321       328
         1       279       320       327       328
         1       272       273       280       321
         1       272       279       280       321
         1       279       280       321       328
         1       273       280       321       322
         1       280       321       322       329
         1       280       321       328       329
         1       267       273       274       322
         1       273       274       280       322
         1       274       280       322       329
         1       267       274       316       322
         1       274       316       322       323
         1       274       322       323       329
         1       267       268       275       316
         1       267       274       275       316
         1       274       275       316       323
         1       268       275       316       317
         1       275       316       317       324
         1       275       316       323       324
         1       275       276       283       324
         1       275       282       283       324
         1       282       283       324       331
         1       276       283       324       325
         1       283       324       325       332
         1       283       324       331       332
         1       276       277       284       325
         1       276       283       284       325
         1       283       284       325       332
         1       277       284       325       326
         1       284       325       326       333
         1       284       325       332       333
         1       277       278       285       326
         1       277       284       285       326
         1       284       285       326       333
         1       278       285       326       327
         1       285       326       327       334
         1       285       326       333       334
         1       278       279       286       327
         1       278       285       286       327
         1       285       286       327       334
         1       279       286       327       328
         1       286       327       328       335
         1       286       327       334       335
         1       279       280       287       328
         1       279       286       287       328
         1       286       287       328       335
         1       280       287       328       329
         1       287       328       329       336
         1       287       328       335       336
         1       274       280       281       329
         1       280       281       287       329
         1       281       287       329       336
         1       274       281       323       329
         1       281       323       329       330
         1       281       329       330       336
         1       274       275       282       323
         1       274       281       282       323
         1       281       282       323       330
         1       275       282       323       324
         1       282       323       324       331
         1       282       323       330       331
         1       282       283       290       331
         1       282       289       290       331
         1       289       290       331       338
         1       283       290       331       332
         1       290       331       332       339
         1       290       331       338       339
         1       283       284       291       332
         1       283       290       291       332
         1       290       291       332       339
         1       284       291       332       333
         1       291       332       333       340
         1       291       332       339       340
         1       284       285       292       333
         1       284       291       292       333
         1       291       292       333       340
         1       285       292       333       334
         1       292       333       334       341
         1       292       333       340       341
         1       285       286       293       334
         1       285       292       293       334
         1       292       293       334       341
         1       286       293       334       335
         1       293       334       335       342
         1       293       334       341       342
         1       286       287       294       335
         1       286       293       294       335
         1       293       294       335       342
         1       287       294       335       336
         1       294       335       336       343
         1       294       335       342       343
         1       281       287       288       336
         1       287       288       294       336
         1       288       294       336       343
         1       281       288       330       336
         1       288       330       336       337
         1       288       336       337       343
         1       281       282       289       330
         1       281       288       289       330
         1       288       289       330       337
         1       282       289       330       331
         1       289       330       331       338
         1       289       330       337       338
         1       248       289       290       338
         1       247       248       289       338
         1       247       248       296       338
         1       248       290       338       339
         1       248       297       338       339
         1       248       296       297       338
         1       249       290       291       339
         1       248       249       290       339
         1       248       249       297       339
         1       249       291       339       340
         1       249       298       339       340
         1       249       297       298       339
         1       250       291       292       340
         1       249       250       291       340
         1       249       250       298       340
         1       250       292       340       341
         1       250       299       340       341
         1       250       298       299       340
         1       251       292       293       341
         1       250       251       292       341
         1       250       251       299       341
         1       251       293       341       342
         1       251       300       341       342
         1       251       299       300       341
         1       252       293       294       342
         1       251       252       293       342
         1       251       252       300       342
         1       252       294       342       343
         1       252       301       342       343
         1       252       300       301       342
         1       246       288       294       343
         1       246       252       294       343
         1       246       252       301       343
         1       246       288       337       343
         1       246       295       337       343
         1       246       295       301       343
         1       247       288       289       337
         1       246       247       288       337
         1       246       247       295       337
         1       247       289       337       338
         1       247       296       337       338
         1       247       295       296       337
         1       247       248       255       296
         1       247       254       255       296
         1       254       255       296       303
         1       248       255       296       297
         1       255       296       297       304
         1       255       296       303       304
         1       248       249       256       297
         1       248       255       256       297
         1       255       256       297       304
         1       249       256       297       298
         1       256       297       298       305
         1       256       297       304       305
         1       249       250       257       298
         1       249       256       257       298
         1       256       257       298       305
         1       250       257       298       299
         1       257       298       299       306
         1       257       298       305       306
         1       250       251       258       299
         1       250       257       258       299
         1       257       258       299       306
         1       251       258       299       300
         1       258       299       300       307
         1       258       299       306       307
         1       251       252       259       300
         1       251       258       259       300
         1       258       259       300       307
         1       252       259       300       301
         1       259       300       301       308
         1       259       300       307       308
         1       246       252       253       301
         1       252       253       259       301
         1       253       259       301       308
         1       246       253       295       301
         1       253       295       301       302
         1       253       301       302       308
         1       246       247       254       295
         1       246       253       254       295
         1       253       254       295       302
         1       247       254       295       296
         1       254       295       296       303
         1       254       295       302       303
         1         9       303       304       311
         1         9       303       310       311
         1         9        16       310       311
         1         9        10       304       311
         1         9        10        17       311
         1         9        16        17       311
         1        10       304       305       312
         1        10       304       311       312
         1        10        17       311       312
         1        10        11       305       312
         1        10        11        18       312
         1        10        17        18       312
         1        11       305       306       313
         1        11       305       312       313
         1        11        18       312       313
         1        11        12       306       313
         1        11        12        19       313
         1        11        18        19       313
         1        12       306       307       314
         1        12       306       313       314
         1        12        19       313       314
         1        12        13       307       314
         1        12        13        20       314
         1        12        19        20       314
         1        13       307       308       315
         1        13       307       314       315
         1        13        20       314       315
         1        13        14       308       315
         1        13        14        21       315
         1        13        20        21       315
         1        14       302       308       309
         1        14       308       309       315
         1        14        21       309       315
         1         8        14       302       309
         1         8        14        15       309
         1        14        15        21       309
         1         8       302       303       310
         1         8       302       309       310
         1         8        15       309       310
         1         8         9       303       310
         1         8         9        16       310
         1         8        15        16       310
         1        16       310       311       318
         1        16       310       317       318
         1        16        23       317       318
         1        16        17       311       318
         1        16        17        24       318
         1        16        23        24       318
         1        17       311       312       319
         1        17       311       318       319
         1        17        24       318       319
         1        17        18       312       319
         1        17        18        25       319
         1        17        24        25       319
         1        18       312       313       320
         1        18       312       319       320
         1        18        25       319       320
         1        18        19       313       320
         1        18        19        26       320
         1        18        25        26       320
         1        19       313       314       321
         1        19       313       320       321
         1        19        26       320       321
         1        19        20       314       321
         1        19        20        27       321
         1        19        26        27       321
         1        20       314       315       322
         1        20       314       321       322
         1        20        27       321       322
         1        20        21       315       322
         1        20        21        28       322
         1        20        27        28       322
         1        21       309       315       316
         1        21       315       316       322
         1        21        28       316       322
         1        15        21       309       316
         1        15        21        22       316
         1        21        22        28       316
         1        15       309       310       317
         1        15       309       316       317
         1        15        22       316       317
         1        15        16       310       317
         1        15        16        23       317
         1        15        22        23       317
         1        23       317       318       325
         1        23       317       324       325
         1        23        30       324       325
         1        23        24       318       325
         1        23        24        31       325
         1        23        30        31       325
         1        24       318       319       326
         1        24       318       325       326
         1        24        31       325       326
         1        24        25       319       326
         1        24        25        32       326
         1        24        31        32       326
         1        25       319       320       327
         1        25       319       326       327
         1        25        32       326       327
         1        25        26       320       327
         1        25        26        33       327
         1        25        32        33       327
         1        26       320       321       328
         1        26       320       327       328
         1        26        33       327       328
         1        26        27       321       328
         1        26        27        34       328
         1        26        33        34       328
         1        27       321       322       329
         1        27       321       328       329
         1        27        34       328       329
         1        27        28       322       329
         1        27        28        35       329
         1        27        34        35       329
         1        28       316       322       323
         1        28       322       323       329
         1        28        35       323       329
         1        22        28       316       323
         1        22        28        29       323
         1        28        29        35       323
         1        22       316       317       324
         1        22       316       323       324
         1        22        29       323       324
         1        22        23       317       324
         1        22        23        30       324
         1        22        29        30       324
         1        30       324       325       332
         1        30       324       331       332
         1        30        37       331       332
         1        30        31       325       332
         1        30        31        38       332
         1        30        37        38       332
         1        31       325       326       333
         1        31       325       332       333
         1        31        38       332       333
         1        31        32       326       333
         1        31        32        39       333
         1        31        38        39       333
         1        32       326       327       334
         1        32       326       333       334
         1        32        39       333       334
         1        32        33       327       334
         1        32        33        40       334
         1        32        39        40       334
         1        33       327       328       335
         1        33       327       334       335
         1        33        40       334       335
         1        33        34       328       335
         1        33        34        41       335
         1        33        40        41       335
         1        34       328       329       336
         1        34       328       335       336
         1        34        41       335       336
         1        34        35       329       336
         1        34        35        42       336
         1        34        41        42       336
         1        35       323       329       330
         1        35       329       330       336
         1        35        42       330       336
         1        29        35       323       330
         1        29        35        36       330
         1        35        36        42       330
         1        29       323       324       331
         1        29       323       330       331
         1        29        36       330       331
         1        29        30       324       331
         1        29        30        37       331
         1        29        36        37       331
         1        37       331       332       339
         1        37       331       338       339
         1        37        44       338       339
         1        37        38       332       339
         1        37        38        45       339
         1        37        44        45       339
         1        38       332       333       340
         1        38       332       339       340
         1        38        45       339       340
         1        38        39       333       340
         1        38        39        46       340
         1        38        45        46       340
         1        39       333       334       341
         1        39       333       340       341
         1        39        46       340       341
         1        39        40       334       341
         1        39        40        47       341
         1        39        46        47       341
         1        40       334       335       342
         1        40       334       341       342
         1        40        47       341       342
         1        40        41       335       342
         1        40        41        48       342
         1        40        47        48       342
         1        41       335       336       343
         1        41       335       342       343
         1        41        48       342       343
         1        41        42       336       343
         1        41        42        49       343
         1        41        48        49       343
         1        42       330       336       337
         1        42       336       337       343
         1        42        49       337       343
         1        36        42       330       337
         1        36        42        43       337
         1        42        43        49       337
         1        36       330       331       338
         1        36       330       337       338
         1        36        43       337       338
         1        36        37       331       338
         1        36        37        44       338
         1        36        43        44       338
         1        44       297       338       339
         1        44       296       297       338
         1         2        44       296       297
         1        44        45       297       339
         1         3        44        45       297
         1         2         3        44       297
         1        45       298       339       340
         1        45       297       298       339
         1         3        45       297       298
         1        45        46       298       340
         1         4        45        46       298
         1         3         4        45       298
         1        46       299       340       341
         1        46       298       299       340
         1         4        46       298       299
         1        46        47       299       341
         1         5        46        47       299
         1         4         5        46       299
         1        47       300       341       342
         1        47       299       300       341
         1         5        47       299       300
         1        47        48       300       342
         1         6        47        48       300
         1         5         6        47       300
         1        48       301       342       343
         1        48       300       301       342
         1         6        48       300       301
         1        48        49       301       343
         1         7        48        49       301
         1         6         7        48       301
         1        49       295       337       343
         1        49       295       301       343
         1         7        49       295       301
         1        43        49       295       337
         1         1        43        49       295
         1         1         7        49       295
         1        43       296       337       338
         1        43       295       296       337
         1         1        43       295       296
         1        43        44       296       338
         1         2        43        44       296
         1         1         2        43       296
         1         2       296       297       304
         1         2       296       303       304
         1         2         9       303       304
         1         2         3       297       304
         1         2         3        10       304
         1         2         9        10       304
         1         3       297       298       305
         1         3       297       304       305
         1         3        10       304       305
         1         3         4       298       305
         1         3         4        11       305
         1         3        10        11       305
         1         4       298       299       306
         1         4       298       305       306
         1         4        11       305       306
         1         4         5       299       306
         1         4         5        12       306
         1         4        11        12       306
         1         5       299       300       307
         1         5       299       306       307
         1         5        12       306       307
         1         5         6       300       307
         1         5         6        13       307
         1         5        12        13       307
         1         6       300       301       308
         1         6       300       307       308
         1         6        13       307       308
         1         6         7       301       308
         1         6         7        14       308
         1         6        13        14       308
         1         7       295       301       302
         1         7       301       302       308
         1         7        14       302       308
         1         1         7       295       302
         1         1         7         8       302
         1         7         8        14       302
         1         1       295       296       303
         1         1       295       302       303
         1         1         8       302       303
         1         1         2       296       303
         1         1         2         9       303
         1         1         8         9       303
         1         9        10        17        58
         1         9        16        17        58
         1        16        17        58        65
         1        10        17        58        59
         1        17        58        59        66
         1        17        58        65        66
         1        10        11        18        59
         1        10        17        18        59
         1        17        18        59        66
         1        11        18        59        60
         1        18        59        60        67
         1        18        59        66        67
         1        11        12        19        60
         1        11        18        19        60
         1        18        19        60        67
         1        12        19        60        61
         1        19        60        61        68
         1        19        60        67        68
         1        12        13        20        61
         1        12        19        20        61
         1        19        20        61        68
         1        13        20        61        62
         1        20        61        62        69
         1        20        61        68        69
         1        13        14        21        62
         1        13        20        21        62
         1        20        21        62        69
         1        14        21        62        63
         1        21        62        63        70
         1        21        62        69        70
         1         8        14        15        63
         1        14        15        21        63
         1        15        21        63        70
         1         8        15        57        63
         1        15        57        63        64
         1        15        63        64        70
         1         8         9        16        57
         1         8        15        16        57
         1        15        16        57        64
         1         9        16        57        58
         1        16        57        58        65
         1        16        57        64        65
         1        16        17        24        65
         1        16        23        24        65
         1        23        24        65        72
         1        17        24        65        66
         1        24        65        66        73
         1        24        65        72        73
         1        17        18        25        66
         1        17        24        25        66
         1        24        25        66        73
         1        18        25        66        67
         1        25        66        67        74
         1        25        66        73        74
         1        18        19        26        67
         1        18        25        26        67
         1        25        26        67        74
         1        19        26        67        68
         1        26        67        68        75
         1        26        67        74        75
         1        19        20        27        68
         1        19        26        27        68
         1        26        27        68        75
         1        20        27        68        69
         1        27        68        69        76
         1        27        68        75        76
         1        20        21        28        69
         1        20        27        28        69
         1        27        28        69        76
         1        21        28        69        70
         1        28        69        70        77
         1        28        69        76        77
         1        15        21        22        70
         1        21        22        28        70
         1        22        28        70        77
         1        15        22        64        70
         1        22        64        70        71
         1        22        70        71        77
         1        15        16        23        64
         1        15        22        23        64
         1        22        23        64        71
         1        16        23        64        65
         1        23        64        65        72
         1        23        64        71        72
         1        23        24        31        72
         1        23        30        31        72
         1        30        31        72        79
         1        24        31        72        73
         1        31        72        73        80
         1        31        72        79        80
         1        24        25        32        73
         1        24        31        32        73
         1        31        32        73        80
         1        25        32        73        74
         1        32        73        74        81
         1        32        73        80        81
         1        25        26        33        74
         1        25        32        33        74
         1        32        33        74        81
         1        26        33        74        75
         1        33        74        75        82
         1        33        74        81        82
         1        26        27        34        75
         1        26        33        34        75
         1        33        34        75        82
         1        27        34        75        76
         1        34        75        76        83
         1        34        75        82        83
         1        27        28        35        76
         1        27        34        35        76
         1        34        35        76        83
         1        28        35        76        77
         1        35        76        77        84
         1        35        76        83        84
         1        22        28        29        77
         1        28        29        35        77
         1        29        35        77        84
         1        22        29        71        77
         1        29        71        77        78
         1        29        77        78        84
         1        22        23        30        71
         1        22        29        30        71
         1        29        30        71        78
         1        23        30        71        72
         1        30        71        72        79
         1        30        71        78        79
         1        30        31        38        79
         1        30        37        38        79
         1        37        38        79        86
         1        31        38        79        80
         1        38        79        80        87
         1        38        79        86        87
         1        31        32        39        80
         1        31        38        39        80
         1        38        39        80        87
         1        32        39        80        81
         1        39        80        81        88
         1        39        80        87        88
         1        32        33        40        81
         1        32        39        40        81
         1        39        40        81        88
         1        33        40        81        82
         1        40        81        82        89
         1        40        81        88        89
         1        33        34        41        82
         1        33        40        41        82
         1        40        41        82        89
         1        34        41        82        83
         1        41        82        83        90
         1        41        82        89        90
         1        34        35        42        83
         1        34        41        42        83
         1        41        42        83        90
         1        35        42        83        84
         1        42        83        84        91
         1        42        83        90        91
         1        29        35        36        84
         1        35        36        42        84
         1        36        42        84        91
         1        29        36        78        84
         1        36        78        84        85
         1        36        84        85        91
         1        29        30        37        78
         1        29        36        37        78
         1        36        37        78        85
         1        30        37        78        79
         1        37        78        79        86
         1        37        78        85        86
         1        37        38        45        86
         1        37        44        45        86
         1        44        45        86        93
         1        38        45        86        87
         1        45        86        87        94
         1        45        86        93        94
         1        38        39        46        87
         1        38        45        46        87
         1        45        46        87        94
         1        39        46        87        88
         1        46        87        88        95
         1        46        87        94        95
         1        39        40        47        88
         1        39        46        47        88
         1        46        47        88        95
         1        40        47        88        89
         1        47        88        89        96
         1        47        88        95        96
         1        40        41        48        89
         1        40        47        48        89
         1        47        48        89        96
         1        41        48        89        90
         1        48        89        90        97
         1        48        89        96        97
         1        41        42        49        90
         1        41        48        49        90
         1        48        49        90        97
         1        42        49        90        91
         1        49        90        91        98
         1        49        90        97        98
         1        36        42        43        91
         1        42        43        49        91
         1        43        49        91        98
         1        36        43        85        91
         1        43        85        91        92
         1        43        91        92        98
         1        36        37        44        85
         1        36        43        44        85
         1        43        44        85        92
         1        37        44        85        86
         1        44        85        86        93
         1        44        85        92        93
         1         3        44        45        93
         1         2         3        44        93
         1         2         3        51        93
         1         3        45        93        94
         1         3        52        93        94
         1         3        51        52        93
         1         4        45        46        94
         1         3         4        45        94
         1         3         4        52        94
         1         4        46        94        95
         1         4        53        94        95
         1         4        52        53        94
         1         5        46        47        95
         1         4         5        46        95
         1         4         5        53        95
         1         5        47        95        96
         1         5        54        95        96
         1         5        53        54        95
         1         6        47        48        96
         1         5         6        47        96
         1         5         6        54        96
         1         6        48        96        97
         1         6        55        96        97
         1         6        54        55        96
         1         7        48        49        97
         1         6         7        48        97
         1         6         7        55        97
         1         7        49        97        98
         1         7        56        97        98
         1         7        55        56        97
         1         1        43        49        98
         1         1         7        49        98
         1         1         7        56        98
         1         1        43        92        98
         1         1        50        92        98
         1         1        50        56        98
         1         2        43        44        92
         1         1         2        43        92
         1         1         2        50        92
         1         2        44        92        93
         1         2        51        92        93
         1         2        50        51        92
         1         2         3        10        51
         1         2         9        10        51
         1         9        10        51        58
         1         3        10        51        52
         1        10        51        52        59
         1        10        51        58        59
         1         3         4        11        52
         1         3        10        11        52
         1        10        11        52        59
         1         4        11        52        53
         1        11        52        53        60
         1        11        52        59        60
         1         4         5        12        53
         1         4        11        12        53
         1        11        12        53        60
         1         5        12        53        54
         1        12        53        54        61
         1        12        53        60        61
         1         5         6        13        54
         1         5        12        13        54
         1        12        13        54        61
         1         6        13        54        55
         1        13        54        55        62
         1        13        54        61        62
         1         6         7        14        55
         1         6        13        14        55
         1        13        14        55        62
         1         7        14        55        56
         1        14        55        56        63
         1        14        55        62        63
         1         1         7         8        56
         1         7         8        14        56
         1         8        14        56        63
         1         1         8        50        56
         1         8        50        56        57
         1         8        56        57        63
         1         1         2         9        50
         1         1         8         9        50
         1         8         9        50        57
         1         2         9        50        51
         1         9        50        51        58
         1         9        50        57        58
