Automatically generated mesh
     729
Reciprocal lattice
    0.00000000000000    0.00000000000000    0.00000000000000             1
    0.11111111111111    0.00000000000000    0.00000000000000             1
    0.22222222222222    0.00000000000000    0.00000000000000             1
    0.33333333333334   -0.00000000000000    0.00000000000000             1
    0.44444444444444    0.00000000000000    0.00000000000000             1
   -0.44444444444444    0.00000000000000    0.00000000000000             1
   -0.33333333333334    0.00000000000000    0.00000000000000             1
   -0.22222222222222    0.00000000000000    0.00000000000000             1
   -0.11111111111111    0.00000000000000    0.00000000000000             1
    0.00000000000000    0.11111111111111    0.00000000000000             1
    0.11111111111111    0.11111111111111    0.00000000000000             1
    0.22222222222222    0.11111111111111    0.00000000000000             1
    0.33333333333334    0.11111111111111    0.00000000000000             1
    0.44444444444444    0.11111111111111    0.00000000000000             1
   -0.44444444444444    0.11111111111111    0.00000000000000             1
   -0.33333333333334    0.11111111111111    0.00000000000000             1
   -0.22222222222222    0.11111111111111    0.00000000000000             1
   -0.11111111111111    0.11111111111111    0.00000000000000             1
    0.00000000000000    0.22222222222222    0.00000000000000             1
    0.11111111111111    0.22222222222222    0.00000000000000             1
    0.22222222222222    0.22222222222222    0.00000000000000             1
    0.33333333333334    0.22222222222222    0.00000000000000             1
    0.44444444444444    0.22222222222222    0.00000000000000             1
   -0.44444444444444    0.22222222222222    0.00000000000000             1
   -0.33333333333334    0.22222222222222    0.00000000000000             1
   -0.22222222222222    0.22222222222222    0.00000000000000             1
   -0.11111111111111    0.22222222222222    0.00000000000000             1
    0.00000000000000    0.33333333333334    0.00000000000000             1
    0.11111111111111    0.33333333333334    0.00000000000000             1
    0.22222222222222    0.33333333333334    0.00000000000000             1
    0.33333333333334    0.33333333333334    0.00000000000000             1
    0.44444444444444    0.33333333333334    0.00000000000000             1
   -0.44444444444444    0.33333333333334    0.00000000000000             1
   -0.33333333333334    0.33333333333334    0.00000000000000             1
   -0.22222222222222    0.33333333333334    0.00000000000000             1
   -0.11111111111111    0.33333333333334    0.00000000000000             1
    0.00000000000000    0.44444444444444    0.00000000000000             1
    0.11111111111111    0.44444444444444    0.00000000000000             1
    0.22222222222222    0.44444444444444    0.00000000000000             1
    0.33333333333334    0.44444444444444    0.00000000000000             1
    0.44444444444444    0.44444444444444    0.00000000000000             1
   -0.44444444444444    0.44444444444444    0.00000000000000             1
   -0.33333333333334    0.44444444444444    0.00000000000000             1
   -0.22222222222222    0.44444444444444    0.00000000000000             1
   -0.11111111111111    0.44444444444444    0.00000000000000             1
    0.00000000000000   -0.44444444444444    0.00000000000000             1
    0.11111111111111   -0.44444444444444    0.00000000000000             1
    0.22222222222222   -0.44444444444444    0.00000000000000             1
    0.33333333333334   -0.44444444444444    0.00000000000000             1
    0.44444444444444   -0.44444444444444    0.00000000000000             1
   -0.44444444444444   -0.44444444444444    0.00000000000000             1
   -0.33333333333334   -0.44444444444444    0.00000000000000             1
   -0.22222222222222   -0.44444444444444    0.00000000000000             1
   -0.11111111111111   -0.44444444444444    0.00000000000000             1
    0.00000000000000   -0.33333333333334    0.00000000000000             1
    0.11111111111111   -0.33333333333334    0.00000000000000             1
    0.22222222222222   -0.33333333333334    0.00000000000000             1
    0.33333333333334   -0.33333333333334    0.00000000000000             1
    0.44444444444444   -0.33333333333334    0.00000000000000             1
   -0.44444444444444   -0.33333333333334    0.00000000000000             1
   -0.33333333333334   -0.33333333333334    0.00000000000000             1
   -0.22222222222222   -0.33333333333334    0.00000000000000             1
   -0.11111111111111   -0.33333333333334    0.00000000000000             1
    0.00000000000000   -0.22222222222222    0.00000000000000             1
    0.11111111111111   -0.22222222222222    0.00000000000000             1
    0.22222222222222   -0.22222222222222    0.00000000000000             1
    0.33333333333334   -0.22222222222222    0.00000000000000             1
    0.44444444444444   -0.22222222222222    0.00000000000000             1
   -0.44444444444444   -0.22222222222222    0.00000000000000             1
   -0.33333333333334   -0.22222222222222    0.00000000000000             1
   -0.22222222222222   -0.22222222222222    0.00000000000000             1
   -0.11111111111111   -0.22222222222222    0.00000000000000             1
    0.00000000000000   -0.11111111111111    0.00000000000000             1
    0.11111111111111   -0.11111111111111    0.00000000000000             1
    0.22222222222222   -0.11111111111111    0.00000000000000             1
    0.33333333333334   -0.11111111111111    0.00000000000000             1
    0.44444444444444   -0.11111111111111    0.00000000000000             1
   -0.44444444444444   -0.11111111111111    0.00000000000000             1
   -0.33333333333334   -0.11111111111111    0.00000000000000             1
   -0.22222222222222   -0.11111111111111    0.00000000000000             1
   -0.11111111111111   -0.11111111111111    0.00000000000000             1
    0.00000000000000   -0.00000000000000    0.11111111111111             1
    0.11111111111111   -0.00000000000000    0.11111111111111             1
    0.22222222222222   -0.00000000000000    0.11111111111111             1
    0.33333333333334   -0.00000000000000    0.11111111111111             1
    0.44444444444444    0.00000000000000    0.11111111111111             1
   -0.44444444444444   -0.00000000000000    0.11111111111111             1
   -0.33333333333334    0.00000000000000    0.11111111111111             1
   -0.22222222222222   -0.00000000000000    0.11111111111111             1
   -0.11111111111111    0.00000000000000    0.11111111111111             1
    0.00000000000000    0.11111111111111    0.11111111111111             1
    0.11111111111111    0.11111111111111    0.11111111111111             1
    0.22222222222222    0.11111111111111    0.11111111111111             1
    0.33333333333334    0.11111111111111    0.11111111111111             1
    0.44444444444444    0.11111111111111    0.11111111111111             1
   -0.44444444444444    0.11111111111111    0.11111111111111             1
   -0.33333333333334    0.11111111111111    0.11111111111111             1
   -0.22222222222222    0.11111111111111    0.11111111111111             1
   -0.11111111111111    0.11111111111111    0.11111111111111             1
    0.00000000000000    0.22222222222222    0.11111111111111             1
    0.11111111111111    0.22222222222222    0.11111111111111             1
    0.22222222222222    0.22222222222222    0.11111111111111             1
    0.33333333333334    0.22222222222222    0.11111111111111             1
    0.44444444444444    0.22222222222222    0.11111111111111             1
   -0.44444444444444    0.22222222222222    0.11111111111111             1
   -0.33333333333334    0.22222222222222    0.11111111111111             1
   -0.22222222222222    0.22222222222222    0.11111111111111             1
   -0.11111111111111    0.22222222222222    0.11111111111111             1
    0.00000000000000    0.33333333333334    0.11111111111111             1
    0.11111111111111    0.33333333333334    0.11111111111111             1
    0.22222222222222    0.33333333333334    0.11111111111111             1
    0.33333333333334    0.33333333333334    0.11111111111111             1
    0.44444444444444    0.33333333333334    0.11111111111111             1
   -0.44444444444444    0.33333333333334    0.11111111111111             1
   -0.33333333333334    0.33333333333334    0.11111111111111             1
   -0.22222222222222    0.33333333333334    0.11111111111111             1
   -0.11111111111111    0.33333333333334    0.11111111111111             1
    0.00000000000000    0.44444444444444    0.11111111111111             1
    0.11111111111111    0.44444444444444    0.11111111111111             1
    0.22222222222222    0.44444444444444    0.11111111111111             1
    0.33333333333334    0.44444444444444    0.11111111111111             1
    0.44444444444444    0.44444444444444    0.11111111111111             1
   -0.44444444444444    0.44444444444444    0.11111111111111             1
   -0.33333333333334    0.44444444444444    0.11111111111111             1
   -0.22222222222222    0.44444444444444    0.11111111111111             1
   -0.11111111111111    0.44444444444444    0.11111111111111             1
    0.00000000000000   -0.44444444444444    0.11111111111111             1
    0.11111111111111   -0.44444444444444    0.11111111111111             1
    0.22222222222222   -0.44444444444444    0.11111111111111             1
    0.33333333333334   -0.44444444444444    0.11111111111111             1
    0.44444444444444   -0.44444444444444    0.11111111111111             1
   -0.44444444444444   -0.44444444444444    0.11111111111111             1
   -0.33333333333334   -0.44444444444444    0.11111111111111             1
   -0.22222222222222   -0.44444444444444    0.11111111111111             1
   -0.11111111111111   -0.44444444444444    0.11111111111111             1
    0.00000000000000   -0.33333333333334    0.11111111111111             1
    0.11111111111111   -0.33333333333334    0.11111111111111             1
    0.22222222222222   -0.33333333333334    0.11111111111111             1
    0.33333333333334   -0.33333333333334    0.11111111111111             1
    0.44444444444444   -0.33333333333334    0.11111111111111             1
   -0.44444444444444   -0.33333333333334    0.11111111111111             1
   -0.33333333333334   -0.33333333333334    0.11111111111111             1
   -0.22222222222222   -0.33333333333334    0.11111111111111             1
   -0.11111111111111   -0.33333333333334    0.11111111111111             1
    0.00000000000000   -0.22222222222222    0.11111111111111             1
    0.11111111111111   -0.22222222222222    0.11111111111111             1
    0.22222222222222   -0.22222222222222    0.11111111111111             1
    0.33333333333334   -0.22222222222222    0.11111111111111             1
    0.44444444444444   -0.22222222222222    0.11111111111111             1
   -0.44444444444444   -0.22222222222222    0.11111111111111             1
   -0.33333333333334   -0.22222222222222    0.11111111111111             1
   -0.22222222222222   -0.22222222222222    0.11111111111111             1
   -0.11111111111111   -0.22222222222222    0.11111111111111             1
    0.00000000000000   -0.11111111111111    0.11111111111111             1
    0.11111111111111   -0.11111111111111    0.11111111111111             1
    0.22222222222222   -0.11111111111111    0.11111111111111             1
    0.33333333333334   -0.11111111111111    0.11111111111111             1
    0.44444444444444   -0.11111111111111    0.11111111111111             1
   -0.44444444444444   -0.11111111111111    0.11111111111111             1
   -0.33333333333334   -0.11111111111111    0.11111111111111             1
   -0.22222222222222   -0.11111111111111    0.11111111111111             1
   -0.11111111111111   -0.11111111111111    0.11111111111111             1
    0.00000000000000    0.00000000000000    0.22222222222222             1
    0.11111111111111   -0.00000000000000    0.22222222222222             1
    0.22222222222222    0.00000000000000    0.22222222222222             1
    0.33333333333334    0.00000000000000    0.22222222222222             1
    0.44444444444444    0.00000000000000    0.22222222222222             1
   -0.44444444444444    0.00000000000000    0.22222222222222             1
   -0.33333333333334    0.00000000000000    0.22222222222222             1
   -0.22222222222222    0.00000000000000    0.22222222222222             1
   -0.11111111111111   -0.00000000000000    0.22222222222222             1
    0.00000000000000    0.11111111111111    0.22222222222222             1
    0.11111111111111    0.11111111111111    0.22222222222222             1
    0.22222222222222    0.11111111111111    0.22222222222222             1
    0.33333333333334    0.11111111111111    0.22222222222222             1
    0.44444444444444    0.11111111111111    0.22222222222222             1
   -0.44444444444444    0.11111111111111    0.22222222222222             1
   -0.33333333333334    0.11111111111111    0.22222222222222             1
   -0.22222222222222    0.11111111111111    0.22222222222222             1
   -0.11111111111111    0.11111111111111    0.22222222222222             1
    0.00000000000000    0.22222222222222    0.22222222222222             1
    0.11111111111111    0.22222222222222    0.22222222222222             1
    0.22222222222222    0.22222222222222    0.22222222222222             1
    0.33333333333334    0.22222222222222    0.22222222222222             1
    0.44444444444444    0.22222222222222    0.22222222222222             1
   -0.44444444444444    0.22222222222222    0.22222222222222             1
   -0.33333333333334    0.22222222222222    0.22222222222222             1
   -0.22222222222222    0.22222222222222    0.22222222222222             1
   -0.11111111111111    0.22222222222222    0.22222222222222             1
    0.00000000000000    0.33333333333334    0.22222222222222             1
    0.11111111111111    0.33333333333334    0.22222222222222             1
    0.22222222222222    0.33333333333334    0.22222222222222             1
    0.33333333333334    0.33333333333334    0.22222222222222             1
    0.44444444444444    0.33333333333334    0.22222222222222             1
   -0.44444444444444    0.33333333333334    0.22222222222222             1
   -0.33333333333334    0.33333333333334    0.22222222222222             1
   -0.22222222222222    0.33333333333334    0.22222222222222             1
   -0.11111111111111    0.33333333333334    0.22222222222222             1
    0.00000000000000    0.44444444444444    0.22222222222222             1
    0.11111111111111    0.44444444444444    0.22222222222222             1
    0.22222222222222    0.44444444444444    0.22222222222222             1
    0.33333333333334    0.44444444444444    0.22222222222222             1
    0.44444444444444    0.44444444444444    0.22222222222222             1
   -0.44444444444444    0.44444444444444    0.22222222222222             1
   -0.33333333333334    0.44444444444444    0.22222222222222             1
   -0.22222222222222    0.44444444444444    0.22222222222222             1
   -0.11111111111111    0.44444444444444    0.22222222222222             1
    0.00000000000000   -0.44444444444444    0.22222222222222             1
    0.11111111111111   -0.44444444444444    0.22222222222222             1
    0.22222222222222   -0.44444444444444    0.22222222222222             1
    0.33333333333334   -0.44444444444444    0.22222222222222             1
    0.44444444444444   -0.44444444444444    0.22222222222222             1
   -0.44444444444444   -0.44444444444444    0.22222222222222             1
   -0.33333333333334   -0.44444444444444    0.22222222222222             1
   -0.22222222222222   -0.44444444444444    0.22222222222222             1
   -0.11111111111111   -0.44444444444444    0.22222222222222             1
    0.00000000000000   -0.33333333333334    0.22222222222222             1
    0.11111111111111   -0.33333333333334    0.22222222222222             1
    0.22222222222222   -0.33333333333334    0.22222222222222             1
    0.33333333333334   -0.33333333333334    0.22222222222222             1
    0.44444444444444   -0.33333333333334    0.22222222222222             1
   -0.44444444444444   -0.33333333333334    0.22222222222222             1
   -0.33333333333334   -0.33333333333334    0.22222222222222             1
   -0.22222222222222   -0.33333333333334    0.22222222222222             1
   -0.11111111111111   -0.33333333333334    0.22222222222222             1
    0.00000000000000   -0.22222222222222    0.22222222222222             1
    0.11111111111111   -0.22222222222222    0.22222222222222             1
    0.22222222222222   -0.22222222222222    0.22222222222222             1
    0.33333333333334   -0.22222222222222    0.22222222222222             1
    0.44444444444444   -0.22222222222222    0.22222222222222             1
   -0.44444444444444   -0.22222222222222    0.22222222222222             1
   -0.33333333333334   -0.22222222222222    0.22222222222222             1
   -0.22222222222222   -0.22222222222222    0.22222222222222             1
   -0.11111111111111   -0.22222222222222    0.22222222222222             1
    0.00000000000000   -0.11111111111111    0.22222222222222             1
    0.11111111111111   -0.11111111111111    0.22222222222222             1
    0.22222222222222   -0.11111111111111    0.22222222222222             1
    0.33333333333334   -0.11111111111111    0.22222222222222             1
    0.44444444444444   -0.11111111111111    0.22222222222222             1
   -0.44444444444444   -0.11111111111111    0.22222222222222             1
   -0.33333333333334   -0.11111111111111    0.22222222222222             1
   -0.22222222222222   -0.11111111111111    0.22222222222222             1
   -0.11111111111111   -0.11111111111111    0.22222222222222             1
   -0.00000000000000   -0.00000000000000    0.33333333333334             1
    0.11111111111111   -0.00000000000000    0.33333333333334             1
    0.22222222222222   -0.00000000000000    0.33333333333334             1
    0.33333333333334   -0.00000000000000    0.33333333333334             1
    0.44444444444444   -0.00000000000000    0.33333333333334             1
   -0.44444444444444   -0.00000000000000    0.33333333333334             1
   -0.33333333333334   -0.00000000000000    0.33333333333334             1
   -0.22222222222222   -0.00000000000000    0.33333333333334             1
   -0.11111111111111   -0.00000000000000    0.33333333333334             1
   -0.00000000000000    0.11111111111111    0.33333333333334             1
    0.11111111111111    0.11111111111111    0.33333333333334             1
    0.22222222222222    0.11111111111111    0.33333333333334             1
    0.33333333333334    0.11111111111111    0.33333333333334             1
    0.44444444444444    0.11111111111111    0.33333333333334             1
   -0.44444444444444    0.11111111111111    0.33333333333334             1
   -0.33333333333334    0.11111111111111    0.33333333333334             1
   -0.22222222222222    0.11111111111111    0.33333333333334             1
   -0.11111111111111    0.11111111111111    0.33333333333334             1
   -0.00000000000000    0.22222222222222    0.33333333333334             1
    0.11111111111111    0.22222222222222    0.33333333333334             1
    0.22222222222222    0.22222222222222    0.33333333333334             1
    0.33333333333334    0.22222222222222    0.33333333333334             1
    0.44444444444444    0.22222222222222    0.33333333333334             1
   -0.44444444444444    0.22222222222222    0.33333333333334             1
   -0.33333333333334    0.22222222222222    0.33333333333334             1
   -0.22222222222222    0.22222222222222    0.33333333333334             1
   -0.11111111111111    0.22222222222222    0.33333333333334             1
   -0.00000000000000    0.33333333333334    0.33333333333334             1
    0.11111111111111    0.33333333333334    0.33333333333334             1
    0.22222222222222    0.33333333333334    0.33333333333334             1
    0.33333333333334    0.33333333333334    0.33333333333334             1
    0.44444444444444    0.33333333333334    0.33333333333334             1
   -0.44444444444444    0.33333333333334    0.33333333333334             1
   -0.33333333333334    0.33333333333334    0.33333333333334             1
   -0.22222222222222    0.33333333333334    0.33333333333334             1
   -0.11111111111111    0.33333333333334    0.33333333333334             1
   -0.00000000000000    0.44444444444444    0.33333333333334             1
    0.11111111111111    0.44444444444444    0.33333333333334             1
    0.22222222222222    0.44444444444444    0.33333333333334             1
    0.33333333333334    0.44444444444444    0.33333333333334             1
    0.44444444444444    0.44444444444444    0.33333333333334             1
   -0.44444444444444    0.44444444444444    0.33333333333334             1
   -0.33333333333334    0.44444444444444    0.33333333333334             1
   -0.22222222222222    0.44444444444444    0.33333333333334             1
   -0.11111111111111    0.44444444444444    0.33333333333334             1
   -0.00000000000000   -0.44444444444444    0.33333333333334             1
    0.11111111111111   -0.44444444444444    0.33333333333334             1
    0.22222222222222   -0.44444444444444    0.33333333333334             1
    0.33333333333334   -0.44444444444444    0.33333333333334             1
    0.44444444444444   -0.44444444444444    0.33333333333334             1
   -0.44444444444444   -0.44444444444444    0.33333333333334             1
   -0.33333333333334   -0.44444444444444    0.33333333333334             1
   -0.22222222222222   -0.44444444444444    0.33333333333334             1
   -0.11111111111111   -0.44444444444444    0.33333333333334             1
   -0.00000000000000   -0.33333333333334    0.33333333333334             1
    0.11111111111111   -0.33333333333334    0.33333333333334             1
    0.22222222222222   -0.33333333333334    0.33333333333334             1
    0.33333333333334   -0.33333333333334    0.33333333333334             1
    0.44444444444444   -0.33333333333334    0.33333333333334             1
   -0.44444444444444   -0.33333333333334    0.33333333333334             1
   -0.33333333333334   -0.33333333333334    0.33333333333334             1
   -0.22222222222222   -0.33333333333334    0.33333333333334             1
   -0.11111111111111   -0.33333333333334    0.33333333333334             1
   -0.00000000000000   -0.22222222222222    0.33333333333334             1
    0.11111111111111   -0.22222222222222    0.33333333333334             1
    0.22222222222222   -0.22222222222222    0.33333333333334             1
    0.33333333333334   -0.22222222222222    0.33333333333334             1
    0.44444444444444   -0.22222222222222    0.33333333333334             1
   -0.44444444444444   -0.22222222222222    0.33333333333334             1
   -0.33333333333334   -0.22222222222222    0.33333333333334             1
   -0.22222222222222   -0.22222222222222    0.33333333333334             1
   -0.11111111111111   -0.22222222222222    0.33333333333334             1
   -0.00000000000000   -0.11111111111111    0.33333333333334             1
    0.11111111111111   -0.11111111111111    0.33333333333334             1
    0.22222222222222   -0.11111111111111    0.33333333333334             1
    0.33333333333334   -0.11111111111111    0.33333333333334             1
    0.44444444444444   -0.11111111111111    0.33333333333334             1
   -0.44444444444444   -0.11111111111111    0.33333333333334             1
   -0.33333333333334   -0.11111111111111    0.33333333333334             1
   -0.22222222222222   -0.11111111111111    0.33333333333334             1
   -0.11111111111111   -0.11111111111111    0.33333333333334             1
    0.00000000000000    0.00000000000000    0.44444444444444             1
    0.11111111111111    0.00000000000000    0.44444444444444             1
    0.22222222222222   -0.00000000000000    0.44444444444444             1
    0.33333333333334   -0.00000000000000    0.44444444444444             1
    0.44444444444444    0.00000000000000    0.44444444444444             1
   -0.44444444444444    0.00000000000000    0.44444444444444             1
   -0.33333333333334    0.00000000000000    0.44444444444444             1
   -0.22222222222222    0.00000000000000    0.44444444444444             1
   -0.11111111111111   -0.00000000000000    0.44444444444444             1
    0.00000000000000    0.11111111111111    0.44444444444444             1
    0.11111111111111    0.11111111111111    0.44444444444444             1
    0.22222222222222    0.11111111111111    0.44444444444444             1
    0.33333333333334    0.11111111111111    0.44444444444444             1
    0.44444444444444    0.11111111111111    0.44444444444444             1
   -0.44444444444444    0.11111111111111    0.44444444444444             1
   -0.33333333333334    0.11111111111111    0.44444444444444             1
   -0.22222222222222    0.11111111111111    0.44444444444444             1
   -0.11111111111111    0.11111111111111    0.44444444444444             1
    0.00000000000000    0.22222222222222    0.44444444444444             1
    0.11111111111111    0.22222222222222    0.44444444444444             1
    0.22222222222222    0.22222222222222    0.44444444444444             1
    0.33333333333334    0.22222222222222    0.44444444444444             1
    0.44444444444444    0.22222222222222    0.44444444444444             1
   -0.44444444444444    0.22222222222222    0.44444444444444             1
   -0.33333333333334    0.22222222222222    0.44444444444444             1
   -0.22222222222222    0.22222222222222    0.44444444444444             1
   -0.11111111111111    0.22222222222222    0.44444444444444             1
    0.00000000000000    0.33333333333334    0.44444444444444             1
    0.11111111111111    0.33333333333334    0.44444444444444             1
    0.22222222222222    0.33333333333334    0.44444444444444             1
    0.33333333333334    0.33333333333334    0.44444444444444             1
    0.44444444444444    0.33333333333334    0.44444444444444             1
   -0.44444444444444    0.33333333333334    0.44444444444444             1
   -0.33333333333334    0.33333333333334    0.44444444444444             1
   -0.22222222222222    0.33333333333334    0.44444444444444             1
   -0.11111111111111    0.33333333333334    0.44444444444444             1
    0.00000000000000    0.44444444444444    0.44444444444444             1
    0.11111111111111    0.44444444444444    0.44444444444444             1
    0.22222222222222    0.44444444444444    0.44444444444444             1
    0.33333333333334    0.44444444444444    0.44444444444444             1
    0.44444444444444    0.44444444444444    0.44444444444444             1
   -0.44444444444444    0.44444444444444    0.44444444444444             1
   -0.33333333333334    0.44444444444444    0.44444444444444             1
   -0.22222222222222    0.44444444444444    0.44444444444444             1
   -0.11111111111111    0.44444444444444    0.44444444444444             1
    0.00000000000000   -0.44444444444444    0.44444444444444             1
    0.11111111111111   -0.44444444444444    0.44444444444444             1
    0.22222222222222   -0.44444444444444    0.44444444444444             1
    0.33333333333334   -0.44444444444444    0.44444444444444             1
    0.44444444444444   -0.44444444444444    0.44444444444444             1
   -0.44444444444444   -0.44444444444444    0.44444444444444             1
   -0.33333333333334   -0.44444444444444    0.44444444444444             1
   -0.22222222222222   -0.44444444444444    0.44444444444444             1
   -0.11111111111111   -0.44444444444444    0.44444444444444             1
    0.00000000000000   -0.33333333333334    0.44444444444444             1
    0.11111111111111   -0.33333333333334    0.44444444444444             1
    0.22222222222222   -0.33333333333334    0.44444444444444             1
    0.33333333333334   -0.33333333333334    0.44444444444444             1
    0.44444444444444   -0.33333333333334    0.44444444444444             1
   -0.44444444444444   -0.33333333333334    0.44444444444444             1
   -0.33333333333334   -0.33333333333334    0.44444444444444             1
   -0.22222222222222   -0.33333333333334    0.44444444444444             1
   -0.11111111111111   -0.33333333333334    0.44444444444444             1
    0.00000000000000   -0.22222222222222    0.44444444444444             1
    0.11111111111111   -0.22222222222222    0.44444444444444             1
    0.22222222222222   -0.22222222222222    0.44444444444444             1
    0.33333333333334   -0.22222222222222    0.44444444444444             1
    0.44444444444444   -0.22222222222222    0.44444444444444             1
   -0.44444444444444   -0.22222222222222    0.44444444444444             1
   -0.33333333333334   -0.22222222222222    0.44444444444444             1
   -0.22222222222222   -0.22222222222222    0.44444444444444             1
   -0.11111111111111   -0.22222222222222    0.44444444444444             1
    0.00000000000000   -0.11111111111111    0.44444444444444             1
    0.11111111111111   -0.11111111111111    0.44444444444444             1
    0.22222222222222   -0.11111111111111    0.44444444444444             1
    0.33333333333334   -0.11111111111111    0.44444444444444             1
    0.44444444444444   -0.11111111111111    0.44444444444444             1
   -0.44444444444444   -0.11111111111111    0.44444444444444             1
   -0.33333333333334   -0.11111111111111    0.44444444444444             1
   -0.22222222222222   -0.11111111111111    0.44444444444444             1
   -0.11111111111111   -0.11111111111111    0.44444444444444             1
   -0.00000000000000    0.00000000000000   -0.44444444444444             1
    0.11111111111111    0.00000000000000   -0.44444444444444             1
    0.22222222222222    0.00000000000000   -0.44444444444444             1
    0.33333333333334    0.00000000000000   -0.44444444444444             1
    0.44444444444444   -0.00000000000000   -0.44444444444444             1
   -0.44444444444444    0.00000000000000   -0.44444444444444             1
   -0.33333333333334    0.00000000000000   -0.44444444444444             1
   -0.22222222222222    0.00000000000000   -0.44444444444444             1
   -0.11111111111111   -0.00000000000000   -0.44444444444444             1
   -0.00000000000000    0.11111111111111   -0.44444444444444             1
    0.11111111111111    0.11111111111111   -0.44444444444444             1
    0.22222222222222    0.11111111111111   -0.44444444444444             1
    0.33333333333334    0.11111111111111   -0.44444444444444             1
    0.44444444444444    0.11111111111111   -0.44444444444444             1
   -0.44444444444444    0.11111111111111   -0.44444444444444             1
   -0.33333333333334    0.11111111111111   -0.44444444444444             1
   -0.22222222222222    0.11111111111111   -0.44444444444444             1
   -0.11111111111111    0.11111111111111   -0.44444444444444             1
   -0.00000000000000    0.22222222222222   -0.44444444444444             1
    0.11111111111111    0.22222222222222   -0.44444444444444             1
    0.22222222222222    0.22222222222222   -0.44444444444444             1
    0.33333333333334    0.22222222222222   -0.44444444444444             1
    0.44444444444444    0.22222222222222   -0.44444444444444             1
   -0.44444444444444    0.22222222222222   -0.44444444444444             1
   -0.33333333333334    0.22222222222222   -0.44444444444444             1
   -0.22222222222222    0.22222222222222   -0.44444444444444             1
   -0.11111111111111    0.22222222222222   -0.44444444444444             1
   -0.00000000000000    0.33333333333334   -0.44444444444444             1
    0.11111111111111    0.33333333333334   -0.44444444444444             1
    0.22222222222222    0.33333333333334   -0.44444444444444             1
    0.33333333333334    0.33333333333334   -0.44444444444444             1
    0.44444444444444    0.33333333333334   -0.44444444444444             1
   -0.44444444444444    0.33333333333334   -0.44444444444444             1
   -0.33333333333334    0.33333333333334   -0.44444444444444             1
   -0.22222222222222    0.33333333333334   -0.44444444444444             1
   -0.11111111111111    0.33333333333334   -0.44444444444444             1
   -0.00000000000000    0.44444444444444   -0.44444444444444             1
    0.11111111111111    0.44444444444444   -0.44444444444444             1
    0.22222222222222    0.44444444444444   -0.44444444444444             1
    0.33333333333334    0.44444444444444   -0.44444444444444             1
    0.44444444444444    0.44444444444444   -0.44444444444444             1
   -0.44444444444444    0.44444444444444   -0.44444444444444             1
   -0.33333333333334    0.44444444444444   -0.44444444444444             1
   -0.22222222222222    0.44444444444444   -0.44444444444444             1
   -0.11111111111111    0.44444444444444   -0.44444444444444             1
   -0.00000000000000   -0.44444444444444   -0.44444444444444             1
    0.11111111111111   -0.44444444444444   -0.44444444444444             1
    0.22222222222222   -0.44444444444444   -0.44444444444444             1
    0.33333333333334   -0.44444444444444   -0.44444444444444             1
    0.44444444444444   -0.44444444444444   -0.44444444444444             1
   -0.44444444444444   -0.44444444444444   -0.44444444444444             1
   -0.33333333333334   -0.44444444444444   -0.44444444444444             1
   -0.22222222222222   -0.44444444444444   -0.44444444444444             1
   -0.11111111111111   -0.44444444444444   -0.44444444444444             1
   -0.00000000000000   -0.33333333333334   -0.44444444444444             1
    0.11111111111111   -0.33333333333334   -0.44444444444444             1
    0.22222222222222   -0.33333333333334   -0.44444444444444             1
    0.33333333333334   -0.33333333333334   -0.44444444444444             1
    0.44444444444444   -0.33333333333334   -0.44444444444444             1
   -0.44444444444444   -0.33333333333334   -0.44444444444444             1
   -0.33333333333334   -0.33333333333334   -0.44444444444444             1
   -0.22222222222222   -0.33333333333334   -0.44444444444444             1
   -0.11111111111111   -0.33333333333334   -0.44444444444444             1
   -0.00000000000000   -0.22222222222222   -0.44444444444444             1
    0.11111111111111   -0.22222222222222   -0.44444444444444             1
    0.22222222222222   -0.22222222222222   -0.44444444444444             1
    0.33333333333334   -0.22222222222222   -0.44444444444444             1
    0.44444444444444   -0.22222222222222   -0.44444444444444             1
   -0.44444444444444   -0.22222222222222   -0.44444444444444             1
   -0.33333333333334   -0.22222222222222   -0.44444444444444             1
   -0.22222222222222   -0.22222222222222   -0.44444444444444             1
   -0.11111111111111   -0.22222222222222   -0.44444444444444             1
   -0.00000000000000   -0.11111111111111   -0.44444444444444             1
    0.11111111111111   -0.11111111111111   -0.44444444444444             1
    0.22222222222222   -0.11111111111111   -0.44444444444444             1
    0.33333333333334   -0.11111111111111   -0.44444444444444             1
    0.44444444444444   -0.11111111111111   -0.44444444444444             1
   -0.44444444444444   -0.11111111111111   -0.44444444444444             1
   -0.33333333333334   -0.11111111111111   -0.44444444444444             1
   -0.22222222222222   -0.11111111111111   -0.44444444444444             1
   -0.11111111111111   -0.11111111111111   -0.44444444444444             1
    0.00000000000000    0.00000000000000   -0.33333333333334             1
    0.11111111111111    0.00000000000000   -0.33333333333334             1
    0.22222222222222    0.00000000000000   -0.33333333333334             1
    0.33333333333334    0.00000000000000   -0.33333333333334             1
    0.44444444444444    0.00000000000000   -0.33333333333334             1
   -0.44444444444444    0.00000000000000   -0.33333333333334             1
   -0.33333333333334    0.00000000000000   -0.33333333333334             1
   -0.22222222222222    0.00000000000000   -0.33333333333334             1
   -0.11111111111111    0.00000000000000   -0.33333333333334             1
    0.00000000000000    0.11111111111111   -0.33333333333334             1
    0.11111111111111    0.11111111111111   -0.33333333333334             1
    0.22222222222222    0.11111111111111   -0.33333333333334             1
    0.33333333333334    0.11111111111111   -0.33333333333334             1
    0.44444444444444    0.11111111111111   -0.33333333333334             1
   -0.44444444444444    0.11111111111111   -0.33333333333334             1
   -0.33333333333334    0.11111111111111   -0.33333333333334             1
   -0.22222222222222    0.11111111111111   -0.33333333333334             1
   -0.11111111111111    0.11111111111111   -0.33333333333334             1
    0.00000000000000    0.22222222222222   -0.33333333333334             1
    0.11111111111111    0.22222222222222   -0.33333333333334             1
    0.22222222222222    0.22222222222222   -0.33333333333334             1
    0.33333333333334    0.22222222222222   -0.33333333333334             1
    0.44444444444444    0.22222222222222   -0.33333333333334             1
   -0.44444444444444    0.22222222222222   -0.33333333333334             1
   -0.33333333333334    0.22222222222222   -0.33333333333334             1
   -0.22222222222222    0.22222222222222   -0.33333333333334             1
   -0.11111111111111    0.22222222222222   -0.33333333333334             1
    0.00000000000000    0.33333333333334   -0.33333333333334             1
    0.11111111111111    0.33333333333334   -0.33333333333334             1
    0.22222222222222    0.33333333333334   -0.33333333333334             1
    0.33333333333334    0.33333333333334   -0.33333333333334             1
    0.44444444444444    0.33333333333334   -0.33333333333334             1
   -0.44444444444444    0.33333333333334   -0.33333333333334             1
   -0.33333333333334    0.33333333333334   -0.33333333333334             1
   -0.22222222222222    0.33333333333334   -0.33333333333334             1
   -0.11111111111111    0.33333333333334   -0.33333333333334             1
    0.00000000000000    0.44444444444444   -0.33333333333334             1
    0.11111111111111    0.44444444444444   -0.33333333333334             1
    0.22222222222222    0.44444444444444   -0.33333333333334             1
    0.33333333333334    0.44444444444444   -0.33333333333334             1
    0.44444444444444    0.44444444444444   -0.33333333333334             1
   -0.44444444444444    0.44444444444444   -0.33333333333334             1
   -0.33333333333334    0.44444444444444   -0.33333333333334             1
   -0.22222222222222    0.44444444444444   -0.33333333333334             1
   -0.11111111111111    0.44444444444444   -0.33333333333334             1
    0.00000000000000   -0.44444444444444   -0.33333333333334             1
    0.11111111111111   -0.44444444444444   -0.33333333333334             1
    0.22222222222222   -0.44444444444444   -0.33333333333334             1
    0.33333333333334   -0.44444444444444   -0.33333333333334             1
    0.44444444444444   -0.44444444444444   -0.33333333333334             1
   -0.44444444444444   -0.44444444444444   -0.33333333333334             1
   -0.33333333333334   -0.44444444444444   -0.33333333333334             1
   -0.22222222222222   -0.44444444444444   -0.33333333333334             1
   -0.11111111111111   -0.44444444444444   -0.33333333333334             1
    0.00000000000000   -0.33333333333334   -0.33333333333334             1
    0.11111111111111   -0.33333333333334   -0.33333333333334             1
    0.22222222222222   -0.33333333333334   -0.33333333333334             1
    0.33333333333334   -0.33333333333334   -0.33333333333334             1
    0.44444444444444   -0.33333333333334   -0.33333333333334             1
   -0.44444444444444   -0.33333333333334   -0.33333333333334             1
   -0.33333333333334   -0.33333333333334   -0.33333333333334             1
   -0.22222222222222   -0.33333333333334   -0.33333333333334             1
   -0.11111111111111   -0.33333333333334   -0.33333333333334             1
    0.00000000000000   -0.22222222222222   -0.33333333333334             1
    0.11111111111111   -0.22222222222222   -0.33333333333334             1
    0.22222222222222   -0.22222222222222   -0.33333333333334             1
    0.33333333333334   -0.22222222222222   -0.33333333333334             1
    0.44444444444444   -0.22222222222222   -0.33333333333334             1
   -0.44444444444444   -0.22222222222222   -0.33333333333334             1
   -0.33333333333334   -0.22222222222222   -0.33333333333334             1
   -0.22222222222222   -0.22222222222222   -0.33333333333334             1
   -0.11111111111111   -0.22222222222222   -0.33333333333334             1
    0.00000000000000   -0.11111111111111   -0.33333333333334             1
    0.11111111111111   -0.11111111111111   -0.33333333333334             1
    0.22222222222222   -0.11111111111111   -0.33333333333334             1
    0.33333333333334   -0.11111111111111   -0.33333333333334             1
    0.44444444444444   -0.11111111111111   -0.33333333333334             1
   -0.44444444444444   -0.11111111111111   -0.33333333333334             1
   -0.33333333333334   -0.11111111111111   -0.33333333333334             1
   -0.22222222222222   -0.11111111111111   -0.33333333333334             1
   -0.11111111111111   -0.11111111111111   -0.33333333333334             1
   -0.00000000000000    0.00000000000000   -0.22222222222222             1
    0.11111111111111    0.00000000000000   -0.22222222222222             1
    0.22222222222222   -0.00000000000000   -0.22222222222222             1
    0.33333333333334   -0.00000000000000   -0.22222222222222             1
    0.44444444444444    0.00000000000000   -0.22222222222222             1
   -0.44444444444444    0.00000000000000   -0.22222222222222             1
   -0.33333333333334    0.00000000000000   -0.22222222222222             1
   -0.22222222222222    0.00000000000000   -0.22222222222222             1
   -0.11111111111111    0.00000000000000   -0.22222222222222             1
   -0.00000000000000    0.11111111111111   -0.22222222222222             1
    0.11111111111111    0.11111111111111   -0.22222222222222             1
    0.22222222222222    0.11111111111111   -0.22222222222222             1
    0.33333333333334    0.11111111111111   -0.22222222222222             1
    0.44444444444444    0.11111111111111   -0.22222222222222             1
   -0.44444444444444    0.11111111111111   -0.22222222222222             1
   -0.33333333333334    0.11111111111111   -0.22222222222222             1
   -0.22222222222222    0.11111111111111   -0.22222222222222             1
   -0.11111111111111    0.11111111111111   -0.22222222222222             1
   -0.00000000000000    0.22222222222222   -0.22222222222222             1
    0.11111111111111    0.22222222222222   -0.22222222222222             1
    0.22222222222222    0.22222222222222   -0.22222222222222             1
    0.33333333333334    0.22222222222222   -0.22222222222222             1
    0.44444444444444    0.22222222222222   -0.22222222222222             1
   -0.44444444444444    0.22222222222222   -0.22222222222222             1
   -0.33333333333334    0.22222222222222   -0.22222222222222             1
   -0.22222222222222    0.22222222222222   -0.22222222222222             1
   -0.11111111111111    0.22222222222222   -0.22222222222222             1
   -0.00000000000000    0.33333333333334   -0.22222222222222             1
    0.11111111111111    0.33333333333334   -0.22222222222222             1
    0.22222222222222    0.33333333333334   -0.22222222222222             1
    0.33333333333334    0.33333333333334   -0.22222222222222             1
    0.44444444444444    0.33333333333334   -0.22222222222222             1
   -0.44444444444444    0.33333333333334   -0.22222222222222             1
   -0.33333333333334    0.33333333333334   -0.22222222222222             1
   -0.22222222222222    0.33333333333334   -0.22222222222222             1
   -0.11111111111111    0.33333333333334   -0.22222222222222             1
   -0.00000000000000    0.44444444444444   -0.22222222222222             1
    0.11111111111111    0.44444444444444   -0.22222222222222             1
    0.22222222222222    0.44444444444444   -0.22222222222222             1
    0.33333333333334    0.44444444444444   -0.22222222222222             1
    0.44444444444444    0.44444444444444   -0.22222222222222             1
   -0.44444444444444    0.44444444444444   -0.22222222222222             1
   -0.33333333333334    0.44444444444444   -0.22222222222222             1
   -0.22222222222222    0.44444444444444   -0.22222222222222             1
   -0.11111111111111    0.44444444444444   -0.22222222222222             1
   -0.00000000000000   -0.44444444444444   -0.22222222222222             1
    0.11111111111111   -0.44444444444444   -0.22222222222222             1
    0.22222222222222   -0.44444444444444   -0.22222222222222             1
    0.33333333333334   -0.44444444444444   -0.22222222222222             1
    0.44444444444444   -0.44444444444444   -0.22222222222222             1
   -0.44444444444444   -0.44444444444444   -0.22222222222222             1
   -0.33333333333334   -0.44444444444444   -0.22222222222222             1
   -0.22222222222222   -0.44444444444444   -0.22222222222222             1
   -0.11111111111111   -0.44444444444444   -0.22222222222222             1
   -0.00000000000000   -0.33333333333334   -0.22222222222222             1
    0.11111111111111   -0.33333333333334   -0.22222222222222             1
    0.22222222222222   -0.33333333333334   -0.22222222222222             1
    0.33333333333334   -0.33333333333334   -0.22222222222222             1
    0.44444444444444   -0.33333333333334   -0.22222222222222             1
   -0.44444444444444   -0.33333333333334   -0.22222222222222             1
   -0.33333333333334   -0.33333333333334   -0.22222222222222             1
   -0.22222222222222   -0.33333333333334   -0.22222222222222             1
   -0.11111111111111   -0.33333333333334   -0.22222222222222             1
   -0.00000000000000   -0.22222222222222   -0.22222222222222             1
    0.11111111111111   -0.22222222222222   -0.22222222222222             1
    0.22222222222222   -0.22222222222222   -0.22222222222222             1
    0.33333333333334   -0.22222222222222   -0.22222222222222             1
    0.44444444444444   -0.22222222222222   -0.22222222222222             1
   -0.44444444444444   -0.22222222222222   -0.22222222222222             1
   -0.33333333333334   -0.22222222222222   -0.22222222222222             1
   -0.22222222222222   -0.22222222222222   -0.22222222222222             1
   -0.11111111111111   -0.22222222222222   -0.22222222222222             1
   -0.00000000000000   -0.11111111111111   -0.22222222222222             1
    0.11111111111111   -0.11111111111111   -0.22222222222222             1
    0.22222222222222   -0.11111111111111   -0.22222222222222             1
    0.33333333333334   -0.11111111111111   -0.22222222222222             1
    0.44444444444444   -0.11111111111111   -0.22222222222222             1
   -0.44444444444444   -0.11111111111111   -0.22222222222222             1
   -0.33333333333334   -0.11111111111111   -0.22222222222222             1
   -0.22222222222222   -0.11111111111111   -0.22222222222222             1
   -0.11111111111111   -0.11111111111111   -0.22222222222222             1
    0.00000000000000    0.00000000000000   -0.11111111111111             1
    0.11111111111111   -0.00000000000000   -0.11111111111111             1
    0.22222222222222    0.00000000000000   -0.11111111111111             1
    0.33333333333334    0.00000000000000   -0.11111111111111             1
    0.44444444444444    0.00000000000000   -0.11111111111111             1
   -0.44444444444444    0.00000000000000   -0.11111111111111             1
   -0.33333333333334    0.00000000000000   -0.11111111111111             1
   -0.22222222222222    0.00000000000000   -0.11111111111111             1
   -0.11111111111111    0.00000000000000   -0.11111111111111             1
    0.00000000000000    0.11111111111111   -0.11111111111111             1
    0.11111111111111    0.11111111111111   -0.11111111111111             1
    0.22222222222222    0.11111111111111   -0.11111111111111             1
    0.33333333333334    0.11111111111111   -0.11111111111111             1
    0.44444444444444    0.11111111111111   -0.11111111111111             1
   -0.44444444444444    0.11111111111111   -0.11111111111111             1
   -0.33333333333334    0.11111111111111   -0.11111111111111             1
   -0.22222222222222    0.11111111111111   -0.11111111111111             1
   -0.11111111111111    0.11111111111111   -0.11111111111111             1
    0.00000000000000    0.22222222222222   -0.11111111111111             1
    0.11111111111111    0.22222222222222   -0.11111111111111             1
    0.22222222222222    0.22222222222222   -0.11111111111111             1
    0.33333333333334    0.22222222222222   -0.11111111111111             1
    0.44444444444444    0.22222222222222   -0.11111111111111             1
   -0.44444444444444    0.22222222222222   -0.11111111111111             1
   -0.33333333333334    0.22222222222222   -0.11111111111111             1
   -0.22222222222222    0.22222222222222   -0.11111111111111             1
   -0.11111111111111    0.22222222222222   -0.11111111111111             1
    0.00000000000000    0.33333333333334   -0.11111111111111             1
    0.11111111111111    0.33333333333334   -0.11111111111111             1
    0.22222222222222    0.33333333333334   -0.11111111111111             1
    0.33333333333334    0.33333333333334   -0.11111111111111             1
    0.44444444444444    0.33333333333334   -0.11111111111111             1
   -0.44444444444444    0.33333333333334   -0.11111111111111             1
   -0.33333333333334    0.33333333333334   -0.11111111111111             1
   -0.22222222222222    0.33333333333334   -0.11111111111111             1
   -0.11111111111111    0.33333333333334   -0.11111111111111             1
    0.00000000000000    0.44444444444444   -0.11111111111111             1
    0.11111111111111    0.44444444444444   -0.11111111111111             1
    0.22222222222222    0.44444444444444   -0.11111111111111             1
    0.33333333333334    0.44444444444444   -0.11111111111111             1
    0.44444444444444    0.44444444444444   -0.11111111111111             1
   -0.44444444444444    0.44444444444444   -0.11111111111111             1
   -0.33333333333334    0.44444444444444   -0.11111111111111             1
   -0.22222222222222    0.44444444444444   -0.11111111111111             1
   -0.11111111111111    0.44444444444444   -0.11111111111111             1
    0.00000000000000   -0.44444444444444   -0.11111111111111             1
    0.11111111111111   -0.44444444444444   -0.11111111111111             1
    0.22222222222222   -0.44444444444444   -0.11111111111111             1
    0.33333333333334   -0.44444444444444   -0.11111111111111             1
    0.44444444444444   -0.44444444444444   -0.11111111111111             1
   -0.44444444444444   -0.44444444444444   -0.11111111111111             1
   -0.33333333333334   -0.44444444444444   -0.11111111111111             1
   -0.22222222222222   -0.44444444444444   -0.11111111111111             1
   -0.11111111111111   -0.44444444444444   -0.11111111111111             1
    0.00000000000000   -0.33333333333334   -0.11111111111111             1
    0.11111111111111   -0.33333333333334   -0.11111111111111             1
    0.22222222222222   -0.33333333333334   -0.11111111111111             1
    0.33333333333334   -0.33333333333334   -0.11111111111111             1
    0.44444444444444   -0.33333333333334   -0.11111111111111             1
   -0.44444444444444   -0.33333333333334   -0.11111111111111             1
   -0.33333333333334   -0.33333333333334   -0.11111111111111             1
   -0.22222222222222   -0.33333333333334   -0.11111111111111             1
   -0.11111111111111   -0.33333333333334   -0.11111111111111             1
    0.00000000000000   -0.22222222222222   -0.11111111111111             1
    0.11111111111111   -0.22222222222222   -0.11111111111111             1
    0.22222222222222   -0.22222222222222   -0.11111111111111             1
    0.33333333333334   -0.22222222222222   -0.11111111111111             1
    0.44444444444444   -0.22222222222222   -0.11111111111111             1
   -0.44444444444444   -0.22222222222222   -0.11111111111111             1
   -0.33333333333334   -0.22222222222222   -0.11111111111111             1
   -0.22222222222222   -0.22222222222222   -0.11111111111111             1
   -0.11111111111111   -0.22222222222222   -0.11111111111111             1
    0.00000000000000   -0.11111111111111   -0.11111111111111             1
    0.11111111111111   -0.11111111111111   -0.11111111111111             1
    0.22222222222222   -0.11111111111111   -0.11111111111111             1
    0.33333333333334   -0.11111111111111   -0.11111111111111             1
    0.44444444444444   -0.11111111111111   -0.11111111111111             1
   -0.44444444444444   -0.11111111111111   -0.11111111111111             1
   -0.33333333333334   -0.11111111111111   -0.11111111111111             1
   -0.22222222222222   -0.11111111111111   -0.11111111111111             1
   -0.11111111111111   -0.11111111111111   -0.11111111111111             1
Tetrahedra
      4374    0.00022862368541
         1        92       101       102       183
         1        92        93       102       183
         1        92        93       174       183
         1        92       101       182       183
         1        92       173       182       183
         1        92       173       174       183
         1        93       102       103       184
         1        93        94       103       184
         1        93        94       175       184
         1        93       102       183       184
         1        93       174       183       184
         1        93       174       175       184
         1        94       103       104       185
         1        94        95       104       185
         1        94        95       176       185
         1        94       103       184       185
         1        94       175       184       185
         1        94       175       176       185
         1        95       104       105       186
         1        95        96       105       186
         1        95        96       177       186
         1        95       104       185       186
         1        95       176       185       186
         1        95       176       177       186
         1        96       105       106       187
         1        96        97       106       187
         1        96        97       178       187
         1        96       105       186       187
         1        96       177       186       187
         1        96       177       178       187
         1        97       106       107       188
         1        97        98       107       188
         1        97        98       179       188
         1        97       106       187       188
         1        97       178       187       188
         1        97       178       179       188
         1        98       107       108       189
         1        98        99       108       189
         1        98        99       180       189
         1        98       107       188       189
         1        98       179       188       189
         1        98       179       180       189
         1        99       100       108       181
         1        91        99       100       181
         1        91        99       172       181
         1        99       108       181       189
         1        99       180       181       189
         1        99       172       180       181
         1        91       100       101       182
         1        91        92       101       182
         1        91        92       173       182
         1        91       100       181       182
         1        91       172       181       182
         1        91       172       173       182
         1       101       110       111       192
         1       101       102       111       192
         1       101       102       183       192
         1       101       110       191       192
         1       101       182       191       192
         1       101       182       183       192
         1       102       111       112       193
         1       102       103       112       193
         1       102       103       184       193
         1       102       111       192       193
         1       102       183       192       193
         1       102       183       184       193
         1       103       112       113       194
         1       103       104       113       194
         1       103       104       185       194
         1       103       112       193       194
         1       103       184       193       194
         1       103       184       185       194
         1       104       113       114       195
         1       104       105       114       195
         1       104       105       186       195
         1       104       113       194       195
         1       104       185       194       195
         1       104       185       186       195
         1       105       114       115       196
         1       105       106       115       196
         1       105       106       187       196
         1       105       114       195       196
         1       105       186       195       196
         1       105       186       187       196
         1       106       115       116       197
         1       106       107       116       197
         1       106       107       188       197
         1       106       115       196       197
         1       106       187       196       197
         1       106       187       188       197
         1       107       116       117       198
         1       107       108       117       198
         1       107       108       189       198
         1       107       116       197       198
         1       107       188       197       198
         1       107       188       189       198
         1       108       109       117       190
         1       100       108       109       190
         1       100       108       181       190
         1       108       117       190       198
         1       108       189       190       198
         1       108       181       189       190
         1       100       109       110       191
         1       100       101       110       191
         1       100       101       182       191
         1       100       109       190       191
         1       100       181       190       191
         1       100       181       182       191
         1       110       119       120       201
         1       110       111       120       201
         1       110       111       192       201
         1       110       119       200       201
         1       110       191       200       201
         1       110       191       192       201
         1       111       120       121       202
         1       111       112       121       202
         1       111       112       193       202
         1       111       120       201       202
         1       111       192       201       202
         1       111       192       193       202
         1       112       121       122       203
         1       112       113       122       203
         1       112       113       194       203
         1       112       121       202       203
         1       112       193       202       203
         1       112       193       194       203
         1       113       122       123       204
         1       113       114       123       204
         1       113       114       195       204
         1       113       122       203       204
         1       113       194       203       204
         1       113       194       195       204
         1       114       123       124       205
         1       114       115       124       205
         1       114       115       196       205
         1       114       123       204       205
         1       114       195       204       205
         1       114       195       196       205
         1       115       124       125       206
         1       115       116       125       206
         1       115       116       197       206
         1       115       124       205       206
         1       115       196       205       206
         1       115       196       197       206
         1       116       125       126       207
         1       116       117       126       207
         1       116       117       198       207
         1       116       125       206       207
         1       116       197       206       207
         1       116       197       198       207
         1       117       118       126       199
         1       109       117       118       199
         1       109       117       190       199
         1       117       126       199       207
         1       117       198       199       207
         1       117       190       198       199
         1       109       118       119       200
         1       109       110       119       200
         1       109       110       191       200
         1       109       118       199       200
         1       109       190       199       200
         1       109       190       191       200
         1       119       128       129       210
         1       119       120       129       210
         1       119       120       201       210
         1       119       128       209       210
         1       119       200       209       210
         1       119       200       201       210
         1       120       129       130       211
         1       120       121       130       211
         1       120       121       202       211
         1       120       129       210       211
         1       120       201       210       211
         1       120       201       202       211
         1       121       130       131       212
         1       121       122       131       212
         1       121       122       203       212
         1       121       130       211       212
         1       121       202       211       212
         1       121       202       203       212
         1       122       131       132       213
         1       122       123       132       213
         1       122       123       204       213
         1       122       131       212       213
         1       122       203       212       213
         1       122       203       204       213
         1       123       132       133       214
         1       123       124       133       214
         1       123       124       205       214
         1       123       132       213       214
         1       123       204       213       214
         1       123       204       205       214
         1       124       133       134       215
         1       124       125       134       215
         1       124       125       206       215
         1       124       133       214       215
         1       124       205       214       215
         1       124       205       206       215
         1       125       134       135       216
         1       125       126       135       216
         1       125       126       207       216
         1       125       134       215       216
         1       125       206       215       216
         1       125       206       207       216
         1       126       127       135       208
         1       118       126       127       208
         1       118       126       199       208
         1       126       135       208       216
         1       126       207       208       216
         1       126       199       207       208
         1       118       127       128       209
         1       118       119       128       209
         1       118       119       200       209
         1       118       127       208       209
         1       118       199       208       209
         1       118       199       200       209
         1       128       137       138       219
         1       128       129       138       219
         1       128       129       210       219
         1       128       137       218       219
         1       128       209       218       219
         1       128       209       210       219
         1       129       138       139       220
         1       129       130       139       220
         1       129       130       211       220
         1       129       138       219       220
         1       129       210       219       220
         1       129       210       211       220
         1       130       139       140       221
         1       130       131       140       221
         1       130       131       212       221
         1       130       139       220       221
         1       130       211       220       221
         1       130       211       212       221
         1       131       140       141       222
         1       131       132       141       222
         1       131       132       213       222
         1       131       140       221       222
         1       131       212       221       222
         1       131       212       213       222
         1       132       141       142       223
         1       132       133       142       223
         1       132       133       214       223
         1       132       141       222       223
         1       132       213       222       223
         1       132       213       214       223
         1       133       142       143       224
         1       133       134       143       224
         1       133       134       215       224
         1       133       142       223       224
         1       133       214       223       224
         1       133       214       215       224
         1       134       143       144       225
         1       134       135       144       225
         1       134       135       216       225
         1       134       143       224       225
         1       134       215       224       225
         1       134       215       216       225
         1       135       136       144       217
         1       127       135       136       217
         1       127       135       208       217
         1       135       144       217       225
         1       135       216       217       225
         1       135       208       216       217
         1       127       136       137       218
         1       127       128       137       218
         1       127       128       209       218
         1       127       136       217       218
         1       127       208       217       218
         1       127       208       209       218
         1       137       146       147       228
         1       137       138       147       228
         1       137       138       219       228
         1       137       146       227       228
         1       137       218       227       228
         1       137       218       219       228
         1       138       147       148       229
         1       138       139       148       229
         1       138       139       220       229
         1       138       147       228       229
         1       138       219       228       229
         1       138       219       220       229
         1       139       148       149       230
         1       139       140       149       230
         1       139       140       221       230
         1       139       148       229       230
         1       139       220       229       230
         1       139       220       221       230
         1       140       149       150       231
         1       140       141       150       231
         1       140       141       222       231
         1       140       149       230       231
         1       140       221       230       231
         1       140       221       222       231
         1       141       150       151       232
         1       141       142       151       232
         1       141       142       223       232
         1       141       150       231       232
         1       141       222       231       232
         1       141       222       223       232
         1       142       151       152       233
         1       142       143       152       233
         1       142       143       224       233
         1       142       151       232       233
         1       142       223       232       233
         1       142       223       224       233
         1       143       152       153       234
         1       143       144       153       234
         1       143       144       225       234
         1       143       152       233       234
         1       143       224       233       234
         1       143       224       225       234
         1       144       145       153       226
         1       136       144       145       226
         1       136       144       217       226
         1       144       153       226       234
         1       144       225       226       234
         1       144       217       225       226
         1       136       145       146       227
         1       136       137       146       227
         1       136       137       218       227
         1       136       145       226       227
         1       136       217       226       227
         1       136       217       218       227
         1       146       155       156       237
         1       146       147       156       237
         1       146       147       228       237
         1       146       155       236       237
         1       146       227       236       237
         1       146       227       228       237
         1       147       156       157       238
         1       147       148       157       238
         1       147       148       229       238
         1       147       156       237       238
         1       147       228       237       238
         1       147       228       229       238
         1       148       157       158       239
         1       148       149       158       239
         1       148       149       230       239
         1       148       157       238       239
         1       148       229       238       239
         1       148       229       230       239
         1       149       158       159       240
         1       149       150       159       240
         1       149       150       231       240
         1       149       158       239       240
         1       149       230       239       240
         1       149       230       231       240
         1       150       159       160       241
         1       150       151       160       241
         1       150       151       232       241
         1       150       159       240       241
         1       150       231       240       241
         1       150       231       232       241
         1       151       160       161       242
         1       151       152       161       242
         1       151       152       233       242
         1       151       160       241       242
         1       151       232       241       242
         1       151       232       233       242
         1       152       161       162       243
         1       152       153       162       243
         1       152       153       234       243
         1       152       161       242       243
         1       152       233       242       243
         1       152       233       234       243
         1       153       154       162       235
         1       145       153       154       235
         1       145       153       226       235
         1       153       162       235       243
         1       153       234       235       243
         1       153       226       234       235
         1       145       154       155       236
         1       145       146       155       236
         1       145       146       227       236
         1       145       154       235       236
         1       145       226       235       236
         1       145       226       227       236
         1        83        84       155       165
         1        84       155       156       165
         1       155       156       165       237
         1        83       155       164       165
         1       155       164       165       236
         1       155       165       236       237
         1        84        85       156       166
         1        85       156       157       166
         1       156       157       166       238
         1        84       156       165       166
         1       156       165       166       237
         1       156       166       237       238
         1        85        86       157       167
         1        86       157       158       167
         1       157       158       167       239
         1        85       157       166       167
         1       157       166       167       238
         1       157       167       238       239
         1        86        87       158       168
         1        87       158       159       168
         1       158       159       168       240
         1        86       158       167       168
         1       158       167       168       239
         1       158       168       239       240
         1        87        88       159       169
         1        88       159       160       169
         1       159       160       169       241
         1        87       159       168       169
         1       159       168       169       240
         1       159       169       240       241
         1        88        89       160       170
         1        89       160       161       170
         1       160       161       170       242
         1        88       160       169       170
         1       160       169       170       241
         1       160       170       241       242
         1        89        90       161       171
         1        90       161       162       171
         1       161       162       171       243
         1        89       161       170       171
         1       161       170       171       242
         1       161       171       242       243
         1        82        90       162       163
         1        82       154       162       163
         1       154       162       163       235
         1        90       162       163       171
         1       162       163       171       243
         1       162       163       235       243
         1        82        83       154       164
         1        83       154       155       164
         1       154       155       164       236
         1        82       154       163       164
         1       154       163       164       235
         1       154       164       235       236
         1        83        92        93       174
         1        83        84        93       174
         1        83        84       165       174
         1        83        92       173       174
         1        83       164       173       174
         1        83       164       165       174
         1        84        93        94       175
         1        84        85        94       175
         1        84        85       166       175
         1        84        93       174       175
         1        84       165       174       175
         1        84       165       166       175
         1        85        94        95       176
         1        85        86        95       176
         1        85        86       167       176
         1        85        94       175       176
         1        85       166       175       176
         1        85       166       167       176
         1        86        95        96       177
         1        86        87        96       177
         1        86        87       168       177
         1        86        95       176       177
         1        86       167       176       177
         1        86       167       168       177
         1        87        96        97       178
         1        87        88        97       178
         1        87        88       169       178
         1        87        96       177       178
         1        87       168       177       178
         1        87       168       169       178
         1        88        97        98       179
         1        88        89        98       179
         1        88        89       170       179
         1        88        97       178       179
         1        88       169       178       179
         1        88       169       170       179
         1        89        98        99       180
         1        89        90        99       180
         1        89        90       171       180
         1        89        98       179       180
         1        89       170       179       180
         1        89       170       171       180
         1        90        91        99       172
         1        82        90        91       172
         1        82        90       163       172
         1        90        99       172       180
         1        90       171       172       180
         1        90       163       171       172
         1        82        91        92       173
         1        82        83        92       173
         1        82        83       164       173
         1        82        91       172       173
         1        82       163       172       173
         1        82       163       164       173
         1       173       182       183       264
         1       173       174       183       264
         1       173       174       255       264
         1       173       182       263       264
         1       173       254       263       264
         1       173       254       255       264
         1       174       183       184       265
         1       174       175       184       265
         1       174       175       256       265
         1       174       183       264       265
         1       174       255       264       265
         1       174       255       256       265
         1       175       184       185       266
         1       175       176       185       266
         1       175       176       257       266
         1       175       184       265       266
         1       175       256       265       266
         1       175       256       257       266
         1       176       185       186       267
         1       176       177       186       267
         1       176       177       258       267
         1       176       185       266       267
         1       176       257       266       267
         1       176       257       258       267
         1       177       186       187       268
         1       177       178       187       268
         1       177       178       259       268
         1       177       186       267       268
         1       177       258       267       268
         1       177       258       259       268
         1       178       187       188       269
         1       178       179       188       269
         1       178       179       260       269
         1       178       187       268       269
         1       178       259       268       269
         1       178       259       260       269
         1       179       188       189       270
         1       179       180       189       270
         1       179       180       261       270
         1       179       188       269       270
         1       179       260       269       270
         1       179       260       261       270
         1       180       181       189       262
         1       172       180       181       262
         1       172       180       253       262
         1       180       189       262       270
         1       180       261       262       270
         1       180       253       261       262
         1       172       181       182       263
         1       172       173       182       263
         1       172       173       254       263
         1       172       181       262       263
         1       172       253       262       263
         1       172       253       254       263
         1       182       191       192       273
         1       182       183       192       273
         1       182       183       264       273
         1       182       191       272       273
         1       182       263       272       273
         1       182       263       264       273
         1       183       192       193       274
         1       183       184       193       274
         1       183       184       265       274
         1       183       192       273       274
         1       183       264       273       274
         1       183       264       265       274
         1       184       193       194       275
         1       184       185       194       275
         1       184       185       266       275
         1       184       193       274       275
         1       184       265       274       275
         1       184       265       266       275
         1       185       194       195       276
         1       185       186       195       276
         1       185       186       267       276
         1       185       194       275       276
         1       185       266       275       276
         1       185       266       267       276
         1       186       195       196       277
         1       186       187       196       277
         1       186       187       268       277
         1       186       195       276       277
         1       186       267       276       277
         1       186       267       268       277
         1       187       196       197       278
         1       187       188       197       278
         1       187       188       269       278
         1       187       196       277       278
         1       187       268       277       278
         1       187       268       269       278
         1       188       197       198       279
         1       188       189       198       279
         1       188       189       270       279
         1       188       197       278       279
         1       188       269       278       279
         1       188       269       270       279
         1       189       190       198       271
         1       181       189       190       271
         1       181       189       262       271
         1       189       198       271       279
         1       189       270       271       279
         1       189       262       270       271
         1       181       190       191       272
         1       181       182       191       272
         1       181       182       263       272
         1       181       190       271       272
         1       181       262       271       272
         1       181       262       263       272
         1       191       200       201       282
         1       191       192       201       282
         1       191       192       273       282
         1       191       200       281       282
         1       191       272       281       282
         1       191       272       273       282
         1       192       201       202       283
         1       192       193       202       283
         1       192       193       274       283
         1       192       201       282       283
         1       192       273       282       283
         1       192       273       274       283
         1       193       202       203       284
         1       193       194       203       284
         1       193       194       275       284
         1       193       202       283       284
         1       193       274       283       284
         1       193       274       275       284
         1       194       203       204       285
         1       194       195       204       285
         1       194       195       276       285
         1       194       203       284       285
         1       194       275       284       285
         1       194       275       276       285
         1       195       204       205       286
         1       195       196       205       286
         1       195       196       277       286
         1       195       204       285       286
         1       195       276       285       286
         1       195       276       277       286
         1       196       205       206       287
         1       196       197       206       287
         1       196       197       278       287
         1       196       205       286       287
         1       196       277       286       287
         1       196       277       278       287
         1       197       206       207       288
         1       197       198       207       288
         1       197       198       279       288
         1       197       206       287       288
         1       197       278       287       288
         1       197       278       279       288
         1       198       199       207       280
         1       190       198       199       280
         1       190       198       271       280
         1       198       207       280       288
         1       198       279       280       288
         1       198       271       279       280
         1       190       199       200       281
         1       190       191       200       281
         1       190       191       272       281
         1       190       199       280       281
         1       190       271       280       281
         1       190       271       272       281
         1       200       209       210       291
         1       200       201       210       291
         1       200       201       282       291
         1       200       209       290       291
         1       200       281       290       291
         1       200       281       282       291
         1       201       210       211       292
         1       201       202       211       292
         1       201       202       283       292
         1       201       210       291       292
         1       201       282       291       292
         1       201       282       283       292
         1       202       211       212       293
         1       202       203       212       293
         1       202       203       284       293
         1       202       211       292       293
         1       202       283       292       293
         1       202       283       284       293
         1       203       212       213       294
         1       203       204       213       294
         1       203       204       285       294
         1       203       212       293       294
         1       203       284       293       294
         1       203       284       285       294
         1       204       213       214       295
         1       204       205       214       295
         1       204       205       286       295
         1       204       213       294       295
         1       204       285       294       295
         1       204       285       286       295
         1       205       214       215       296
         1       205       206       215       296
         1       205       206       287       296
         1       205       214       295       296
         1       205       286       295       296
         1       205       286       287       296
         1       206       215       216       297
         1       206       207       216       297
         1       206       207       288       297
         1       206       215       296       297
         1       206       287       296       297
         1       206       287       288       297
         1       207       208       216       289
         1       199       207       208       289
         1       199       207       280       289
         1       207       216       289       297
         1       207       288       289       297
         1       207       280       288       289
         1       199       208       209       290
         1       199       200       209       290
         1       199       200       281       290
         1       199       208       289       290
         1       199       280       289       290
         1       199       280       281       290
         1       209       218       219       300
         1       209       210       219       300
         1       209       210       291       300
         1       209       218       299       300
         1       209       290       299       300
         1       209       290       291       300
         1       210       219       220       301
         1       210       211       220       301
         1       210       211       292       301
         1       210       219       300       301
         1       210       291       300       301
         1       210       291       292       301
         1       211       220       221       302
         1       211       212       221       302
         1       211       212       293       302
         1       211       220       301       302
         1       211       292       301       302
         1       211       292       293       302
         1       212       221       222       303
         1       212       213       222       303
         1       212       213       294       303
         1       212       221       302       303
         1       212       293       302       303
         1       212       293       294       303
         1       213       222       223       304
         1       213       214       223       304
         1       213       214       295       304
         1       213       222       303       304
         1       213       294       303       304
         1       213       294       295       304
         1       214       223       224       305
         1       214       215       224       305
         1       214       215       296       305
         1       214       223       304       305
         1       214       295       304       305
         1       214       295       296       305
         1       215       224       225       306
         1       215       216       225       306
         1       215       216       297       306
         1       215       224       305       306
         1       215       296       305       306
         1       215       296       297       306
         1       216       217       225       298
         1       208       216       217       298
         1       208       216       289       298
         1       216       225       298       306
         1       216       297       298       306
         1       216       289       297       298
         1       208       217       218       299
         1       208       209       218       299
         1       208       209       290       299
         1       208       217       298       299
         1       208       289       298       299
         1       208       289       290       299
         1       218       227       228       309
         1       218       219       228       309
         1       218       219       300       309
         1       218       227       308       309
         1       218       299       308       309
         1       218       299       300       309
         1       219       228       229       310
         1       219       220       229       310
         1       219       220       301       310
         1       219       228       309       310
         1       219       300       309       310
         1       219       300       301       310
         1       220       229       230       311
         1       220       221       230       311
         1       220       221       302       311
         1       220       229       310       311
         1       220       301       310       311
         1       220       301       302       311
         1       221       230       231       312
         1       221       222       231       312
         1       221       222       303       312
         1       221       230       311       312
         1       221       302       311       312
         1       221       302       303       312
         1       222       231       232       313
         1       222       223       232       313
         1       222       223       304       313
         1       222       231       312       313
         1       222       303       312       313
         1       222       303       304       313
         1       223       232       233       314
         1       223       224       233       314
         1       223       224       305       314
         1       223       232       313       314
         1       223       304       313       314
         1       223       304       305       314
         1       224       233       234       315
         1       224       225       234       315
         1       224       225       306       315
         1       224       233       314       315
         1       224       305       314       315
         1       224       305       306       315
         1       225       226       234       307
         1       217       225       226       307
         1       217       225       298       307
         1       225       234       307       315
         1       225       306       307       315
         1       225       298       306       307
         1       217       226       227       308
         1       217       218       227       308
         1       217       218       299       308
         1       217       226       307       308
         1       217       298       307       308
         1       217       298       299       308
         1       227       236       237       318
         1       227       228       237       318
         1       227       228       309       318
         1       227       236       317       318
         1       227       308       317       318
         1       227       308       309       318
         1       228       237       238       319
         1       228       229       238       319
         1       228       229       310       319
         1       228       237       318       319
         1       228       309       318       319
         1       228       309       310       319
         1       229       238       239       320
         1       229       230       239       320
         1       229       230       311       320
         1       229       238       319       320
         1       229       310       319       320
         1       229       310       311       320
         1       230       239       240       321
         1       230       231       240       321
         1       230       231       312       321
         1       230       239       320       321
         1       230       311       320       321
         1       230       311       312       321
         1       231       240       241       322
         1       231       232       241       322
         1       231       232       313       322
         1       231       240       321       322
         1       231       312       321       322
         1       231       312       313       322
         1       232       241       242       323
         1       232       233       242       323
         1       232       233       314       323
         1       232       241       322       323
         1       232       313       322       323
         1       232       313       314       323
         1       233       242       243       324
         1       233       234       243       324
         1       233       234       315       324
         1       233       242       323       324
         1       233       314       323       324
         1       233       314       315       324
         1       234       235       243       316
         1       226       234       235       316
         1       226       234       307       316
         1       234       243       316       324
         1       234       315       316       324
         1       234       307       315       316
         1       226       235       236       317
         1       226       227       236       317
         1       226       227       308       317
         1       226       235       316       317
         1       226       307       316       317
         1       226       307       308       317
         1       164       165       236       246
         1       165       236       237       246
         1       236       237       246       318
         1       164       236       245       246
         1       236       245       246       317
         1       236       246       317       318
         1       165       166       237       247
         1       166       237       238       247
         1       237       238       247       319
         1       165       237       246       247
         1       237       246       247       318
         1       237       247       318       319
         1       166       167       238       248
         1       167       238       239       248
         1       238       239       248       320
         1       166       238       247       248
         1       238       247       248       319
         1       238       248       319       320
         1       167       168       239       249
         1       168       239       240       249
         1       239       240       249       321
         1       167       239       248       249
         1       239       248       249       320
         1       239       249       320       321
         1       168       169       240       250
         1       169       240       241       250
         1       240       241       250       322
         1       168       240       249       250
         1       240       249       250       321
         1       240       250       321       322
         1       169       170       241       251
         1       170       241       242       251
         1       241       242       251       323
         1       169       241       250       251
         1       241       250       251       322
         1       241       251       322       323
         1       170       171       242       252
         1       171       242       243       252
         1       242       243       252       324
         1       170       242       251       252
         1       242       251       252       323
         1       242       252       323       324
         1       163       171       243       244
         1       163       235       243       244
         1       235       243       244       316
         1       171       243       244       252
         1       243       244       252       324
         1       243       244       316       324
         1       163       164       235       245
         1       164       235       236       245
         1       235       236       245       317
         1       163       235       244       245
         1       235       244       245       316
         1       235       245       316       317
         1       164       173       174       255
         1       164       165       174       255
         1       164       165       246       255
         1       164       173       254       255
         1       164       245       254       255
         1       164       245       246       255
         1       165       174       175       256
         1       165       166       175       256
         1       165       166       247       256
         1       165       174       255       256
         1       165       246       255       256
         1       165       246       247       256
         1       166       175       176       257
         1       166       167       176       257
         1       166       167       248       257
         1       166       175       256       257
         1       166       247       256       257
         1       166       247       248       257
         1       167       176       177       258
         1       167       168       177       258
         1       167       168       249       258
         1       167       176       257       258
         1       167       248       257       258
         1       167       248       249       258
         1       168       177       178       259
         1       168       169       178       259
         1       168       169       250       259
         1       168       177       258       259
         1       168       249       258       259
         1       168       249       250       259
         1       169       178       179       260
         1       169       170       179       260
         1       169       170       251       260
         1       169       178       259       260
         1       169       250       259       260
         1       169       250       251       260
         1       170       179       180       261
         1       170       171       180       261
         1       170       171       252       261
         1       170       179       260       261
         1       170       251       260       261
         1       170       251       252       261
         1       171       172       180       253
         1       163       171       172       253
         1       163       171       244       253
         1       171       180       253       261
         1       171       252       253       261
         1       171       244       252       253
         1       163       172       173       254
         1       163       164       173       254
         1       163       164       245       254
         1       163       172       253       254
         1       163       244       253       254
         1       163       244       245       254
         1       254       263       264       345
         1       254       255       264       345
         1       254       255       336       345
         1       254       263       344       345
         1       254       335       344       345
         1       254       335       336       345
         1       255       264       265       346
         1       255       256       265       346
         1       255       256       337       346
         1       255       264       345       346
         1       255       336       345       346
         1       255       336       337       346
         1       256       265       266       347
         1       256       257       266       347
         1       256       257       338       347
         1       256       265       346       347
         1       256       337       346       347
         1       256       337       338       347
         1       257       266       267       348
         1       257       258       267       348
         1       257       258       339       348
         1       257       266       347       348
         1       257       338       347       348
         1       257       338       339       348
         1       258       267       268       349
         1       258       259       268       349
         1       258       259       340       349
         1       258       267       348       349
         1       258       339       348       349
         1       258       339       340       349
         1       259       268       269       350
         1       259       260       269       350
         1       259       260       341       350
         1       259       268       349       350
         1       259       340       349       350
         1       259       340       341       350
         1       260       269       270       351
         1       260       261       270       351
         1       260       261       342       351
         1       260       269       350       351
         1       260       341       350       351
         1       260       341       342       351
         1       261       262       270       343
         1       253       261       262       343
         1       253       261       334       343
         1       261       270       343       351
         1       261       342       343       351
         1       261       334       342       343
         1       253       262       263       344
         1       253       254       263       344
         1       253       254       335       344
         1       253       262       343       344
         1       253       334       343       344
         1       253       334       335       344
         1       263       272       273       354
         1       263       264       273       354
         1       263       264       345       354
         1       263       272       353       354
         1       263       344       353       354
         1       263       344       345       354
         1       264       273       274       355
         1       264       265       274       355
         1       264       265       346       355
         1       264       273       354       355
         1       264       345       354       355
         1       264       345       346       355
         1       265       274       275       356
         1       265       266       275       356
         1       265       266       347       356
         1       265       274       355       356
         1       265       346       355       356
         1       265       346       347       356
         1       266       275       276       357
         1       266       267       276       357
         1       266       267       348       357
         1       266       275       356       357
         1       266       347       356       357
         1       266       347       348       357
         1       267       276       277       358
         1       267       268       277       358
         1       267       268       349       358
         1       267       276       357       358
         1       267       348       357       358
         1       267       348       349       358
         1       268       277       278       359
         1       268       269       278       359
         1       268       269       350       359
         1       268       277       358       359
         1       268       349       358       359
         1       268       349       350       359
         1       269       278       279       360
         1       269       270       279       360
         1       269       270       351       360
         1       269       278       359       360
         1       269       350       359       360
         1       269       350       351       360
         1       270       271       279       352
         1       262       270       271       352
         1       262       270       343       352
         1       270       279       352       360
         1       270       351       352       360
         1       270       343       351       352
         1       262       271       272       353
         1       262       263       272       353
         1       262       263       344       353
         1       262       271       352       353
         1       262       343       352       353
         1       262       343       344       353
         1       272       281       282       363
         1       272       273       282       363
         1       272       273       354       363
         1       272       281       362       363
         1       272       353       362       363
         1       272       353       354       363
         1       273       282       283       364
         1       273       274       283       364
         1       273       274       355       364
         1       273       282       363       364
         1       273       354       363       364
         1       273       354       355       364
         1       274       283       284       365
         1       274       275       284       365
         1       274       275       356       365
         1       274       283       364       365
         1       274       355       364       365
         1       274       355       356       365
         1       275       284       285       366
         1       275       276       285       366
         1       275       276       357       366
         1       275       284       365       366
         1       275       356       365       366
         1       275       356       357       366
         1       276       285       286       367
         1       276       277       286       367
         1       276       277       358       367
         1       276       285       366       367
         1       276       357       366       367
         1       276       357       358       367
         1       277       286       287       368
         1       277       278       287       368
         1       277       278       359       368
         1       277       286       367       368
         1       277       358       367       368
         1       277       358       359       368
         1       278       287       288       369
         1       278       279       288       369
         1       278       279       360       369
         1       278       287       368       369
         1       278       359       368       369
         1       278       359       360       369
         1       279       280       288       361
         1       271       279       280       361
         1       271       279       352       361
         1       279       288       361       369
         1       279       360       361       369
         1       279       352       360       361
         1       271       280       281       362
         1       271       272       281       362
         1       271       272       353       362
         1       271       280       361       362
         1       271       352       361       362
         1       271       352       353       362
         1       281       290       291       372
         1       281       282       291       372
         1       281       282       363       372
         1       281       290       371       372
         1       281       362       371       372
         1       281       362       363       372
         1       282       291       292       373
         1       282       283       292       373
         1       282       283       364       373
         1       282       291       372       373
         1       282       363       372       373
         1       282       363       364       373
         1       283       292       293       374
         1       283       284       293       374
         1       283       284       365       374
         1       283       292       373       374
         1       283       364       373       374
         1       283       364       365       374
         1       284       293       294       375
         1       284       285       294       375
         1       284       285       366       375
         1       284       293       374       375
         1       284       365       374       375
         1       284       365       366       375
         1       285       294       295       376
         1       285       286       295       376
         1       285       286       367       376
         1       285       294       375       376
         1       285       366       375       376
         1       285       366       367       376
         1       286       295       296       377
         1       286       287       296       377
         1       286       287       368       377
         1       286       295       376       377
         1       286       367       376       377
         1       286       367       368       377
         1       287       296       297       378
         1       287       288       297       378
         1       287       288       369       378
         1       287       296       377       378
         1       287       368       377       378
         1       287       368       369       378
         1       288       289       297       370
         1       280       288       289       370
         1       280       288       361       370
         1       288       297       370       378
         1       288       369       370       378
         1       288       361       369       370
         1       280       289       290       371
         1       280       281       290       371
         1       280       281       362       371
         1       280       289       370       371
         1       280       361       370       371
         1       280       361       362       371
         1       290       299       300       381
         1       290       291       300       381
         1       290       291       372       381
         1       290       299       380       381
         1       290       371       380       381
         1       290       371       372       381
         1       291       300       301       382
         1       291       292       301       382
         1       291       292       373       382
         1       291       300       381       382
         1       291       372       381       382
         1       291       372       373       382
         1       292       301       302       383
         1       292       293       302       383
         1       292       293       374       383
         1       292       301       382       383
         1       292       373       382       383
         1       292       373       374       383
         1       293       302       303       384
         1       293       294       303       384
         1       293       294       375       384
         1       293       302       383       384
         1       293       374       383       384
         1       293       374       375       384
         1       294       303       304       385
         1       294       295       304       385
         1       294       295       376       385
         1       294       303       384       385
         1       294       375       384       385
         1       294       375       376       385
         1       295       304       305       386
         1       295       296       305       386
         1       295       296       377       386
         1       295       304       385       386
         1       295       376       385       386
         1       295       376       377       386
         1       296       305       306       387
         1       296       297       306       387
         1       296       297       378       387
         1       296       305       386       387
         1       296       377       386       387
         1       296       377       378       387
         1       297       298       306       379
         1       289       297       298       379
         1       289       297       370       379
         1       297       306       379       387
         1       297       378       379       387
         1       297       370       378       379
         1       289       298       299       380
         1       289       290       299       380
         1       289       290       371       380
         1       289       298       379       380
         1       289       370       379       380
         1       289       370       371       380
         1       299       308       309       390
         1       299       300       309       390
         1       299       300       381       390
         1       299       308       389       390
         1       299       380       389       390
         1       299       380       381       390
         1       300       309       310       391
         1       300       301       310       391
         1       300       301       382       391
         1       300       309       390       391
         1       300       381       390       391
         1       300       381       382       391
         1       301       310       311       392
         1       301       302       311       392
         1       301       302       383       392
         1       301       310       391       392
         1       301       382       391       392
         1       301       382       383       392
         1       302       311       312       393
         1       302       303       312       393
         1       302       303       384       393
         1       302       311       392       393
         1       302       383       392       393
         1       302       383       384       393
         1       303       312       313       394
         1       303       304       313       394
         1       303       304       385       394
         1       303       312       393       394
         1       303       384       393       394
         1       303       384       385       394
         1       304       313       314       395
         1       304       305       314       395
         1       304       305       386       395
         1       304       313       394       395
         1       304       385       394       395
         1       304       385       386       395
         1       305       314       315       396
         1       305       306       315       396
         1       305       306       387       396
         1       305       314       395       396
         1       305       386       395       396
         1       305       386       387       396
         1       306       307       315       388
         1       298       306       307       388
         1       298       306       379       388
         1       306       315       388       396
         1       306       387       388       396
         1       306       379       387       388
         1       298       307       308       389
         1       298       299       308       389
         1       298       299       380       389
         1       298       307       388       389
         1       298       379       388       389
         1       298       379       380       389
         1       308       317       318       399
         1       308       309       318       399
         1       308       309       390       399
         1       308       317       398       399
         1       308       389       398       399
         1       308       389       390       399
         1       309       318       319       400
         1       309       310       319       400
         1       309       310       391       400
         1       309       318       399       400
         1       309       390       399       400
         1       309       390       391       400
         1       310       319       320       401
         1       310       311       320       401
         1       310       311       392       401
         1       310       319       400       401
         1       310       391       400       401
         1       310       391       392       401
         1       311       320       321       402
         1       311       312       321       402
         1       311       312       393       402
         1       311       320       401       402
         1       311       392       401       402
         1       311       392       393       402
         1       312       321       322       403
         1       312       313       322       403
         1       312       313       394       403
         1       312       321       402       403
         1       312       393       402       403
         1       312       393       394       403
         1       313       322       323       404
         1       313       314       323       404
         1       313       314       395       404
         1       313       322       403       404
         1       313       394       403       404
         1       313       394       395       404
         1       314       323       324       405
         1       314       315       324       405
         1       314       315       396       405
         1       314       323       404       405
         1       314       395       404       405
         1       314       395       396       405
         1       315       316       324       397
         1       307       315       316       397
         1       307       315       388       397
         1       315       324       397       405
         1       315       396       397       405
         1       315       388       396       397
         1       307       316       317       398
         1       307       308       317       398
         1       307       308       389       398
         1       307       316       397       398
         1       307       388       397       398
         1       307       388       389       398
         1       245       246       317       327
         1       246       317       318       327
         1       317       318       327       399
         1       245       317       326       327
         1       317       326       327       398
         1       317       327       398       399
         1       246       247       318       328
         1       247       318       319       328
         1       318       319       328       400
         1       246       318       327       328
         1       318       327       328       399
         1       318       328       399       400
         1       247       248       319       329
         1       248       319       320       329
         1       319       320       329       401
         1       247       319       328       329
         1       319       328       329       400
         1       319       329       400       401
         1       248       249       320       330
         1       249       320       321       330
         1       320       321       330       402
         1       248       320       329       330
         1       320       329       330       401
         1       320       330       401       402
         1       249       250       321       331
         1       250       321       322       331
         1       321       322       331       403
         1       249       321       330       331
         1       321       330       331       402
         1       321       331       402       403
         1       250       251       322       332
         1       251       322       323       332
         1       322       323       332       404
         1       250       322       331       332
         1       322       331       332       403
         1       322       332       403       404
         1       251       252       323       333
         1       252       323       324       333
         1       323       324       333       405
         1       251       323       332       333
         1       323       332       333       404
         1       323       333       404       405
         1       244       252       324       325
         1       244       316       324       325
         1       316       324       325       397
         1       252       324       325       333
         1       324       325       333       405
         1       324       325       397       405
         1       244       245       316       326
         1       245       316       317       326
         1       316       317       326       398
         1       244       316       325       326
         1       316       325       326       397
         1       316       326       397       398
         1       245       254       255       336
         1       245       246       255       336
         1       245       246       327       336
         1       245       254       335       336
         1       245       326       335       336
         1       245       326       327       336
         1       246       255       256       337
         1       246       247       256       337
         1       246       247       328       337
         1       246       255       336       337
         1       246       327       336       337
         1       246       327       328       337
         1       247       256       257       338
         1       247       248       257       338
         1       247       248       329       338
         1       247       256       337       338
         1       247       328       337       338
         1       247       328       329       338
         1       248       257       258       339
         1       248       249       258       339
         1       248       249       330       339
         1       248       257       338       339
         1       248       329       338       339
         1       248       329       330       339
         1       249       258       259       340
         1       249       250       259       340
         1       249       250       331       340
         1       249       258       339       340
         1       249       330       339       340
         1       249       330       331       340
         1       250       259       260       341
         1       250       251       260       341
         1       250       251       332       341
         1       250       259       340       341
         1       250       331       340       341
         1       250       331       332       341
         1       251       260       261       342
         1       251       252       261       342
         1       251       252       333       342
         1       251       260       341       342
         1       251       332       341       342
         1       251       332       333       342
         1       252       253       261       334
         1       244       252       253       334
         1       244       252       325       334
         1       252       261       334       342
         1       252       333       334       342
         1       252       325       333       334
         1       244       253       254       335
         1       244       245       254       335
         1       244       245       326       335
         1       244       253       334       335
         1       244       325       334       335
         1       244       325       326       335
         1       335       344       345       426
         1       335       336       345       426
         1       335       336       417       426
         1       335       344       425       426
         1       335       416       425       426
         1       335       416       417       426
         1       336       345       346       427
         1       336       337       346       427
         1       336       337       418       427
         1       336       345       426       427
         1       336       417       426       427
         1       336       417       418       427
         1       337       346       347       428
         1       337       338       347       428
         1       337       338       419       428
         1       337       346       427       428
         1       337       418       427       428
         1       337       418       419       428
         1       338       347       348       429
         1       338       339       348       429
         1       338       339       420       429
         1       338       347       428       429
         1       338       419       428       429
         1       338       419       420       429
         1       339       348       349       430
         1       339       340       349       430
         1       339       340       421       430
         1       339       348       429       430
         1       339       420       429       430
         1       339       420       421       430
         1       340       349       350       431
         1       340       341       350       431
         1       340       341       422       431
         1       340       349       430       431
         1       340       421       430       431
         1       340       421       422       431
         1       341       350       351       432
         1       341       342       351       432
         1       341       342       423       432
         1       341       350       431       432
         1       341       422       431       432
         1       341       422       423       432
         1       342       343       351       424
         1       334       342       343       424
         1       334       342       415       424
         1       342       351       424       432
         1       342       423       424       432
         1       342       415       423       424
         1       334       343       344       425
         1       334       335       344       425
         1       334       335       416       425
         1       334       343       424       425
         1       334       415       424       425
         1       334       415       416       425
         1       344       353       354       435
         1       344       345       354       435
         1       344       345       426       435
         1       344       353       434       435
         1       344       425       434       435
         1       344       425       426       435
         1       345       354       355       436
         1       345       346       355       436
         1       345       346       427       436
         1       345       354       435       436
         1       345       426       435       436
         1       345       426       427       436
         1       346       355       356       437
         1       346       347       356       437
         1       346       347       428       437
         1       346       355       436       437
         1       346       427       436       437
         1       346       427       428       437
         1       347       356       357       438
         1       347       348       357       438
         1       347       348       429       438
         1       347       356       437       438
         1       347       428       437       438
         1       347       428       429       438
         1       348       357       358       439
         1       348       349       358       439
         1       348       349       430       439
         1       348       357       438       439
         1       348       429       438       439
         1       348       429       430       439
         1       349       358       359       440
         1       349       350       359       440
         1       349       350       431       440
         1       349       358       439       440
         1       349       430       439       440
         1       349       430       431       440
         1       350       359       360       441
         1       350       351       360       441
         1       350       351       432       441
         1       350       359       440       441
         1       350       431       440       441
         1       350       431       432       441
         1       351       352       360       433
         1       343       351       352       433
         1       343       351       424       433
         1       351       360       433       441
         1       351       432       433       441
         1       351       424       432       433
         1       343       352       353       434
         1       343       344       353       434
         1       343       344       425       434
         1       343       352       433       434
         1       343       424       433       434
         1       343       424       425       434
         1       353       362       363       444
         1       353       354       363       444
         1       353       354       435       444
         1       353       362       443       444
         1       353       434       443       444
         1       353       434       435       444
         1       354       363       364       445
         1       354       355       364       445
         1       354       355       436       445
         1       354       363       444       445
         1       354       435       444       445
         1       354       435       436       445
         1       355       364       365       446
         1       355       356       365       446
         1       355       356       437       446
         1       355       364       445       446
         1       355       436       445       446
         1       355       436       437       446
         1       356       365       366       447
         1       356       357       366       447
         1       356       357       438       447
         1       356       365       446       447
         1       356       437       446       447
         1       356       437       438       447
         1       357       366       367       448
         1       357       358       367       448
         1       357       358       439       448
         1       357       366       447       448
         1       357       438       447       448
         1       357       438       439       448
         1       358       367       368       449
         1       358       359       368       449
         1       358       359       440       449
         1       358       367       448       449
         1       358       439       448       449
         1       358       439       440       449
         1       359       368       369       450
         1       359       360       369       450
         1       359       360       441       450
         1       359       368       449       450
         1       359       440       449       450
         1       359       440       441       450
         1       360       361       369       442
         1       352       360       361       442
         1       352       360       433       442
         1       360       369       442       450
         1       360       441       442       450
         1       360       433       441       442
         1       352       361       362       443
         1       352       353       362       443
         1       352       353       434       443
         1       352       361       442       443
         1       352       433       442       443
         1       352       433       434       443
         1       362       371       372       453
         1       362       363       372       453
         1       362       363       444       453
         1       362       371       452       453
         1       362       443       452       453
         1       362       443       444       453
         1       363       372       373       454
         1       363       364       373       454
         1       363       364       445       454
         1       363       372       453       454
         1       363       444       453       454
         1       363       444       445       454
         1       364       373       374       455
         1       364       365       374       455
         1       364       365       446       455
         1       364       373       454       455
         1       364       445       454       455
         1       364       445       446       455
         1       365       374       375       456
         1       365       366       375       456
         1       365       366       447       456
         1       365       374       455       456
         1       365       446       455       456
         1       365       446       447       456
         1       366       375       376       457
         1       366       367       376       457
         1       366       367       448       457
         1       366       375       456       457
         1       366       447       456       457
         1       366       447       448       457
         1       367       376       377       458
         1       367       368       377       458
         1       367       368       449       458
         1       367       376       457       458
         1       367       448       457       458
         1       367       448       449       458
         1       368       377       378       459
         1       368       369       378       459
         1       368       369       450       459
         1       368       377       458       459
         1       368       449       458       459
         1       368       449       450       459
         1       369       370       378       451
         1       361       369       370       451
         1       361       369       442       451
         1       369       378       451       459
         1       369       450       451       459
         1       369       442       450       451
         1       361       370       371       452
         1       361       362       371       452
         1       361       362       443       452
         1       361       370       451       452
         1       361       442       451       452
         1       361       442       443       452
         1       371       380       381       462
         1       371       372       381       462
         1       371       372       453       462
         1       371       380       461       462
         1       371       452       461       462
         1       371       452       453       462
         1       372       381       382       463
         1       372       373       382       463
         1       372       373       454       463
         1       372       381       462       463
         1       372       453       462       463
         1       372       453       454       463
         1       373       382       383       464
         1       373       374       383       464
         1       373       374       455       464
         1       373       382       463       464
         1       373       454       463       464
         1       373       454       455       464
         1       374       383       384       465
         1       374       375       384       465
         1       374       375       456       465
         1       374       383       464       465
         1       374       455       464       465
         1       374       455       456       465
         1       375       384       385       466
         1       375       376       385       466
         1       375       376       457       466
         1       375       384       465       466
         1       375       456       465       466
         1       375       456       457       466
         1       376       385       386       467
         1       376       377       386       467
         1       376       377       458       467
         1       376       385       466       467
         1       376       457       466       467
         1       376       457       458       467
         1       377       386       387       468
         1       377       378       387       468
         1       377       378       459       468
         1       377       386       467       468
         1       377       458       467       468
         1       377       458       459       468
         1       378       379       387       460
         1       370       378       379       460
         1       370       378       451       460
         1       378       387       460       468
         1       378       459       460       468
         1       378       451       459       460
         1       370       379       380       461
         1       370       371       380       461
         1       370       371       452       461
         1       370       379       460       461
         1       370       451       460       461
         1       370       451       452       461
         1       380       389       390       471
         1       380       381       390       471
         1       380       381       462       471
         1       380       389       470       471
         1       380       461       470       471
         1       380       461       462       471
         1       381       390       391       472
         1       381       382       391       472
         1       381       382       463       472
         1       381       390       471       472
         1       381       462       471       472
         1       381       462       463       472
         1       382       391       392       473
         1       382       383       392       473
         1       382       383       464       473
         1       382       391       472       473
         1       382       463       472       473
         1       382       463       464       473
         1       383       392       393       474
         1       383       384       393       474
         1       383       384       465       474
         1       383       392       473       474
         1       383       464       473       474
         1       383       464       465       474
         1       384       393       394       475
         1       384       385       394       475
         1       384       385       466       475
         1       384       393       474       475
         1       384       465       474       475
         1       384       465       466       475
         1       385       394       395       476
         1       385       386       395       476
         1       385       386       467       476
         1       385       394       475       476
         1       385       466       475       476
         1       385       466       467       476
         1       386       395       396       477
         1       386       387       396       477
         1       386       387       468       477
         1       386       395       476       477
         1       386       467       476       477
         1       386       467       468       477
         1       387       388       396       469
         1       379       387       388       469
         1       379       387       460       469
         1       387       396       469       477
         1       387       468       469       477
         1       387       460       468       469
         1       379       388       389       470
         1       379       380       389       470
         1       379       380       461       470
         1       379       388       469       470
         1       379       460       469       470
         1       379       460       461       470
         1       389       398       399       480
         1       389       390       399       480
         1       389       390       471       480
         1       389       398       479       480
         1       389       470       479       480
         1       389       470       471       480
         1       390       399       400       481
         1       390       391       400       481
         1       390       391       472       481
         1       390       399       480       481
         1       390       471       480       481
         1       390       471       472       481
         1       391       400       401       482
         1       391       392       401       482
         1       391       392       473       482
         1       391       400       481       482
         1       391       472       481       482
         1       391       472       473       482
         1       392       401       402       483
         1       392       393       402       483
         1       392       393       474       483
         1       392       401       482       483
         1       392       473       482       483
         1       392       473       474       483
         1       393       402       403       484
         1       393       394       403       484
         1       393       394       475       484
         1       393       402       483       484
         1       393       474       483       484
         1       393       474       475       484
         1       394       403       404       485
         1       394       395       404       485
         1       394       395       476       485
         1       394       403       484       485
         1       394       475       484       485
         1       394       475       476       485
         1       395       404       405       486
         1       395       396       405       486
         1       395       396       477       486
         1       395       404       485       486
         1       395       476       485       486
         1       395       476       477       486
         1       396       397       405       478
         1       388       396       397       478
         1       388       396       469       478
         1       396       405       478       486
         1       396       477       478       486
         1       396       469       477       478
         1       388       397       398       479
         1       388       389       398       479
         1       388       389       470       479
         1       388       397       478       479
         1       388       469       478       479
         1       388       469       470       479
         1       326       327       398       408
         1       327       398       399       408
         1       398       399       408       480
         1       326       398       407       408
         1       398       407       408       479
         1       398       408       479       480
         1       327       328       399       409
         1       328       399       400       409
         1       399       400       409       481
         1       327       399       408       409
         1       399       408       409       480
         1       399       409       480       481
         1       328       329       400       410
         1       329       400       401       410
         1       400       401       410       482
         1       328       400       409       410
         1       400       409       410       481
         1       400       410       481       482
         1       329       330       401       411
         1       330       401       402       411
         1       401       402       411       483
         1       329       401       410       411
         1       401       410       411       482
         1       401       411       482       483
         1       330       331       402       412
         1       331       402       403       412
         1       402       403       412       484
         1       330       402       411       412
         1       402       411       412       483
         1       402       412       483       484
         1       331       332       403       413
         1       332       403       404       413
         1       403       404       413       485
         1       331       403       412       413
         1       403       412       413       484
         1       403       413       484       485
         1       332       333       404       414
         1       333       404       405       414
         1       404       405       414       486
         1       332       404       413       414
         1       404       413       414       485
         1       404       414       485       486
         1       325       333       405       406
         1       325       397       405       406
         1       397       405       406       478
         1       333       405       406       414
         1       405       406       414       486
         1       405       406       478       486
         1       325       326       397       407
         1       326       397       398       407
         1       397       398       407       479
         1       325       397       406       407
         1       397       406       407       478
         1       397       407       478       479
         1       326       335       336       417
         1       326       327       336       417
         1       326       327       408       417
         1       326       335       416       417
         1       326       407       416       417
         1       326       407       408       417
         1       327       336       337       418
         1       327       328       337       418
         1       327       328       409       418
         1       327       336       417       418
         1       327       408       417       418
         1       327       408       409       418
         1       328       337       338       419
         1       328       329       338       419
         1       328       329       410       419
         1       328       337       418       419
         1       328       409       418       419
         1       328       409       410       419
         1       329       338       339       420
         1       329       330       339       420
         1       329       330       411       420
         1       329       338       419       420
         1       329       410       419       420
         1       329       410       411       420
         1       330       339       340       421
         1       330       331       340       421
         1       330       331       412       421
         1       330       339       420       421
         1       330       411       420       421
         1       330       411       412       421
         1       331       340       341       422
         1       331       332       341       422
         1       331       332       413       422
         1       331       340       421       422
         1       331       412       421       422
         1       331       412       413       422
         1       332       341       342       423
         1       332       333       342       423
         1       332       333       414       423
         1       332       341       422       423
         1       332       413       422       423
         1       332       413       414       423
         1       333       334       342       415
         1       325       333       334       415
         1       325       333       406       415
         1       333       342       415       423
         1       333       414       415       423
         1       333       406       414       415
         1       325       334       335       416
         1       325       326       335       416
         1       325       326       407       416
         1       325       334       415       416
         1       325       406       415       416
         1       325       406       407       416
         1       416       425       426       507
         1       416       417       426       507
         1       416       417       498       507
         1       416       425       506       507
         1       416       497       506       507
         1       416       497       498       507
         1       417       426       427       508
         1       417       418       427       508
         1       417       418       499       508
         1       417       426       507       508
         1       417       498       507       508
         1       417       498       499       508
         1       418       427       428       509
         1       418       419       428       509
         1       418       419       500       509
         1       418       427       508       509
         1       418       499       508       509
         1       418       499       500       509
         1       419       428       429       510
         1       419       420       429       510
         1       419       420       501       510
         1       419       428       509       510
         1       419       500       509       510
         1       419       500       501       510
         1       420       429       430       511
         1       420       421       430       511
         1       420       421       502       511
         1       420       429       510       511
         1       420       501       510       511
         1       420       501       502       511
         1       421       430       431       512
         1       421       422       431       512
         1       421       422       503       512
         1       421       430       511       512
         1       421       502       511       512
         1       421       502       503       512
         1       422       431       432       513
         1       422       423       432       513
         1       422       423       504       513
         1       422       431       512       513
         1       422       503       512       513
         1       422       503       504       513
         1       423       424       432       505
         1       415       423       424       505
         1       415       423       496       505
         1       423       432       505       513
         1       423       504       505       513
         1       423       496       504       505
         1       415       424       425       506
         1       415       416       425       506
         1       415       416       497       506
         1       415       424       505       506
         1       415       496       505       506
         1       415       496       497       506
         1       425       434       435       516
         1       425       426       435       516
         1       425       426       507       516
         1       425       434       515       516
         1       425       506       515       516
         1       425       506       507       516
         1       426       435       436       517
         1       426       427       436       517
         1       426       427       508       517
         1       426       435       516       517
         1       426       507       516       517
         1       426       507       508       517
         1       427       436       437       518
         1       427       428       437       518
         1       427       428       509       518
         1       427       436       517       518
         1       427       508       517       518
         1       427       508       509       518
         1       428       437       438       519
         1       428       429       438       519
         1       428       429       510       519
         1       428       437       518       519
         1       428       509       518       519
         1       428       509       510       519
         1       429       438       439       520
         1       429       430       439       520
         1       429       430       511       520
         1       429       438       519       520
         1       429       510       519       520
         1       429       510       511       520
         1       430       439       440       521
         1       430       431       440       521
         1       430       431       512       521
         1       430       439       520       521
         1       430       511       520       521
         1       430       511       512       521
         1       431       440       441       522
         1       431       432       441       522
         1       431       432       513       522
         1       431       440       521       522
         1       431       512       521       522
         1       431       512       513       522
         1       432       433       441       514
         1       424       432       433       514
         1       424       432       505       514
         1       432       441       514       522
         1       432       513       514       522
         1       432       505       513       514
         1       424       433       434       515
         1       424       425       434       515
         1       424       425       506       515
         1       424       433       514       515
         1       424       505       514       515
         1       424       505       506       515
         1       434       443       444       525
         1       434       435       444       525
         1       434       435       516       525
         1       434       443       524       525
         1       434       515       524       525
         1       434       515       516       525
         1       435       444       445       526
         1       435       436       445       526
         1       435       436       517       526
         1       435       444       525       526
         1       435       516       525       526
         1       435       516       517       526
         1       436       445       446       527
         1       436       437       446       527
         1       436       437       518       527
         1       436       445       526       527
         1       436       517       526       527
         1       436       517       518       527
         1       437       446       447       528
         1       437       438       447       528
         1       437       438       519       528
         1       437       446       527       528
         1       437       518       527       528
         1       437       518       519       528
         1       438       447       448       529
         1       438       439       448       529
         1       438       439       520       529
         1       438       447       528       529
         1       438       519       528       529
         1       438       519       520       529
         1       439       448       449       530
         1       439       440       449       530
         1       439       440       521       530
         1       439       448       529       530
         1       439       520       529       530
         1       439       520       521       530
         1       440       449       450       531
         1       440       441       450       531
         1       440       441       522       531
         1       440       449       530       531
         1       440       521       530       531
         1       440       521       522       531
         1       441       442       450       523
         1       433       441       442       523
         1       433       441       514       523
         1       441       450       523       531
         1       441       522       523       531
         1       441       514       522       523
         1       433       442       443       524
         1       433       434       443       524
         1       433       434       515       524
         1       433       442       523       524
         1       433       514       523       524
         1       433       514       515       524
         1       443       452       453       534
         1       443       444       453       534
         1       443       444       525       534
         1       443       452       533       534
         1       443       524       533       534
         1       443       524       525       534
         1       444       453       454       535
         1       444       445       454       535
         1       444       445       526       535
         1       444       453       534       535
         1       444       525       534       535
         1       444       525       526       535
         1       445       454       455       536
         1       445       446       455       536
         1       445       446       527       536
         1       445       454       535       536
         1       445       526       535       536
         1       445       526       527       536
         1       446       455       456       537
         1       446       447       456       537
         1       446       447       528       537
         1       446       455       536       537
         1       446       527       536       537
         1       446       527       528       537
         1       447       456       457       538
         1       447       448       457       538
         1       447       448       529       538
         1       447       456       537       538
         1       447       528       537       538
         1       447       528       529       538
         1       448       457       458       539
         1       448       449       458       539
         1       448       449       530       539
         1       448       457       538       539
         1       448       529       538       539
         1       448       529       530       539
         1       449       458       459       540
         1       449       450       459       540
         1       449       450       531       540
         1       449       458       539       540
         1       449       530       539       540
         1       449       530       531       540
         1       450       451       459       532
         1       442       450       451       532
         1       442       450       523       532
         1       450       459       532       540
         1       450       531       532       540
         1       450       523       531       532
         1       442       451       452       533
         1       442       443       452       533
         1       442       443       524       533
         1       442       451       532       533
         1       442       523       532       533
         1       442       523       524       533
         1       452       461       462       543
         1       452       453       462       543
         1       452       453       534       543
         1       452       461       542       543
         1       452       533       542       543
         1       452       533       534       543
         1       453       462       463       544
         1       453       454       463       544
         1       453       454       535       544
         1       453       462       543       544
         1       453       534       543       544
         1       453       534       535       544
         1       454       463       464       545
         1       454       455       464       545
         1       454       455       536       545
         1       454       463       544       545
         1       454       535       544       545
         1       454       535       536       545
         1       455       464       465       546
         1       455       456       465       546
         1       455       456       537       546
         1       455       464       545       546
         1       455       536       545       546
         1       455       536       537       546
         1       456       465       466       547
         1       456       457       466       547
         1       456       457       538       547
         1       456       465       546       547
         1       456       537       546       547
         1       456       537       538       547
         1       457       466       467       548
         1       457       458       467       548
         1       457       458       539       548
         1       457       466       547       548
         1       457       538       547       548
         1       457       538       539       548
         1       458       467       468       549
         1       458       459       468       549
         1       458       459       540       549
         1       458       467       548       549
         1       458       539       548       549
         1       458       539       540       549
         1       459       460       468       541
         1       451       459       460       541
         1       451       459       532       541
         1       459       468       541       549
         1       459       540       541       549
         1       459       532       540       541
         1       451       460       461       542
         1       451       452       461       542
         1       451       452       533       542
         1       451       460       541       542
         1       451       532       541       542
         1       451       532       533       542
         1       461       470       471       552
         1       461       462       471       552
         1       461       462       543       552
         1       461       470       551       552
         1       461       542       551       552
         1       461       542       543       552
         1       462       471       472       553
         1       462       463       472       553
         1       462       463       544       553
         1       462       471       552       553
         1       462       543       552       553
         1       462       543       544       553
         1       463       472       473       554
         1       463       464       473       554
         1       463       464       545       554
         1       463       472       553       554
         1       463       544       553       554
         1       463       544       545       554
         1       464       473       474       555
         1       464       465       474       555
         1       464       465       546       555
         1       464       473       554       555
         1       464       545       554       555
         1       464       545       546       555
         1       465       474       475       556
         1       465       466       475       556
         1       465       466       547       556
         1       465       474       555       556
         1       465       546       555       556
         1       465       546       547       556
         1       466       475       476       557
         1       466       467       476       557
         1       466       467       548       557
         1       466       475       556       557
         1       466       547       556       557
         1       466       547       548       557
         1       467       476       477       558
         1       467       468       477       558
         1       467       468       549       558
         1       467       476       557       558
         1       467       548       557       558
         1       467       548       549       558
         1       468       469       477       550
         1       460       468       469       550
         1       460       468       541       550
         1       468       477       550       558
         1       468       549       550       558
         1       468       541       549       550
         1       460       469       470       551
         1       460       461       470       551
         1       460       461       542       551
         1       460       469       550       551
         1       460       541       550       551
         1       460       541       542       551
         1       470       479       480       561
         1       470       471       480       561
         1       470       471       552       561
         1       470       479       560       561
         1       470       551       560       561
         1       470       551       552       561
         1       471       480       481       562
         1       471       472       481       562
         1       471       472       553       562
         1       471       480       561       562
         1       471       552       561       562
         1       471       552       553       562
         1       472       481       482       563
         1       472       473       482       563
         1       472       473       554       563
         1       472       481       562       563
         1       472       553       562       563
         1       472       553       554       563
         1       473       482       483       564
         1       473       474       483       564
         1       473       474       555       564
         1       473       482       563       564
         1       473       554       563       564
         1       473       554       555       564
         1       474       483       484       565
         1       474       475       484       565
         1       474       475       556       565
         1       474       483       564       565
         1       474       555       564       565
         1       474       555       556       565
         1       475       484       485       566
         1       475       476       485       566
         1       475       476       557       566
         1       475       484       565       566
         1       475       556       565       566
         1       475       556       557       566
         1       476       485       486       567
         1       476       477       486       567
         1       476       477       558       567
         1       476       485       566       567
         1       476       557       566       567
         1       476       557       558       567
         1       477       478       486       559
         1       469       477       478       559
         1       469       477       550       559
         1       477       486       559       567
         1       477       558       559       567
         1       477       550       558       559
         1       469       478       479       560
         1       469       470       479       560
         1       469       470       551       560
         1       469       478       559       560
         1       469       550       559       560
         1       469       550       551       560
         1       407       408       479       489
         1       408       479       480       489
         1       479       480       489       561
         1       407       479       488       489
         1       479       488       489       560
         1       479       489       560       561
         1       408       409       480       490
         1       409       480       481       490
         1       480       481       490       562
         1       408       480       489       490
         1       480       489       490       561
         1       480       490       561       562
         1       409       410       481       491
         1       410       481       482       491
         1       481       482       491       563
         1       409       481       490       491
         1       481       490       491       562
         1       481       491       562       563
         1       410       411       482       492
         1       411       482       483       492
         1       482       483       492       564
         1       410       482       491       492
         1       482       491       492       563
         1       482       492       563       564
         1       411       412       483       493
         1       412       483       484       493
         1       483       484       493       565
         1       411       483       492       493
         1       483       492       493       564
         1       483       493       564       565
         1       412       413       484       494
         1       413       484       485       494
         1       484       485       494       566
         1       412       484       493       494
         1       484       493       494       565
         1       484       494       565       566
         1       413       414       485       495
         1       414       485       486       495
         1       485       486       495       567
         1       413       485       494       495
         1       485       494       495       566
         1       485       495       566       567
         1       406       414       486       487
         1       406       478       486       487
         1       478       486       487       559
         1       414       486       487       495
         1       486       487       495       567
         1       486       487       559       567
         1       406       407       478       488
         1       407       478       479       488
         1       478       479       488       560
         1       406       478       487       488
         1       478       487       488       559
         1       478       488       559       560
         1       407       416       417       498
         1       407       408       417       498
         1       407       408       489       498
         1       407       416       497       498
         1       407       488       497       498
         1       407       488       489       498
         1       408       417       418       499
         1       408       409       418       499
         1       408       409       490       499
         1       408       417       498       499
         1       408       489       498       499
         1       408       489       490       499
         1       409       418       419       500
         1       409       410       419       500
         1       409       410       491       500
         1       409       418       499       500
         1       409       490       499       500
         1       409       490       491       500
         1       410       419       420       501
         1       410       411       420       501
         1       410       411       492       501
         1       410       419       500       501
         1       410       491       500       501
         1       410       491       492       501
         1       411       420       421       502
         1       411       412       421       502
         1       411       412       493       502
         1       411       420       501       502
         1       411       492       501       502
         1       411       492       493       502
         1       412       421       422       503
         1       412       413       422       503
         1       412       413       494       503
         1       412       421       502       503
         1       412       493       502       503
         1       412       493       494       503
         1       413       422       423       504
         1       413       414       423       504
         1       413       414       495       504
         1       413       422       503       504
         1       413       494       503       504
         1       413       494       495       504
         1       414       415       423       496
         1       406       414       415       496
         1       406       414       487       496
         1       414       423       496       504
         1       414       495       496       504
         1       414       487       495       496
         1       406       415       416       497
         1       406       407       416       497
         1       406       407       488       497
         1       406       415       496       497
         1       406       487       496       497
         1       406       487       488       497
         1       497       506       507       588
         1       497       498       507       588
         1       497       498       579       588
         1       497       506       587       588
         1       497       578       587       588
         1       497       578       579       588
         1       498       507       508       589
         1       498       499       508       589
         1       498       499       580       589
         1       498       507       588       589
         1       498       579       588       589
         1       498       579       580       589
         1       499       508       509       590
         1       499       500       509       590
         1       499       500       581       590
         1       499       508       589       590
         1       499       580       589       590
         1       499       580       581       590
         1       500       509       510       591
         1       500       501       510       591
         1       500       501       582       591
         1       500       509       590       591
         1       500       581       590       591
         1       500       581       582       591
         1       501       510       511       592
         1       501       502       511       592
         1       501       502       583       592
         1       501       510       591       592
         1       501       582       591       592
         1       501       582       583       592
         1       502       511       512       593
         1       502       503       512       593
         1       502       503       584       593
         1       502       511       592       593
         1       502       583       592       593
         1       502       583       584       593
         1       503       512       513       594
         1       503       504       513       594
         1       503       504       585       594
         1       503       512       593       594
         1       503       584       593       594
         1       503       584       585       594
         1       504       505       513       586
         1       496       504       505       586
         1       496       504       577       586
         1       504       513       586       594
         1       504       585       586       594
         1       504       577       585       586
         1       496       505       506       587
         1       496       497       506       587
         1       496       497       578       587
         1       496       505       586       587
         1       496       577       586       587
         1       496       577       578       587
         1       506       515       516       597
         1       506       507       516       597
         1       506       507       588       597
         1       506       515       596       597
         1       506       587       596       597
         1       506       587       588       597
         1       507       516       517       598
         1       507       508       517       598
         1       507       508       589       598
         1       507       516       597       598
         1       507       588       597       598
         1       507       588       589       598
         1       508       517       518       599
         1       508       509       518       599
         1       508       509       590       599
         1       508       517       598       599
         1       508       589       598       599
         1       508       589       590       599
         1       509       518       519       600
         1       509       510       519       600
         1       509       510       591       600
         1       509       518       599       600
         1       509       590       599       600
         1       509       590       591       600
         1       510       519       520       601
         1       510       511       520       601
         1       510       511       592       601
         1       510       519       600       601
         1       510       591       600       601
         1       510       591       592       601
         1       511       520       521       602
         1       511       512       521       602
         1       511       512       593       602
         1       511       520       601       602
         1       511       592       601       602
         1       511       592       593       602
         1       512       521       522       603
         1       512       513       522       603
         1       512       513       594       603
         1       512       521       602       603
         1       512       593       602       603
         1       512       593       594       603
         1       513       514       522       595
         1       505       513       514       595
         1       505       513       586       595
         1       513       522       595       603
         1       513       594       595       603
         1       513       586       594       595
         1       505       514       515       596
         1       505       506       515       596
         1       505       506       587       596
         1       505       514       595       596
         1       505       586       595       596
         1       505       586       587       596
         1       515       524       525       606
         1       515       516       525       606
         1       515       516       597       606
         1       515       524       605       606
         1       515       596       605       606
         1       515       596       597       606
         1       516       525       526       607
         1       516       517       526       607
         1       516       517       598       607
         1       516       525       606       607
         1       516       597       606       607
         1       516       597       598       607
         1       517       526       527       608
         1       517       518       527       608
         1       517       518       599       608
         1       517       526       607       608
         1       517       598       607       608
         1       517       598       599       608
         1       518       527       528       609
         1       518       519       528       609
         1       518       519       600       609
         1       518       527       608       609
         1       518       599       608       609
         1       518       599       600       609
         1       519       528       529       610
         1       519       520       529       610
         1       519       520       601       610
         1       519       528       609       610
         1       519       600       609       610
         1       519       600       601       610
         1       520       529       530       611
         1       520       521       530       611
         1       520       521       602       611
         1       520       529       610       611
         1       520       601       610       611
         1       520       601       602       611
         1       521       530       531       612
         1       521       522       531       612
         1       521       522       603       612
         1       521       530       611       612
         1       521       602       611       612
         1       521       602       603       612
         1       522       523       531       604
         1       514       522       523       604
         1       514       522       595       604
         1       522       531       604       612
         1       522       603       604       612
         1       522       595       603       604
         1       514       523       524       605
         1       514       515       524       605
         1       514       515       596       605
         1       514       523       604       605
         1       514       595       604       605
         1       514       595       596       605
         1       524       533       534       615
         1       524       525       534       615
         1       524       525       606       615
         1       524       533       614       615
         1       524       605       614       615
         1       524       605       606       615
         1       525       534       535       616
         1       525       526       535       616
         1       525       526       607       616
         1       525       534       615       616
         1       525       606       615       616
         1       525       606       607       616
         1       526       535       536       617
         1       526       527       536       617
         1       526       527       608       617
         1       526       535       616       617
         1       526       607       616       617
         1       526       607       608       617
         1       527       536       537       618
         1       527       528       537       618
         1       527       528       609       618
         1       527       536       617       618
         1       527       608       617       618
         1       527       608       609       618
         1       528       537       538       619
         1       528       529       538       619
         1       528       529       610       619
         1       528       537       618       619
         1       528       609       618       619
         1       528       609       610       619
         1       529       538       539       620
         1       529       530       539       620
         1       529       530       611       620
         1       529       538       619       620
         1       529       610       619       620
         1       529       610       611       620
         1       530       539       540       621
         1       530       531       540       621
         1       530       531       612       621
         1       530       539       620       621
         1       530       611       620       621
         1       530       611       612       621
         1       531       532       540       613
         1       523       531       532       613
         1       523       531       604       613
         1       531       540       613       621
         1       531       612       613       621
         1       531       604       612       613
         1       523       532       533       614
         1       523       524       533       614
         1       523       524       605       614
         1       523       532       613       614
         1       523       604       613       614
         1       523       604       605       614
         1       533       542       543       624
         1       533       534       543       624
         1       533       534       615       624
         1       533       542       623       624
         1       533       614       623       624
         1       533       614       615       624
         1       534       543       544       625
         1       534       535       544       625
         1       534       535       616       625
         1       534       543       624       625
         1       534       615       624       625
         1       534       615       616       625
         1       535       544       545       626
         1       535       536       545       626
         1       535       536       617       626
         1       535       544       625       626
         1       535       616       625       626
         1       535       616       617       626
         1       536       545       546       627
         1       536       537       546       627
         1       536       537       618       627
         1       536       545       626       627
         1       536       617       626       627
         1       536       617       618       627
         1       537       546       547       628
         1       537       538       547       628
         1       537       538       619       628
         1       537       546       627       628
         1       537       618       627       628
         1       537       618       619       628
         1       538       547       548       629
         1       538       539       548       629
         1       538       539       620       629
         1       538       547       628       629
         1       538       619       628       629
         1       538       619       620       629
         1       539       548       549       630
         1       539       540       549       630
         1       539       540       621       630
         1       539       548       629       630
         1       539       620       629       630
         1       539       620       621       630
         1       540       541       549       622
         1       532       540       541       622
         1       532       540       613       622
         1       540       549       622       630
         1       540       621       622       630
         1       540       613       621       622
         1       532       541       542       623
         1       532       533       542       623
         1       532       533       614       623
         1       532       541       622       623
         1       532       613       622       623
         1       532       613       614       623
         1       542       551       552       633
         1       542       543       552       633
         1       542       543       624       633
         1       542       551       632       633
         1       542       623       632       633
         1       542       623       624       633
         1       543       552       553       634
         1       543       544       553       634
         1       543       544       625       634
         1       543       552       633       634
         1       543       624       633       634
         1       543       624       625       634
         1       544       553       554       635
         1       544       545       554       635
         1       544       545       626       635
         1       544       553       634       635
         1       544       625       634       635
         1       544       625       626       635
         1       545       554       555       636
         1       545       546       555       636
         1       545       546       627       636
         1       545       554       635       636
         1       545       626       635       636
         1       545       626       627       636
         1       546       555       556       637
         1       546       547       556       637
         1       546       547       628       637
         1       546       555       636       637
         1       546       627       636       637
         1       546       627       628       637
         1       547       556       557       638
         1       547       548       557       638
         1       547       548       629       638
         1       547       556       637       638
         1       547       628       637       638
         1       547       628       629       638
         1       548       557       558       639
         1       548       549       558       639
         1       548       549       630       639
         1       548       557       638       639
         1       548       629       638       639
         1       548       629       630       639
         1       549       550       558       631
         1       541       549       550       631
         1       541       549       622       631
         1       549       558       631       639
         1       549       630       631       639
         1       549       622       630       631
         1       541       550       551       632
         1       541       542       551       632
         1       541       542       623       632
         1       541       550       631       632
         1       541       622       631       632
         1       541       622       623       632
         1       551       560       561       642
         1       551       552       561       642
         1       551       552       633       642
         1       551       560       641       642
         1       551       632       641       642
         1       551       632       633       642
         1       552       561       562       643
         1       552       553       562       643
         1       552       553       634       643
         1       552       561       642       643
         1       552       633       642       643
         1       552       633       634       643
         1       553       562       563       644
         1       553       554       563       644
         1       553       554       635       644
         1       553       562       643       644
         1       553       634       643       644
         1       553       634       635       644
         1       554       563       564       645
         1       554       555       564       645
         1       554       555       636       645
         1       554       563       644       645
         1       554       635       644       645
         1       554       635       636       645
         1       555       564       565       646
         1       555       556       565       646
         1       555       556       637       646
         1       555       564       645       646
         1       555       636       645       646
         1       555       636       637       646
         1       556       565       566       647
         1       556       557       566       647
         1       556       557       638       647
         1       556       565       646       647
         1       556       637       646       647
         1       556       637       638       647
         1       557       566       567       648
         1       557       558       567       648
         1       557       558       639       648
         1       557       566       647       648
         1       557       638       647       648
         1       557       638       639       648
         1       558       559       567       640
         1       550       558       559       640
         1       550       558       631       640
         1       558       567       640       648
         1       558       639       640       648
         1       558       631       639       640
         1       550       559       560       641
         1       550       551       560       641
         1       550       551       632       641
         1       550       559       640       641
         1       550       631       640       641
         1       550       631       632       641
         1       488       489       560       570
         1       489       560       561       570
         1       560       561       570       642
         1       488       560       569       570
         1       560       569       570       641
         1       560       570       641       642
         1       489       490       561       571
         1       490       561       562       571
         1       561       562       571       643
         1       489       561       570       571
         1       561       570       571       642
         1       561       571       642       643
         1       490       491       562       572
         1       491       562       563       572
         1       562       563       572       644
         1       490       562       571       572
         1       562       571       572       643
         1       562       572       643       644
         1       491       492       563       573
         1       492       563       564       573
         1       563       564       573       645
         1       491       563       572       573
         1       563       572       573       644
         1       563       573       644       645
         1       492       493       564       574
         1       493       564       565       574
         1       564       565       574       646
         1       492       564       573       574
         1       564       573       574       645
         1       564       574       645       646
         1       493       494       565       575
         1       494       565       566       575
         1       565       566       575       647
         1       493       565       574       575
         1       565       574       575       646
         1       565       575       646       647
         1       494       495       566       576
         1       495       566       567       576
         1       566       567       576       648
         1       494       566       575       576
         1       566       575       576       647
         1       566       576       647       648
         1       487       495       567       568
         1       487       559       567       568
         1       559       567       568       640
         1       495       567       568       576
         1       567       568       576       648
         1       567       568       640       648
         1       487       488       559       569
         1       488       559       560       569
         1       559       560       569       641
         1       487       559       568       569
         1       559       568       569       640
         1       559       569       640       641
         1       488       497       498       579
         1       488       489       498       579
         1       488       489       570       579
         1       488       497       578       579
         1       488       569       578       579
         1       488       569       570       579
         1       489       498       499       580
         1       489       490       499       580
         1       489       490       571       580
         1       489       498       579       580
         1       489       570       579       580
         1       489       570       571       580
         1       490       499       500       581
         1       490       491       500       581
         1       490       491       572       581
         1       490       499       580       581
         1       490       571       580       581
         1       490       571       572       581
         1       491       500       501       582
         1       491       492       501       582
         1       491       492       573       582
         1       491       500       581       582
         1       491       572       581       582
         1       491       572       573       582
         1       492       501       502       583
         1       492       493       502       583
         1       492       493       574       583
         1       492       501       582       583
         1       492       573       582       583
         1       492       573       574       583
         1       493       502       503       584
         1       493       494       503       584
         1       493       494       575       584
         1       493       502       583       584
         1       493       574       583       584
         1       493       574       575       584
         1       494       503       504       585
         1       494       495       504       585
         1       494       495       576       585
         1       494       503       584       585
         1       494       575       584       585
         1       494       575       576       585
         1       495       496       504       577
         1       487       495       496       577
         1       487       495       568       577
         1       495       504       577       585
         1       495       576       577       585
         1       495       568       576       577
         1       487       496       497       578
         1       487       488       497       578
         1       487       488       569       578
         1       487       496       577       578
         1       487       568       577       578
         1       487       568       569       578
         1       578       587       588       669
         1       578       579       588       669
         1       578       579       660       669
         1       578       587       668       669
         1       578       659       668       669
         1       578       659       660       669
         1       579       588       589       670
         1       579       580       589       670
         1       579       580       661       670
         1       579       588       669       670
         1       579       660       669       670
         1       579       660       661       670
         1       580       589       590       671
         1       580       581       590       671
         1       580       581       662       671
         1       580       589       670       671
         1       580       661       670       671
         1       580       661       662       671
         1       581       590       591       672
         1       581       582       591       672
         1       581       582       663       672
         1       581       590       671       672
         1       581       662       671       672
         1       581       662       663       672
         1       582       591       592       673
         1       582       583       592       673
         1       582       583       664       673
         1       582       591       672       673
         1       582       663       672       673
         1       582       663       664       673
         1       583       592       593       674
         1       583       584       593       674
         1       583       584       665       674
         1       583       592       673       674
         1       583       664       673       674
         1       583       664       665       674
         1       584       593       594       675
         1       584       585       594       675
         1       584       585       666       675
         1       584       593       674       675
         1       584       665       674       675
         1       584       665       666       675
         1       585       586       594       667
         1       577       585       586       667
         1       577       585       658       667
         1       585       594       667       675
         1       585       666       667       675
         1       585       658       666       667
         1       577       586       587       668
         1       577       578       587       668
         1       577       578       659       668
         1       577       586       667       668
         1       577       658       667       668
         1       577       658       659       668
         1       587       596       597       678
         1       587       588       597       678
         1       587       588       669       678
         1       587       596       677       678
         1       587       668       677       678
         1       587       668       669       678
         1       588       597       598       679
         1       588       589       598       679
         1       588       589       670       679
         1       588       597       678       679
         1       588       669       678       679
         1       588       669       670       679
         1       589       598       599       680
         1       589       590       599       680
         1       589       590       671       680
         1       589       598       679       680
         1       589       670       679       680
         1       589       670       671       680
         1       590       599       600       681
         1       590       591       600       681
         1       590       591       672       681
         1       590       599       680       681
         1       590       671       680       681
         1       590       671       672       681
         1       591       600       601       682
         1       591       592       601       682
         1       591       592       673       682
         1       591       600       681       682
         1       591       672       681       682
         1       591       672       673       682
         1       592       601       602       683
         1       592       593       602       683
         1       592       593       674       683
         1       592       601       682       683
         1       592       673       682       683
         1       592       673       674       683
         1       593       602       603       684
         1       593       594       603       684
         1       593       594       675       684
         1       593       602       683       684
         1       593       674       683       684
         1       593       674       675       684
         1       594       595       603       676
         1       586       594       595       676
         1       586       594       667       676
         1       594       603       676       684
         1       594       675       676       684
         1       594       667       675       676
         1       586       595       596       677
         1       586       587       596       677
         1       586       587       668       677
         1       586       595       676       677
         1       586       667       676       677
         1       586       667       668       677
         1       596       605       606       687
         1       596       597       606       687
         1       596       597       678       687
         1       596       605       686       687
         1       596       677       686       687
         1       596       677       678       687
         1       597       606       607       688
         1       597       598       607       688
         1       597       598       679       688
         1       597       606       687       688
         1       597       678       687       688
         1       597       678       679       688
         1       598       607       608       689
         1       598       599       608       689
         1       598       599       680       689
         1       598       607       688       689
         1       598       679       688       689
         1       598       679       680       689
         1       599       608       609       690
         1       599       600       609       690
         1       599       600       681       690
         1       599       608       689       690
         1       599       680       689       690
         1       599       680       681       690
         1       600       609       610       691
         1       600       601       610       691
         1       600       601       682       691
         1       600       609       690       691
         1       600       681       690       691
         1       600       681       682       691
         1       601       610       611       692
         1       601       602       611       692
         1       601       602       683       692
         1       601       610       691       692
         1       601       682       691       692
         1       601       682       683       692
         1       602       611       612       693
         1       602       603       612       693
         1       602       603       684       693
         1       602       611       692       693
         1       602       683       692       693
         1       602       683       684       693
         1       603       604       612       685
         1       595       603       604       685
         1       595       603       676       685
         1       603       612       685       693
         1       603       684       685       693
         1       603       676       684       685
         1       595       604       605       686
         1       595       596       605       686
         1       595       596       677       686
         1       595       604       685       686
         1       595       676       685       686
         1       595       676       677       686
         1       605       614       615       696
         1       605       606       615       696
         1       605       606       687       696
         1       605       614       695       696
         1       605       686       695       696
         1       605       686       687       696
         1       606       615       616       697
         1       606       607       616       697
         1       606       607       688       697
         1       606       615       696       697
         1       606       687       696       697
         1       606       687       688       697
         1       607       616       617       698
         1       607       608       617       698
         1       607       608       689       698
         1       607       616       697       698
         1       607       688       697       698
         1       607       688       689       698
         1       608       617       618       699
         1       608       609       618       699
         1       608       609       690       699
         1       608       617       698       699
         1       608       689       698       699
         1       608       689       690       699
         1       609       618       619       700
         1       609       610       619       700
         1       609       610       691       700
         1       609       618       699       700
         1       609       690       699       700
         1       609       690       691       700
         1       610       619       620       701
         1       610       611       620       701
         1       610       611       692       701
         1       610       619       700       701
         1       610       691       700       701
         1       610       691       692       701
         1       611       620       621       702
         1       611       612       621       702
         1       611       612       693       702
         1       611       620       701       702
         1       611       692       701       702
         1       611       692       693       702
         1       612       613       621       694
         1       604       612       613       694
         1       604       612       685       694
         1       612       621       694       702
         1       612       693       694       702
         1       612       685       693       694
         1       604       613       614       695
         1       604       605       614       695
         1       604       605       686       695
         1       604       613       694       695
         1       604       685       694       695
         1       604       685       686       695
         1       614       623       624       705
         1       614       615       624       705
         1       614       615       696       705
         1       614       623       704       705
         1       614       695       704       705
         1       614       695       696       705
         1       615       624       625       706
         1       615       616       625       706
         1       615       616       697       706
         1       615       624       705       706
         1       615       696       705       706
         1       615       696       697       706
         1       616       625       626       707
         1       616       617       626       707
         1       616       617       698       707
         1       616       625       706       707
         1       616       697       706       707
         1       616       697       698       707
         1       617       626       627       708
         1       617       618       627       708
         1       617       618       699       708
         1       617       626       707       708
         1       617       698       707       708
         1       617       698       699       708
         1       618       627       628       709
         1       618       619       628       709
         1       618       619       700       709
         1       618       627       708       709
         1       618       699       708       709
         1       618       699       700       709
         1       619       628       629       710
         1       619       620       629       710
         1       619       620       701       710
         1       619       628       709       710
         1       619       700       709       710
         1       619       700       701       710
         1       620       629       630       711
         1       620       621       630       711
         1       620       621       702       711
         1       620       629       710       711
         1       620       701       710       711
         1       620       701       702       711
         1       621       622       630       703
         1       613       621       622       703
         1       613       621       694       703
         1       621       630       703       711
         1       621       702       703       711
         1       621       694       702       703
         1       613       622       623       704
         1       613       614       623       704
         1       613       614       695       704
         1       613       622       703       704
         1       613       694       703       704
         1       613       694       695       704
         1       623       632       633       714
         1       623       624       633       714
         1       623       624       705       714
         1       623       632       713       714
         1       623       704       713       714
         1       623       704       705       714
         1       624       633       634       715
         1       624       625       634       715
         1       624       625       706       715
         1       624       633       714       715
         1       624       705       714       715
         1       624       705       706       715
         1       625       634       635       716
         1       625       626       635       716
         1       625       626       707       716
         1       625       634       715       716
         1       625       706       715       716
         1       625       706       707       716
         1       626       635       636       717
         1       626       627       636       717
         1       626       627       708       717
         1       626       635       716       717
         1       626       707       716       717
         1       626       707       708       717
         1       627       636       637       718
         1       627       628       637       718
         1       627       628       709       718
         1       627       636       717       718
         1       627       708       717       718
         1       627       708       709       718
         1       628       637       638       719
         1       628       629       638       719
         1       628       629       710       719
         1       628       637       718       719
         1       628       709       718       719
         1       628       709       710       719
         1       629       638       639       720
         1       629       630       639       720
         1       629       630       711       720
         1       629       638       719       720
         1       629       710       719       720
         1       629       710       711       720
         1       630       631       639       712
         1       622       630       631       712
         1       622       630       703       712
         1       630       639       712       720
         1       630       711       712       720
         1       630       703       711       712
         1       622       631       632       713
         1       622       623       632       713
         1       622       623       704       713
         1       622       631       712       713
         1       622       703       712       713
         1       622       703       704       713
         1       632       641       642       723
         1       632       633       642       723
         1       632       633       714       723
         1       632       641       722       723
         1       632       713       722       723
         1       632       713       714       723
         1       633       642       643       724
         1       633       634       643       724
         1       633       634       715       724
         1       633       642       723       724
         1       633       714       723       724
         1       633       714       715       724
         1       634       643       644       725
         1       634       635       644       725
         1       634       635       716       725
         1       634       643       724       725
         1       634       715       724       725
         1       634       715       716       725
         1       635       644       645       726
         1       635       636       645       726
         1       635       636       717       726
         1       635       644       725       726
         1       635       716       725       726
         1       635       716       717       726
         1       636       645       646       727
         1       636       637       646       727
         1       636       637       718       727
         1       636       645       726       727
         1       636       717       726       727
         1       636       717       718       727
         1       637       646       647       728
         1       637       638       647       728
         1       637       638       719       728
         1       637       646       727       728
         1       637       718       727       728
         1       637       718       719       728
         1       638       647       648       729
         1       638       639       648       729
         1       638       639       720       729
         1       638       647       728       729
         1       638       719       728       729
         1       638       719       720       729
         1       639       640       648       721
         1       631       639       640       721
         1       631       639       712       721
         1       639       648       721       729
         1       639       720       721       729
         1       639       712       720       721
         1       631       640       641       722
         1       631       632       641       722
         1       631       632       713       722
         1       631       640       721       722
         1       631       712       721       722
         1       631       712       713       722
         1       569       570       641       651
         1       570       641       642       651
         1       641       642       651       723
         1       569       641       650       651
         1       641       650       651       722
         1       641       651       722       723
         1       570       571       642       652
         1       571       642       643       652
         1       642       643       652       724
         1       570       642       651       652
         1       642       651       652       723
         1       642       652       723       724
         1       571       572       643       653
         1       572       643       644       653
         1       643       644       653       725
         1       571       643       652       653
         1       643       652       653       724
         1       643       653       724       725
         1       572       573       644       654
         1       573       644       645       654
         1       644       645       654       726
         1       572       644       653       654
         1       644       653       654       725
         1       644       654       725       726
         1       573       574       645       655
         1       574       645       646       655
         1       645       646       655       727
         1       573       645       654       655
         1       645       654       655       726
         1       645       655       726       727
         1       574       575       646       656
         1       575       646       647       656
         1       646       647       656       728
         1       574       646       655       656
         1       646       655       656       727
         1       646       656       727       728
         1       575       576       647       657
         1       576       647       648       657
         1       647       648       657       729
         1       575       647       656       657
         1       647       656       657       728
         1       647       657       728       729
         1       568       576       648       649
         1       568       640       648       649
         1       640       648       649       721
         1       576       648       649       657
         1       648       649       657       729
         1       648       649       721       729
         1       568       569       640       650
         1       569       640       641       650
         1       640       641       650       722
         1       568       640       649       650
         1       640       649       650       721
         1       640       650       721       722
         1       569       578       579       660
         1       569       570       579       660
         1       569       570       651       660
         1       569       578       659       660
         1       569       650       659       660
         1       569       650       651       660
         1       570       579       580       661
         1       570       571       580       661
         1       570       571       652       661
         1       570       579       660       661
         1       570       651       660       661
         1       570       651       652       661
         1       571       580       581       662
         1       571       572       581       662
         1       571       572       653       662
         1       571       580       661       662
         1       571       652       661       662
         1       571       652       653       662
         1       572       581       582       663
         1       572       573       582       663
         1       572       573       654       663
         1       572       581       662       663
         1       572       653       662       663
         1       572       653       654       663
         1       573       582       583       664
         1       573       574       583       664
         1       573       574       655       664
         1       573       582       663       664
         1       573       654       663       664
         1       573       654       655       664
         1       574       583       584       665
         1       574       575       584       665
         1       574       575       656       665
         1       574       583       664       665
         1       574       655       664       665
         1       574       655       656       665
         1       575       584       585       666
         1       575       576       585       666
         1       575       576       657       666
         1       575       584       665       666
         1       575       656       665       666
         1       575       656       657       666
         1       576       577       585       658
         1       568       576       577       658
         1       568       576       649       658
         1       576       585       658       666
         1       576       657       658       666
         1       576       649       657       658
         1       568       577       578       659
         1       568       569       578       659
         1       568       569       650       659
         1       568       577       658       659
         1       568       649       658       659
         1       568       649       650       659
         1        21       659       668       669
         1        21       659       660       669
         1        12        21       659       660
         1        20        21       659       668
         1        11        20        21       659
         1        11        12        21       659
         1        22       660       669       670
         1        22       660       661       670
         1        13        22       660       661
         1        21        22       660       669
         1        12        21        22       660
         1        12        13        22       660
         1        23       661       670       671
         1        23       661       662       671
         1        14        23       661       662
         1        22        23       661       670
         1        13        22        23       661
         1        13        14        23       661
         1        24       662       671       672
         1        24       662       663       672
         1        15        24       662       663
         1        23        24       662       671
         1        14        23        24       662
         1        14        15        24       662
         1        25       663       672       673
         1        25       663       664       673
         1        16        25       663       664
         1        24        25       663       672
         1        15        24        25       663
         1        15        16        25       663
         1        26       664       673       674
         1        26       664       665       674
         1        17        26       664       665
         1        25        26       664       673
         1        16        25        26       664
         1        16        17        26       664
         1        27       665       674       675
         1        27       665       666       675
         1        18        27       665       666
         1        26        27       665       674
         1        17        26        27       665
         1        17        18        27       665
         1        19       666       667       675
         1        19       658       666       667
         1        10        19       658       666
         1        19        27       666       675
         1        18        19        27       666
         1        10        18        19       666
         1        20       658       667       668
         1        20       658       659       668
         1        11        20       658       659
         1        19        20       658       667
         1        10        19        20       658
         1        10        11        20       658
         1        30       668       677       678
         1        30       668       669       678
         1        21        30       668       669
         1        29        30       668       677
         1        20        29        30       668
         1        20        21        30       668
         1        31       669       678       679
         1        31       669       670       679
         1        22        31       669       670
         1        30        31       669       678
         1        21        30        31       669
         1        21        22        31       669
         1        32       670       679       680
         1        32       670       671       680
         1        23        32       670       671
         1        31        32       670       679
         1        22        31        32       670
         1        22        23        32       670
         1        33       671       680       681
         1        33       671       672       681
         1        24        33       671       672
         1        32        33       671       680
         1        23        32        33       671
         1        23        24        33       671
         1        34       672       681       682
         1        34       672       673       682
         1        25        34       672       673
         1        33        34       672       681
         1        24        33        34       672
         1        24        25        34       672
         1        35       673       682       683
         1        35       673       674       683
         1        26        35       673       674
         1        34        35       673       682
         1        25        34        35       673
         1        25        26        35       673
         1        36       674       683       684
         1        36       674       675       684
         1        27        36       674       675
         1        35        36       674       683
         1        26        35        36       674
         1        26        27        36       674
         1        28       675       676       684
         1        28       667       675       676
         1        19        28       667       675
         1        28        36       675       684
         1        27        28        36       675
         1        19        27        28       675
         1        29       667       676       677
         1        29       667       668       677
         1        20        29       667       668
         1        28        29       667       676
         1        19        28        29       667
         1        19        20        29       667
         1        39       677       686       687
         1        39       677       678       687
         1        30        39       677       678
         1        38        39       677       686
         1        29        38        39       677
         1        29        30        39       677
         1        40       678       687       688
         1        40       678       679       688
         1        31        40       678       679
         1        39        40       678       687
         1        30        39        40       678
         1        30        31        40       678
         1        41       679       688       689
         1        41       679       680       689
         1        32        41       679       680
         1        40        41       679       688
         1        31        40        41       679
         1        31        32        41       679
         1        42       680       689       690
         1        42       680       681       690
         1        33        42       680       681
         1        41        42       680       689
         1        32        41        42       680
         1        32        33        42       680
         1        43       681       690       691
         1        43       681       682       691
         1        34        43       681       682
         1        42        43       681       690
         1        33        42        43       681
         1        33        34        43       681
         1        44       682       691       692
         1        44       682       683       692
         1        35        44       682       683
         1        43        44       682       691
         1        34        43        44       682
         1        34        35        44       682
         1        45       683       692       693
         1        45       683       684       693
         1        36        45       683       684
         1        44        45       683       692
         1        35        44        45       683
         1        35        36        45       683
         1        37       684       685       693
         1        37       676       684       685
         1        28        37       676       684
         1        37        45       684       693
         1        36        37        45       684
         1        28        36        37       684
         1        38       676       685       686
         1        38       676       677       686
         1        29        38       676       677
         1        37        38       676       685
         1        28        37        38       676
         1        28        29        38       676
         1        48       686       695       696
         1        48       686       687       696
         1        39        48       686       687
         1        47        48       686       695
         1        38        47        48       686
         1        38        39        48       686
         1        49       687       696       697
         1        49       687       688       697
         1        40        49       687       688
         1        48        49       687       696
         1        39        48        49       687
         1        39        40        49       687
         1        50       688       697       698
         1        50       688       689       698
         1        41        50       688       689
         1        49        50       688       697
         1        40        49        50       688
         1        40        41        50       688
         1        51       689       698       699
         1        51       689       690       699
         1        42        51       689       690
         1        50        51       689       698
         1        41        50        51       689
         1        41        42        51       689
         1        52       690       699       700
         1        52       690       691       700
         1        43        52       690       691
         1        51        52       690       699
         1        42        51        52       690
         1        42        43        52       690
         1        53       691       700       701
         1        53       691       692       701
         1        44        53       691       692
         1        52        53       691       700
         1        43        52        53       691
         1        43        44        53       691
         1        54       692       701       702
         1        54       692       693       702
         1        45        54       692       693
         1        53        54       692       701
         1        44        53        54       692
         1        44        45        54       692
         1        46       693       694       702
         1        46       685       693       694
         1        37        46       685       693
         1        46        54       693       702
         1        45        46        54       693
         1        37        45        46       693
         1        47       685       694       695
         1        47       685       686       695
         1        38        47       685       686
         1        46        47       685       694
         1        37        46        47       685
         1        37        38        47       685
         1        57       695       704       705
         1        57       695       696       705
         1        48        57       695       696
         1        56        57       695       704
         1        47        56        57       695
         1        47        48        57       695
         1        58       696       705       706
         1        58       696       697       706
         1        49        58       696       697
         1        57        58       696       705
         1        48        57        58       696
         1        48        49        58       696
         1        59       697       706       707
         1        59       697       698       707
         1        50        59       697       698
         1        58        59       697       706
         1        49        58        59       697
         1        49        50        59       697
         1        60       698       707       708
         1        60       698       699       708
         1        51        60       698       699
         1        59        60       698       707
         1        50        59        60       698
         1        50        51        60       698
         1        61       699       708       709
         1        61       699       700       709
         1        52        61       699       700
         1        60        61       699       708
         1        51        60        61       699
         1        51        52        61       699
         1        62       700       709       710
         1        62       700       701       710
         1        53        62       700       701
         1        61        62       700       709
         1        52        61        62       700
         1        52        53        62       700
         1        63       701       710       711
         1        63       701       702       711
         1        54        63       701       702
         1        62        63       701       710
         1        53        62        63       701
         1        53        54        63       701
         1        55       702       703       711
         1        55       694       702       703
         1        46        55       694       702
         1        55        63       702       711
         1        54        55        63       702
         1        46        54        55       702
         1        56       694       703       704
         1        56       694       695       704
         1        47        56       694       695
         1        55        56       694       703
         1        46        55        56       694
         1        46        47        56       694
         1        66       704       713       714
         1        66       704       705       714
         1        57        66       704       705
         1        65        66       704       713
         1        56        65        66       704
         1        56        57        66       704
         1        67       705       714       715
         1        67       705       706       715
         1        58        67       705       706
         1        66        67       705       714
         1        57        66        67       705
         1        57        58        67       705
         1        68       706       715       716
         1        68       706       707       716
         1        59        68       706       707
         1        67        68       706       715
         1        58        67        68       706
         1        58        59        68       706
         1        69       707       716       717
         1        69       707       708       717
         1        60        69       707       708
         1        68        69       707       716
         1        59        68        69       707
         1        59        60        69       707
         1        70       708       717       718
         1        70       708       709       718
         1        61        70       708       709
         1        69        70       708       717
         1        60        69        70       708
         1        60        61        70       708
         1        71       709       718       719
         1        71       709       710       719
         1        62        71       709       710
         1        70        71       709       718
         1        61        70        71       709
         1        61        62        71       709
         1        72       710       719       720
         1        72       710       711       720
         1        63        72       710       711
         1        71        72       710       719
         1        62        71        72       710
         1        62        63        72       710
         1        64       711       712       720
         1        64       703       711       712
         1        55        64       703       711
         1        64        72       711       720
         1        63        64        72       711
         1        55        63        64       711
         1        65       703       712       713
         1        65       703       704       713
         1        56        65       703       704
         1        64        65       703       712
         1        55        64        65       703
         1        55        56        65       703
         1        75       713       722       723
         1        75       713       714       723
         1        66        75       713       714
         1        74        75       713       722
         1        65        74        75       713
         1        65        66        75       713
         1        76       714       723       724
         1        76       714       715       724
         1        67        76       714       715
         1        75        76       714       723
         1        66        75        76       714
         1        66        67        76       714
         1        77       715       724       725
         1        77       715       716       725
         1        68        77       715       716
         1        76        77       715       724
         1        67        76        77       715
         1        67        68        77       715
         1        78       716       725       726
         1        78       716       717       726
         1        69        78       716       717
         1        77        78       716       725
         1        68        77        78       716
         1        68        69        78       716
         1        79       717       726       727
         1        79       717       718       727
         1        70        79       717       718
         1        78        79       717       726
         1        69        78        79       717
         1        69        70        79       717
         1        80       718       727       728
         1        80       718       719       728
         1        71        80       718       719
         1        79        80       718       727
         1        70        79        80       718
         1        70        71        80       718
         1        81       719       728       729
         1        81       719       720       729
         1        72        81       719       720
         1        80        81       719       728
         1        71        80        81       719
         1        71        72        81       719
         1        73       720       721       729
         1        73       712       720       721
         1        64        73       712       720
         1        73        81       720       729
         1        72        73        81       720
         1        64        72        73       720
         1        74       712       721       722
         1        74       712       713       722
         1        65        74       712       713
         1        73        74       712       721
         1        64        73        74       712
         1        64        65        74       712
         1         3       650       651       722
         1         3       651       722       723
         1         3        75       722       723
         1         2         3       650       722
         1         2         3        74       722
         1         3        74        75       722
         1         4       651       652       723
         1         4       652       723       724
         1         4        76       723       724
         1         3         4       651       723
         1         3         4        75       723
         1         4        75        76       723
         1         5       652       653       724
         1         5       653       724       725
         1         5        77       724       725
         1         4         5       652       724
         1         4         5        76       724
         1         5        76        77       724
         1         6       653       654       725
         1         6       654       725       726
         1         6        78       725       726
         1         5         6       653       725
         1         5         6        77       725
         1         6        77        78       725
         1         7       654       655       726
         1         7       655       726       727
         1         7        79       726       727
         1         6         7       654       726
         1         6         7        78       726
         1         7        78        79       726
         1         8       655       656       727
         1         8       656       727       728
         1         8        80       727       728
         1         7         8       655       727
         1         7         8        79       727
         1         8        79        80       727
         1         9       656       657       728
         1         9       657       728       729
         1         9        81       728       729
         1         8         9       656       728
         1         8         9        80       728
         1         9        80        81       728
         1         1       649       657       729
         1         1       649       721       729
         1         1        73       721       729
         1         1         9       657       729
         1         1         9        81       729
         1         1        73        81       729
         1         2       649       650       721
         1         2       650       721       722
         1         2        74       721       722
         1         1         2       649       721
         1         1         2        73       721
         1         2        73        74       721
         1        12       650       659       660
         1        12       650       651       660
         1         3        12       650       651
         1        11        12       650       659
         1         2        11        12       650
         1         2         3        12       650
         1        13       651       660       661
         1        13       651       652       661
         1         4        13       651       652
         1        12        13       651       660
         1         3        12        13       651
         1         3         4        13       651
         1        14       652       661       662
         1        14       652       653       662
         1         5        14       652       653
         1        13        14       652       661
         1         4        13        14       652
         1         4         5        14       652
         1        15       653       662       663
         1        15       653       654       663
         1         6        15       653       654
         1        14        15       653       662
         1         5        14        15       653
         1         5         6        15       653
         1        16       654       663       664
         1        16       654       655       664
         1         7        16       654       655
         1        15        16       654       663
         1         6        15        16       654
         1         6         7        16       654
         1        17       655       664       665
         1        17       655       656       665
         1         8        17       655       656
         1        16        17       655       664
         1         7        16        17       655
         1         7         8        17       655
         1        18       656       665       666
         1        18       656       657       666
         1         9        18       656       657
         1        17        18       656       665
         1         8        17        18       656
         1         8         9        18       656
         1        10       657       658       666
         1        10       649       657       658
         1         1        10       649       657
         1        10        18       657       666
         1         9        10        18       657
         1         1         9        10       657
         1        11       649       658       659
         1        11       649       650       659
         1         2        11       649       650
         1        10        11       649       658
         1         1        10        11       649
         1         1         2        11       649
         1        11        20        21       102
         1        11        12        21       102
         1        11        12        93       102
         1        11        20       101       102
         1        11        92       101       102
         1        11        92        93       102
         1        12        21        22       103
         1        12        13        22       103
         1        12        13        94       103
         1        12        21       102       103
         1        12        93       102       103
         1        12        93        94       103
         1        13        22        23       104
         1        13        14        23       104
         1        13        14        95       104
         1        13        22       103       104
         1        13        94       103       104
         1        13        94        95       104
         1        14        23        24       105
         1        14        15        24       105
         1        14        15        96       105
         1        14        23       104       105
         1        14        95       104       105
         1        14        95        96       105
         1        15        24        25       106
         1        15        16        25       106
         1        15        16        97       106
         1        15        24       105       106
         1        15        96       105       106
         1        15        96        97       106
         1        16        25        26       107
         1        16        17        26       107
         1        16        17        98       107
         1        16        25       106       107
         1        16        97       106       107
         1        16        97        98       107
         1        17        26        27       108
         1        17        18        27       108
         1        17        18        99       108
         1        17        26       107       108
         1        17        98       107       108
         1        17        98        99       108
         1        18        19        27       100
         1        10        18        19       100
         1        10        18        91       100
         1        18        27       100       108
         1        18        99       100       108
         1        18        91        99       100
         1        10        19        20       101
         1        10        11        20       101
         1        10        11        92       101
         1        10        19       100       101
         1        10        91       100       101
         1        10        91        92       101
         1        20        29        30       111
         1        20        21        30       111
         1        20        21       102       111
         1        20        29       110       111
         1        20       101       110       111
         1        20       101       102       111
         1        21        30        31       112
         1        21        22        31       112
         1        21        22       103       112
         1        21        30       111       112
         1        21       102       111       112
         1        21       102       103       112
         1        22        31        32       113
         1        22        23        32       113
         1        22        23       104       113
         1        22        31       112       113
         1        22       103       112       113
         1        22       103       104       113
         1        23        32        33       114
         1        23        24        33       114
         1        23        24       105       114
         1        23        32       113       114
         1        23       104       113       114
         1        23       104       105       114
         1        24        33        34       115
         1        24        25        34       115
         1        24        25       106       115
         1        24        33       114       115
         1        24       105       114       115
         1        24       105       106       115
         1        25        34        35       116
         1        25        26        35       116
         1        25        26       107       116
         1        25        34       115       116
         1        25       106       115       116
         1        25       106       107       116
         1        26        35        36       117
         1        26        27        36       117
         1        26        27       108       117
         1        26        35       116       117
         1        26       107       116       117
         1        26       107       108       117
         1        27        28        36       109
         1        19        27        28       109
         1        19        27       100       109
         1        27        36       109       117
         1        27       108       109       117
         1        27       100       108       109
         1        19        28        29       110
         1        19        20        29       110
         1        19        20       101       110
         1        19        28       109       110
         1        19       100       109       110
         1        19       100       101       110
         1        29        38        39       120
         1        29        30        39       120
         1        29        30       111       120
         1        29        38       119       120
         1        29       110       119       120
         1        29       110       111       120
         1        30        39        40       121
         1        30        31        40       121
         1        30        31       112       121
         1        30        39       120       121
         1        30       111       120       121
         1        30       111       112       121
         1        31        40        41       122
         1        31        32        41       122
         1        31        32       113       122
         1        31        40       121       122
         1        31       112       121       122
         1        31       112       113       122
         1        32        41        42       123
         1        32        33        42       123
         1        32        33       114       123
         1        32        41       122       123
         1        32       113       122       123
         1        32       113       114       123
         1        33        42        43       124
         1        33        34        43       124
         1        33        34       115       124
         1        33        42       123       124
         1        33       114       123       124
         1        33       114       115       124
         1        34        43        44       125
         1        34        35        44       125
         1        34        35       116       125
         1        34        43       124       125
         1        34       115       124       125
         1        34       115       116       125
         1        35        44        45       126
         1        35        36        45       126
         1        35        36       117       126
         1        35        44       125       126
         1        35       116       125       126
         1        35       116       117       126
         1        36        37        45       118
         1        28        36        37       118
         1        28        36       109       118
         1        36        45       118       126
         1        36       117       118       126
         1        36       109       117       118
         1        28        37        38       119
         1        28        29        38       119
         1        28        29       110       119
         1        28        37       118       119
         1        28       109       118       119
         1        28       109       110       119
         1        38        47        48       129
         1        38        39        48       129
         1        38        39       120       129
         1        38        47       128       129
         1        38       119       128       129
         1        38       119       120       129
         1        39        48        49       130
         1        39        40        49       130
         1        39        40       121       130
         1        39        48       129       130
         1        39       120       129       130
         1        39       120       121       130
         1        40        49        50       131
         1        40        41        50       131
         1        40        41       122       131
         1        40        49       130       131
         1        40       121       130       131
         1        40       121       122       131
         1        41        50        51       132
         1        41        42        51       132
         1        41        42       123       132
         1        41        50       131       132
         1        41       122       131       132
         1        41       122       123       132
         1        42        51        52       133
         1        42        43        52       133
         1        42        43       124       133
         1        42        51       132       133
         1        42       123       132       133
         1        42       123       124       133
         1        43        52        53       134
         1        43        44        53       134
         1        43        44       125       134
         1        43        52       133       134
         1        43       124       133       134
         1        43       124       125       134
         1        44        53        54       135
         1        44        45        54       135
         1        44        45       126       135
         1        44        53       134       135
         1        44       125       134       135
         1        44       125       126       135
         1        45        46        54       127
         1        37        45        46       127
         1        37        45       118       127
         1        45        54       127       135
         1        45       126       127       135
         1        45       118       126       127
         1        37        46        47       128
         1        37        38        47       128
         1        37        38       119       128
         1        37        46       127       128
         1        37       118       127       128
         1        37       118       119       128
         1        47        56        57       138
         1        47        48        57       138
         1        47        48       129       138
         1        47        56       137       138
         1        47       128       137       138
         1        47       128       129       138
         1        48        57        58       139
         1        48        49        58       139
         1        48        49       130       139
         1        48        57       138       139
         1        48       129       138       139
         1        48       129       130       139
         1        49        58        59       140
         1        49        50        59       140
         1        49        50       131       140
         1        49        58       139       140
         1        49       130       139       140
         1        49       130       131       140
         1        50        59        60       141
         1        50        51        60       141
         1        50        51       132       141
         1        50        59       140       141
         1        50       131       140       141
         1        50       131       132       141
         1        51        60        61       142
         1        51        52        61       142
         1        51        52       133       142
         1        51        60       141       142
         1        51       132       141       142
         1        51       132       133       142
         1        52        61        62       143
         1        52        53        62       143
         1        52        53       134       143
         1        52        61       142       143
         1        52       133       142       143
         1        52       133       134       143
         1        53        62        63       144
         1        53        54        63       144
         1        53        54       135       144
         1        53        62       143       144
         1        53       134       143       144
         1        53       134       135       144
         1        54        55        63       136
         1        46        54        55       136
         1        46        54       127       136
         1        54        63       136       144
         1        54       135       136       144
         1        54       127       135       136
         1        46        55        56       137
         1        46        47        56       137
         1        46        47       128       137
         1        46        55       136       137
         1        46       127       136       137
         1        46       127       128       137
         1        56        65        66       147
         1        56        57        66       147
         1        56        57       138       147
         1        56        65       146       147
         1        56       137       146       147
         1        56       137       138       147
         1        57        66        67       148
         1        57        58        67       148
         1        57        58       139       148
         1        57        66       147       148
         1        57       138       147       148
         1        57       138       139       148
         1        58        67        68       149
         1        58        59        68       149
         1        58        59       140       149
         1        58        67       148       149
         1        58       139       148       149
         1        58       139       140       149
         1        59        68        69       150
         1        59        60        69       150
         1        59        60       141       150
         1        59        68       149       150
         1        59       140       149       150
         1        59       140       141       150
         1        60        69        70       151
         1        60        61        70       151
         1        60        61       142       151
         1        60        69       150       151
         1        60       141       150       151
         1        60       141       142       151
         1        61        70        71       152
         1        61        62        71       152
         1        61        62       143       152
         1        61        70       151       152
         1        61       142       151       152
         1        61       142       143       152
         1        62        71        72       153
         1        62        63        72       153
         1        62        63       144       153
         1        62        71       152       153
         1        62       143       152       153
         1        62       143       144       153
         1        63        64        72       145
         1        55        63        64       145
         1        55        63       136       145
         1        63        72       145       153
         1        63       144       145       153
         1        63       136       144       145
         1        55        64        65       146
         1        55        56        65       146
         1        55        56       137       146
         1        55        64       145       146
         1        55       136       145       146
         1        55       136       137       146
         1        65        74        75       156
         1        65        66        75       156
         1        65        66       147       156
         1        65        74       155       156
         1        65       146       155       156
         1        65       146       147       156
         1        66        75        76       157
         1        66        67        76       157
         1        66        67       148       157
         1        66        75       156       157
         1        66       147       156       157
         1        66       147       148       157
         1        67        76        77       158
         1        67        68        77       158
         1        67        68       149       158
         1        67        76       157       158
         1        67       148       157       158
         1        67       148       149       158
         1        68        77        78       159
         1        68        69        78       159
         1        68        69       150       159
         1        68        77       158       159
         1        68       149       158       159
         1        68       149       150       159
         1        69        78        79       160
         1        69        70        79       160
         1        69        70       151       160
         1        69        78       159       160
         1        69       150       159       160
         1        69       150       151       160
         1        70        79        80       161
         1        70        71        80       161
         1        70        71       152       161
         1        70        79       160       161
         1        70       151       160       161
         1        70       151       152       161
         1        71        80        81       162
         1        71        72        81       162
         1        71        72       153       162
         1        71        80       161       162
         1        71       152       161       162
         1        71       152       153       162
         1        72        73        81       154
         1        64        72        73       154
         1        64        72       145       154
         1        72        81       154       162
         1        72       153       154       162
         1        72       145       153       154
         1        64        73        74       155
         1        64        65        74       155
         1        64        65       146       155
         1        64        73       154       155
         1        64       145       154       155
         1        64       145       146       155
         1         2         3        74        84
         1         3        74        75        84
         1        74        75        84       156
         1         2        74        83        84
         1        74        83        84       155
         1        74        84       155       156
         1         3         4        75        85
         1         4        75        76        85
         1        75        76        85       157
         1         3        75        84        85
         1        75        84        85       156
         1        75        85       156       157
         1         4         5        76        86
         1         5        76        77        86
         1        76        77        86       158
         1         4        76        85        86
         1        76        85        86       157
         1        76        86       157       158
         1         5         6        77        87
         1         6        77        78        87
         1        77        78        87       159
         1         5        77        86        87
         1        77        86        87       158
         1        77        87       158       159
         1         6         7        78        88
         1         7        78        79        88
         1        78        79        88       160
         1         6        78        87        88
         1        78        87        88       159
         1        78        88       159       160
         1         7         8        79        89
         1         8        79        80        89
         1        79        80        89       161
         1         7        79        88        89
         1        79        88        89       160
         1        79        89       160       161
         1         8         9        80        90
         1         9        80        81        90
         1        80        81        90       162
         1         8        80        89        90
         1        80        89        90       161
         1        80        90       161       162
         1         1         9        81        82
         1         1        73        81        82
         1        73        81        82       154
         1         9        81        82        90
         1        81        82        90       162
         1        81        82       154       162
         1         1         2        73        83
         1         2        73        74        83
         1        73        74        83       155
         1         1        73        82        83
         1        73        82        83       154
         1        73        83       154       155
         1         2        11        12        93
         1         2         3        12        93
         1         2         3        84        93
         1         2        11        92        93
         1         2        83        92        93
         1         2        83        84        93
         1         3        12        13        94
         1         3         4        13        94
         1         3         4        85        94
         1         3        12        93        94
         1         3        84        93        94
         1         3        84        85        94
         1         4        13        14        95
         1         4         5        14        95
         1         4         5        86        95
         1         4        13        94        95
         1         4        85        94        95
         1         4        85        86        95
         1         5        14        15        96
         1         5         6        15        96
         1         5         6        87        96
         1         5        14        95        96
         1         5        86        95        96
         1         5        86        87        96
         1         6        15        16        97
         1         6         7        16        97
         1         6         7        88        97
         1         6        15        96        97
         1         6        87        96        97
         1         6        87        88        97
         1         7        16        17        98
         1         7         8        17        98
         1         7         8        89        98
         1         7        16        97        98
         1         7        88        97        98
         1         7        88        89        98
         1         8        17        18        99
         1         8         9        18        99
         1         8         9        90        99
         1         8        17        98        99
         1         8        89        98        99
         1         8        89        90        99
         1         9        10        18        91
         1         1         9        10        91
         1         1         9        82        91
         1         9        18        91        99
         1         9        90        91        99
         1         9        82        90        91
         1         1        10        11        92
         1         1         2        11        92
         1         1         2        83        92
         1         1        10        91        92
         1         1        82        91        92
         1         1        82        83        92
