Automatically generated mesh
    1728
Reciprocal lattice
    0.00000000000000    0.00000000000000    0.00000000000000             1
    0.08333333333334   -0.00000000000000    0.00000000000000             1
    0.16666666666666   -0.00000000000000    0.00000000000000             1
    0.25000000000000    0.00000000000000    0.00000000000000             1
    0.33333333333334    0.00000000000000    0.00000000000000             1
    0.41666666666666    0.00000000000000    0.00000000000000             1
    0.50000000000000    0.00000000000000    0.00000000000000             1
   -0.41666666666666    0.00000000000000    0.00000000000000             1
   -0.33333333333334   -0.00000000000000    0.00000000000000             1
   -0.25000000000000    0.00000000000000    0.00000000000000             1
   -0.16666666666666    0.00000000000000    0.00000000000000             1
   -0.08333333333334    0.00000000000000    0.00000000000000             1
    0.00000000000000    0.08333333333334    0.00000000000000             1
    0.08333333333334    0.08333333333334    0.00000000000000             1
    0.16666666666666    0.08333333333334    0.00000000000000             1
    0.25000000000000    0.08333333333334    0.00000000000000             1
    0.33333333333334    0.08333333333334    0.00000000000000             1
    0.41666666666666    0.08333333333334    0.00000000000000             1
    0.50000000000000    0.08333333333334    0.00000000000000             1
   -0.41666666666666    0.08333333333334    0.00000000000000             1
   -0.33333333333334    0.08333333333334    0.00000000000000             1
   -0.25000000000000    0.08333333333334    0.00000000000000             1
   -0.16666666666666    0.08333333333334    0.00000000000000             1
   -0.08333333333334    0.08333333333334    0.00000000000000             1
    0.00000000000000    0.16666666666666    0.00000000000000             1
    0.08333333333334    0.16666666666666    0.00000000000000             1
    0.16666666666666    0.16666666666666    0.00000000000000             1
    0.25000000000000    0.16666666666666    0.00000000000000             1
    0.33333333333334    0.16666666666666    0.00000000000000             1
    0.41666666666666    0.16666666666666    0.00000000000000             1
    0.50000000000000    0.16666666666666    0.00000000000000             1
   -0.41666666666666    0.16666666666666    0.00000000000000             1
   -0.33333333333334    0.16666666666666    0.00000000000000             1
   -0.25000000000000    0.16666666666666    0.00000000000000             1
   -0.16666666666666    0.16666666666666    0.00000000000000             1
   -0.08333333333334    0.16666666666666    0.00000000000000             1
    0.00000000000000    0.25000000000000    0.00000000000000             1
    0.08333333333334    0.25000000000000    0.00000000000000             1
    0.16666666666666    0.25000000000000    0.00000000000000             1
    0.25000000000000    0.25000000000000    0.00000000000000             1
    0.33333333333334    0.25000000000000    0.00000000000000             1
    0.41666666666666    0.25000000000000    0.00000000000000             1
    0.50000000000000    0.25000000000000    0.00000000000000             1
   -0.41666666666666    0.25000000000000    0.00000000000000             1
   -0.33333333333334    0.25000000000000    0.00000000000000             1
   -0.25000000000000    0.25000000000000    0.00000000000000             1
   -0.16666666666666    0.25000000000000    0.00000000000000             1
   -0.08333333333334    0.25000000000000    0.00000000000000             1
    0.00000000000000    0.33333333333334    0.00000000000000             1
    0.08333333333334    0.33333333333334    0.00000000000000             1
    0.16666666666666    0.33333333333334    0.00000000000000             1
    0.25000000000000    0.33333333333334    0.00000000000000             1
    0.33333333333334    0.33333333333334    0.00000000000000             1
    0.41666666666666    0.33333333333334    0.00000000000000             1
    0.50000000000000    0.33333333333334    0.00000000000000             1
   -0.41666666666666    0.33333333333334    0.00000000000000             1
   -0.33333333333334    0.33333333333334    0.00000000000000             1
   -0.25000000000000    0.33333333333334    0.00000000000000             1
   -0.16666666666666    0.33333333333334    0.00000000000000             1
   -0.08333333333334    0.33333333333334    0.00000000000000             1
    0.00000000000000    0.41666666666666    0.00000000000000             1
    0.08333333333334    0.41666666666666    0.00000000000000             1
    0.16666666666666    0.41666666666666    0.00000000000000             1
    0.25000000000000    0.41666666666666    0.00000000000000             1
    0.33333333333334    0.41666666666666    0.00000000000000             1
    0.41666666666666    0.41666666666666    0.00000000000000             1
    0.50000000000000    0.41666666666666    0.00000000000000             1
   -0.41666666666666    0.41666666666666    0.00000000000000             1
   -0.33333333333334    0.41666666666666    0.00000000000000             1
   -0.25000000000000    0.41666666666666    0.00000000000000             1
   -0.16666666666666    0.41666666666666    0.00000000000000             1
   -0.08333333333334    0.41666666666666    0.00000000000000             1
    0.00000000000000    0.50000000000000    0.00000000000000             1
    0.08333333333334    0.50000000000000    0.00000000000000             1
    0.16666666666666    0.50000000000000    0.00000000000000             1
    0.25000000000000    0.50000000000000    0.00000000000000             1
    0.33333333333334    0.50000000000000    0.00000000000000             1
    0.41666666666666    0.50000000000000    0.00000000000000             1
    0.50000000000000    0.50000000000000    0.00000000000000             1
   -0.41666666666666    0.50000000000000    0.00000000000000             1
   -0.33333333333334    0.50000000000000    0.00000000000000             1
   -0.25000000000000    0.50000000000000    0.00000000000000             1
   -0.16666666666666    0.50000000000000    0.00000000000000             1
   -0.08333333333334    0.50000000000000    0.00000000000000             1
    0.00000000000000   -0.41666666666666    0.00000000000000             1
    0.08333333333334   -0.41666666666666    0.00000000000000             1
    0.16666666666666   -0.41666666666666    0.00000000000000             1
    0.25000000000000   -0.41666666666666    0.00000000000000             1
    0.33333333333334   -0.41666666666666    0.00000000000000             1
    0.41666666666666   -0.41666666666666    0.00000000000000             1
    0.50000000000000   -0.41666666666666    0.00000000000000             1
   -0.41666666666666   -0.41666666666666    0.00000000000000             1
   -0.33333333333334   -0.41666666666666    0.00000000000000             1
   -0.25000000000000   -0.41666666666666    0.00000000000000             1
   -0.16666666666666   -0.41666666666666    0.00000000000000             1
   -0.08333333333334   -0.41666666666666    0.00000000000000             1
    0.00000000000000   -0.33333333333334    0.00000000000000             1
    0.08333333333334   -0.33333333333334    0.00000000000000             1
    0.16666666666666   -0.33333333333334    0.00000000000000             1
    0.25000000000000   -0.33333333333334    0.00000000000000             1
    0.33333333333334   -0.33333333333334    0.00000000000000             1
    0.41666666666666   -0.33333333333334    0.00000000000000             1
    0.50000000000000   -0.33333333333334    0.00000000000000             1
   -0.41666666666666   -0.33333333333334    0.00000000000000             1
   -0.33333333333334   -0.33333333333334    0.00000000000000             1
   -0.25000000000000   -0.33333333333334    0.00000000000000             1
   -0.16666666666666   -0.33333333333334    0.00000000000000             1
   -0.08333333333334   -0.33333333333334    0.00000000000000             1
    0.00000000000000   -0.25000000000000    0.00000000000000             1
    0.08333333333334   -0.25000000000000    0.00000000000000             1
    0.16666666666666   -0.25000000000000    0.00000000000000             1
    0.25000000000000   -0.25000000000000    0.00000000000000             1
    0.33333333333334   -0.25000000000000    0.00000000000000             1
    0.41666666666666   -0.25000000000000    0.00000000000000             1
    0.50000000000000   -0.25000000000000    0.00000000000000             1
   -0.41666666666666   -0.25000000000000    0.00000000000000             1
   -0.33333333333334   -0.25000000000000    0.00000000000000             1
   -0.25000000000000   -0.25000000000000    0.00000000000000             1
   -0.16666666666666   -0.25000000000000    0.00000000000000             1
   -0.08333333333334   -0.25000000000000    0.00000000000000             1
    0.00000000000000   -0.16666666666666    0.00000000000000             1
    0.08333333333334   -0.16666666666666    0.00000000000000             1
    0.16666666666666   -0.16666666666666    0.00000000000000             1
    0.25000000000000   -0.16666666666666    0.00000000000000             1
    0.33333333333334   -0.16666666666666    0.00000000000000             1
    0.41666666666666   -0.16666666666666    0.00000000000000             1
    0.50000000000000   -0.16666666666666    0.00000000000000             1
   -0.41666666666666   -0.16666666666666    0.00000000000000             1
   -0.33333333333334   -0.16666666666666    0.00000000000000             1
   -0.25000000000000   -0.16666666666666    0.00000000000000             1
   -0.16666666666666   -0.16666666666666    0.00000000000000             1
   -0.08333333333334   -0.16666666666666    0.00000000000000             1
    0.00000000000000   -0.08333333333334    0.00000000000000             1
    0.08333333333334   -0.08333333333334    0.00000000000000             1
    0.16666666666666   -0.08333333333334    0.00000000000000             1
    0.25000000000000   -0.08333333333334    0.00000000000000             1
    0.33333333333334   -0.08333333333334    0.00000000000000             1
    0.41666666666666   -0.08333333333334    0.00000000000000             1
    0.50000000000000   -0.08333333333334    0.00000000000000             1
   -0.41666666666666   -0.08333333333334    0.00000000000000             1
   -0.33333333333334   -0.08333333333334    0.00000000000000             1
   -0.25000000000000   -0.08333333333334    0.00000000000000             1
   -0.16666666666666   -0.08333333333334    0.00000000000000             1
   -0.08333333333334   -0.08333333333334    0.00000000000000             1
   -0.00000000000000   -0.00000000000000    0.08333333333334             1
    0.08333333333334   -0.00000000000000    0.08333333333334             1
    0.16666666666666   -0.00000000000000    0.08333333333334             1
    0.25000000000000   -0.00000000000000    0.08333333333334             1
    0.33333333333334   -0.00000000000000    0.08333333333334             1
    0.41666666666666   -0.00000000000000    0.08333333333334             1
    0.50000000000000    0.00000000000000    0.08333333333334             1
   -0.41666666666666   -0.00000000000000    0.08333333333334             1
   -0.33333333333334   -0.00000000000000    0.08333333333334             1
   -0.25000000000000   -0.00000000000000    0.08333333333334             1
   -0.16666666666666    0.00000000000000    0.08333333333334             1
   -0.08333333333334   -0.00000000000000    0.08333333333334             1
   -0.00000000000000    0.08333333333334    0.08333333333334             1
    0.08333333333334    0.08333333333334    0.08333333333334             1
    0.16666666666666    0.08333333333334    0.08333333333334             1
    0.25000000000000    0.08333333333334    0.08333333333334             1
    0.33333333333334    0.08333333333334    0.08333333333334             1
    0.41666666666666    0.08333333333334    0.08333333333334             1
    0.50000000000000    0.08333333333334    0.08333333333334             1
   -0.41666666666666    0.08333333333334    0.08333333333334             1
   -0.33333333333334    0.08333333333334    0.08333333333334             1
   -0.25000000000000    0.08333333333334    0.08333333333334             1
   -0.16666666666666    0.08333333333334    0.08333333333334             1
   -0.08333333333334    0.08333333333334    0.08333333333334             1
   -0.00000000000000    0.16666666666666    0.08333333333334             1
    0.08333333333334    0.16666666666666    0.08333333333334             1
    0.16666666666666    0.16666666666666    0.08333333333334             1
    0.25000000000000    0.16666666666666    0.08333333333334             1
    0.33333333333334    0.16666666666666    0.08333333333334             1
    0.41666666666666    0.16666666666666    0.08333333333334             1
    0.50000000000000    0.16666666666666    0.08333333333334             1
   -0.41666666666666    0.16666666666666    0.08333333333334             1
   -0.33333333333334    0.16666666666666    0.08333333333334             1
   -0.25000000000000    0.16666666666666    0.08333333333334             1
   -0.16666666666666    0.16666666666666    0.08333333333334             1
   -0.08333333333334    0.16666666666666    0.08333333333334             1
   -0.00000000000000    0.25000000000000    0.08333333333334             1
    0.08333333333334    0.25000000000000    0.08333333333334             1
    0.16666666666666    0.25000000000000    0.08333333333334             1
    0.25000000000000    0.25000000000000    0.08333333333334             1
    0.33333333333334    0.25000000000000    0.08333333333334             1
    0.41666666666666    0.25000000000000    0.08333333333334             1
    0.50000000000000    0.25000000000000    0.08333333333334             1
   -0.41666666666666    0.25000000000000    0.08333333333334             1
   -0.33333333333334    0.25000000000000    0.08333333333334             1
   -0.25000000000000    0.25000000000000    0.08333333333334             1
   -0.16666666666666    0.25000000000000    0.08333333333334             1
   -0.08333333333334    0.25000000000000    0.08333333333334             1
   -0.00000000000000    0.33333333333334    0.08333333333334             1
    0.08333333333334    0.33333333333334    0.08333333333334             1
    0.16666666666666    0.33333333333334    0.08333333333334             1
    0.25000000000000    0.33333333333334    0.08333333333334             1
    0.33333333333334    0.33333333333334    0.08333333333334             1
    0.41666666666666    0.33333333333334    0.08333333333334             1
    0.50000000000000    0.33333333333334    0.08333333333334             1
   -0.41666666666666    0.33333333333334    0.08333333333334             1
   -0.33333333333334    0.33333333333334    0.08333333333334             1
   -0.25000000000000    0.33333333333334    0.08333333333334             1
   -0.16666666666666    0.33333333333334    0.08333333333334             1
   -0.08333333333334    0.33333333333334    0.08333333333334             1
   -0.00000000000000    0.41666666666666    0.08333333333334             1
    0.08333333333334    0.41666666666666    0.08333333333334             1
    0.16666666666666    0.41666666666666    0.08333333333334             1
    0.25000000000000    0.41666666666666    0.08333333333334             1
    0.33333333333334    0.41666666666666    0.08333333333334             1
    0.41666666666666    0.41666666666666    0.08333333333334             1
    0.50000000000000    0.41666666666666    0.08333333333334             1
   -0.41666666666666    0.41666666666666    0.08333333333334             1
   -0.33333333333334    0.41666666666666    0.08333333333334             1
   -0.25000000000000    0.41666666666666    0.08333333333334             1
   -0.16666666666666    0.41666666666666    0.08333333333334             1
   -0.08333333333334    0.41666666666666    0.08333333333334             1
   -0.00000000000000    0.50000000000000    0.08333333333334             1
    0.08333333333334    0.50000000000000    0.08333333333334             1
    0.16666666666666    0.50000000000000    0.08333333333334             1
    0.25000000000000    0.50000000000000    0.08333333333334             1
    0.33333333333334    0.50000000000000    0.08333333333334             1
    0.41666666666666    0.50000000000000    0.08333333333334             1
    0.50000000000000    0.50000000000000    0.08333333333334             1
   -0.41666666666666    0.50000000000000    0.08333333333334             1
   -0.33333333333334    0.50000000000000    0.08333333333334             1
   -0.25000000000000    0.50000000000000    0.08333333333334             1
   -0.16666666666666    0.50000000000000    0.08333333333334             1
   -0.08333333333334    0.50000000000000    0.08333333333334             1
   -0.00000000000000   -0.41666666666666    0.08333333333334             1
    0.08333333333334   -0.41666666666666    0.08333333333334             1
    0.16666666666666   -0.41666666666666    0.08333333333334             1
    0.25000000000000   -0.41666666666666    0.08333333333334             1
    0.33333333333334   -0.41666666666666    0.08333333333334             1
    0.41666666666666   -0.41666666666666    0.08333333333334             1
    0.50000000000000   -0.41666666666666    0.08333333333334             1
   -0.41666666666666   -0.41666666666666    0.08333333333334             1
   -0.33333333333334   -0.41666666666666    0.08333333333334             1
   -0.25000000000000   -0.41666666666666    0.08333333333334             1
   -0.16666666666666   -0.41666666666666    0.08333333333334             1
   -0.08333333333334   -0.41666666666666    0.08333333333334             1
   -0.00000000000000   -0.33333333333334    0.08333333333334             1
    0.08333333333334   -0.33333333333334    0.08333333333334             1
    0.16666666666666   -0.33333333333334    0.08333333333334             1
    0.25000000000000   -0.33333333333334    0.08333333333334             1
    0.33333333333334   -0.33333333333334    0.08333333333334             1
    0.41666666666666   -0.33333333333334    0.08333333333334             1
    0.50000000000000   -0.33333333333334    0.08333333333334             1
   -0.41666666666666   -0.33333333333334    0.08333333333334             1
   -0.33333333333334   -0.33333333333334    0.08333333333334             1
   -0.25000000000000   -0.33333333333334    0.08333333333334             1
   -0.16666666666666   -0.33333333333334    0.08333333333334             1
   -0.08333333333334   -0.33333333333334    0.08333333333334             1
   -0.00000000000000   -0.25000000000000    0.08333333333334             1
    0.08333333333334   -0.25000000000000    0.08333333333334             1
    0.16666666666666   -0.25000000000000    0.08333333333334             1
    0.25000000000000   -0.25000000000000    0.08333333333334             1
    0.33333333333334   -0.25000000000000    0.08333333333334             1
    0.41666666666666   -0.25000000000000    0.08333333333334             1
    0.50000000000000   -0.25000000000000    0.08333333333334             1
   -0.41666666666666   -0.25000000000000    0.08333333333334             1
   -0.33333333333334   -0.25000000000000    0.08333333333334             1
   -0.25000000000000   -0.25000000000000    0.08333333333334             1
   -0.16666666666666   -0.25000000000000    0.08333333333334             1
   -0.08333333333334   -0.25000000000000    0.08333333333334             1
   -0.00000000000000   -0.16666666666666    0.08333333333334             1
    0.08333333333334   -0.16666666666666    0.08333333333334             1
    0.16666666666666   -0.16666666666666    0.08333333333334             1
    0.25000000000000   -0.16666666666666    0.08333333333334             1
    0.33333333333334   -0.16666666666666    0.08333333333334             1
    0.41666666666666   -0.16666666666666    0.08333333333334             1
    0.50000000000000   -0.16666666666666    0.08333333333334             1
   -0.41666666666666   -0.16666666666666    0.08333333333334             1
   -0.33333333333334   -0.16666666666666    0.08333333333334             1
   -0.25000000000000   -0.16666666666666    0.08333333333334             1
   -0.16666666666666   -0.16666666666666    0.08333333333334             1
   -0.08333333333334   -0.16666666666666    0.08333333333334             1
   -0.00000000000000   -0.08333333333334    0.08333333333334             1
    0.08333333333334   -0.08333333333334    0.08333333333334             1
    0.16666666666666   -0.08333333333334    0.08333333333334             1
    0.25000000000000   -0.08333333333334    0.08333333333334             1
    0.33333333333334   -0.08333333333334    0.08333333333334             1
    0.41666666666666   -0.08333333333334    0.08333333333334             1
    0.50000000000000   -0.08333333333334    0.08333333333334             1
   -0.41666666666666   -0.08333333333334    0.08333333333334             1
   -0.33333333333334   -0.08333333333334    0.08333333333334             1
   -0.25000000000000   -0.08333333333334    0.08333333333334             1
   -0.16666666666666   -0.08333333333334    0.08333333333334             1
   -0.08333333333334   -0.08333333333334    0.08333333333334             1
    0.00000000000000    0.00000000000000    0.16666666666666             1
    0.08333333333334    0.00000000000000    0.16666666666666             1
    0.16666666666666    0.00000000000000    0.16666666666666             1
    0.25000000000000    0.00000000000000    0.16666666666666             1
    0.33333333333334    0.00000000000000    0.16666666666666             1
    0.41666666666666   -0.00000000000000    0.16666666666666             1
    0.50000000000000   -0.00000000000000    0.16666666666666             1
   -0.41666666666666   -0.00000000000000    0.16666666666666             1
   -0.33333333333334   -0.00000000000000    0.16666666666666             1
   -0.25000000000000    0.00000000000000    0.16666666666666             1
   -0.16666666666666    0.00000000000000    0.16666666666666             1
   -0.08333333333334    0.00000000000000    0.16666666666666             1
    0.00000000000000    0.08333333333334    0.16666666666666             1
    0.08333333333334    0.08333333333334    0.16666666666666             1
    0.16666666666666    0.08333333333334    0.16666666666666             1
    0.25000000000000    0.08333333333334    0.16666666666666             1
    0.33333333333334    0.08333333333334    0.16666666666666             1
    0.41666666666666    0.08333333333334    0.16666666666666             1
    0.50000000000000    0.08333333333334    0.16666666666666             1
   -0.41666666666666    0.08333333333334    0.16666666666666             1
   -0.33333333333334    0.08333333333334    0.16666666666666             1
   -0.25000000000000    0.08333333333334    0.16666666666666             1
   -0.16666666666666    0.08333333333334    0.16666666666666             1
   -0.08333333333334    0.08333333333334    0.16666666666666             1
    0.00000000000000    0.16666666666666    0.16666666666666             1
    0.08333333333334    0.16666666666666    0.16666666666666             1
    0.16666666666666    0.16666666666666    0.16666666666666             1
    0.25000000000000    0.16666666666666    0.16666666666666             1
    0.33333333333334    0.16666666666666    0.16666666666666             1
    0.41666666666666    0.16666666666666    0.16666666666666             1
    0.50000000000000    0.16666666666666    0.16666666666666             1
   -0.41666666666666    0.16666666666666    0.16666666666666             1
   -0.33333333333334    0.16666666666666    0.16666666666666             1
   -0.25000000000000    0.16666666666666    0.16666666666666             1
   -0.16666666666666    0.16666666666666    0.16666666666666             1
   -0.08333333333334    0.16666666666666    0.16666666666666             1
    0.00000000000000    0.25000000000000    0.16666666666666             1
    0.08333333333334    0.25000000000000    0.16666666666666             1
    0.16666666666666    0.25000000000000    0.16666666666666             1
    0.25000000000000    0.25000000000000    0.16666666666666             1
    0.33333333333334    0.25000000000000    0.16666666666666             1
    0.41666666666666    0.25000000000000    0.16666666666666             1
    0.50000000000000    0.25000000000000    0.16666666666666             1
   -0.41666666666666    0.25000000000000    0.16666666666666             1
   -0.33333333333334    0.25000000000000    0.16666666666666             1
   -0.25000000000000    0.25000000000000    0.16666666666666             1
   -0.16666666666666    0.25000000000000    0.16666666666666             1
   -0.08333333333334    0.25000000000000    0.16666666666666             1
    0.00000000000000    0.33333333333334    0.16666666666666             1
    0.08333333333334    0.33333333333334    0.16666666666666             1
    0.16666666666666    0.33333333333334    0.16666666666666             1
    0.25000000000000    0.33333333333334    0.16666666666666             1
    0.33333333333334    0.33333333333334    0.16666666666666             1
    0.41666666666666    0.33333333333334    0.16666666666666             1
    0.50000000000000    0.33333333333334    0.16666666666666             1
   -0.41666666666666    0.33333333333334    0.16666666666666             1
   -0.33333333333334    0.33333333333334    0.16666666666666             1
   -0.25000000000000    0.33333333333334    0.16666666666666             1
   -0.16666666666666    0.33333333333334    0.16666666666666             1
   -0.08333333333334    0.33333333333334    0.16666666666666             1
    0.00000000000000    0.41666666666666    0.16666666666666             1
    0.08333333333334    0.41666666666666    0.16666666666666             1
    0.16666666666666    0.41666666666666    0.16666666666666             1
    0.25000000000000    0.41666666666666    0.16666666666666             1
    0.33333333333334    0.41666666666666    0.16666666666666             1
    0.41666666666666    0.41666666666666    0.16666666666666             1
    0.50000000000000    0.41666666666666    0.16666666666666             1
   -0.41666666666666    0.41666666666666    0.16666666666666             1
   -0.33333333333334    0.41666666666666    0.16666666666666             1
   -0.25000000000000    0.41666666666666    0.16666666666666             1
   -0.16666666666666    0.41666666666666    0.16666666666666             1
   -0.08333333333334    0.41666666666666    0.16666666666666             1
    0.00000000000000    0.50000000000000    0.16666666666666             1
    0.08333333333334    0.50000000000000    0.16666666666666             1
    0.16666666666666    0.50000000000000    0.16666666666666             1
    0.25000000000000    0.50000000000000    0.16666666666666             1
    0.33333333333334    0.50000000000000    0.16666666666666             1
    0.41666666666666    0.50000000000000    0.16666666666666             1
    0.50000000000000    0.50000000000000    0.16666666666666             1
   -0.41666666666666    0.50000000000000    0.16666666666666             1
   -0.33333333333334    0.50000000000000    0.16666666666666             1
   -0.25000000000000    0.50000000000000    0.16666666666666             1
   -0.16666666666666    0.50000000000000    0.16666666666666             1
   -0.08333333333334    0.50000000000000    0.16666666666666             1
    0.00000000000000   -0.41666666666666    0.16666666666666             1
    0.08333333333334   -0.41666666666666    0.16666666666666             1
    0.16666666666666   -0.41666666666666    0.16666666666666             1
    0.25000000000000   -0.41666666666666    0.16666666666666             1
    0.33333333333334   -0.41666666666666    0.16666666666666             1
    0.41666666666666   -0.41666666666666    0.16666666666666             1
    0.50000000000000   -0.41666666666666    0.16666666666666             1
   -0.41666666666666   -0.41666666666666    0.16666666666666             1
   -0.33333333333334   -0.41666666666666    0.16666666666666             1
   -0.25000000000000   -0.41666666666666    0.16666666666666             1
   -0.16666666666666   -0.41666666666666    0.16666666666666             1
   -0.08333333333334   -0.41666666666666    0.16666666666666             1
    0.00000000000000   -0.33333333333334    0.16666666666666             1
    0.08333333333334   -0.33333333333334    0.16666666666666             1
    0.16666666666666   -0.33333333333334    0.16666666666666             1
    0.25000000000000   -0.33333333333334    0.16666666666666             1
    0.33333333333334   -0.33333333333334    0.16666666666666             1
    0.41666666666666   -0.33333333333334    0.16666666666666             1
    0.50000000000000   -0.33333333333334    0.16666666666666             1
   -0.41666666666666   -0.33333333333334    0.16666666666666             1
   -0.33333333333334   -0.33333333333334    0.16666666666666             1
   -0.25000000000000   -0.33333333333334    0.16666666666666             1
   -0.16666666666666   -0.33333333333334    0.16666666666666             1
   -0.08333333333334   -0.33333333333334    0.16666666666666             1
    0.00000000000000   -0.25000000000000    0.16666666666666             1
    0.08333333333334   -0.25000000000000    0.16666666666666             1
    0.16666666666666   -0.25000000000000    0.16666666666666             1
    0.25000000000000   -0.25000000000000    0.16666666666666             1
    0.33333333333334   -0.25000000000000    0.16666666666666             1
    0.41666666666666   -0.25000000000000    0.16666666666666             1
    0.50000000000000   -0.25000000000000    0.16666666666666             1
   -0.41666666666666   -0.25000000000000    0.16666666666666             1
   -0.33333333333334   -0.25000000000000    0.16666666666666             1
   -0.25000000000000   -0.25000000000000    0.16666666666666             1
   -0.16666666666666   -0.25000000000000    0.16666666666666             1
   -0.08333333333334   -0.25000000000000    0.16666666666666             1
    0.00000000000000   -0.16666666666666    0.16666666666666             1
    0.08333333333334   -0.16666666666666    0.16666666666666             1
    0.16666666666666   -0.16666666666666    0.16666666666666             1
    0.25000000000000   -0.16666666666666    0.16666666666666             1
    0.33333333333334   -0.16666666666666    0.16666666666666             1
    0.41666666666666   -0.16666666666666    0.16666666666666             1
    0.50000000000000   -0.16666666666666    0.16666666666666             1
   -0.41666666666666   -0.16666666666666    0.16666666666666             1
   -0.33333333333334   -0.16666666666666    0.16666666666666             1
   -0.25000000000000   -0.16666666666666    0.16666666666666             1
   -0.16666666666666   -0.16666666666666    0.16666666666666             1
   -0.08333333333334   -0.16666666666666    0.16666666666666             1
    0.00000000000000   -0.08333333333334    0.16666666666666             1
    0.08333333333334   -0.08333333333334    0.16666666666666             1
    0.16666666666666   -0.08333333333334    0.16666666666666             1
    0.25000000000000   -0.08333333333334    0.16666666666666             1
    0.33333333333334   -0.08333333333334    0.16666666666666             1
    0.41666666666666   -0.08333333333334    0.16666666666666             1
    0.50000000000000   -0.08333333333334    0.16666666666666             1
   -0.41666666666666   -0.08333333333334    0.16666666666666             1
   -0.33333333333334   -0.08333333333334    0.16666666666666             1
   -0.25000000000000   -0.08333333333334    0.16666666666666             1
   -0.16666666666666   -0.08333333333334    0.16666666666666             1
   -0.08333333333334   -0.08333333333334    0.16666666666666             1
    0.00000000000000    0.00000000000000    0.25000000000000             1
    0.08333333333334   -0.00000000000000    0.25000000000000             1
    0.16666666666666    0.00000000000000    0.25000000000000             1
    0.25000000000000    0.00000000000000    0.25000000000000             1
    0.33333333333334    0.00000000000000    0.25000000000000             1
    0.41666666666666    0.00000000000000    0.25000000000000             1
    0.50000000000000    0.00000000000000    0.25000000000000             1
   -0.41666666666666    0.00000000000000    0.25000000000000             1
   -0.33333333333334   -0.00000000000000    0.25000000000000             1
   -0.25000000000000    0.00000000000000    0.25000000000000             1
   -0.16666666666666    0.00000000000000    0.25000000000000             1
   -0.08333333333334    0.00000000000000    0.25000000000000             1
    0.00000000000000    0.08333333333334    0.25000000000000             1
    0.08333333333334    0.08333333333334    0.25000000000000             1
    0.16666666666666    0.08333333333334    0.25000000000000             1
    0.25000000000000    0.08333333333334    0.25000000000000             1
    0.33333333333334    0.08333333333334    0.25000000000000             1
    0.41666666666666    0.08333333333334    0.25000000000000             1
    0.50000000000000    0.08333333333334    0.25000000000000             1
   -0.41666666666666    0.08333333333334    0.25000000000000             1
   -0.33333333333334    0.08333333333334    0.25000000000000             1
   -0.25000000000000    0.08333333333334    0.25000000000000             1
   -0.16666666666666    0.08333333333334    0.25000000000000             1
   -0.08333333333334    0.08333333333334    0.25000000000000             1
    0.00000000000000    0.16666666666666    0.25000000000000             1
    0.08333333333334    0.16666666666666    0.25000000000000             1
    0.16666666666666    0.16666666666666    0.25000000000000             1
    0.25000000000000    0.16666666666666    0.25000000000000             1
    0.33333333333334    0.16666666666666    0.25000000000000             1
    0.41666666666666    0.16666666666666    0.25000000000000             1
    0.50000000000000    0.16666666666666    0.25000000000000             1
   -0.41666666666666    0.16666666666666    0.25000000000000             1
   -0.33333333333334    0.16666666666666    0.25000000000000             1
   -0.25000000000000    0.16666666666666    0.25000000000000             1
   -0.16666666666666    0.16666666666666    0.25000000000000             1
   -0.08333333333334    0.16666666666666    0.25000000000000             1
    0.00000000000000    0.25000000000000    0.25000000000000             1
    0.08333333333334    0.25000000000000    0.25000000000000             1
    0.16666666666666    0.25000000000000    0.25000000000000             1
    0.25000000000000    0.25000000000000    0.25000000000000             1
    0.33333333333334    0.25000000000000    0.25000000000000             1
    0.41666666666666    0.25000000000000    0.25000000000000             1
    0.50000000000000    0.25000000000000    0.25000000000000             1
   -0.41666666666666    0.25000000000000    0.25000000000000             1
   -0.33333333333334    0.25000000000000    0.25000000000000             1
   -0.25000000000000    0.25000000000000    0.25000000000000             1
   -0.16666666666666    0.25000000000000    0.25000000000000             1
   -0.08333333333334    0.25000000000000    0.25000000000000             1
    0.00000000000000    0.33333333333334    0.25000000000000             1
    0.08333333333334    0.33333333333334    0.25000000000000             1
    0.16666666666666    0.33333333333334    0.25000000000000             1
    0.25000000000000    0.33333333333334    0.25000000000000             1
    0.33333333333334    0.33333333333334    0.25000000000000             1
    0.41666666666666    0.33333333333334    0.25000000000000             1
    0.50000000000000    0.33333333333334    0.25000000000000             1
   -0.41666666666666    0.33333333333334    0.25000000000000             1
   -0.33333333333334    0.33333333333334    0.25000000000000             1
   -0.25000000000000    0.33333333333334    0.25000000000000             1
   -0.16666666666666    0.33333333333334    0.25000000000000             1
   -0.08333333333334    0.33333333333334    0.25000000000000             1
    0.00000000000000    0.41666666666666    0.25000000000000             1
    0.08333333333334    0.41666666666666    0.25000000000000             1
    0.16666666666666    0.41666666666666    0.25000000000000             1
    0.25000000000000    0.41666666666666    0.25000000000000             1
    0.33333333333334    0.41666666666666    0.25000000000000             1
    0.41666666666666    0.41666666666666    0.25000000000000             1
    0.50000000000000    0.41666666666666    0.25000000000000             1
   -0.41666666666666    0.41666666666666    0.25000000000000             1
   -0.33333333333334    0.41666666666666    0.25000000000000             1
   -0.25000000000000    0.41666666666666    0.25000000000000             1
   -0.16666666666666    0.41666666666666    0.25000000000000             1
   -0.08333333333334    0.41666666666666    0.25000000000000             1
    0.00000000000000    0.50000000000000    0.25000000000000             1
    0.08333333333334    0.50000000000000    0.25000000000000             1
    0.16666666666666    0.50000000000000    0.25000000000000             1
    0.25000000000000    0.50000000000000    0.25000000000000             1
    0.33333333333334    0.50000000000000    0.25000000000000             1
    0.41666666666666    0.50000000000000    0.25000000000000             1
    0.50000000000000    0.50000000000000    0.25000000000000             1
   -0.41666666666666    0.50000000000000    0.25000000000000             1
   -0.33333333333334    0.50000000000000    0.25000000000000             1
   -0.25000000000000    0.50000000000000    0.25000000000000             1
   -0.16666666666666    0.50000000000000    0.25000000000000             1
   -0.08333333333334    0.50000000000000    0.25000000000000             1
    0.00000000000000   -0.41666666666666    0.25000000000000             1
    0.08333333333334   -0.41666666666666    0.25000000000000             1
    0.16666666666666   -0.41666666666666    0.25000000000000             1
    0.25000000000000   -0.41666666666666    0.25000000000000             1
    0.33333333333334   -0.41666666666666    0.25000000000000             1
    0.41666666666666   -0.41666666666666    0.25000000000000             1
    0.50000000000000   -0.41666666666666    0.25000000000000             1
   -0.41666666666666   -0.41666666666666    0.25000000000000             1
   -0.33333333333334   -0.41666666666666    0.25000000000000             1
   -0.25000000000000   -0.41666666666666    0.25000000000000             1
   -0.16666666666666   -0.41666666666666    0.25000000000000             1
   -0.08333333333334   -0.41666666666666    0.25000000000000             1
    0.00000000000000   -0.33333333333334    0.25000000000000             1
    0.08333333333334   -0.33333333333334    0.25000000000000             1
    0.16666666666666   -0.33333333333334    0.25000000000000             1
    0.25000000000000   -0.33333333333334    0.25000000000000             1
    0.33333333333334   -0.33333333333334    0.25000000000000             1
    0.41666666666666   -0.33333333333334    0.25000000000000             1
    0.50000000000000   -0.33333333333334    0.25000000000000             1
   -0.41666666666666   -0.33333333333334    0.25000000000000             1
   -0.33333333333334   -0.33333333333334    0.25000000000000             1
   -0.25000000000000   -0.33333333333334    0.25000000000000             1
   -0.16666666666666   -0.33333333333334    0.25000000000000             1
   -0.08333333333334   -0.33333333333334    0.25000000000000             1
    0.00000000000000   -0.25000000000000    0.25000000000000             1
    0.08333333333334   -0.25000000000000    0.25000000000000             1
    0.16666666666666   -0.25000000000000    0.25000000000000             1
    0.25000000000000   -0.25000000000000    0.25000000000000             1
    0.33333333333334   -0.25000000000000    0.25000000000000             1
    0.41666666666666   -0.25000000000000    0.25000000000000             1
    0.50000000000000   -0.25000000000000    0.25000000000000             1
   -0.41666666666666   -0.25000000000000    0.25000000000000             1
   -0.33333333333334   -0.25000000000000    0.25000000000000             1
   -0.25000000000000   -0.25000000000000    0.25000000000000             1
   -0.16666666666666   -0.25000000000000    0.25000000000000             1
   -0.08333333333334   -0.25000000000000    0.25000000000000             1
    0.00000000000000   -0.16666666666666    0.25000000000000             1
    0.08333333333334   -0.16666666666666    0.25000000000000             1
    0.16666666666666   -0.16666666666666    0.25000000000000             1
    0.25000000000000   -0.16666666666666    0.25000000000000             1
    0.33333333333334   -0.16666666666666    0.25000000000000             1
    0.41666666666666   -0.16666666666666    0.25000000000000             1
    0.50000000000000   -0.16666666666666    0.25000000000000             1
   -0.41666666666666   -0.16666666666666    0.25000000000000             1
   -0.33333333333334   -0.16666666666666    0.25000000000000             1
   -0.25000000000000   -0.16666666666666    0.25000000000000             1
   -0.16666666666666   -0.16666666666666    0.25000000000000             1
   -0.08333333333334   -0.16666666666666    0.25000000000000             1
    0.00000000000000   -0.08333333333334    0.25000000000000             1
    0.08333333333334   -0.08333333333334    0.25000000000000             1
    0.16666666666666   -0.08333333333334    0.25000000000000             1
    0.25000000000000   -0.08333333333334    0.25000000000000             1
    0.33333333333334   -0.08333333333334    0.25000000000000             1
    0.41666666666666   -0.08333333333334    0.25000000000000             1
    0.50000000000000   -0.08333333333334    0.25000000000000             1
   -0.41666666666666   -0.08333333333334    0.25000000000000             1
   -0.33333333333334   -0.08333333333334    0.25000000000000             1
   -0.25000000000000   -0.08333333333334    0.25000000000000             1
   -0.16666666666666   -0.08333333333334    0.25000000000000             1
   -0.08333333333334   -0.08333333333334    0.25000000000000             1
    0.00000000000000    0.00000000000000    0.33333333333334             1
    0.08333333333334    0.00000000000000    0.33333333333334             1
    0.16666666666666    0.00000000000000    0.33333333333334             1
    0.25000000000000    0.00000000000000    0.33333333333334             1
    0.33333333333334    0.00000000000000    0.33333333333334             1
    0.41666666666666    0.00000000000000    0.33333333333334             1
    0.50000000000000   -0.00000000000000    0.33333333333334             1
   -0.41666666666666    0.00000000000000    0.33333333333334             1
   -0.33333333333334   -0.00000000000000    0.33333333333334             1
   -0.25000000000000    0.00000000000000    0.33333333333334             1
   -0.16666666666666    0.00000000000000    0.33333333333334             1
   -0.08333333333334    0.00000000000000    0.33333333333334             1
    0.00000000000000    0.08333333333334    0.33333333333334             1
    0.08333333333334    0.08333333333334    0.33333333333334             1
    0.16666666666666    0.08333333333334    0.33333333333334             1
    0.25000000000000    0.08333333333334    0.33333333333334             1
    0.33333333333334    0.08333333333334    0.33333333333334             1
    0.41666666666666    0.08333333333334    0.33333333333334             1
    0.50000000000000    0.08333333333334    0.33333333333334             1
   -0.41666666666666    0.08333333333334    0.33333333333334             1
   -0.33333333333334    0.08333333333334    0.33333333333334             1
   -0.25000000000000    0.08333333333334    0.33333333333334             1
   -0.16666666666666    0.08333333333334    0.33333333333334             1
   -0.08333333333334    0.08333333333334    0.33333333333334             1
    0.00000000000000    0.16666666666666    0.33333333333334             1
    0.08333333333334    0.16666666666666    0.33333333333334             1
    0.16666666666666    0.16666666666666    0.33333333333334             1
    0.25000000000000    0.16666666666666    0.33333333333334             1
    0.33333333333334    0.16666666666666    0.33333333333334             1
    0.41666666666666    0.16666666666666    0.33333333333334             1
    0.50000000000000    0.16666666666666    0.33333333333334             1
   -0.41666666666666    0.16666666666666    0.33333333333334             1
   -0.33333333333334    0.16666666666666    0.33333333333334             1
   -0.25000000000000    0.16666666666666    0.33333333333334             1
   -0.16666666666666    0.16666666666666    0.33333333333334             1
   -0.08333333333334    0.16666666666666    0.33333333333334             1
    0.00000000000000    0.25000000000000    0.33333333333334             1
    0.08333333333334    0.25000000000000    0.33333333333334             1
    0.16666666666666    0.25000000000000    0.33333333333334             1
    0.25000000000000    0.25000000000000    0.33333333333334             1
    0.33333333333334    0.25000000000000    0.33333333333334             1
    0.41666666666666    0.25000000000000    0.33333333333334             1
    0.50000000000000    0.25000000000000    0.33333333333334             1
   -0.41666666666666    0.25000000000000    0.33333333333334             1
   -0.33333333333334    0.25000000000000    0.33333333333334             1
   -0.25000000000000    0.25000000000000    0.33333333333334             1
   -0.16666666666666    0.25000000000000    0.33333333333334             1
   -0.08333333333334    0.25000000000000    0.33333333333334             1
    0.00000000000000    0.33333333333334    0.33333333333334             1
    0.08333333333334    0.33333333333334    0.33333333333334             1
    0.16666666666666    0.33333333333334    0.33333333333334             1
    0.25000000000000    0.33333333333334    0.33333333333334             1
    0.33333333333334    0.33333333333334    0.33333333333334             1
    0.41666666666666    0.33333333333334    0.33333333333334             1
    0.50000000000000    0.33333333333334    0.33333333333334             1
   -0.41666666666666    0.33333333333334    0.33333333333334             1
   -0.33333333333334    0.33333333333334    0.33333333333334             1
   -0.25000000000000    0.33333333333334    0.33333333333334             1
   -0.16666666666666    0.33333333333334    0.33333333333334             1
   -0.08333333333334    0.33333333333334    0.33333333333334             1
    0.00000000000000    0.41666666666666    0.33333333333334             1
    0.08333333333334    0.41666666666666    0.33333333333334             1
    0.16666666666666    0.41666666666666    0.33333333333334             1
    0.25000000000000    0.41666666666666    0.33333333333334             1
    0.33333333333334    0.41666666666666    0.33333333333334             1
    0.41666666666666    0.41666666666666    0.33333333333334             1
    0.50000000000000    0.41666666666666    0.33333333333334             1
   -0.41666666666666    0.41666666666666    0.33333333333334             1
   -0.33333333333334    0.41666666666666    0.33333333333334             1
   -0.25000000000000    0.41666666666666    0.33333333333334             1
   -0.16666666666666    0.41666666666666    0.33333333333334             1
   -0.08333333333334    0.41666666666666    0.33333333333334             1
    0.00000000000000    0.50000000000000    0.33333333333334             1
    0.08333333333334    0.50000000000000    0.33333333333334             1
    0.16666666666666    0.50000000000000    0.33333333333334             1
    0.25000000000000    0.50000000000000    0.33333333333334             1
    0.33333333333334    0.50000000000000    0.33333333333334             1
    0.41666666666666    0.50000000000000    0.33333333333334             1
    0.50000000000000    0.50000000000000    0.33333333333334             1
   -0.41666666666666    0.50000000000000    0.33333333333334             1
   -0.33333333333334    0.50000000000000    0.33333333333334             1
   -0.25000000000000    0.50000000000000    0.33333333333334             1
   -0.16666666666666    0.50000000000000    0.33333333333334             1
   -0.08333333333334    0.50000000000000    0.33333333333334             1
    0.00000000000000   -0.41666666666666    0.33333333333334             1
    0.08333333333334   -0.41666666666666    0.33333333333334             1
    0.16666666666666   -0.41666666666666    0.33333333333334             1
    0.25000000000000   -0.41666666666666    0.33333333333334             1
    0.33333333333334   -0.41666666666666    0.33333333333334             1
    0.41666666666666   -0.41666666666666    0.33333333333334             1
    0.50000000000000   -0.41666666666666    0.33333333333334             1
   -0.41666666666666   -0.41666666666666    0.33333333333334             1
   -0.33333333333334   -0.41666666666666    0.33333333333334             1
   -0.25000000000000   -0.41666666666666    0.33333333333334             1
   -0.16666666666666   -0.41666666666666    0.33333333333334             1
   -0.08333333333334   -0.41666666666666    0.33333333333334             1
    0.00000000000000   -0.33333333333334    0.33333333333334             1
    0.08333333333334   -0.33333333333334    0.33333333333334             1
    0.16666666666666   -0.33333333333334    0.33333333333334             1
    0.25000000000000   -0.33333333333334    0.33333333333334             1
    0.33333333333334   -0.33333333333334    0.33333333333334             1
    0.41666666666666   -0.33333333333334    0.33333333333334             1
    0.50000000000000   -0.33333333333334    0.33333333333334             1
   -0.41666666666666   -0.33333333333334    0.33333333333334             1
   -0.33333333333334   -0.33333333333334    0.33333333333334             1
   -0.25000000000000   -0.33333333333334    0.33333333333334             1
   -0.16666666666666   -0.33333333333334    0.33333333333334             1
   -0.08333333333334   -0.33333333333334    0.33333333333334             1
    0.00000000000000   -0.25000000000000    0.33333333333334             1
    0.08333333333334   -0.25000000000000    0.33333333333334             1
    0.16666666666666   -0.25000000000000    0.33333333333334             1
    0.25000000000000   -0.25000000000000    0.33333333333334             1
    0.33333333333334   -0.25000000000000    0.33333333333334             1
    0.41666666666666   -0.25000000000000    0.33333333333334             1
    0.50000000000000   -0.25000000000000    0.33333333333334             1
   -0.41666666666666   -0.25000000000000    0.33333333333334             1
   -0.33333333333334   -0.25000000000000    0.33333333333334             1
   -0.25000000000000   -0.25000000000000    0.33333333333334             1
   -0.16666666666666   -0.25000000000000    0.33333333333334             1
   -0.08333333333334   -0.25000000000000    0.33333333333334             1
    0.00000000000000   -0.16666666666666    0.33333333333334             1
    0.08333333333334   -0.16666666666666    0.33333333333334             1
    0.16666666666666   -0.16666666666666    0.33333333333334             1
    0.25000000000000   -0.16666666666666    0.33333333333334             1
    0.33333333333334   -0.16666666666666    0.33333333333334             1
    0.41666666666666   -0.16666666666666    0.33333333333334             1
    0.50000000000000   -0.16666666666666    0.33333333333334             1
   -0.41666666666666   -0.16666666666666    0.33333333333334             1
   -0.33333333333334   -0.16666666666666    0.33333333333334             1
   -0.25000000000000   -0.16666666666666    0.33333333333334             1
   -0.16666666666666   -0.16666666666666    0.33333333333334             1
   -0.08333333333334   -0.16666666666666    0.33333333333334             1
    0.00000000000000   -0.08333333333334    0.33333333333334             1
    0.08333333333334   -0.08333333333334    0.33333333333334             1
    0.16666666666666   -0.08333333333334    0.33333333333334             1
    0.25000000000000   -0.08333333333334    0.33333333333334             1
    0.33333333333334   -0.08333333333334    0.33333333333334             1
    0.41666666666666   -0.08333333333334    0.33333333333334             1
    0.50000000000000   -0.08333333333334    0.33333333333334             1
   -0.41666666666666   -0.08333333333334    0.33333333333334             1
   -0.33333333333334   -0.08333333333334    0.33333333333334             1
   -0.25000000000000   -0.08333333333334    0.33333333333334             1
   -0.16666666666666   -0.08333333333334    0.33333333333334             1
   -0.08333333333334   -0.08333333333334    0.33333333333334             1
   -0.00000000000000   -0.00000000000000    0.41666666666666             1
    0.08333333333334   -0.00000000000000    0.41666666666666             1
    0.16666666666666   -0.00000000000000    0.41666666666666             1
    0.25000000000000   -0.00000000000000    0.41666666666666             1
    0.33333333333334   -0.00000000000000    0.41666666666666             1
    0.41666666666666   -0.00000000000000    0.41666666666666             1
    0.50000000000000   -0.00000000000000    0.41666666666666             1
   -0.41666666666666   -0.00000000000000    0.41666666666666             1
   -0.33333333333334   -0.00000000000000    0.41666666666666             1
   -0.25000000000000   -0.00000000000000    0.41666666666666             1
   -0.16666666666666   -0.00000000000000    0.41666666666666             1
   -0.08333333333334   -0.00000000000000    0.41666666666666             1
   -0.00000000000000    0.08333333333334    0.41666666666666             1
    0.08333333333334    0.08333333333334    0.41666666666666             1
    0.16666666666666    0.08333333333334    0.41666666666666             1
    0.25000000000000    0.08333333333334    0.41666666666666             1
    0.33333333333334    0.08333333333334    0.41666666666666             1
    0.41666666666666    0.08333333333334    0.41666666666666             1
    0.50000000000000    0.08333333333334    0.41666666666666             1
   -0.41666666666666    0.08333333333334    0.41666666666666             1
   -0.33333333333334    0.08333333333334    0.41666666666666             1
   -0.25000000000000    0.08333333333334    0.41666666666666             1
   -0.16666666666666    0.08333333333334    0.41666666666666             1
   -0.08333333333334    0.08333333333334    0.41666666666666             1
   -0.00000000000000    0.16666666666666    0.41666666666666             1
    0.08333333333334    0.16666666666666    0.41666666666666             1
    0.16666666666666    0.16666666666666    0.41666666666666             1
    0.25000000000000    0.16666666666666    0.41666666666666             1
    0.33333333333334    0.16666666666666    0.41666666666666             1
    0.41666666666666    0.16666666666666    0.41666666666666             1
    0.50000000000000    0.16666666666666    0.41666666666666             1
   -0.41666666666666    0.16666666666666    0.41666666666666             1
   -0.33333333333334    0.16666666666666    0.41666666666666             1
   -0.25000000000000    0.16666666666666    0.41666666666666             1
   -0.16666666666666    0.16666666666666    0.41666666666666             1
   -0.08333333333334    0.16666666666666    0.41666666666666             1
   -0.00000000000000    0.25000000000000    0.41666666666666             1
    0.08333333333334    0.25000000000000    0.41666666666666             1
    0.16666666666666    0.25000000000000    0.41666666666666             1
    0.25000000000000    0.25000000000000    0.41666666666666             1
    0.33333333333334    0.25000000000000    0.41666666666666             1
    0.41666666666666    0.25000000000000    0.41666666666666             1
    0.50000000000000    0.25000000000000    0.41666666666666             1
   -0.41666666666666    0.25000000000000    0.41666666666666             1
   -0.33333333333334    0.25000000000000    0.41666666666666             1
   -0.25000000000000    0.25000000000000    0.41666666666666             1
   -0.16666666666666    0.25000000000000    0.41666666666666             1
   -0.08333333333334    0.25000000000000    0.41666666666666             1
   -0.00000000000000    0.33333333333334    0.41666666666666             1
    0.08333333333334    0.33333333333334    0.41666666666666             1
    0.16666666666666    0.33333333333334    0.41666666666666             1
    0.25000000000000    0.33333333333334    0.41666666666666             1
    0.33333333333334    0.33333333333334    0.41666666666666             1
    0.41666666666666    0.33333333333334    0.41666666666666             1
    0.50000000000000    0.33333333333334    0.41666666666666             1
   -0.41666666666666    0.33333333333334    0.41666666666666             1
   -0.33333333333334    0.33333333333334    0.41666666666666             1
   -0.25000000000000    0.33333333333334    0.41666666666666             1
   -0.16666666666666    0.33333333333334    0.41666666666666             1
   -0.08333333333334    0.33333333333334    0.41666666666666             1
   -0.00000000000000    0.41666666666666    0.41666666666666             1
    0.08333333333334    0.41666666666666    0.41666666666666             1
    0.16666666666666    0.41666666666666    0.41666666666666             1
    0.25000000000000    0.41666666666666    0.41666666666666             1
    0.33333333333334    0.41666666666666    0.41666666666666             1
    0.41666666666666    0.41666666666666    0.41666666666666             1
    0.50000000000000    0.41666666666666    0.41666666666666             1
   -0.41666666666666    0.41666666666666    0.41666666666666             1
   -0.33333333333334    0.41666666666666    0.41666666666666             1
   -0.25000000000000    0.41666666666666    0.41666666666666             1
   -0.16666666666666    0.41666666666666    0.41666666666666             1
   -0.08333333333334    0.41666666666666    0.41666666666666             1
   -0.00000000000000    0.50000000000000    0.41666666666666             1
    0.08333333333334    0.50000000000000    0.41666666666666             1
    0.16666666666666    0.50000000000000    0.41666666666666             1
    0.25000000000000    0.50000000000000    0.41666666666666             1
    0.33333333333334    0.50000000000000    0.41666666666666             1
    0.41666666666666    0.50000000000000    0.41666666666666             1
    0.50000000000000    0.50000000000000    0.41666666666666             1
   -0.41666666666666    0.50000000000000    0.41666666666666             1
   -0.33333333333334    0.50000000000000    0.41666666666666             1
   -0.25000000000000    0.50000000000000    0.41666666666666             1
   -0.16666666666666    0.50000000000000    0.41666666666666             1
   -0.08333333333334    0.50000000000000    0.41666666666666             1
   -0.00000000000000   -0.41666666666666    0.41666666666666             1
    0.08333333333334   -0.41666666666666    0.41666666666666             1
    0.16666666666666   -0.41666666666666    0.41666666666666             1
    0.25000000000000   -0.41666666666666    0.41666666666666             1
    0.33333333333334   -0.41666666666666    0.41666666666666             1
    0.41666666666666   -0.41666666666666    0.41666666666666             1
    0.50000000000000   -0.41666666666666    0.41666666666666             1
   -0.41666666666666   -0.41666666666666    0.41666666666666             1
   -0.33333333333334   -0.41666666666666    0.41666666666666             1
   -0.25000000000000   -0.41666666666666    0.41666666666666             1
   -0.16666666666666   -0.41666666666666    0.41666666666666             1
   -0.08333333333334   -0.41666666666666    0.41666666666666             1
   -0.00000000000000   -0.33333333333334    0.41666666666666             1
    0.08333333333334   -0.33333333333334    0.41666666666666             1
    0.16666666666666   -0.33333333333334    0.41666666666666             1
    0.25000000000000   -0.33333333333334    0.41666666666666             1
    0.33333333333334   -0.33333333333334    0.41666666666666             1
    0.41666666666666   -0.33333333333334    0.41666666666666             1
    0.50000000000000   -0.33333333333334    0.41666666666666             1
   -0.41666666666666   -0.33333333333334    0.41666666666666             1
   -0.33333333333334   -0.33333333333334    0.41666666666666             1
   -0.25000000000000   -0.33333333333334    0.41666666666666             1
   -0.16666666666666   -0.33333333333334    0.41666666666666             1
   -0.08333333333334   -0.33333333333334    0.41666666666666             1
   -0.00000000000000   -0.25000000000000    0.41666666666666             1
    0.08333333333334   -0.25000000000000    0.41666666666666             1
    0.16666666666666   -0.25000000000000    0.41666666666666             1
    0.25000000000000   -0.25000000000000    0.41666666666666             1
    0.33333333333334   -0.25000000000000    0.41666666666666             1
    0.41666666666666   -0.25000000000000    0.41666666666666             1
    0.50000000000000   -0.25000000000000    0.41666666666666             1
   -0.41666666666666   -0.25000000000000    0.41666666666666             1
   -0.33333333333334   -0.25000000000000    0.41666666666666             1
   -0.25000000000000   -0.25000000000000    0.41666666666666             1
   -0.16666666666666   -0.25000000000000    0.41666666666666             1
   -0.08333333333334   -0.25000000000000    0.41666666666666             1
   -0.00000000000000   -0.16666666666666    0.41666666666666             1
    0.08333333333334   -0.16666666666666    0.41666666666666             1
    0.16666666666666   -0.16666666666666    0.41666666666666             1
    0.25000000000000   -0.16666666666666    0.41666666666666             1
    0.33333333333334   -0.16666666666666    0.41666666666666             1
    0.41666666666666   -0.16666666666666    0.41666666666666             1
    0.50000000000000   -0.16666666666666    0.41666666666666             1
   -0.41666666666666   -0.16666666666666    0.41666666666666             1
   -0.33333333333334   -0.16666666666666    0.41666666666666             1
   -0.25000000000000   -0.16666666666666    0.41666666666666             1
   -0.16666666666666   -0.16666666666666    0.41666666666666             1
   -0.08333333333334   -0.16666666666666    0.41666666666666             1
   -0.00000000000000   -0.08333333333334    0.41666666666666             1
    0.08333333333334   -0.08333333333334    0.41666666666666             1
    0.16666666666666   -0.08333333333334    0.41666666666666             1
    0.25000000000000   -0.08333333333334    0.41666666666666             1
    0.33333333333334   -0.08333333333334    0.41666666666666             1
    0.41666666666666   -0.08333333333334    0.41666666666666             1
    0.50000000000000   -0.08333333333334    0.41666666666666             1
   -0.41666666666666   -0.08333333333334    0.41666666666666             1
   -0.33333333333334   -0.08333333333334    0.41666666666666             1
   -0.25000000000000   -0.08333333333334    0.41666666666666             1
   -0.16666666666666   -0.08333333333334    0.41666666666666             1
   -0.08333333333334   -0.08333333333334    0.41666666666666             1
    0.00000000000000    0.00000000000000    0.50000000000000             1
    0.08333333333334   -0.00000000000000    0.50000000000000             1
    0.16666666666666    0.00000000000000    0.50000000000000             1
    0.25000000000000    0.00000000000000    0.50000000000000             1
    0.33333333333334   -0.00000000000000    0.50000000000000             1
    0.41666666666666   -0.00000000000000    0.50000000000000             1
    0.50000000000000    0.00000000000000    0.50000000000000             1
   -0.41666666666666    0.00000000000000    0.50000000000000             1
   -0.33333333333334    0.00000000000000    0.50000000000000             1
   -0.25000000000000   -0.00000000000000    0.50000000000000             1
   -0.16666666666666    0.00000000000000    0.50000000000000             1
   -0.08333333333334   -0.00000000000000    0.50000000000000             1
    0.00000000000000    0.08333333333334    0.50000000000000             1
    0.08333333333334    0.08333333333334    0.50000000000000             1
    0.16666666666666    0.08333333333334    0.50000000000000             1
    0.25000000000000    0.08333333333334    0.50000000000000             1
    0.33333333333334    0.08333333333334    0.50000000000000             1
    0.41666666666666    0.08333333333334    0.50000000000000             1
    0.50000000000000    0.08333333333334    0.50000000000000             1
   -0.41666666666666    0.08333333333334    0.50000000000000             1
   -0.33333333333334    0.08333333333334    0.50000000000000             1
   -0.25000000000000    0.08333333333334    0.50000000000000             1
   -0.16666666666666    0.08333333333334    0.50000000000000             1
   -0.08333333333334    0.08333333333334    0.50000000000000             1
    0.00000000000000    0.16666666666666    0.50000000000000             1
    0.08333333333334    0.16666666666666    0.50000000000000             1
    0.16666666666666    0.16666666666666    0.50000000000000             1
    0.25000000000000    0.16666666666666    0.50000000000000             1
    0.33333333333334    0.16666666666666    0.50000000000000             1
    0.41666666666666    0.16666666666666    0.50000000000000             1
    0.50000000000000    0.16666666666666    0.50000000000000             1
   -0.41666666666666    0.16666666666666    0.50000000000000             1
   -0.33333333333334    0.16666666666666    0.50000000000000             1
   -0.25000000000000    0.16666666666666    0.50000000000000             1
   -0.16666666666666    0.16666666666666    0.50000000000000             1
   -0.08333333333334    0.16666666666666    0.50000000000000             1
    0.00000000000000    0.25000000000000    0.50000000000000             1
    0.08333333333334    0.25000000000000    0.50000000000000             1
    0.16666666666666    0.25000000000000    0.50000000000000             1
    0.25000000000000    0.25000000000000    0.50000000000000             1
    0.33333333333334    0.25000000000000    0.50000000000000             1
    0.41666666666666    0.25000000000000    0.50000000000000             1
    0.50000000000000    0.25000000000000    0.50000000000000             1
   -0.41666666666666    0.25000000000000    0.50000000000000             1
   -0.33333333333334    0.25000000000000    0.50000000000000             1
   -0.25000000000000    0.25000000000000    0.50000000000000             1
   -0.16666666666666    0.25000000000000    0.50000000000000             1
   -0.08333333333334    0.25000000000000    0.50000000000000             1
    0.00000000000000    0.33333333333334    0.50000000000000             1
    0.08333333333334    0.33333333333334    0.50000000000000             1
    0.16666666666666    0.33333333333334    0.50000000000000             1
    0.25000000000000    0.33333333333334    0.50000000000000             1
    0.33333333333334    0.33333333333334    0.50000000000000             1
    0.41666666666666    0.33333333333334    0.50000000000000             1
    0.50000000000000    0.33333333333334    0.50000000000000             1
   -0.41666666666666    0.33333333333334    0.50000000000000             1
   -0.33333333333334    0.33333333333334    0.50000000000000             1
   -0.25000000000000    0.33333333333334    0.50000000000000             1
   -0.16666666666666    0.33333333333334    0.50000000000000             1
   -0.08333333333334    0.33333333333334    0.50000000000000             1
    0.00000000000000    0.41666666666666    0.50000000000000             1
    0.08333333333334    0.41666666666666    0.50000000000000             1
    0.16666666666666    0.41666666666666    0.50000000000000             1
    0.25000000000000    0.41666666666666    0.50000000000000             1
    0.33333333333334    0.41666666666666    0.50000000000000             1
    0.41666666666666    0.41666666666666    0.50000000000000             1
    0.50000000000000    0.41666666666666    0.50000000000000             1
   -0.41666666666666    0.41666666666666    0.50000000000000             1
   -0.33333333333334    0.41666666666666    0.50000000000000             1
   -0.25000000000000    0.41666666666666    0.50000000000000             1
   -0.16666666666666    0.41666666666666    0.50000000000000             1
   -0.08333333333334    0.41666666666666    0.50000000000000             1
    0.00000000000000    0.50000000000000    0.50000000000000             1
    0.08333333333334    0.50000000000000    0.50000000000000             1
    0.16666666666666    0.50000000000000    0.50000000000000             1
    0.25000000000000    0.50000000000000    0.50000000000000             1
    0.33333333333334    0.50000000000000    0.50000000000000             1
    0.41666666666666    0.50000000000000    0.50000000000000             1
    0.50000000000000    0.50000000000000    0.50000000000000             1
   -0.41666666666666    0.50000000000000    0.50000000000000             1
   -0.33333333333334    0.50000000000000    0.50000000000000             1
   -0.25000000000000    0.50000000000000    0.50000000000000             1
   -0.16666666666666    0.50000000000000    0.50000000000000             1
   -0.08333333333334    0.50000000000000    0.50000000000000             1
    0.00000000000000   -0.41666666666666    0.50000000000000             1
    0.08333333333334   -0.41666666666666    0.50000000000000             1
    0.16666666666666   -0.41666666666666    0.50000000000000             1
    0.25000000000000   -0.41666666666666    0.50000000000000             1
    0.33333333333334   -0.41666666666666    0.50000000000000             1
    0.41666666666666   -0.41666666666666    0.50000000000000             1
    0.50000000000000   -0.41666666666666    0.50000000000000             1
   -0.41666666666666   -0.41666666666666    0.50000000000000             1
   -0.33333333333334   -0.41666666666666    0.50000000000000             1
   -0.25000000000000   -0.41666666666666    0.50000000000000             1
   -0.16666666666666   -0.41666666666666    0.50000000000000             1
   -0.08333333333334   -0.41666666666666    0.50000000000000             1
    0.00000000000000   -0.33333333333334    0.50000000000000             1
    0.08333333333334   -0.33333333333334    0.50000000000000             1
    0.16666666666666   -0.33333333333334    0.50000000000000             1
    0.25000000000000   -0.33333333333334    0.50000000000000             1
    0.33333333333334   -0.33333333333334    0.50000000000000             1
    0.41666666666666   -0.33333333333334    0.50000000000000             1
    0.50000000000000   -0.33333333333334    0.50000000000000             1
   -0.41666666666666   -0.33333333333334    0.50000000000000             1
   -0.33333333333334   -0.33333333333334    0.50000000000000             1
   -0.25000000000000   -0.33333333333334    0.50000000000000             1
   -0.16666666666666   -0.33333333333334    0.50000000000000             1
   -0.08333333333334   -0.33333333333334    0.50000000000000             1
    0.00000000000000   -0.25000000000000    0.50000000000000             1
    0.08333333333334   -0.25000000000000    0.50000000000000             1
    0.16666666666666   -0.25000000000000    0.50000000000000             1
    0.25000000000000   -0.25000000000000    0.50000000000000             1
    0.33333333333334   -0.25000000000000    0.50000000000000             1
    0.41666666666666   -0.25000000000000    0.50000000000000             1
    0.50000000000000   -0.25000000000000    0.50000000000000             1
   -0.41666666666666   -0.25000000000000    0.50000000000000             1
   -0.33333333333334   -0.25000000000000    0.50000000000000             1
   -0.25000000000000   -0.25000000000000    0.50000000000000             1
   -0.16666666666666   -0.25000000000000    0.50000000000000             1
   -0.08333333333334   -0.25000000000000    0.50000000000000             1
    0.00000000000000   -0.16666666666666    0.50000000000000             1
    0.08333333333334   -0.16666666666666    0.50000000000000             1
    0.16666666666666   -0.16666666666666    0.50000000000000             1
    0.25000000000000   -0.16666666666666    0.50000000000000             1
    0.33333333333334   -0.16666666666666    0.50000000000000             1
    0.41666666666666   -0.16666666666666    0.50000000000000             1
    0.50000000000000   -0.16666666666666    0.50000000000000             1
   -0.41666666666666   -0.16666666666666    0.50000000000000             1
   -0.33333333333334   -0.16666666666666    0.50000000000000             1
   -0.25000000000000   -0.16666666666666    0.50000000000000             1
   -0.16666666666666   -0.16666666666666    0.50000000000000             1
   -0.08333333333334   -0.16666666666666    0.50000000000000             1
    0.00000000000000   -0.08333333333334    0.50000000000000             1
    0.08333333333334   -0.08333333333334    0.50000000000000             1
    0.16666666666666   -0.08333333333334    0.50000000000000             1
    0.25000000000000   -0.08333333333334    0.50000000000000             1
    0.33333333333334   -0.08333333333334    0.50000000000000             1
    0.41666666666666   -0.08333333333334    0.50000000000000             1
    0.50000000000000   -0.08333333333334    0.50000000000000             1
   -0.41666666666666   -0.08333333333334    0.50000000000000             1
   -0.33333333333334   -0.08333333333334    0.50000000000000             1
   -0.25000000000000   -0.08333333333334    0.50000000000000             1
   -0.16666666666666   -0.08333333333334    0.50000000000000             1
   -0.08333333333334   -0.08333333333334    0.50000000000000             1
    0.00000000000000    0.00000000000000   -0.41666666666666             1
    0.08333333333334    0.00000000000000   -0.41666666666666             1
    0.16666666666666    0.00000000000000   -0.41666666666666             1
    0.25000000000000    0.00000000000000   -0.41666666666666             1
    0.33333333333334    0.00000000000000   -0.41666666666666             1
    0.41666666666666    0.00000000000000   -0.41666666666666             1
    0.50000000000000    0.00000000000000   -0.41666666666666             1
   -0.41666666666666    0.00000000000000   -0.41666666666666             1
   -0.33333333333334    0.00000000000000   -0.41666666666666             1
   -0.25000000000000    0.00000000000000   -0.41666666666666             1
   -0.16666666666666    0.00000000000000   -0.41666666666666             1
   -0.08333333333334    0.00000000000000   -0.41666666666666             1
    0.00000000000000    0.08333333333334   -0.41666666666666             1
    0.08333333333334    0.08333333333334   -0.41666666666666             1
    0.16666666666666    0.08333333333334   -0.41666666666666             1
    0.25000000000000    0.08333333333334   -0.41666666666666             1
    0.33333333333334    0.08333333333334   -0.41666666666666             1
    0.41666666666666    0.08333333333334   -0.41666666666666             1
    0.50000000000000    0.08333333333334   -0.41666666666666             1
   -0.41666666666666    0.08333333333334   -0.41666666666666             1
   -0.33333333333334    0.08333333333334   -0.41666666666666             1
   -0.25000000000000    0.08333333333334   -0.41666666666666             1
   -0.16666666666666    0.08333333333334   -0.41666666666666             1
   -0.08333333333334    0.08333333333334   -0.41666666666666             1
    0.00000000000000    0.16666666666666   -0.41666666666666             1
    0.08333333333334    0.16666666666666   -0.41666666666666             1
    0.16666666666666    0.16666666666666   -0.41666666666666             1
    0.25000000000000    0.16666666666666   -0.41666666666666             1
    0.33333333333334    0.16666666666666   -0.41666666666666             1
    0.41666666666666    0.16666666666666   -0.41666666666666             1
    0.50000000000000    0.16666666666666   -0.41666666666666             1
   -0.41666666666666    0.16666666666666   -0.41666666666666             1
   -0.33333333333334    0.16666666666666   -0.41666666666666             1
   -0.25000000000000    0.16666666666666   -0.41666666666666             1
   -0.16666666666666    0.16666666666666   -0.41666666666666             1
   -0.08333333333334    0.16666666666666   -0.41666666666666             1
    0.00000000000000    0.25000000000000   -0.41666666666666             1
    0.08333333333334    0.25000000000000   -0.41666666666666             1
    0.16666666666666    0.25000000000000   -0.41666666666666             1
    0.25000000000000    0.25000000000000   -0.41666666666666             1
    0.33333333333334    0.25000000000000   -0.41666666666666             1
    0.41666666666666    0.25000000000000   -0.41666666666666             1
    0.50000000000000    0.25000000000000   -0.41666666666666             1
   -0.41666666666666    0.25000000000000   -0.41666666666666             1
   -0.33333333333334    0.25000000000000   -0.41666666666666             1
   -0.25000000000000    0.25000000000000   -0.41666666666666             1
   -0.16666666666666    0.25000000000000   -0.41666666666666             1
   -0.08333333333334    0.25000000000000   -0.41666666666666             1
    0.00000000000000    0.33333333333334   -0.41666666666666             1
    0.08333333333334    0.33333333333334   -0.41666666666666             1
    0.16666666666666    0.33333333333334   -0.41666666666666             1
    0.25000000000000    0.33333333333334   -0.41666666666666             1
    0.33333333333334    0.33333333333334   -0.41666666666666             1
    0.41666666666666    0.33333333333334   -0.41666666666666             1
    0.50000000000000    0.33333333333334   -0.41666666666666             1
   -0.41666666666666    0.33333333333334   -0.41666666666666             1
   -0.33333333333334    0.33333333333334   -0.41666666666666             1
   -0.25000000000000    0.33333333333334   -0.41666666666666             1
   -0.16666666666666    0.33333333333334   -0.41666666666666             1
   -0.08333333333334    0.33333333333334   -0.41666666666666             1
    0.00000000000000    0.41666666666666   -0.41666666666666             1
    0.08333333333334    0.41666666666666   -0.41666666666666             1
    0.16666666666666    0.41666666666666   -0.41666666666666             1
    0.25000000000000    0.41666666666666   -0.41666666666666             1
    0.33333333333334    0.41666666666666   -0.41666666666666             1
    0.41666666666666    0.41666666666666   -0.41666666666666             1
    0.50000000000000    0.41666666666666   -0.41666666666666             1
   -0.41666666666666    0.41666666666666   -0.41666666666666             1
   -0.33333333333334    0.41666666666666   -0.41666666666666             1
   -0.25000000000000    0.41666666666666   -0.41666666666666             1
   -0.16666666666666    0.41666666666666   -0.41666666666666             1
   -0.08333333333334    0.41666666666666   -0.41666666666666             1
    0.00000000000000    0.50000000000000   -0.41666666666666             1
    0.08333333333334    0.50000000000000   -0.41666666666666             1
    0.16666666666666    0.50000000000000   -0.41666666666666             1
    0.25000000000000    0.50000000000000   -0.41666666666666             1
    0.33333333333334    0.50000000000000   -0.41666666666666             1
    0.41666666666666    0.50000000000000   -0.41666666666666             1
    0.50000000000000    0.50000000000000   -0.41666666666666             1
   -0.41666666666666    0.50000000000000   -0.41666666666666             1
   -0.33333333333334    0.50000000000000   -0.41666666666666             1
   -0.25000000000000    0.50000000000000   -0.41666666666666             1
   -0.16666666666666    0.50000000000000   -0.41666666666666             1
   -0.08333333333334    0.50000000000000   -0.41666666666666             1
    0.00000000000000   -0.41666666666666   -0.41666666666666             1
    0.08333333333334   -0.41666666666666   -0.41666666666666             1
    0.16666666666666   -0.41666666666666   -0.41666666666666             1
    0.25000000000000   -0.41666666666666   -0.41666666666666             1
    0.33333333333334   -0.41666666666666   -0.41666666666666             1
    0.41666666666666   -0.41666666666666   -0.41666666666666             1
    0.50000000000000   -0.41666666666666   -0.41666666666666             1
   -0.41666666666666   -0.41666666666666   -0.41666666666666             1
   -0.33333333333334   -0.41666666666666   -0.41666666666666             1
   -0.25000000000000   -0.41666666666666   -0.41666666666666             1
   -0.16666666666666   -0.41666666666666   -0.41666666666666             1
   -0.08333333333334   -0.41666666666666   -0.41666666666666             1
    0.00000000000000   -0.33333333333334   -0.41666666666666             1
    0.08333333333334   -0.33333333333334   -0.41666666666666             1
    0.16666666666666   -0.33333333333334   -0.41666666666666             1
    0.25000000000000   -0.33333333333334   -0.41666666666666             1
    0.33333333333334   -0.33333333333334   -0.41666666666666             1
    0.41666666666666   -0.33333333333334   -0.41666666666666             1
    0.50000000000000   -0.33333333333334   -0.41666666666666             1
   -0.41666666666666   -0.33333333333334   -0.41666666666666             1
   -0.33333333333334   -0.33333333333334   -0.41666666666666             1
   -0.25000000000000   -0.33333333333334   -0.41666666666666             1
   -0.16666666666666   -0.33333333333334   -0.41666666666666             1
   -0.08333333333334   -0.33333333333334   -0.41666666666666             1
    0.00000000000000   -0.25000000000000   -0.41666666666666             1
    0.08333333333334   -0.25000000000000   -0.41666666666666             1
    0.16666666666666   -0.25000000000000   -0.41666666666666             1
    0.25000000000000   -0.25000000000000   -0.41666666666666             1
    0.33333333333334   -0.25000000000000   -0.41666666666666             1
    0.41666666666666   -0.25000000000000   -0.41666666666666             1
    0.50000000000000   -0.25000000000000   -0.41666666666666             1
   -0.41666666666666   -0.25000000000000   -0.41666666666666             1
   -0.33333333333334   -0.25000000000000   -0.41666666666666             1
   -0.25000000000000   -0.25000000000000   -0.41666666666666             1
   -0.16666666666666   -0.25000000000000   -0.41666666666666             1
   -0.08333333333334   -0.25000000000000   -0.41666666666666             1
    0.00000000000000   -0.16666666666666   -0.41666666666666             1
    0.08333333333334   -0.16666666666666   -0.41666666666666             1
    0.16666666666666   -0.16666666666666   -0.41666666666666             1
    0.25000000000000   -0.16666666666666   -0.41666666666666             1
    0.33333333333334   -0.16666666666666   -0.41666666666666             1
    0.41666666666666   -0.16666666666666   -0.41666666666666             1
    0.50000000000000   -0.16666666666666   -0.41666666666666             1
   -0.41666666666666   -0.16666666666666   -0.41666666666666             1
   -0.33333333333334   -0.16666666666666   -0.41666666666666             1
   -0.25000000000000   -0.16666666666666   -0.41666666666666             1
   -0.16666666666666   -0.16666666666666   -0.41666666666666             1
   -0.08333333333334   -0.16666666666666   -0.41666666666666             1
    0.00000000000000   -0.08333333333334   -0.41666666666666             1
    0.08333333333334   -0.08333333333334   -0.41666666666666             1
    0.16666666666666   -0.08333333333334   -0.41666666666666             1
    0.25000000000000   -0.08333333333334   -0.41666666666666             1
    0.33333333333334   -0.08333333333334   -0.41666666666666             1
    0.41666666666666   -0.08333333333334   -0.41666666666666             1
    0.50000000000000   -0.08333333333334   -0.41666666666666             1
   -0.41666666666666   -0.08333333333334   -0.41666666666666             1
   -0.33333333333334   -0.08333333333334   -0.41666666666666             1
   -0.25000000000000   -0.08333333333334   -0.41666666666666             1
   -0.16666666666666   -0.08333333333334   -0.41666666666666             1
   -0.08333333333334   -0.08333333333334   -0.41666666666666             1
    0.00000000000000   -0.00000000000000   -0.33333333333334             1
    0.08333333333334   -0.00000000000000   -0.33333333333334             1
    0.16666666666666    0.00000000000000   -0.33333333333334             1
    0.25000000000000   -0.00000000000000   -0.33333333333334             1
    0.33333333333334    0.00000000000000   -0.33333333333334             1
    0.41666666666666   -0.00000000000000   -0.33333333333334             1
    0.50000000000000   -0.00000000000000   -0.33333333333334             1
   -0.41666666666666   -0.00000000000000   -0.33333333333334             1
   -0.33333333333334   -0.00000000000000   -0.33333333333334             1
   -0.25000000000000   -0.00000000000000   -0.33333333333334             1
   -0.16666666666666    0.00000000000000   -0.33333333333334             1
   -0.08333333333334    0.00000000000000   -0.33333333333334             1
    0.00000000000000    0.08333333333334   -0.33333333333334             1
    0.08333333333334    0.08333333333334   -0.33333333333334             1
    0.16666666666666    0.08333333333334   -0.33333333333334             1
    0.25000000000000    0.08333333333334   -0.33333333333334             1
    0.33333333333334    0.08333333333334   -0.33333333333334             1
    0.41666666666666    0.08333333333334   -0.33333333333334             1
    0.50000000000000    0.08333333333334   -0.33333333333334             1
   -0.41666666666666    0.08333333333334   -0.33333333333334             1
   -0.33333333333334    0.08333333333334   -0.33333333333334             1
   -0.25000000000000    0.08333333333334   -0.33333333333334             1
   -0.16666666666666    0.08333333333334   -0.33333333333334             1
   -0.08333333333334    0.08333333333334   -0.33333333333334             1
    0.00000000000000    0.16666666666666   -0.33333333333334             1
    0.08333333333334    0.16666666666666   -0.33333333333334             1
    0.16666666666666    0.16666666666666   -0.33333333333334             1
    0.25000000000000    0.16666666666666   -0.33333333333334             1
    0.33333333333334    0.16666666666666   -0.33333333333334             1
    0.41666666666666    0.16666666666666   -0.33333333333334             1
    0.50000000000000    0.16666666666666   -0.33333333333334             1
   -0.41666666666666    0.16666666666666   -0.33333333333334             1
   -0.33333333333334    0.16666666666666   -0.33333333333334             1
   -0.25000000000000    0.16666666666666   -0.33333333333334             1
   -0.16666666666666    0.16666666666666   -0.33333333333334             1
   -0.08333333333334    0.16666666666666   -0.33333333333334             1
    0.00000000000000    0.25000000000000   -0.33333333333334             1
    0.08333333333334    0.25000000000000   -0.33333333333334             1
    0.16666666666666    0.25000000000000   -0.33333333333334             1
    0.25000000000000    0.25000000000000   -0.33333333333334             1
    0.33333333333334    0.25000000000000   -0.33333333333334             1
    0.41666666666666    0.25000000000000   -0.33333333333334             1
    0.50000000000000    0.25000000000000   -0.33333333333334             1
   -0.41666666666666    0.25000000000000   -0.33333333333334             1
   -0.33333333333334    0.25000000000000   -0.33333333333334             1
   -0.25000000000000    0.25000000000000   -0.33333333333334             1
   -0.16666666666666    0.25000000000000   -0.33333333333334             1
   -0.08333333333334    0.25000000000000   -0.33333333333334             1
    0.00000000000000    0.33333333333334   -0.33333333333334             1
    0.08333333333334    0.33333333333334   -0.33333333333334             1
    0.16666666666666    0.33333333333334   -0.33333333333334             1
    0.25000000000000    0.33333333333334   -0.33333333333334             1
    0.33333333333334    0.33333333333334   -0.33333333333334             1
    0.41666666666666    0.33333333333334   -0.33333333333334             1
    0.50000000000000    0.33333333333334   -0.33333333333334             1
   -0.41666666666666    0.33333333333334   -0.33333333333334             1
   -0.33333333333334    0.33333333333334   -0.33333333333334             1
   -0.25000000000000    0.33333333333334   -0.33333333333334             1
   -0.16666666666666    0.33333333333334   -0.33333333333334             1
   -0.08333333333334    0.33333333333334   -0.33333333333334             1
    0.00000000000000    0.41666666666666   -0.33333333333334             1
    0.08333333333334    0.41666666666666   -0.33333333333334             1
    0.16666666666666    0.41666666666666   -0.33333333333334             1
    0.25000000000000    0.41666666666666   -0.33333333333334             1
    0.33333333333334    0.41666666666666   -0.33333333333334             1
    0.41666666666666    0.41666666666666   -0.33333333333334             1
    0.50000000000000    0.41666666666666   -0.33333333333334             1
   -0.41666666666666    0.41666666666666   -0.33333333333334             1
   -0.33333333333334    0.41666666666666   -0.33333333333334             1
   -0.25000000000000    0.41666666666666   -0.33333333333334             1
   -0.16666666666666    0.41666666666666   -0.33333333333334             1
   -0.08333333333334    0.41666666666666   -0.33333333333334             1
    0.00000000000000    0.50000000000000   -0.33333333333334             1
    0.08333333333334    0.50000000000000   -0.33333333333334             1
    0.16666666666666    0.50000000000000   -0.33333333333334             1
    0.25000000000000    0.50000000000000   -0.33333333333334             1
    0.33333333333334    0.50000000000000   -0.33333333333334             1
    0.41666666666666    0.50000000000000   -0.33333333333334             1
    0.50000000000000    0.50000000000000   -0.33333333333334             1
   -0.41666666666666    0.50000000000000   -0.33333333333334             1
   -0.33333333333334    0.50000000000000   -0.33333333333334             1
   -0.25000000000000    0.50000000000000   -0.33333333333334             1
   -0.16666666666666    0.50000000000000   -0.33333333333334             1
   -0.08333333333334    0.50000000000000   -0.33333333333334             1
    0.00000000000000   -0.41666666666666   -0.33333333333334             1
    0.08333333333334   -0.41666666666666   -0.33333333333334             1
    0.16666666666666   -0.41666666666666   -0.33333333333334             1
    0.25000000000000   -0.41666666666666   -0.33333333333334             1
    0.33333333333334   -0.41666666666666   -0.33333333333334             1
    0.41666666666666   -0.41666666666666   -0.33333333333334             1
    0.50000000000000   -0.41666666666666   -0.33333333333334             1
   -0.41666666666666   -0.41666666666666   -0.33333333333334             1
   -0.33333333333334   -0.41666666666666   -0.33333333333334             1
   -0.25000000000000   -0.41666666666666   -0.33333333333334             1
   -0.16666666666666   -0.41666666666666   -0.33333333333334             1
   -0.08333333333334   -0.41666666666666   -0.33333333333334             1
    0.00000000000000   -0.33333333333334   -0.33333333333334             1
    0.08333333333334   -0.33333333333334   -0.33333333333334             1
    0.16666666666666   -0.33333333333334   -0.33333333333334             1
    0.25000000000000   -0.33333333333334   -0.33333333333334             1
    0.33333333333334   -0.33333333333334   -0.33333333333334             1
    0.41666666666666   -0.33333333333334   -0.33333333333334             1
    0.50000000000000   -0.33333333333334   -0.33333333333334             1
   -0.41666666666666   -0.33333333333334   -0.33333333333334             1
   -0.33333333333334   -0.33333333333334   -0.33333333333334             1
   -0.25000000000000   -0.33333333333334   -0.33333333333334             1
   -0.16666666666666   -0.33333333333334   -0.33333333333334             1
   -0.08333333333334   -0.33333333333334   -0.33333333333334             1
    0.00000000000000   -0.25000000000000   -0.33333333333334             1
    0.08333333333334   -0.25000000000000   -0.33333333333334             1
    0.16666666666666   -0.25000000000000   -0.33333333333334             1
    0.25000000000000   -0.25000000000000   -0.33333333333334             1
    0.33333333333334   -0.25000000000000   -0.33333333333334             1
    0.41666666666666   -0.25000000000000   -0.33333333333334             1
    0.50000000000000   -0.25000000000000   -0.33333333333334             1
   -0.41666666666666   -0.25000000000000   -0.33333333333334             1
   -0.33333333333334   -0.25000000000000   -0.33333333333334             1
   -0.25000000000000   -0.25000000000000   -0.33333333333334             1
   -0.16666666666666   -0.25000000000000   -0.33333333333334             1
   -0.08333333333334   -0.25000000000000   -0.33333333333334             1
    0.00000000000000   -0.16666666666666   -0.33333333333334             1
    0.08333333333334   -0.16666666666666   -0.33333333333334             1
    0.16666666666666   -0.16666666666666   -0.33333333333334             1
    0.25000000000000   -0.16666666666666   -0.33333333333334             1
    0.33333333333334   -0.16666666666666   -0.33333333333334             1
    0.41666666666666   -0.16666666666666   -0.33333333333334             1
    0.50000000000000   -0.16666666666666   -0.33333333333334             1
   -0.41666666666666   -0.16666666666666   -0.33333333333334             1
   -0.33333333333334   -0.16666666666666   -0.33333333333334             1
   -0.25000000000000   -0.16666666666666   -0.33333333333334             1
   -0.16666666666666   -0.16666666666666   -0.33333333333334             1
   -0.08333333333334   -0.16666666666666   -0.33333333333334             1
    0.00000000000000   -0.08333333333334   -0.33333333333334             1
    0.08333333333334   -0.08333333333334   -0.33333333333334             1
    0.16666666666666   -0.08333333333334   -0.33333333333334             1
    0.25000000000000   -0.08333333333334   -0.33333333333334             1
    0.33333333333334   -0.08333333333334   -0.33333333333334             1
    0.41666666666666   -0.08333333333334   -0.33333333333334             1
    0.50000000000000   -0.08333333333334   -0.33333333333334             1
   -0.41666666666666   -0.08333333333334   -0.33333333333334             1
   -0.33333333333334   -0.08333333333334   -0.33333333333334             1
   -0.25000000000000   -0.08333333333334   -0.33333333333334             1
   -0.16666666666666   -0.08333333333334   -0.33333333333334             1
   -0.08333333333334   -0.08333333333334   -0.33333333333334             1
    0.00000000000000    0.00000000000000   -0.25000000000000             1
    0.08333333333334    0.00000000000000   -0.25000000000000             1
    0.16666666666666    0.00000000000000   -0.25000000000000             1
    0.25000000000000    0.00000000000000   -0.25000000000000             1
    0.33333333333334    0.00000000000000   -0.25000000000000             1
    0.41666666666666    0.00000000000000   -0.25000000000000             1
    0.50000000000000    0.00000000000000   -0.25000000000000             1
   -0.41666666666666   -0.00000000000000   -0.25000000000000             1
   -0.33333333333334   -0.00000000000000   -0.25000000000000             1
   -0.25000000000000    0.00000000000000   -0.25000000000000             1
   -0.16666666666666    0.00000000000000   -0.25000000000000             1
   -0.08333333333334    0.00000000000000   -0.25000000000000             1
    0.00000000000000    0.08333333333334   -0.25000000000000             1
    0.08333333333334    0.08333333333334   -0.25000000000000             1
    0.16666666666666    0.08333333333334   -0.25000000000000             1
    0.25000000000000    0.08333333333334   -0.25000000000000             1
    0.33333333333334    0.08333333333334   -0.25000000000000             1
    0.41666666666666    0.08333333333334   -0.25000000000000             1
    0.50000000000000    0.08333333333334   -0.25000000000000             1
   -0.41666666666666    0.08333333333334   -0.25000000000000             1
   -0.33333333333334    0.08333333333334   -0.25000000000000             1
   -0.25000000000000    0.08333333333334   -0.25000000000000             1
   -0.16666666666666    0.08333333333334   -0.25000000000000             1
   -0.08333333333334    0.08333333333334   -0.25000000000000             1
    0.00000000000000    0.16666666666666   -0.25000000000000             1
    0.08333333333334    0.16666666666666   -0.25000000000000             1
    0.16666666666666    0.16666666666666   -0.25000000000000             1
    0.25000000000000    0.16666666666666   -0.25000000000000             1
    0.33333333333334    0.16666666666666   -0.25000000000000             1
    0.41666666666666    0.16666666666666   -0.25000000000000             1
    0.50000000000000    0.16666666666666   -0.25000000000000             1
   -0.41666666666666    0.16666666666666   -0.25000000000000             1
   -0.33333333333334    0.16666666666666   -0.25000000000000             1
   -0.25000000000000    0.16666666666666   -0.25000000000000             1
   -0.16666666666666    0.16666666666666   -0.25000000000000             1
   -0.08333333333334    0.16666666666666   -0.25000000000000             1
    0.00000000000000    0.25000000000000   -0.25000000000000             1
    0.08333333333334    0.25000000000000   -0.25000000000000             1
    0.16666666666666    0.25000000000000   -0.25000000000000             1
    0.25000000000000    0.25000000000000   -0.25000000000000             1
    0.33333333333334    0.25000000000000   -0.25000000000000             1
    0.41666666666666    0.25000000000000   -0.25000000000000             1
    0.50000000000000    0.25000000000000   -0.25000000000000             1
   -0.41666666666666    0.25000000000000   -0.25000000000000             1
   -0.33333333333334    0.25000000000000   -0.25000000000000             1
   -0.25000000000000    0.25000000000000   -0.25000000000000             1
   -0.16666666666666    0.25000000000000   -0.25000000000000             1
   -0.08333333333334    0.25000000000000   -0.25000000000000             1
    0.00000000000000    0.33333333333334   -0.25000000000000             1
    0.08333333333334    0.33333333333334   -0.25000000000000             1
    0.16666666666666    0.33333333333334   -0.25000000000000             1
    0.25000000000000    0.33333333333334   -0.25000000000000             1
    0.33333333333334    0.33333333333334   -0.25000000000000             1
    0.41666666666666    0.33333333333334   -0.25000000000000             1
    0.50000000000000    0.33333333333334   -0.25000000000000             1
   -0.41666666666666    0.33333333333334   -0.25000000000000             1
   -0.33333333333334    0.33333333333334   -0.25000000000000             1
   -0.25000000000000    0.33333333333334   -0.25000000000000             1
   -0.16666666666666    0.33333333333334   -0.25000000000000             1
   -0.08333333333334    0.33333333333334   -0.25000000000000             1
    0.00000000000000    0.41666666666666   -0.25000000000000             1
    0.08333333333334    0.41666666666666   -0.25000000000000             1
    0.16666666666666    0.41666666666666   -0.25000000000000             1
    0.25000000000000    0.41666666666666   -0.25000000000000             1
    0.33333333333334    0.41666666666666   -0.25000000000000             1
    0.41666666666666    0.41666666666666   -0.25000000000000             1
    0.50000000000000    0.41666666666666   -0.25000000000000             1
   -0.41666666666666    0.41666666666666   -0.25000000000000             1
   -0.33333333333334    0.41666666666666   -0.25000000000000             1
   -0.25000000000000    0.41666666666666   -0.25000000000000             1
   -0.16666666666666    0.41666666666666   -0.25000000000000             1
   -0.08333333333334    0.41666666666666   -0.25000000000000             1
    0.00000000000000    0.50000000000000   -0.25000000000000             1
    0.08333333333334    0.50000000000000   -0.25000000000000             1
    0.16666666666666    0.50000000000000   -0.25000000000000             1
    0.25000000000000    0.50000000000000   -0.25000000000000             1
    0.33333333333334    0.50000000000000   -0.25000000000000             1
    0.41666666666666    0.50000000000000   -0.25000000000000             1
    0.50000000000000    0.50000000000000   -0.25000000000000             1
   -0.41666666666666    0.50000000000000   -0.25000000000000             1
   -0.33333333333334    0.50000000000000   -0.25000000000000             1
   -0.25000000000000    0.50000000000000   -0.25000000000000             1
   -0.16666666666666    0.50000000000000   -0.25000000000000             1
   -0.08333333333334    0.50000000000000   -0.25000000000000             1
    0.00000000000000   -0.41666666666666   -0.25000000000000             1
    0.08333333333334   -0.41666666666666   -0.25000000000000             1
    0.16666666666666   -0.41666666666666   -0.25000000000000             1
    0.25000000000000   -0.41666666666666   -0.25000000000000             1
    0.33333333333334   -0.41666666666666   -0.25000000000000             1
    0.41666666666666   -0.41666666666666   -0.25000000000000             1
    0.50000000000000   -0.41666666666666   -0.25000000000000             1
   -0.41666666666666   -0.41666666666666   -0.25000000000000             1
   -0.33333333333334   -0.41666666666666   -0.25000000000000             1
   -0.25000000000000   -0.41666666666666   -0.25000000000000             1
   -0.16666666666666   -0.41666666666666   -0.25000000000000             1
   -0.08333333333334   -0.41666666666666   -0.25000000000000             1
    0.00000000000000   -0.33333333333334   -0.25000000000000             1
    0.08333333333334   -0.33333333333334   -0.25000000000000             1
    0.16666666666666   -0.33333333333334   -0.25000000000000             1
    0.25000000000000   -0.33333333333334   -0.25000000000000             1
    0.33333333333334   -0.33333333333334   -0.25000000000000             1
    0.41666666666666   -0.33333333333334   -0.25000000000000             1
    0.50000000000000   -0.33333333333334   -0.25000000000000             1
   -0.41666666666666   -0.33333333333334   -0.25000000000000             1
   -0.33333333333334   -0.33333333333334   -0.25000000000000             1
   -0.25000000000000   -0.33333333333334   -0.25000000000000             1
   -0.16666666666666   -0.33333333333334   -0.25000000000000             1
   -0.08333333333334   -0.33333333333334   -0.25000000000000             1
    0.00000000000000   -0.25000000000000   -0.25000000000000             1
    0.08333333333334   -0.25000000000000   -0.25000000000000             1
    0.16666666666666   -0.25000000000000   -0.25000000000000             1
    0.25000000000000   -0.25000000000000   -0.25000000000000             1
    0.33333333333334   -0.25000000000000   -0.25000000000000             1
    0.41666666666666   -0.25000000000000   -0.25000000000000             1
    0.50000000000000   -0.25000000000000   -0.25000000000000             1
   -0.41666666666666   -0.25000000000000   -0.25000000000000             1
   -0.33333333333334   -0.25000000000000   -0.25000000000000             1
   -0.25000000000000   -0.25000000000000   -0.25000000000000             1
   -0.16666666666666   -0.25000000000000   -0.25000000000000             1
   -0.08333333333334   -0.25000000000000   -0.25000000000000             1
    0.00000000000000   -0.16666666666666   -0.25000000000000             1
    0.08333333333334   -0.16666666666666   -0.25000000000000             1
    0.16666666666666   -0.16666666666666   -0.25000000000000             1
    0.25000000000000   -0.16666666666666   -0.25000000000000             1
    0.33333333333334   -0.16666666666666   -0.25000000000000             1
    0.41666666666666   -0.16666666666666   -0.25000000000000             1
    0.50000000000000   -0.16666666666666   -0.25000000000000             1
   -0.41666666666666   -0.16666666666666   -0.25000000000000             1
   -0.33333333333334   -0.16666666666666   -0.25000000000000             1
   -0.25000000000000   -0.16666666666666   -0.25000000000000             1
   -0.16666666666666   -0.16666666666666   -0.25000000000000             1
   -0.08333333333334   -0.16666666666666   -0.25000000000000             1
    0.00000000000000   -0.08333333333334   -0.25000000000000             1
    0.08333333333334   -0.08333333333334   -0.25000000000000             1
    0.16666666666666   -0.08333333333334   -0.25000000000000             1
    0.25000000000000   -0.08333333333334   -0.25000000000000             1
    0.33333333333334   -0.08333333333334   -0.25000000000000             1
    0.41666666666666   -0.08333333333334   -0.25000000000000             1
    0.50000000000000   -0.08333333333334   -0.25000000000000             1
   -0.41666666666666   -0.08333333333334   -0.25000000000000             1
   -0.33333333333334   -0.08333333333334   -0.25000000000000             1
   -0.25000000000000   -0.08333333333334   -0.25000000000000             1
   -0.16666666666666   -0.08333333333334   -0.25000000000000             1
   -0.08333333333334   -0.08333333333334   -0.25000000000000             1
   -0.00000000000000   -0.00000000000000   -0.16666666666666             1
    0.08333333333334   -0.00000000000000   -0.16666666666666             1
    0.16666666666666   -0.00000000000000   -0.16666666666666             1
    0.25000000000000    0.00000000000000   -0.16666666666666             1
    0.33333333333334    0.00000000000000   -0.16666666666666             1
    0.41666666666666    0.00000000000000   -0.16666666666666             1
    0.50000000000000   -0.00000000000000   -0.16666666666666             1
   -0.41666666666666    0.00000000000000   -0.16666666666666             1
   -0.33333333333334   -0.00000000000000   -0.16666666666666             1
   -0.25000000000000   -0.00000000000000   -0.16666666666666             1
   -0.16666666666666    0.00000000000000   -0.16666666666666             1
   -0.08333333333334    0.00000000000000   -0.16666666666666             1
   -0.00000000000000    0.08333333333334   -0.16666666666666             1
    0.08333333333334    0.08333333333334   -0.16666666666666             1
    0.16666666666666    0.08333333333334   -0.16666666666666             1
    0.25000000000000    0.08333333333334   -0.16666666666666             1
    0.33333333333334    0.08333333333334   -0.16666666666666             1
    0.41666666666666    0.08333333333334   -0.16666666666666             1
    0.50000000000000    0.08333333333334   -0.16666666666666             1
   -0.41666666666666    0.08333333333334   -0.16666666666666             1
   -0.33333333333334    0.08333333333334   -0.16666666666666             1
   -0.25000000000000    0.08333333333334   -0.16666666666666             1
   -0.16666666666666    0.08333333333334   -0.16666666666666             1
   -0.08333333333334    0.08333333333334   -0.16666666666666             1
   -0.00000000000000    0.16666666666666   -0.16666666666666             1
    0.08333333333334    0.16666666666666   -0.16666666666666             1
    0.16666666666666    0.16666666666666   -0.16666666666666             1
    0.25000000000000    0.16666666666666   -0.16666666666666             1
    0.33333333333334    0.16666666666666   -0.16666666666666             1
    0.41666666666666    0.16666666666666   -0.16666666666666             1
    0.50000000000000    0.16666666666666   -0.16666666666666             1
   -0.41666666666666    0.16666666666666   -0.16666666666666             1
   -0.33333333333334    0.16666666666666   -0.16666666666666             1
   -0.25000000000000    0.16666666666666   -0.16666666666666             1
   -0.16666666666666    0.16666666666666   -0.16666666666666             1
   -0.08333333333334    0.16666666666666   -0.16666666666666             1
   -0.00000000000000    0.25000000000000   -0.16666666666666             1
    0.08333333333334    0.25000000000000   -0.16666666666666             1
    0.16666666666666    0.25000000000000   -0.16666666666666             1
    0.25000000000000    0.25000000000000   -0.16666666666666             1
    0.33333333333334    0.25000000000000   -0.16666666666666             1
    0.41666666666666    0.25000000000000   -0.16666666666666             1
    0.50000000000000    0.25000000000000   -0.16666666666666             1
   -0.41666666666666    0.25000000000000   -0.16666666666666             1
   -0.33333333333334    0.25000000000000   -0.16666666666666             1
   -0.25000000000000    0.25000000000000   -0.16666666666666             1
   -0.16666666666666    0.25000000000000   -0.16666666666666             1
   -0.08333333333334    0.25000000000000   -0.16666666666666             1
   -0.00000000000000    0.33333333333334   -0.16666666666666             1
    0.08333333333334    0.33333333333334   -0.16666666666666             1
    0.16666666666666    0.33333333333334   -0.16666666666666             1
    0.25000000000000    0.33333333333334   -0.16666666666666             1
    0.33333333333334    0.33333333333334   -0.16666666666666             1
    0.41666666666666    0.33333333333334   -0.16666666666666             1
    0.50000000000000    0.33333333333334   -0.16666666666666             1
   -0.41666666666666    0.33333333333334   -0.16666666666666             1
   -0.33333333333334    0.33333333333334   -0.16666666666666             1
   -0.25000000000000    0.33333333333334   -0.16666666666666             1
   -0.16666666666666    0.33333333333334   -0.16666666666666             1
   -0.08333333333334    0.33333333333334   -0.16666666666666             1
   -0.00000000000000    0.41666666666666   -0.16666666666666             1
    0.08333333333334    0.41666666666666   -0.16666666666666             1
    0.16666666666666    0.41666666666666   -0.16666666666666             1
    0.25000000000000    0.41666666666666   -0.16666666666666             1
    0.33333333333334    0.41666666666666   -0.16666666666666             1
    0.41666666666666    0.41666666666666   -0.16666666666666             1
    0.50000000000000    0.41666666666666   -0.16666666666666             1
   -0.41666666666666    0.41666666666666   -0.16666666666666             1
   -0.33333333333334    0.41666666666666   -0.16666666666666             1
   -0.25000000000000    0.41666666666666   -0.16666666666666             1
   -0.16666666666666    0.41666666666666   -0.16666666666666             1
   -0.08333333333334    0.41666666666666   -0.16666666666666             1
   -0.00000000000000    0.50000000000000   -0.16666666666666             1
    0.08333333333334    0.50000000000000   -0.16666666666666             1
    0.16666666666666    0.50000000000000   -0.16666666666666             1
    0.25000000000000    0.50000000000000   -0.16666666666666             1
    0.33333333333334    0.50000000000000   -0.16666666666666             1
    0.41666666666666    0.50000000000000   -0.16666666666666             1
    0.50000000000000    0.50000000000000   -0.16666666666666             1
   -0.41666666666666    0.50000000000000   -0.16666666666666             1
   -0.33333333333334    0.50000000000000   -0.16666666666666             1
   -0.25000000000000    0.50000000000000   -0.16666666666666             1
   -0.16666666666666    0.50000000000000   -0.16666666666666             1
   -0.08333333333334    0.50000000000000   -0.16666666666666             1
   -0.00000000000000   -0.41666666666666   -0.16666666666666             1
    0.08333333333334   -0.41666666666666   -0.16666666666666             1
    0.16666666666666   -0.41666666666666   -0.16666666666666             1
    0.25000000000000   -0.41666666666666   -0.16666666666666             1
    0.33333333333334   -0.41666666666666   -0.16666666666666             1
    0.41666666666666   -0.41666666666666   -0.16666666666666             1
    0.50000000000000   -0.41666666666666   -0.16666666666666             1
   -0.41666666666666   -0.41666666666666   -0.16666666666666             1
   -0.33333333333334   -0.41666666666666   -0.16666666666666             1
   -0.25000000000000   -0.41666666666666   -0.16666666666666             1
   -0.16666666666666   -0.41666666666666   -0.16666666666666             1
   -0.08333333333334   -0.41666666666666   -0.16666666666666             1
   -0.00000000000000   -0.33333333333334   -0.16666666666666             1
    0.08333333333334   -0.33333333333334   -0.16666666666666             1
    0.16666666666666   -0.33333333333334   -0.16666666666666             1
    0.25000000000000   -0.33333333333334   -0.16666666666666             1
    0.33333333333334   -0.33333333333334   -0.16666666666666             1
    0.41666666666666   -0.33333333333334   -0.16666666666666             1
    0.50000000000000   -0.33333333333334   -0.16666666666666             1
   -0.41666666666666   -0.33333333333334   -0.16666666666666             1
   -0.33333333333334   -0.33333333333334   -0.16666666666666             1
   -0.25000000000000   -0.33333333333334   -0.16666666666666             1
   -0.16666666666666   -0.33333333333334   -0.16666666666666             1
   -0.08333333333334   -0.33333333333334   -0.16666666666666             1
   -0.00000000000000   -0.25000000000000   -0.16666666666666             1
    0.08333333333334   -0.25000000000000   -0.16666666666666             1
    0.16666666666666   -0.25000000000000   -0.16666666666666             1
    0.25000000000000   -0.25000000000000   -0.16666666666666             1
    0.33333333333334   -0.25000000000000   -0.16666666666666             1
    0.41666666666666   -0.25000000000000   -0.16666666666666             1
    0.50000000000000   -0.25000000000000   -0.16666666666666             1
   -0.41666666666666   -0.25000000000000   -0.16666666666666             1
   -0.33333333333334   -0.25000000000000   -0.16666666666666             1
   -0.25000000000000   -0.25000000000000   -0.16666666666666             1
   -0.16666666666666   -0.25000000000000   -0.16666666666666             1
   -0.08333333333334   -0.25000000000000   -0.16666666666666             1
   -0.00000000000000   -0.16666666666666   -0.16666666666666             1
    0.08333333333334   -0.16666666666666   -0.16666666666666             1
    0.16666666666666   -0.16666666666666   -0.16666666666666             1
    0.25000000000000   -0.16666666666666   -0.16666666666666             1
    0.33333333333334   -0.16666666666666   -0.16666666666666             1
    0.41666666666666   -0.16666666666666   -0.16666666666666             1
    0.50000000000000   -0.16666666666666   -0.16666666666666             1
   -0.41666666666666   -0.16666666666666   -0.16666666666666             1
   -0.33333333333334   -0.16666666666666   -0.16666666666666             1
   -0.25000000000000   -0.16666666666666   -0.16666666666666             1
   -0.16666666666666   -0.16666666666666   -0.16666666666666             1
   -0.08333333333334   -0.16666666666666   -0.16666666666666             1
   -0.00000000000000   -0.08333333333334   -0.16666666666666             1
    0.08333333333334   -0.08333333333334   -0.16666666666666             1
    0.16666666666666   -0.08333333333334   -0.16666666666666             1
    0.25000000000000   -0.08333333333334   -0.16666666666666             1
    0.33333333333334   -0.08333333333334   -0.16666666666666             1
    0.41666666666666   -0.08333333333334   -0.16666666666666             1
    0.50000000000000   -0.08333333333334   -0.16666666666666             1
   -0.41666666666666   -0.08333333333334   -0.16666666666666             1
   -0.33333333333334   -0.08333333333334   -0.16666666666666             1
   -0.25000000000000   -0.08333333333334   -0.16666666666666             1
   -0.16666666666666   -0.08333333333334   -0.16666666666666             1
   -0.08333333333334   -0.08333333333334   -0.16666666666666             1
    0.00000000000000    0.00000000000000   -0.08333333333334             1
    0.08333333333334    0.00000000000000   -0.08333333333334             1
    0.16666666666666    0.00000000000000   -0.08333333333334             1
    0.25000000000000    0.00000000000000   -0.08333333333334             1
    0.33333333333334    0.00000000000000   -0.08333333333334             1
    0.41666666666666    0.00000000000000   -0.08333333333334             1
    0.50000000000000    0.00000000000000   -0.08333333333334             1
   -0.41666666666666    0.00000000000000   -0.08333333333334             1
   -0.33333333333334    0.00000000000000   -0.08333333333334             1
   -0.25000000000000    0.00000000000000   -0.08333333333334             1
   -0.16666666666666    0.00000000000000   -0.08333333333334             1
   -0.08333333333334    0.00000000000000   -0.08333333333334             1
    0.00000000000000    0.08333333333334   -0.08333333333334             1
    0.08333333333334    0.08333333333334   -0.08333333333334             1
    0.16666666666666    0.08333333333334   -0.08333333333334             1
    0.25000000000000    0.08333333333334   -0.08333333333334             1
    0.33333333333334    0.08333333333334   -0.08333333333334             1
    0.41666666666666    0.08333333333334   -0.08333333333334             1
    0.50000000000000    0.08333333333334   -0.08333333333334             1
   -0.41666666666666    0.08333333333334   -0.08333333333334             1
   -0.33333333333334    0.08333333333334   -0.08333333333334             1
   -0.25000000000000    0.08333333333334   -0.08333333333334             1
   -0.16666666666666    0.08333333333334   -0.08333333333334             1
   -0.08333333333334    0.08333333333334   -0.08333333333334             1
    0.00000000000000    0.16666666666666   -0.08333333333334             1
    0.08333333333334    0.16666666666666   -0.08333333333334             1
    0.16666666666666    0.16666666666666   -0.08333333333334             1
    0.25000000000000    0.16666666666666   -0.08333333333334             1
    0.33333333333334    0.16666666666666   -0.08333333333334             1
    0.41666666666666    0.16666666666666   -0.08333333333334             1
    0.50000000000000    0.16666666666666   -0.08333333333334             1
   -0.41666666666666    0.16666666666666   -0.08333333333334             1
   -0.33333333333334    0.16666666666666   -0.08333333333334             1
   -0.25000000000000    0.16666666666666   -0.08333333333334             1
   -0.16666666666666    0.16666666666666   -0.08333333333334             1
   -0.08333333333334    0.16666666666666   -0.08333333333334             1
    0.00000000000000    0.25000000000000   -0.08333333333334             1
    0.08333333333334    0.25000000000000   -0.08333333333334             1
    0.16666666666666    0.25000000000000   -0.08333333333334             1
    0.25000000000000    0.25000000000000   -0.08333333333334             1
    0.33333333333334    0.25000000000000   -0.08333333333334             1
    0.41666666666666    0.25000000000000   -0.08333333333334             1
    0.50000000000000    0.25000000000000   -0.08333333333334             1
   -0.41666666666666    0.25000000000000   -0.08333333333334             1
   -0.33333333333334    0.25000000000000   -0.08333333333334             1
   -0.25000000000000    0.25000000000000   -0.08333333333334             1
   -0.16666666666666    0.25000000000000   -0.08333333333334             1
   -0.08333333333334    0.25000000000000   -0.08333333333334             1
    0.00000000000000    0.33333333333334   -0.08333333333334             1
    0.08333333333334    0.33333333333334   -0.08333333333334             1
    0.16666666666666    0.33333333333334   -0.08333333333334             1
    0.25000000000000    0.33333333333334   -0.08333333333334             1
    0.33333333333334    0.33333333333334   -0.08333333333334             1
    0.41666666666666    0.33333333333334   -0.08333333333334             1
    0.50000000000000    0.33333333333334   -0.08333333333334             1
   -0.41666666666666    0.33333333333334   -0.08333333333334             1
   -0.33333333333334    0.33333333333334   -0.08333333333334             1
   -0.25000000000000    0.33333333333334   -0.08333333333334             1
   -0.16666666666666    0.33333333333334   -0.08333333333334             1
   -0.08333333333334    0.33333333333334   -0.08333333333334             1
    0.00000000000000    0.41666666666666   -0.08333333333334             1
    0.08333333333334    0.41666666666666   -0.08333333333334             1
    0.16666666666666    0.41666666666666   -0.08333333333334             1
    0.25000000000000    0.41666666666666   -0.08333333333334             1
    0.33333333333334    0.41666666666666   -0.08333333333334             1
    0.41666666666666    0.41666666666666   -0.08333333333334             1
    0.50000000000000    0.41666666666666   -0.08333333333334             1
   -0.41666666666666    0.41666666666666   -0.08333333333334             1
   -0.33333333333334    0.41666666666666   -0.08333333333334             1
   -0.25000000000000    0.41666666666666   -0.08333333333334             1
   -0.16666666666666    0.41666666666666   -0.08333333333334             1
   -0.08333333333334    0.41666666666666   -0.08333333333334             1
    0.00000000000000    0.50000000000000   -0.08333333333334             1
    0.08333333333334    0.50000000000000   -0.08333333333334             1
    0.16666666666666    0.50000000000000   -0.08333333333334             1
    0.25000000000000    0.50000000000000   -0.08333333333334             1
    0.33333333333334    0.50000000000000   -0.08333333333334             1
    0.41666666666666    0.50000000000000   -0.08333333333334             1
    0.50000000000000    0.50000000000000   -0.08333333333334             1
   -0.41666666666666    0.50000000000000   -0.08333333333334             1
   -0.33333333333334    0.50000000000000   -0.08333333333334             1
   -0.25000000000000    0.50000000000000   -0.08333333333334             1
   -0.16666666666666    0.50000000000000   -0.08333333333334             1
   -0.08333333333334    0.50000000000000   -0.08333333333334             1
    0.00000000000000   -0.41666666666666   -0.08333333333334             1
    0.08333333333334   -0.41666666666666   -0.08333333333334             1
    0.16666666666666   -0.41666666666666   -0.08333333333334             1
    0.25000000000000   -0.41666666666666   -0.08333333333334             1
    0.33333333333334   -0.41666666666666   -0.08333333333334             1
    0.41666666666666   -0.41666666666666   -0.08333333333334             1
    0.50000000000000   -0.41666666666666   -0.08333333333334             1
   -0.41666666666666   -0.41666666666666   -0.08333333333334             1
   -0.33333333333334   -0.41666666666666   -0.08333333333334             1
   -0.25000000000000   -0.41666666666666   -0.08333333333334             1
   -0.16666666666666   -0.41666666666666   -0.08333333333334             1
   -0.08333333333334   -0.41666666666666   -0.08333333333334             1
    0.00000000000000   -0.33333333333334   -0.08333333333334             1
    0.08333333333334   -0.33333333333334   -0.08333333333334             1
    0.16666666666666   -0.33333333333334   -0.08333333333334             1
    0.25000000000000   -0.33333333333334   -0.08333333333334             1
    0.33333333333334   -0.33333333333334   -0.08333333333334             1
    0.41666666666666   -0.33333333333334   -0.08333333333334             1
    0.50000000000000   -0.33333333333334   -0.08333333333334             1
   -0.41666666666666   -0.33333333333334   -0.08333333333334             1
   -0.33333333333334   -0.33333333333334   -0.08333333333334             1
   -0.25000000000000   -0.33333333333334   -0.08333333333334             1
   -0.16666666666666   -0.33333333333334   -0.08333333333334             1
   -0.08333333333334   -0.33333333333334   -0.08333333333334             1
    0.00000000000000   -0.25000000000000   -0.08333333333334             1
    0.08333333333334   -0.25000000000000   -0.08333333333334             1
    0.16666666666666   -0.25000000000000   -0.08333333333334             1
    0.25000000000000   -0.25000000000000   -0.08333333333334             1
    0.33333333333334   -0.25000000000000   -0.08333333333334             1
    0.41666666666666   -0.25000000000000   -0.08333333333334             1
    0.50000000000000   -0.25000000000000   -0.08333333333334             1
   -0.41666666666666   -0.25000000000000   -0.08333333333334             1
   -0.33333333333334   -0.25000000000000   -0.08333333333334             1
   -0.25000000000000   -0.25000000000000   -0.08333333333334             1
   -0.16666666666666   -0.25000000000000   -0.08333333333334             1
   -0.08333333333334   -0.25000000000000   -0.08333333333334             1
    0.00000000000000   -0.16666666666666   -0.08333333333334             1
    0.08333333333334   -0.16666666666666   -0.08333333333334             1
    0.16666666666666   -0.16666666666666   -0.08333333333334             1
    0.25000000000000   -0.16666666666666   -0.08333333333334             1
    0.33333333333334   -0.16666666666666   -0.08333333333334             1
    0.41666666666666   -0.16666666666666   -0.08333333333334             1
    0.50000000000000   -0.16666666666666   -0.08333333333334             1
   -0.41666666666666   -0.16666666666666   -0.08333333333334             1
   -0.33333333333334   -0.16666666666666   -0.08333333333334             1
   -0.25000000000000   -0.16666666666666   -0.08333333333334             1
   -0.16666666666666   -0.16666666666666   -0.08333333333334             1
   -0.08333333333334   -0.16666666666666   -0.08333333333334             1
    0.00000000000000   -0.08333333333334   -0.08333333333334             1
    0.08333333333334   -0.08333333333334   -0.08333333333334             1
    0.16666666666666   -0.08333333333334   -0.08333333333334             1
    0.25000000000000   -0.08333333333334   -0.08333333333334             1
    0.33333333333334   -0.08333333333334   -0.08333333333334             1
    0.41666666666666   -0.08333333333334   -0.08333333333334             1
    0.50000000000000   -0.08333333333334   -0.08333333333334             1
   -0.41666666666666   -0.08333333333334   -0.08333333333334             1
   -0.33333333333334   -0.08333333333334   -0.08333333333334             1
   -0.25000000000000   -0.08333333333334   -0.08333333333334             1
   -0.16666666666666   -0.08333333333334   -0.08333333333334             1
   -0.08333333333334   -0.08333333333334   -0.08333333333334             1
