Automatically generated mesh
     441
Reciprocal lattice
    0.00000000000000    0.00000000000000    0.00000000000000             1
    0.14285714285715    0.00000000000000    0.00000000000000             1
    0.28571428571428    0.00000000000000    0.00000000000000             1
    0.42857142857143   -0.00000000000000    0.00000000000000             1
   -0.42857142857143    0.00000000000000    0.00000000000000             1
   -0.28571428571428    0.00000000000000    0.00000000000000             1
   -0.14285714285715    0.00000000000000    0.00000000000000             1
    0.00000000000000    0.11111111111111    0.00000000000000             1
    0.14285714285715    0.11111111111111    0.00000000000000             1
    0.28571428571428    0.11111111111111    0.00000000000000             1
    0.42857142857143    0.11111111111111    0.00000000000000             1
   -0.42857142857143    0.11111111111111    0.00000000000000             1
   -0.28571428571428    0.11111111111111    0.00000000000000             1
   -0.14285714285715    0.11111111111111    0.00000000000000             1
    0.00000000000000    0.22222222222222    0.00000000000000             1
    0.14285714285715    0.22222222222222    0.00000000000000             1
    0.28571428571428    0.22222222222222    0.00000000000000             1
    0.42857142857143    0.22222222222222    0.00000000000000             1
   -0.42857142857143    0.22222222222222    0.00000000000000             1
   -0.28571428571428    0.22222222222222    0.00000000000000             1
   -0.14285714285715    0.22222222222222    0.00000000000000             1
    0.00000000000000    0.33333333333334    0.00000000000000             1
    0.14285714285715    0.33333333333334    0.00000000000000             1
    0.28571428571428    0.33333333333334    0.00000000000000             1
    0.42857142857143    0.33333333333334    0.00000000000000             1
   -0.42857142857143    0.33333333333334    0.00000000000000             1
   -0.28571428571428    0.33333333333334    0.00000000000000             1
   -0.14285714285715    0.33333333333334    0.00000000000000             1
    0.00000000000000    0.44444444444444    0.00000000000000             1
    0.14285714285715    0.44444444444444    0.00000000000000             1
    0.28571428571428    0.44444444444444    0.00000000000000             1
    0.42857142857143    0.44444444444444    0.00000000000000             1
   -0.42857142857143    0.44444444444444    0.00000000000000             1
   -0.28571428571428    0.44444444444444    0.00000000000000             1
   -0.14285714285715    0.44444444444444    0.00000000000000             1
    0.00000000000000   -0.44444444444444    0.00000000000000             1
    0.14285714285715   -0.44444444444444    0.00000000000000             1
    0.28571428571428   -0.44444444444444    0.00000000000000             1
    0.42857142857143   -0.44444444444444    0.00000000000000             1
   -0.42857142857143   -0.44444444444444    0.00000000000000             1
   -0.28571428571428   -0.44444444444444    0.00000000000000             1
   -0.14285714285715   -0.44444444444444    0.00000000000000             1
    0.00000000000000   -0.33333333333334    0.00000000000000             1
    0.14285714285715   -0.33333333333334    0.00000000000000             1
    0.28571428571428   -0.33333333333334    0.00000000000000             1
    0.42857142857143   -0.33333333333334    0.00000000000000             1
   -0.42857142857143   -0.33333333333334    0.00000000000000             1
   -0.28571428571428   -0.33333333333334    0.00000000000000             1
   -0.14285714285715   -0.33333333333334    0.00000000000000             1
    0.00000000000000   -0.22222222222222    0.00000000000000             1
    0.14285714285715   -0.22222222222222    0.00000000000000             1
    0.28571428571428   -0.22222222222222    0.00000000000000             1
    0.42857142857143   -0.22222222222222    0.00000000000000             1
   -0.42857142857143   -0.22222222222222    0.00000000000000             1
   -0.28571428571428   -0.22222222222222    0.00000000000000             1
   -0.14285714285715   -0.22222222222222    0.00000000000000             1
    0.00000000000000   -0.11111111111111    0.00000000000000             1
    0.14285714285715   -0.11111111111111    0.00000000000000             1
    0.28571428571428   -0.11111111111111    0.00000000000000             1
    0.42857142857143   -0.11111111111111    0.00000000000000             1
   -0.42857142857143   -0.11111111111111    0.00000000000000             1
   -0.28571428571428   -0.11111111111111    0.00000000000000             1
   -0.14285714285715   -0.11111111111111    0.00000000000000             1
   -0.00000000000000    0.00000000000000    0.14285714285715             1
    0.14285714285715    0.00000000000000    0.14285714285715             1
    0.28571428571428   -0.00000000000000    0.14285714285715             1
    0.42857142857143    0.00000000000000    0.14285714285715             1
   -0.42857142857143   -0.00000000000000    0.14285714285715             1
   -0.28571428571428   -0.00000000000000    0.14285714285715             1
   -0.14285714285715    0.00000000000000    0.14285714285715             1
   -0.00000000000000    0.11111111111111    0.14285714285715             1
    0.14285714285715    0.11111111111111    0.14285714285715             1
    0.28571428571428    0.11111111111111    0.14285714285715             1
    0.42857142857143    0.11111111111111    0.14285714285715             1
   -0.42857142857143    0.11111111111111    0.14285714285715             1
   -0.28571428571428    0.11111111111111    0.14285714285715             1
   -0.14285714285715    0.11111111111111    0.14285714285715             1
   -0.00000000000000    0.22222222222222    0.14285714285715             1
    0.14285714285715    0.22222222222222    0.14285714285715             1
    0.28571428571428    0.22222222222222    0.14285714285715             1
    0.42857142857143    0.22222222222222    0.14285714285715             1
   -0.42857142857143    0.22222222222222    0.14285714285715             1
   -0.28571428571428    0.22222222222222    0.14285714285715             1
   -0.14285714285715    0.22222222222222    0.14285714285715             1
   -0.00000000000000    0.33333333333334    0.14285714285715             1
    0.14285714285715    0.33333333333334    0.14285714285715             1
    0.28571428571428    0.33333333333334    0.14285714285715             1
    0.42857142857143    0.33333333333334    0.14285714285715             1
   -0.42857142857143    0.33333333333334    0.14285714285715             1
   -0.28571428571428    0.33333333333334    0.14285714285715             1
   -0.14285714285715    0.33333333333334    0.14285714285715             1
   -0.00000000000000    0.44444444444444    0.14285714285715             1
    0.14285714285715    0.44444444444444    0.14285714285715             1
    0.28571428571428    0.44444444444444    0.14285714285715             1
    0.42857142857143    0.44444444444444    0.14285714285715             1
   -0.42857142857143    0.44444444444444    0.14285714285715             1
   -0.28571428571428    0.44444444444444    0.14285714285715             1
   -0.14285714285715    0.44444444444444    0.14285714285715             1
   -0.00000000000000   -0.44444444444444    0.14285714285715             1
    0.14285714285715   -0.44444444444444    0.14285714285715             1
    0.28571428571428   -0.44444444444444    0.14285714285715             1
    0.42857142857143   -0.44444444444444    0.14285714285715             1
   -0.42857142857143   -0.44444444444444    0.14285714285715             1
   -0.28571428571428   -0.44444444444444    0.14285714285715             1
   -0.14285714285715   -0.44444444444444    0.14285714285715             1
   -0.00000000000000   -0.33333333333334    0.14285714285715             1
    0.14285714285715   -0.33333333333334    0.14285714285715             1
    0.28571428571428   -0.33333333333334    0.14285714285715             1
    0.42857142857143   -0.33333333333334    0.14285714285715             1
   -0.42857142857143   -0.33333333333334    0.14285714285715             1
   -0.28571428571428   -0.33333333333334    0.14285714285715             1
   -0.14285714285715   -0.33333333333334    0.14285714285715             1
   -0.00000000000000   -0.22222222222222    0.14285714285715             1
    0.14285714285715   -0.22222222222222    0.14285714285715             1
    0.28571428571428   -0.22222222222222    0.14285714285715             1
    0.42857142857143   -0.22222222222222    0.14285714285715             1
   -0.42857142857143   -0.22222222222222    0.14285714285715             1
   -0.28571428571428   -0.22222222222222    0.14285714285715             1
   -0.14285714285715   -0.22222222222222    0.14285714285715             1
   -0.00000000000000   -0.11111111111111    0.14285714285715             1
    0.14285714285715   -0.11111111111111    0.14285714285715             1
    0.28571428571428   -0.11111111111111    0.14285714285715             1
    0.42857142857143   -0.11111111111111    0.14285714285715             1
   -0.42857142857143   -0.11111111111111    0.14285714285715             1
   -0.28571428571428   -0.11111111111111    0.14285714285715             1
   -0.14285714285715   -0.11111111111111    0.14285714285715             1
    0.00000000000000    0.00000000000000    0.28571428571428             1
    0.14285714285715    0.00000000000000    0.28571428571428             1
    0.28571428571428    0.00000000000000    0.28571428571428             1
    0.42857142857143   -0.00000000000000    0.28571428571428             1
   -0.42857142857143    0.00000000000000    0.28571428571428             1
   -0.28571428571428    0.00000000000000    0.28571428571428             1
   -0.14285714285715    0.00000000000000    0.28571428571428             1
    0.00000000000000    0.11111111111111    0.28571428571428             1
    0.14285714285715    0.11111111111111    0.28571428571428             1
    0.28571428571428    0.11111111111111    0.28571428571428             1
    0.42857142857143    0.11111111111111    0.28571428571428             1
   -0.42857142857143    0.11111111111111    0.28571428571428             1
   -0.28571428571428    0.11111111111111    0.28571428571428             1
   -0.14285714285715    0.11111111111111    0.28571428571428             1
    0.00000000000000    0.22222222222222    0.28571428571428             1
    0.14285714285715    0.22222222222222    0.28571428571428             1
    0.28571428571428    0.22222222222222    0.28571428571428             1
    0.42857142857143    0.22222222222222    0.28571428571428             1
   -0.42857142857143    0.22222222222222    0.28571428571428             1
   -0.28571428571428    0.22222222222222    0.28571428571428             1
   -0.14285714285715    0.22222222222222    0.28571428571428             1
    0.00000000000000    0.33333333333334    0.28571428571428             1
    0.14285714285715    0.33333333333334    0.28571428571428             1
    0.28571428571428    0.33333333333334    0.28571428571428             1
    0.42857142857143    0.33333333333334    0.28571428571428             1
   -0.42857142857143    0.33333333333334    0.28571428571428             1
   -0.28571428571428    0.33333333333334    0.28571428571428             1
   -0.14285714285715    0.33333333333334    0.28571428571428             1
    0.00000000000000    0.44444444444444    0.28571428571428             1
    0.14285714285715    0.44444444444444    0.28571428571428             1
    0.28571428571428    0.44444444444444    0.28571428571428             1
    0.42857142857143    0.44444444444444    0.28571428571428             1
   -0.42857142857143    0.44444444444444    0.28571428571428             1
   -0.28571428571428    0.44444444444444    0.28571428571428             1
   -0.14285714285715    0.44444444444444    0.28571428571428             1
    0.00000000000000   -0.44444444444444    0.28571428571428             1
    0.14285714285715   -0.44444444444444    0.28571428571428             1
    0.28571428571428   -0.44444444444444    0.28571428571428             1
    0.42857142857143   -0.44444444444444    0.28571428571428             1
   -0.42857142857143   -0.44444444444444    0.28571428571428             1
   -0.28571428571428   -0.44444444444444    0.28571428571428             1
   -0.14285714285715   -0.44444444444444    0.28571428571428             1
    0.00000000000000   -0.33333333333334    0.28571428571428             1
    0.14285714285715   -0.33333333333334    0.28571428571428             1
    0.28571428571428   -0.33333333333334    0.28571428571428             1
    0.42857142857143   -0.33333333333334    0.28571428571428             1
   -0.42857142857143   -0.33333333333334    0.28571428571428             1
   -0.28571428571428   -0.33333333333334    0.28571428571428             1
   -0.14285714285715   -0.33333333333334    0.28571428571428             1
    0.00000000000000   -0.22222222222222    0.28571428571428             1
    0.14285714285715   -0.22222222222222    0.28571428571428             1
    0.28571428571428   -0.22222222222222    0.28571428571428             1
    0.42857142857143   -0.22222222222222    0.28571428571428             1
   -0.42857142857143   -0.22222222222222    0.28571428571428             1
   -0.28571428571428   -0.22222222222222    0.28571428571428             1
   -0.14285714285715   -0.22222222222222    0.28571428571428             1
    0.00000000000000   -0.11111111111111    0.28571428571428             1
    0.14285714285715   -0.11111111111111    0.28571428571428             1
    0.28571428571428   -0.11111111111111    0.28571428571428             1
    0.42857142857143   -0.11111111111111    0.28571428571428             1
   -0.42857142857143   -0.11111111111111    0.28571428571428             1
   -0.28571428571428   -0.11111111111111    0.28571428571428             1
   -0.14285714285715   -0.11111111111111    0.28571428571428             1
   -0.00000000000000    0.00000000000000    0.42857142857143             1
    0.14285714285715    0.00000000000000    0.42857142857143             1
    0.28571428571428    0.00000000000000    0.42857142857143             1
    0.42857142857143    0.00000000000000    0.42857142857143             1
   -0.42857142857143    0.00000000000000    0.42857142857143             1
   -0.28571428571428    0.00000000000000    0.42857142857143             1
   -0.14285714285715    0.00000000000000    0.42857142857143             1
   -0.00000000000000    0.11111111111111    0.42857142857143             1
    0.14285714285715    0.11111111111111    0.42857142857143             1
    0.28571428571428    0.11111111111111    0.42857142857143             1
    0.42857142857143    0.11111111111111    0.42857142857143             1
   -0.42857142857143    0.11111111111111    0.42857142857143             1
   -0.28571428571428    0.11111111111111    0.42857142857143             1
   -0.14285714285715    0.11111111111111    0.42857142857143             1
   -0.00000000000000    0.22222222222222    0.42857142857143             1
    0.14285714285715    0.22222222222222    0.42857142857143             1
    0.28571428571428    0.22222222222222    0.42857142857143             1
    0.42857142857143    0.22222222222222    0.42857142857143             1
   -0.42857142857143    0.22222222222222    0.42857142857143             1
   -0.28571428571428    0.22222222222222    0.42857142857143             1
   -0.14285714285715    0.22222222222222    0.42857142857143             1
   -0.00000000000000    0.33333333333334    0.42857142857143             1
    0.14285714285715    0.33333333333334    0.42857142857143             1
    0.28571428571428    0.33333333333334    0.42857142857143             1
    0.42857142857143    0.33333333333334    0.42857142857143             1
   -0.42857142857143    0.33333333333334    0.42857142857143             1
   -0.28571428571428    0.33333333333334    0.42857142857143             1
   -0.14285714285715    0.33333333333334    0.42857142857143             1
   -0.00000000000000    0.44444444444444    0.42857142857143             1
    0.14285714285715    0.44444444444444    0.42857142857143             1
    0.28571428571428    0.44444444444444    0.42857142857143             1
    0.42857142857143    0.44444444444444    0.42857142857143             1
   -0.42857142857143    0.44444444444444    0.42857142857143             1
   -0.28571428571428    0.44444444444444    0.42857142857143             1
   -0.14285714285715    0.44444444444444    0.42857142857143             1
   -0.00000000000000   -0.44444444444444    0.42857142857143             1
    0.14285714285715   -0.44444444444444    0.42857142857143             1
    0.28571428571428   -0.44444444444444    0.42857142857143             1
    0.42857142857143   -0.44444444444444    0.42857142857143             1
   -0.42857142857143   -0.44444444444444    0.42857142857143             1
   -0.28571428571428   -0.44444444444444    0.42857142857143             1
   -0.14285714285715   -0.44444444444444    0.42857142857143             1
   -0.00000000000000   -0.33333333333334    0.42857142857143             1
    0.14285714285715   -0.33333333333334    0.42857142857143             1
    0.28571428571428   -0.33333333333334    0.42857142857143             1
    0.42857142857143   -0.33333333333334    0.42857142857143             1
   -0.42857142857143   -0.33333333333334    0.42857142857143             1
   -0.28571428571428   -0.33333333333334    0.42857142857143             1
   -0.14285714285715   -0.33333333333334    0.42857142857143             1
   -0.00000000000000   -0.22222222222222    0.42857142857143             1
    0.14285714285715   -0.22222222222222    0.42857142857143             1
    0.28571428571428   -0.22222222222222    0.42857142857143             1
    0.42857142857143   -0.22222222222222    0.42857142857143             1
   -0.42857142857143   -0.22222222222222    0.42857142857143             1
   -0.28571428571428   -0.22222222222222    0.42857142857143             1
   -0.14285714285715   -0.22222222222222    0.42857142857143             1
   -0.00000000000000   -0.11111111111111    0.42857142857143             1
    0.14285714285715   -0.11111111111111    0.42857142857143             1
    0.28571428571428   -0.11111111111111    0.42857142857143             1
    0.42857142857143   -0.11111111111111    0.42857142857143             1
   -0.42857142857143   -0.11111111111111    0.42857142857143             1
   -0.28571428571428   -0.11111111111111    0.42857142857143             1
   -0.14285714285715   -0.11111111111111    0.42857142857143             1
    0.00000000000000   -0.00000000000000   -0.42857142857143             1
    0.14285714285715   -0.00000000000000   -0.42857142857143             1
    0.28571428571428   -0.00000000000000   -0.42857142857143             1
    0.42857142857143   -0.00000000000000   -0.42857142857143             1
   -0.42857142857143   -0.00000000000000   -0.42857142857143             1
   -0.28571428571428   -0.00000000000000   -0.42857142857143             1
   -0.14285714285715   -0.00000000000000   -0.42857142857143             1
    0.00000000000000    0.11111111111111   -0.42857142857143             1
    0.14285714285715    0.11111111111111   -0.42857142857143             1
    0.28571428571428    0.11111111111111   -0.42857142857143             1
    0.42857142857143    0.11111111111111   -0.42857142857143             1
   -0.42857142857143    0.11111111111111   -0.42857142857143             1
   -0.28571428571428    0.11111111111111   -0.42857142857143             1
   -0.14285714285715    0.11111111111111   -0.42857142857143             1
    0.00000000000000    0.22222222222222   -0.42857142857143             1
    0.14285714285715    0.22222222222222   -0.42857142857143             1
    0.28571428571428    0.22222222222222   -0.42857142857143             1
    0.42857142857143    0.22222222222222   -0.42857142857143             1
   -0.42857142857143    0.22222222222222   -0.42857142857143             1
   -0.28571428571428    0.22222222222222   -0.42857142857143             1
   -0.14285714285715    0.22222222222222   -0.42857142857143             1
    0.00000000000000    0.33333333333334   -0.42857142857143             1
    0.14285714285715    0.33333333333334   -0.42857142857143             1
    0.28571428571428    0.33333333333334   -0.42857142857143             1
    0.42857142857143    0.33333333333334   -0.42857142857143             1
   -0.42857142857143    0.33333333333334   -0.42857142857143             1
   -0.28571428571428    0.33333333333334   -0.42857142857143             1
   -0.14285714285715    0.33333333333334   -0.42857142857143             1
    0.00000000000000    0.44444444444444   -0.42857142857143             1
    0.14285714285715    0.44444444444444   -0.42857142857143             1
    0.28571428571428    0.44444444444444   -0.42857142857143             1
    0.42857142857143    0.44444444444444   -0.42857142857143             1
   -0.42857142857143    0.44444444444444   -0.42857142857143             1
   -0.28571428571428    0.44444444444444   -0.42857142857143             1
   -0.14285714285715    0.44444444444444   -0.42857142857143             1
    0.00000000000000   -0.44444444444444   -0.42857142857143             1
    0.14285714285715   -0.44444444444444   -0.42857142857143             1
    0.28571428571428   -0.44444444444444   -0.42857142857143             1
    0.42857142857143   -0.44444444444444   -0.42857142857143             1
   -0.42857142857143   -0.44444444444444   -0.42857142857143             1
   -0.28571428571428   -0.44444444444444   -0.42857142857143             1
   -0.14285714285715   -0.44444444444444   -0.42857142857143             1
    0.00000000000000   -0.33333333333334   -0.42857142857143             1
    0.14285714285715   -0.33333333333334   -0.42857142857143             1
    0.28571428571428   -0.33333333333334   -0.42857142857143             1
    0.42857142857143   -0.33333333333334   -0.42857142857143             1
   -0.42857142857143   -0.33333333333334   -0.42857142857143             1
   -0.28571428571428   -0.33333333333334   -0.42857142857143             1
   -0.14285714285715   -0.33333333333334   -0.42857142857143             1
    0.00000000000000   -0.22222222222222   -0.42857142857143             1
    0.14285714285715   -0.22222222222222   -0.42857142857143             1
    0.28571428571428   -0.22222222222222   -0.42857142857143             1
    0.42857142857143   -0.22222222222222   -0.42857142857143             1
   -0.42857142857143   -0.22222222222222   -0.42857142857143             1
   -0.28571428571428   -0.22222222222222   -0.42857142857143             1
   -0.14285714285715   -0.22222222222222   -0.42857142857143             1
    0.00000000000000   -0.11111111111111   -0.42857142857143             1
    0.14285714285715   -0.11111111111111   -0.42857142857143             1
    0.28571428571428   -0.11111111111111   -0.42857142857143             1
    0.42857142857143   -0.11111111111111   -0.42857142857143             1
   -0.42857142857143   -0.11111111111111   -0.42857142857143             1
   -0.28571428571428   -0.11111111111111   -0.42857142857143             1
   -0.14285714285715   -0.11111111111111   -0.42857142857143             1
    0.00000000000000   -0.00000000000000   -0.28571428571428             1
    0.14285714285715   -0.00000000000000   -0.28571428571428             1
    0.28571428571428   -0.00000000000000   -0.28571428571428             1
    0.42857142857143   -0.00000000000000   -0.28571428571428             1
   -0.42857142857143    0.00000000000000   -0.28571428571428             1
   -0.28571428571428   -0.00000000000000   -0.28571428571428             1
   -0.14285714285715   -0.00000000000000   -0.28571428571428             1
    0.00000000000000    0.11111111111111   -0.28571428571428             1
    0.14285714285715    0.11111111111111   -0.28571428571428             1
    0.28571428571428    0.11111111111111   -0.28571428571428             1
    0.42857142857143    0.11111111111111   -0.28571428571428             1
   -0.42857142857143    0.11111111111111   -0.28571428571428             1
   -0.28571428571428    0.11111111111111   -0.28571428571428             1
   -0.14285714285715    0.11111111111111   -0.28571428571428             1
    0.00000000000000    0.22222222222222   -0.28571428571428             1
    0.14285714285715    0.22222222222222   -0.28571428571428             1
    0.28571428571428    0.22222222222222   -0.28571428571428             1
    0.42857142857143    0.22222222222222   -0.28571428571428             1
   -0.42857142857143    0.22222222222222   -0.28571428571428             1
   -0.28571428571428    0.22222222222222   -0.28571428571428             1
   -0.14285714285715    0.22222222222222   -0.28571428571428             1
    0.00000000000000    0.33333333333334   -0.28571428571428             1
    0.14285714285715    0.33333333333334   -0.28571428571428             1
    0.28571428571428    0.33333333333334   -0.28571428571428             1
    0.42857142857143    0.33333333333334   -0.28571428571428             1
   -0.42857142857143    0.33333333333334   -0.28571428571428             1
   -0.28571428571428    0.33333333333334   -0.28571428571428             1
   -0.14285714285715    0.33333333333334   -0.28571428571428             1
    0.00000000000000    0.44444444444444   -0.28571428571428             1
    0.14285714285715    0.44444444444444   -0.28571428571428             1
    0.28571428571428    0.44444444444444   -0.28571428571428             1
    0.42857142857143    0.44444444444444   -0.28571428571428             1
   -0.42857142857143    0.44444444444444   -0.28571428571428             1
   -0.28571428571428    0.44444444444444   -0.28571428571428             1
   -0.14285714285715    0.44444444444444   -0.28571428571428             1
    0.00000000000000   -0.44444444444444   -0.28571428571428             1
    0.14285714285715   -0.44444444444444   -0.28571428571428             1
    0.28571428571428   -0.44444444444444   -0.28571428571428             1
    0.42857142857143   -0.44444444444444   -0.28571428571428             1
   -0.42857142857143   -0.44444444444444   -0.28571428571428             1
   -0.28571428571428   -0.44444444444444   -0.28571428571428             1
   -0.14285714285715   -0.44444444444444   -0.28571428571428             1
    0.00000000000000   -0.33333333333334   -0.28571428571428             1
    0.14285714285715   -0.33333333333334   -0.28571428571428             1
    0.28571428571428   -0.33333333333334   -0.28571428571428             1
    0.42857142857143   -0.33333333333334   -0.28571428571428             1
   -0.42857142857143   -0.33333333333334   -0.28571428571428             1
   -0.28571428571428   -0.33333333333334   -0.28571428571428             1
   -0.14285714285715   -0.33333333333334   -0.28571428571428             1
    0.00000000000000   -0.22222222222222   -0.28571428571428             1
    0.14285714285715   -0.22222222222222   -0.28571428571428             1
    0.28571428571428   -0.22222222222222   -0.28571428571428             1
    0.42857142857143   -0.22222222222222   -0.28571428571428             1
   -0.42857142857143   -0.22222222222222   -0.28571428571428             1
   -0.28571428571428   -0.22222222222222   -0.28571428571428             1
   -0.14285714285715   -0.22222222222222   -0.28571428571428             1
    0.00000000000000   -0.11111111111111   -0.28571428571428             1
    0.14285714285715   -0.11111111111111   -0.28571428571428             1
    0.28571428571428   -0.11111111111111   -0.28571428571428             1
    0.42857142857143   -0.11111111111111   -0.28571428571428             1
   -0.42857142857143   -0.11111111111111   -0.28571428571428             1
   -0.28571428571428   -0.11111111111111   -0.28571428571428             1
   -0.14285714285715   -0.11111111111111   -0.28571428571428             1
    0.00000000000000   -0.00000000000000   -0.14285714285715             1
    0.14285714285715   -0.00000000000000   -0.14285714285715             1
    0.28571428571428    0.00000000000000   -0.14285714285715             1
    0.42857142857143    0.00000000000000   -0.14285714285715             1
   -0.42857142857143   -0.00000000000000   -0.14285714285715             1
   -0.28571428571428    0.00000000000000   -0.14285714285715             1
   -0.14285714285715   -0.00000000000000   -0.14285714285715             1
    0.00000000000000    0.11111111111111   -0.14285714285715             1
    0.14285714285715    0.11111111111111   -0.14285714285715             1
    0.28571428571428    0.11111111111111   -0.14285714285715             1
    0.42857142857143    0.11111111111111   -0.14285714285715             1
   -0.42857142857143    0.11111111111111   -0.14285714285715             1
   -0.28571428571428    0.11111111111111   -0.14285714285715             1
   -0.14285714285715    0.11111111111111   -0.14285714285715             1
    0.00000000000000    0.22222222222222   -0.14285714285715             1
    0.14285714285715    0.22222222222222   -0.14285714285715             1
    0.28571428571428    0.22222222222222   -0.14285714285715             1
    0.42857142857143    0.22222222222222   -0.14285714285715             1
   -0.42857142857143    0.22222222222222   -0.14285714285715             1
   -0.28571428571428    0.22222222222222   -0.14285714285715             1
   -0.14285714285715    0.22222222222222   -0.14285714285715             1
    0.00000000000000    0.33333333333334   -0.14285714285715             1
    0.14285714285715    0.33333333333334   -0.14285714285715             1
    0.28571428571428    0.33333333333334   -0.14285714285715             1
    0.42857142857143    0.33333333333334   -0.14285714285715             1
   -0.42857142857143    0.33333333333334   -0.14285714285715             1
   -0.28571428571428    0.33333333333334   -0.14285714285715             1
   -0.14285714285715    0.33333333333334   -0.14285714285715             1
    0.00000000000000    0.44444444444444   -0.14285714285715             1
    0.14285714285715    0.44444444444444   -0.14285714285715             1
    0.28571428571428    0.44444444444444   -0.14285714285715             1
    0.42857142857143    0.44444444444444   -0.14285714285715             1
   -0.42857142857143    0.44444444444444   -0.14285714285715             1
   -0.28571428571428    0.44444444444444   -0.14285714285715             1
   -0.14285714285715    0.44444444444444   -0.14285714285715             1
    0.00000000000000   -0.44444444444444   -0.14285714285715             1
    0.14285714285715   -0.44444444444444   -0.14285714285715             1
    0.28571428571428   -0.44444444444444   -0.14285714285715             1
    0.42857142857143   -0.44444444444444   -0.14285714285715             1
   -0.42857142857143   -0.44444444444444   -0.14285714285715             1
   -0.28571428571428   -0.44444444444444   -0.14285714285715             1
   -0.14285714285715   -0.44444444444444   -0.14285714285715             1
    0.00000000000000   -0.33333333333334   -0.14285714285715             1
    0.14285714285715   -0.33333333333334   -0.14285714285715             1
    0.28571428571428   -0.33333333333334   -0.14285714285715             1
    0.42857142857143   -0.33333333333334   -0.14285714285715             1
   -0.42857142857143   -0.33333333333334   -0.14285714285715             1
   -0.28571428571428   -0.33333333333334   -0.14285714285715             1
   -0.14285714285715   -0.33333333333334   -0.14285714285715             1
    0.00000000000000   -0.22222222222222   -0.14285714285715             1
    0.14285714285715   -0.22222222222222   -0.14285714285715             1
    0.28571428571428   -0.22222222222222   -0.14285714285715             1
    0.42857142857143   -0.22222222222222   -0.14285714285715             1
   -0.42857142857143   -0.22222222222222   -0.14285714285715             1
   -0.28571428571428   -0.22222222222222   -0.14285714285715             1
   -0.14285714285715   -0.22222222222222   -0.14285714285715             1
    0.00000000000000   -0.11111111111111   -0.14285714285715             1
    0.14285714285715   -0.11111111111111   -0.14285714285715             1
    0.28571428571428   -0.11111111111111   -0.14285714285715             1
    0.42857142857143   -0.11111111111111   -0.14285714285715             1
   -0.42857142857143   -0.11111111111111   -0.14285714285715             1
   -0.28571428571428   -0.11111111111111   -0.14285714285715             1
   -0.14285714285715   -0.11111111111111   -0.14285714285715             1
Tetrahedra
      2646    0.00037792894936
         1       129       184       185       247
         1       128       129       184       247
         1       128       129       191       247
         1       129       185       247       248
         1       129       192       247       248
         1       129       191       192       247
         1       192       247       248       310
         1       191       192       247       310
         1       191       192       254       310
         1       192       248       310       311
         1       192       255       310       311
         1       192       254       255       310
         1       255       310       311       373
         1       254       255       310       373
         1       254       255       317       373
         1       255       311       373       374
         1       255       318       373       374
         1       255       317       318       373
         1       318       373       374       436
         1       317       318       373       436
         1       317       318       380       436
         1       318       374       436       437
         1       318       381       436       437
         1       318       380       381       436
         1        58       381       436       437
         1        58       380       381       436
         1         2        58       380       381
         1        58        59       381       437
         1         3        58        59       381
         1         2         3        58       381
         1         3        58        59       121
         1         2         3        58       121
         1         2         3        65       121
         1         3        59       121       122
         1         3        66       121       122
         1         3        65        66       121
         1        66       121       122       184
         1        65        66       121       184
         1        65        66       128       184
         1        66       122       184       185
         1        66       129       184       185
         1        66       128       129       184
         1       241       242       249       304
         1       241       248       249       304
         1       248       249       304       311
         1       242       249       304       305
         1       249       304       305       312
         1       249       304       311       312
         1       304       305       312       367
         1       304       311       312       367
         1       311       312       367       374
         1       305       312       367       368
         1       312       367       368       375
         1       312       367       374       375
         1       367       368       375       430
         1       367       374       375       430
         1       374       375       430       437
         1       368       375       430       431
         1       375       430       431       438
         1       375       430       437       438
         1        52       430       431       438
         1        52       430       437       438
         1        52        59       437       438
         1        52        53       431       438
         1        52        53        60       438
         1        52        59        60       438
         1        52        53        60       115
         1        52        59        60       115
         1        59        60       115       122
         1        53        60       115       116
         1        60       115       116       123
         1        60       115       122       123
         1       115       116       123       178
         1       115       122       123       178
         1       122       123       178       185
         1       116       123       178       179
         1       123       178       179       186
         1       123       178       185       186
         1       178       179       186       241
         1       178       185       186       241
         1       185       186       241       248
         1       179       186       241       242
         1       186       241       242       249
         1       186       241       248       249
         1       298       299       306       361
         1       298       305       306       361
         1       305       306       361       368
         1       299       306       361       362
         1       306       361       362       369
         1       306       361       368       369
         1       361       362       369       424
         1       361       368       369       424
         1       368       369       424       431
         1       362       369       424       425
         1       369       424       425       432
         1       369       424       431       432
         1        46       424       425       432
         1        46       424       431       432
         1        46        53       431       432
         1        46        47       425       432
         1        46        47        54       432
         1        46        53        54       432
         1        46        47        54       109
         1        46        53        54       109
         1        53        54       109       116
         1        47        54       109       110
         1        54       109       110       117
         1        54       109       116       117
         1       109       110       117       172
         1       109       116       117       172
         1       116       117       172       179
         1       110       117       172       173
         1       117       172       173       180
         1       117       172       179       180
         1       172       173       180       235
         1       172       179       180       235
         1       179       180       235       242
         1       173       180       235       236
         1       180       235       236       243
         1       180       235       242       243
         1       235       236       243       298
         1       235       242       243       298
         1       242       243       298       305
         1       236       243       298       299
         1       243       298       299       306
         1       243       298       305       306
         1       355       356       363       418
         1       355       362       363       418
         1       362       363       418       425
         1       356       363       418       419
         1       363       418       419       426
         1       363       418       425       426
         1        40       418       419       426
         1        40       418       425       426
         1        40        47       425       426
         1        40        41       419       426
         1        40        41        48       426
         1        40        47        48       426
         1        40        41        48       103
         1        40        47        48       103
         1        47        48       103       110
         1        41        48       103       104
         1        48       103       104       111
         1        48       103       110       111
         1       103       104       111       166
         1       103       110       111       166
         1       110       111       166       173
         1       104       111       166       167
         1       111       166       167       174
         1       111       166       173       174
         1       166       167       174       229
         1       166       173       174       229
         1       173       174       229       236
         1       167       174       229       230
         1       174       229       230       237
         1       174       229       236       237
         1       229       230       237       292
         1       229       236       237       292
         1       236       237       292       299
         1       230       237       292       293
         1       237       292       293       300
         1       237       292       299       300
         1       292       293       300       355
         1       292       299       300       355
         1       299       300       355       362
         1       293       300       355       356
         1       300       355       356       363
         1       300       355       362       363
         1        34       412       413       420
         1        34       412       419       420
         1        34        41       419       420
         1        34        35       413       420
         1        34        35        42       420
         1        34        41        42       420
         1        34        35        42        97
         1        34        41        42        97
         1        41        42        97       104
         1        35        42        97        98
         1        42        97        98       105
         1        42        97       104       105
         1        97        98       105       160
         1        97       104       105       160
         1       104       105       160       167
         1        98       105       160       161
         1       105       160       161       168
         1       105       160       167       168
         1       160       161       168       223
         1       160       167       168       223
         1       167       168       223       230
         1       161       168       223       224
         1       168       223       224       231
         1       168       223       230       231
         1       223       224       231       286
         1       223       230       231       286
         1       230       231       286       293
         1       224       231       286       287
         1       231       286       287       294
         1       231       286       293       294
         1       286       287       294       349
         1       286       293       294       349
         1       293       294       349       356
         1       287       294       349       350
         1       294       349       350       357
         1       294       349       356       357
         1       349       350       357       412
         1       349       356       357       412
         1       356       357       412       419
         1       350       357       412       413
         1       357       412       413       420
         1       357       412       419       420
         1        22        28        29        91
         1        28        29        35        91
         1        29        35        91        98
         1        22        29        85        91
         1        29        85        91        92
         1        29        91        92        98
         1        85        91        92       154
         1        91        92        98       154
         1        92        98       154       161
         1        85        92       148       154
         1        92       148       154       155
         1        92       154       155       161
         1       148       154       155       217
         1       154       155       161       217
         1       155       161       217       224
         1       148       155       211       217
         1       155       211       217       218
         1       155       217       218       224
         1       211       217       218       280
         1       217       218       224       280
         1       218       224       280       287
         1       211       218       274       280
         1       218       274       280       281
         1       218       280       281       287
         1       274       280       281       343
         1       280       281       287       343
         1       281       287       343       350
         1       274       281       337       343
         1       281       337       343       344
         1       281       343       344       350
         1       337       343       344       406
         1       343       344       350       406
         1       344       350       406       413
         1       337       344       400       406
         1       344       400       406       407
         1       344       406       407       413
         1        28       400       406       407
         1        28       406       407       413
         1        28        35       407       413
         1        22        28       400       407
         1        22        28        29       407
         1        28        29        35       407
         1        78        79        86       141
         1        78        85        86       141
         1        85        86       141       148
         1        79        86       141       142
         1        86       141       142       149
         1        86       141       148       149
         1       141       142       149       204
         1       141       148       149       204
         1       148       149       204       211
         1       142       149       204       205
         1       149       204       205       212
         1       149       204       211       212
         1       204       205       212       267
         1       204       211       212       267
         1       211       212       267       274
         1       205       212       267       268
         1       212       267       268       275
         1       212       267       274       275
         1       267       268       275       330
         1       267       274       275       330
         1       274       275       330       337
         1       268       275       330       331
         1       275       330       331       338
         1       275       330       337       338
         1       330       331       338       393
         1       330       337       338       393
         1       337       338       393       400
         1       331       338       393       394
         1       338       393       394       401
         1       338       393       400       401
         1        15       393       394       401
         1        15       393       400       401
         1        15        22       400       401
         1        15        16       394       401
         1        15        16        23       401
         1        15        22        23       401
         1        15        16        23        78
         1        15        22        23        78
         1        22        23        78        85
         1        16        23        78        79
         1        23        78        79        86
         1        23        78        85        86
         1       135       136       143       198
         1       135       142       143       198
         1       142       143       198       205
         1       136       143       198       199
         1       143       198       199       206
         1       143       198       205       206
         1       198       199       206       261
         1       198       205       206       261
         1       205       206       261       268
         1       199       206       261       262
         1       206       261       262       269
         1       206       261       268       269
         1       261       262       269       324
         1       261       268       269       324
         1       268       269       324       331
         1       262       269       324       325
         1       269       324       325       332
         1       269       324       331       332
         1       324       325       332       387
         1       324       331       332       387
         1       331       332       387       394
         1       325       332       387       388
         1       332       387       388       395
         1       332       387       394       395
         1         9       387       388       395
         1         9       387       394       395
         1         9        16       394       395
         1         9        10       388       395
         1         9        10        17       395
         1         9        16        17       395
         1         9        10        17        72
         1         9        16        17        72
         1        16        17        72        79
         1        10        17        72        73
         1        17        72        73        80
         1        17        72        79        80
         1        72        73        80       135
         1        72        79        80       135
         1        79        80       135       142
         1        73        80       135       136
         1        80       135       136       143
         1        80       135       142       143
         1       192       193       200       255
         1       192       199       200       255
         1       199       200       255       262
         1       193       200       255       256
         1       200       255       256       263
         1       200       255       262       263
         1       255       256       263       318
         1       255       262       263       318
         1       262       263       318       325
         1       256       263       318       319
         1       263       318       319       326
         1       263       318       325       326
         1       318       319       326       381
         1       318       325       326       381
         1       325       326       381       388
         1       319       326       381       382
         1       326       381       382       389
         1       326       381       388       389
         1         3       381       382       389
         1         3       381       388       389
         1         3        10       388       389
         1         3         4       382       389
         1         3         4        11       389
         1         3        10        11       389
         1         3         4        11        66
         1         3        10        11        66
         1        10        11        66        73
         1         4        11        66        67
         1        11        66        67        74
         1        11        66        73        74
         1        66        67        74       129
         1        66        73        74       129
         1        73        74       129       136
         1        67        74       129       130
         1        74       129       130       137
         1        74       129       136       137
         1       129       130       137       192
         1       129       136       137       192
         1       136       137       192       199
         1       130       137       192       193
         1       137       192       193       200
         1       137       192       199       200
         1       257       312       313       375
         1       256       257       312       375
         1       256       257       319       375
         1       257       313       375       376
         1       257       320       375       376
         1       257       319       320       375
         1       320       375       376       438
         1       319       320       375       438
         1       319       320       382       438
         1       320       376       438       439
         1       320       383       438       439
         1       320       382       383       438
         1        60       383       438       439
         1        60       382       383       438
         1         4        60       382       383
         1        60        61       383       439
         1         5        60        61       383
         1         4         5        60       383
         1         5        60        61       123
         1         4         5        60       123
         1         4         5        67       123
         1         5        61       123       124
         1         5        68       123       124
         1         5        67        68       123
         1        68       123       124       186
         1        67        68       123       186
         1        67        68       130       186
         1        68       124       186       187
         1        68       131       186       187
         1        68       130       131       186
         1       131       186       187       249
         1       130       131       186       249
         1       130       131       193       249
         1       131       187       249       250
         1       131       194       249       250
         1       131       193       194       249
         1       194       249       250       312
         1       193       194       249       312
         1       193       194       256       312
         1       194       250       312       313
         1       194       257       312       313
         1       194       256       257       312
         1       369       370       377       432
         1       369       376       377       432
         1       376       377       432       439
         1       370       377       432       433
         1       377       432       433       440
         1       377       432       439       440
         1        54       432       433       440
         1        54       432       439       440
         1        54        61       439       440
         1        54        55       433       440
         1        54        55        62       440
         1        54        61        62       440
         1        54        55        62       117
         1        54        61        62       117
         1        61        62       117       124
         1        55        62       117       118
         1        62       117       118       125
         1        62       117       124       125
         1       117       118       125       180
         1       117       124       125       180
         1       124       125       180       187
         1       118       125       180       181
         1       125       180       181       188
         1       125       180       187       188
         1       180       181       188       243
         1       180       187       188       243
         1       187       188       243       250
         1       181       188       243       244
         1       188       243       244       251
         1       188       243       250       251
         1       243       244       251       306
         1       243       250       251       306
         1       250       251       306       313
         1       244       251       306       307
         1       251       306       307       314
         1       251       306       313       314
         1       306       307       314       369
         1       306       313       314       369
         1       313       314       369       376
         1       307       314       369       370
         1       314       369       370       377
         1       314       369       376       377
         1        48       426       427       434
         1        48       426       433       434
         1        48        55       433       434
         1        48        49       427       434
         1        48        49        56       434
         1        48        55        56       434
         1        48        49        56       111
         1        48        55        56       111
         1        55        56       111       118
         1        49        56       111       112
         1        56       111       112       119
         1        56       111       118       119
         1       111       112       119       174
         1       111       118       119       174
         1       118       119       174       181
         1       112       119       174       175
         1       119       174       175       182
         1       119       174       181       182
         1       174       175       182       237
         1       174       181       182       237
         1       181       182       237       244
         1       175       182       237       238
         1       182       237       238       245
         1       182       237       244       245
         1       237       238       245       300
         1       237       244       245       300
         1       244       245       300       307
         1       238       245       300       301
         1       245       300       301       308
         1       245       300       307       308
         1       300       301       308       363
         1       300       307       308       363
         1       307       308       363       370
         1       301       308       363       364
         1       308       363       364       371
         1       308       363       370       371
         1       363       364       371       426
         1       363       370       371       426
         1       370       371       426       433
         1       364       371       426       427
         1       371       426       427       434
         1       371       426       433       434
         1        36        42        43       105
         1        42        43        49       105
         1        43        49       105       112
         1        36        43        99       105
         1        43        99       105       106
         1        43       105       106       112
         1        99       105       106       168
         1       105       106       112       168
         1       106       112       168       175
         1        99       106       162       168
         1       106       162       168       169
         1       106       168       169       175
         1       162       168       169       231
         1       168       169       175       231
         1       169       175       231       238
         1       162       169       225       231
         1       169       225       231       232
         1       169       231       232       238
         1       225       231       232       294
         1       231       232       238       294
         1       232       238       294       301
         1       225       232       288       294
         1       232       288       294       295
         1       232       294       295       301
         1       288       294       295       357
         1       294       295       301       357
         1       295       301       357       364
         1       288       295       351       357
         1       295       351       357       358
         1       295       357       358       364
         1       351       357       358       420
         1       357       358       364       420
         1       358       364       420       427
         1       351       358       414       420
         1       358       414       420       421
         1       358       420       421       427
         1        42       414       420       421
         1        42       420       421       427
         1        42        49       421       427
         1        36        42       414       421
         1        36        42        43       421
         1        42        43        49       421
         1        92        93       100       155
         1        92        99       100       155
         1        99       100       155       162
         1        93       100       155       156
         1       100       155       156       163
         1       100       155       162       163
         1       155       156       163       218
         1       155       162       163       218
         1       162       163       218       225
         1       156       163       218       219
         1       163       218       219       226
         1       163       218       225       226
         1       218       219       226       281
         1       218       225       226       281
         1       225       226       281       288
         1       219       226       281       282
         1       226       281       282       289
         1       226       281       288       289
         1       281       282       289       344
         1       281       288       289       344
         1       288       289       344       351
         1       282       289       344       345
         1       289       344       345       352
         1       289       344       351       352
         1       344       345       352       407
         1       344       351       352       407
         1       351       352       407       414
         1       345       352       407       408
         1       352       407       408       415
         1       352       407       414       415
         1        29       407       408       415
         1        29       407       414       415
         1        29        36       414       415
         1        29        30       408       415
         1        29        30        37       415
         1        29        36        37       415
         1        29        30        37        92
         1        29        36        37        92
         1        36        37        92        99
         1        30        37        92        93
         1        37        92        93       100
         1        37        92        99       100
         1       149       150       157       212
         1       149       156       157       212
         1       156       157       212       219
         1       150       157       212       213
         1       157       212       213       220
         1       157       212       219       220
         1       212       213       220       275
         1       212       219       220       275
         1       219       220       275       282
         1       213       220       275       276
         1       220       275       276       283
         1       220       275       282       283
         1       275       276       283       338
         1       275       282       283       338
         1       282       283       338       345
         1       276       283       338       339
         1       283       338       339       346
         1       283       338       345       346
         1       338       339       346       401
         1       338       345       346       401
         1       345       346       401       408
         1       339       346       401       402
         1       346       401       402       409
         1       346       401       408       409
         1        23       401       402       409
         1        23       401       408       409
         1        23        30       408       409
         1        23        24       402       409
         1        23        24        31       409
         1        23        30        31       409
         1        23        24        31        86
         1        23        30        31        86
         1        30        31        86        93
         1        24        31        86        87
         1        31        86        87        94
         1        31        86        93        94
         1        86        87        94       149
         1        86        93        94       149
         1        93        94       149       156
         1        87        94       149       150
         1        94       149       150       157
         1        94       149       156       157
         1       206       207       214       269
         1       206       213       214       269
         1       213       214       269       276
         1       207       214       269       270
         1       214       269       270       277
         1       214       269       276       277
         1       269       270       277       332
         1       269       276       277       332
         1       276       277       332       339
         1       270       277       332       333
         1       277       332       333       340
         1       277       332       339       340
         1       332       333       340       395
         1       332       339       340       395
         1       339       340       395       402
         1       333       340       395       396
         1       340       395       396       403
         1       340       395       402       403
         1        17       395       396       403
         1        17       395       402       403
         1        17        24       402       403
         1        17        18       396       403
         1        17        18        25       403
         1        17        24        25       403
         1        17        18        25        80
         1        17        24        25        80
         1        24        25        80        87
         1        18        25        80        81
         1        25        80        81        88
         1        25        80        87        88
         1        80        81        88       143
         1        80        87        88       143
         1        87        88       143       150
         1        81        88       143       144
         1        88       143       144       151
         1        88       143       150       151
         1       143       144       151       206
         1       143       150       151       206
         1       150       151       206       213
         1       144       151       206       207
         1       151       206       207       214
         1       151       206       213       214
         1       263       264       271       326
         1       263       270       271       326
         1       270       271       326       333
         1       264       271       326       327
         1       271       326       327       334
         1       271       326       333       334
         1       326       327       334       389
         1       326       333       334       389
         1       333       334       389       396
         1       327       334       389       390
         1       334       389       390       397
         1       334       389       396       397
         1        11       389       390       397
         1        11       389       396       397
         1        11        18       396       397
         1        11        12       390       397
         1        11        12        19       397
         1        11        18        19       397
         1        11        12        19        74
         1        11        18        19        74
         1        18        19        74        81
         1        12        19        74        75
         1        19        74        75        82
         1        19        74        81        82
         1        74        75        82       137
         1        74        81        82       137
         1        81        82       137       144
         1        75        82       137       138
         1        82       137       138       145
         1        82       137       144       145
         1       137       138       145       200
         1       137       144       145       200
         1       144       145       200       207
         1       138       145       200       201
         1       145       200       201       208
         1       145       200       207       208
         1       200       201       208       263
         1       200       207       208       263
         1       207       208       263       270
         1       201       208       263       264
         1       208       263       264       271
         1       208       263       270       271
         1       320       321       328       383
         1       320       327       328       383
         1       327       328       383       390
         1       321       328       383       384
         1       328       383       384       391
         1       328       383       390       391
         1         5       383       384       391
         1         5       383       390       391
         1         5        12       390       391
         1         5         6       384       391
         1         5         6        13       391
         1         5        12        13       391
         1         5         6        13        68
         1         5        12        13        68
         1        12        13        68        75
         1         6        13        68        69
         1        13        68        69        76
         1        13        68        75        76
         1        68        69        76       131
         1        68        75        76       131
         1        75        76       131       138
         1        69        76       131       132
         1        76       131       132       139
         1        76       131       138       139
         1       131       132       139       194
         1       131       138       139       194
         1       138       139       194       201
         1       132       139       194       195
         1       139       194       195       202
         1       139       194       201       202
         1       194       195       202       257
         1       194       201       202       257
         1       201       202       257       264
         1       195       202       257       258
         1       202       257       258       265
         1       202       257       264       265
         1       257       258       265       320
         1       257       264       265       320
         1       264       265       320       327
         1       258       265       320       321
         1       265       320       321       328
         1       265       320       327       328
         1        62       385       440       441
         1        62       384       385       440
         1         6        62       384       385
         1        62        63       385       441
         1         7        62        63       385
         1         6         7        62       385
         1         7        62        63       125
         1         6         7        62       125
         1         6         7        69       125
         1         7        63       125       126
         1         7        70       125       126
         1         7        69        70       125
         1        70       125       126       188
         1        69        70       125       188
         1        69        70       132       188
         1        70       126       188       189
         1        70       133       188       189
         1        70       132       133       188
         1       133       188       189       251
         1       132       133       188       251
         1       132       133       195       251
         1       133       189       251       252
         1       133       196       251       252
         1       133       195       196       251
         1       196       251       252       314
         1       195       196       251       314
         1       195       196       258       314
         1       196       252       314       315
         1       196       259       314       315
         1       196       258       259       314
         1       259       314       315       377
         1       258       259       314       377
         1       258       259       321       377
         1       259       315       377       378
         1       259       322       377       378
         1       259       321       322       377
         1       322       377       378       440
         1       321       322       377       440
         1       321       322       384       440
         1       322       378       440       441
         1       322       385       440       441
         1       322       384       385       440
         1        50        56        57       119
         1        56        57        63       119
         1        57        63       119       126
         1        50        57       113       119
         1        57       113       119       120
         1        57       119       120       126
         1       113       119       120       182
         1       119       120       126       182
         1       120       126       182       189
         1       113       120       176       182
         1       120       176       182       183
         1       120       182       183       189
         1       176       182       183       245
         1       182       183       189       245
         1       183       189       245       252
         1       176       183       239       245
         1       183       239       245       246
         1       183       245       246       252
         1       239       245       246       308
         1       245       246       252       308
         1       246       252       308       315
         1       239       246       302       308
         1       246       302       308       309
         1       246       308       309       315
         1       302       308       309       371
         1       308       309       315       371
         1       309       315       371       378
         1       302       309       365       371
         1       309       365       371       372
         1       309       371       372       378
         1       365       371       372       434
         1       371       372       378       434
         1       372       378       434       441
         1       365       372       428       434
         1       372       428       434       435
         1       372       434       435       441
         1        56       428       434       435
         1        56       434       435       441
         1        56        63       435       441
         1        50        56       428       435
         1        50        56        57       435
         1        56        57        63       435
         1       106       107       114       169
         1       106       113       114       169
         1       113       114       169       176
         1       107       114       169       170
         1       114       169       170       177
         1       114       169       176       177
         1       169       170       177       232
         1       169       176       177       232
         1       176       177       232       239
         1       170       177       232       233
         1       177       232       233       240
         1       177       232       239       240
         1       232       233       240       295
         1       232       239       240       295
         1       239       240       295       302
         1       233       240       295       296
         1       240       295       296       303
         1       240       295       302       303
         1       295       296       303       358
         1       295       302       303       358
         1       302       303       358       365
         1       296       303       358       359
         1       303       358       359       366
         1       303       358       365       366
         1       358       359       366       421
         1       358       365       366       421
         1       365       366       421       428
         1       359       366       421       422
         1       366       421       422       429
         1       366       421       428       429
         1        43       421       422       429
         1        43       421       428       429
         1        43        50       428       429
         1        43        44       422       429
         1        43        44        51       429
         1        43        50        51       429
         1        43        44        51       106
         1        43        50        51       106
         1        50        51       106       113
         1        44        51       106       107
         1        51       106       107       114
         1        51       106       113       114
         1       163       164       171       226
         1       163       170       171       226
         1       170       171       226       233
         1       164       171       226       227
         1       171       226       227       234
         1       171       226       233       234
         1       226       227       234       289
         1       226       233       234       289
         1       233       234       289       296
         1       227       234       289       290
         1       234       289       290       297
         1       234       289       296       297
         1       289       290       297       352
         1       289       296       297       352
         1       296       297       352       359
         1       290       297       352       353
         1       297       352       353       360
         1       297       352       359       360
         1       352       353       360       415
         1       352       359       360       415
         1       359       360       415       422
         1       353       360       415       416
         1       360       415       416       423
         1       360       415       422       423
         1        37       415       416       423
         1        37       415       422       423
         1        37        44       422       423
         1        37        38       416       423
         1        37        38        45       423
         1        37        44        45       423
         1        37        38        45       100
         1        37        44        45       100
         1        44        45       100       107
         1        38        45       100       101
         1        45       100       101       108
         1        45       100       107       108
         1       100       101       108       163
         1       100       107       108       163
         1       107       108       163       170
         1       101       108       163       164
         1       108       163       164       171
         1       108       163       170       171
         1       220       221       228       283
         1       220       227       228       283
         1       227       228       283       290
         1       221       228       283       284
         1       228       283       284       291
         1       228       283       290       291
         1       283       284       291       346
         1       283       290       291       346
         1       290       291       346       353
         1       284       291       346       347
         1       291       346       347       354
         1       291       346       353       354
         1       346       347       354       409
         1       346       353       354       409
         1       353       354       409       416
         1       347       354       409       410
         1       354       409       410       417
         1       354       409       416       417
         1        31       409       410       417
         1        31       409       416       417
         1        31        38       416       417
         1        31        32       410       417
         1        31        32        39       417
         1        31        38        39       417
         1        31        32        39        94
         1        31        38        39        94
         1        38        39        94       101
         1        32        39        94        95
         1        39        94        95       102
         1        39        94       101       102
         1        94        95       102       157
         1        94       101       102       157
         1       101       102       157       164
         1        95       102       157       158
         1       102       157       158       165
         1       102       157       164       165
         1       157       158       165       220
         1       157       164       165       220
         1       164       165       220       227
         1       158       165       220       221
         1       165       220       221       228
         1       165       220       227       228
         1       277       278       285       340
         1       277       284       285       340
         1       284       285       340       347
         1       278       285       340       341
         1       285       340       341       348
         1       285       340       347       348
         1       340       341       348       403
         1       340       347       348       403
         1       347       348       403       410
         1       341       348       403       404
         1       348       403       404       411
         1       348       403       410       411
         1        25       403       404       411
         1        25       403       410       411
         1        25        32       410       411
         1        25        26       404       411
         1        25        26        33       411
         1        25        32        33       411
         1        25        26        33        88
         1        25        32        33        88
         1        32        33        88        95
         1        26        33        88        89
         1        33        88        89        96
         1        33        88        95        96
         1        88        89        96       151
         1        88        95        96       151
         1        95        96       151       158
         1        89        96       151       152
         1        96       151       152       159
         1        96       151       158       159
         1       151       152       159       214
         1       151       158       159       214
         1       158       159       214       221
         1       152       159       214       215
         1       159       214       215       222
         1       159       214       221       222
         1       214       215       222       277
         1       214       221       222       277
         1       221       222       277       284
         1       215       222       277       278
         1       222       277       278       285
         1       222       277       284       285
         1       334       335       342       397
         1       334       341       342       397
         1       341       342       397       404
         1       335       342       397       398
         1       342       397       398       405
         1       342       397       404       405
         1        19       397       398       405
         1        19       397       404       405
         1        19        26       404       405
         1        19        20       398       405
         1        19        20        27       405
         1        19        26        27       405
         1        19        20        27        82
         1        19        26        27        82
         1        26        27        82        89
         1        20        27        82        83
         1        27        82        83        90
         1        27        82        89        90
         1        82        83        90       145
         1        82        89        90       145
         1        89        90       145       152
         1        83        90       145       146
         1        90       145       146       153
         1        90       145       152       153
         1       145       146       153       208
         1       145       152       153       208
         1       152       153       208       215
         1       146       153       208       209
         1       153       208       209       216
         1       153       208       215       216
         1       208       209       216       271
         1       208       215       216       271
         1       215       216       271       278
         1       209       216       271       272
         1       216       271       272       279
         1       216       271       278       279
         1       271       272       279       334
         1       271       278       279       334
         1       278       279       334       341
         1       272       279       334       335
         1       279       334       335       342
         1       279       334       341       342
         1        13       391       392       399
         1        13       391       398       399
         1        13        20       398       399
         1        13        14       392       399
         1        13        14        21       399
         1        13        20        21       399
         1        13        14        21        76
         1        13        20        21        76
         1        20        21        76        83
         1        14        21        76        77
         1        21        76        77        84
         1        21        76        83        84
         1        76        77        84       139
         1        76        83        84       139
         1        83        84       139       146
         1        77        84       139       140
         1        84       139       140       147
         1        84       139       146       147
         1       139       140       147       202
         1       139       146       147       202
         1       146       147       202       209
         1       140       147       202       203
         1       147       202       203       210
         1       147       202       209       210
         1       202       203       210       265
         1       202       209       210       265
         1       209       210       265       272
         1       203       210       265       266
         1       210       265       266       273
         1       210       265       272       273
         1       265       266       273       328
         1       265       272       273       328
         1       272       273       328       335
         1       266       273       328       329
         1       273       328       329       336
         1       273       328       335       336
         1       328       329       336       391
         1       328       335       336       391
         1       335       336       391       398
         1       329       336       391       392
         1       336       391       392       399
         1       336       391       398       399
         1         1         7         8        70
         1         7         8        14        70
         1         8        14        70        77
         1         1         8        64        70
         1         8        64        70        71
         1         8        70        71        77
         1        64        70        71       133
         1        70        71        77       133
         1        71        77       133       140
         1        64        71       127       133
         1        71       127       133       134
         1        71       133       134       140
         1       127       133       134       196
         1       133       134       140       196
         1       134       140       196       203
         1       127       134       190       196
         1       134       190       196       197
         1       134       196       197       203
         1       190       196       197       259
         1       196       197       203       259
         1       197       203       259       266
         1       190       197       253       259
         1       197       253       259       260
         1       197       259       260       266
         1       253       259       260       322
         1       259       260       266       322
         1       260       266       322       329
         1       253       260       316       322
         1       260       316       322       323
         1       260       322       323       329
         1       316       322       323       385
         1       322       323       329       385
         1       323       329       385       392
         1       316       323       379       385
         1       323       379       385       386
         1       323       385       386       392
         1         7       379       385       386
         1         7       385       386       392
         1         7        14       386       392
         1         1         7       379       386
         1         1         7         8       386
         1         7         8        14       386
         1        65       120       121       183
         1        64        65       120       183
         1        64        65       127       183
         1        65       121       183       184
         1        65       128       183       184
         1        65       127       128       183
         1       128       183       184       246
         1       127       128       183       246
         1       127       128       190       246
         1       128       184       246       247
         1       128       191       246       247
         1       128       190       191       246
         1       191       246       247       309
         1       190       191       246       309
         1       190       191       253       309
         1       191       247       309       310
         1       191       254       309       310
         1       191       253       254       309
         1       254       309       310       372
         1       253       254       309       372
         1       253       254       316       372
         1       254       310       372       373
         1       254       317       372       373
         1       254       316       317       372
         1       317       372       373       435
         1       316       317       372       435
         1       316       317       379       435
         1       317       373       435       436
         1       317       380       435       436
         1       317       379       380       435
         1        57       380       435       436
         1        57       379       380       435
         1         1        57       379       380
         1        57        58       380       436
         1         2        57        58       380
         1         1         2        57       380
         1         2        57        58       120
         1         1         2        57       120
         1         1         2        64       120
         1         2        58       120       121
         1         2        65       120       121
         1         2        64        65       120
         1       177       178       185       240
         1       177       184       185       240
         1       184       185       240       247
         1       178       185       240       241
         1       185       240       241       248
         1       185       240       247       248
         1       240       241       248       303
         1       240       247       248       303
         1       247       248       303       310
         1       241       248       303       304
         1       248       303       304       311
         1       248       303       310       311
         1       303       304       311       366
         1       303       310       311       366
         1       310       311       366       373
         1       304       311       366       367
         1       311       366       367       374
         1       311       366       373       374
         1       366       367       374       429
         1       366       373       374       429
         1       373       374       429       436
         1       367       374       429       430
         1       374       429       430       437
         1       374       429       436       437
         1        51       429       430       437
         1        51       429       436       437
         1        51        58       436       437
         1        51        52       430       437
         1        51        52        59       437
         1        51        58        59       437
         1        51        52        59       114
         1        51        58        59       114
         1        58        59       114       121
         1        52        59       114       115
         1        59       114       115       122
         1        59       114       121       122
         1       114       115       122       177
         1       114       121       122       177
         1       121       122       177       184
         1       115       122       177       178
         1       122       177       178       185
         1       122       177       184       185
         1       234       235       242       297
         1       234       241       242       297
         1       241       242       297       304
         1       235       242       297       298
         1       242       297       298       305
         1       242       297       304       305
         1       297       298       305       360
         1       297       304       305       360
         1       304       305       360       367
         1       298       305       360       361
         1       305       360       361       368
         1       305       360       367       368
         1       360       361       368       423
         1       360       367       368       423
         1       367       368       423       430
         1       361       368       423       424
         1       368       423       424       431
         1       368       423       430       431
         1        45       423       424       431
         1        45       423       430       431
         1        45        52       430       431
         1        45        46       424       431
         1        45        46        53       431
         1        45        52        53       431
         1        45        46        53       108
         1        45        52        53       108
         1        52        53       108       115
         1        46        53       108       109
         1        53       108       109       116
         1        53       108       115       116
         1       108       109       116       171
         1       108       115       116       171
         1       115       116       171       178
         1       109       116       171       172
         1       116       171       172       179
         1       116       171       178       179
         1       171       172       179       234
         1       171       178       179       234
         1       178       179       234       241
         1       172       179       234       235
         1       179       234       235       242
         1       179       234       241       242
         1       291       292       299       354
         1       291       298       299       354
         1       298       299       354       361
         1       292       299       354       355
         1       299       354       355       362
         1       299       354       361       362
         1       354       355       362       417
         1       354       361       362       417
         1       361       362       417       424
         1       355       362       417       418
         1       362       417       418       425
         1       362       417       424       425
         1        39       417       418       425
         1        39       417       424       425
         1        39        46       424       425
         1        39        40       418       425
         1        39        40        47       425
         1        39        46        47       425
         1        39        40        47       102
         1        39        46        47       102
         1        46        47       102       109
         1        40        47       102       103
         1        47       102       103       110
         1        47       102       109       110
         1       102       103       110       165
         1       102       109       110       165
         1       109       110       165       172
         1       103       110       165       166
         1       110       165       166       173
         1       110       165       172       173
         1       165       166       173       228
         1       165       172       173       228
         1       172       173       228       235
         1       166       173       228       229
         1       173       228       229       236
         1       173       228       235       236
         1       228       229       236       291
         1       228       235       236       291
         1       235       236       291       298
         1       229       236       291       292
         1       236       291       292       299
         1       236       291       298       299
         1       348       349       356       411
         1       348       355       356       411
         1       355       356       411       418
         1       349       356       411       412
         1       356       411       412       419
         1       356       411       418       419
         1        33       411       412       419
         1        33       411       418       419
         1        33        40       418       419
         1        33        34       412       419
         1        33        34        41       419
         1        33        40        41       419
         1        33        34        41        96
         1        33        40        41        96
         1        40        41        96       103
         1        34        41        96        97
         1        41        96        97       104
         1        41        96       103       104
         1        96        97       104       159
         1        96       103       104       159
         1       103       104       159       166
         1        97       104       159       160
         1       104       159       160       167
         1       104       159       166       167
         1       159       160       167       222
         1       159       166       167       222
         1       166       167       222       229
         1       160       167       222       223
         1       167       222       223       230
         1       167       222       229       230
         1       222       223       230       285
         1       222       229       230       285
         1       229       230       285       292
         1       223       230       285       286
         1       230       285       286       293
         1       230       285       292       293
         1       285       286       293       348
         1       285       292       293       348
         1       292       293       348       355
         1       286       293       348       349
         1       293       348       349       356
         1       293       348       355       356
         1        27       405       406       413
         1        27       405       412       413
         1        27        34       412       413
         1        27        28       406       413
         1        27        28        35       413
         1        27        34        35       413
         1        27        28        35        90
         1        27        34        35        90
         1        34        35        90        97
         1        28        35        90        91
         1        35        90        91        98
         1        35        90        97        98
         1        90        91        98       153
         1        90        97        98       153
         1        97        98       153       160
         1        91        98       153       154
         1        98       153       154       161
         1        98       153       160       161
         1       153       154       161       216
         1       153       160       161       216
         1       160       161       216       223
         1       154       161       216       217
         1       161       216       217       224
         1       161       216       223       224
         1       216       217       224       279
         1       216       223       224       279
         1       223       224       279       286
         1       217       224       279       280
         1       224       279       280       287
         1       224       279       286       287
         1       279       280       287       342
         1       279       286       287       342
         1       286       287       342       349
         1       280       287       342       343
         1       287       342       343       350
         1       287       342       349       350
         1       342       343       350       405
         1       342       349       350       405
         1       349       350       405       412
         1       343       350       405       406
         1       350       405       406       413
         1       350       405       412       413
         1        15        21        22        84
         1        21        22        28        84
         1        22        28        84        91
         1        15        22        78        84
         1        22        78        84        85
         1        22        84        85        91
         1        78        84        85       147
         1        84        85        91       147
         1        85        91       147       154
         1        78        85       141       147
         1        85       141       147       148
         1        85       147       148       154
         1       141       147       148       210
         1       147       148       154       210
         1       148       154       210       217
         1       141       148       204       210
         1       148       204       210       211
         1       148       210       211       217
         1       204       210       211       273
         1       210       211       217       273
         1       211       217       273       280
         1       204       211       267       273
         1       211       267       273       274
         1       211       273       274       280
         1       267       273       274       336
         1       273       274       280       336
         1       274       280       336       343
         1       267       274       330       336
         1       274       330       336       337
         1       274       336       337       343
         1       330       336       337       399
         1       336       337       343       399
         1       337       343       399       406
         1       330       337       393       399
         1       337       393       399       400
         1       337       399       400       406
         1        21       393       399       400
         1        21       399       400       406
         1        21        28       400       406
         1        15        21       393       400
         1        15        21        22       400
         1        21        22        28       400
         1        71        72        79       134
         1        71        78        79       134
         1        78        79       134       141
         1        72        79       134       135
         1        79       134       135       142
         1        79       134       141       142
         1       134       135       142       197
         1       134       141       142       197
         1       141       142       197       204
         1       135       142       197       198
         1       142       197       198       205
         1       142       197       204       205
         1       197       198       205       260
         1       197       204       205       260
         1       204       205       260       267
         1       198       205       260       261
         1       205       260       261       268
         1       205       260       267       268
         1       260       261       268       323
         1       260       267       268       323
         1       267       268       323       330
         1       261       268       323       324
         1       268       323       324       331
         1       268       323       330       331
         1       323       324       331       386
         1       323       330       331       386
         1       330       331       386       393
         1       324       331       386       387
         1       331       386       387       394
         1       331       386       393       394
         1         8       386       387       394
         1         8       386       393       394
         1         8        15       393       394
         1         8         9       387       394
         1         8         9        16       394
         1         8        15        16       394
         1         8         9        16        71
         1         8        15        16        71
         1        15        16        71        78
         1         9        16        71        72
         1        16        71        72        79
         1        16        71        78        79
         1       128       129       136       191
         1       128       135       136       191
         1       135       136       191       198
         1       129       136       191       192
         1       136       191       192       199
         1       136       191       198       199
         1       191       192       199       254
         1       191       198       199       254
         1       198       199       254       261
         1       192       199       254       255
         1       199       254       255       262
         1       199       254       261       262
         1       254       255       262       317
         1       254       261       262       317
         1       261       262       317       324
         1       255       262       317       318
         1       262       317       318       325
         1       262       317       324       325
         1       317       318       325       380
         1       317       324       325       380
         1       324       325       380       387
         1       318       325       380       381
         1       325       380       381       388
         1       325       380       387       388
         1         2       380       381       388
         1         2       380       387       388
         1         2         9       387       388
         1         2         3       381       388
         1         2         3        10       388
         1         2         9        10       388
         1         2         3        10        65
         1         2         9        10        65
         1         9        10        65        72
         1         3        10        65        66
         1        10        65        66        73
         1        10        65        72        73
         1        65        66        73       128
         1        65        72        73       128
         1        72        73       128       135
         1        66        73       128       129
         1        73       128       129       136
         1        73       128       135       136
         1       193       248       249       311
         1       192       193       248       311
         1       192       193       255       311
         1       193       249       311       312
         1       193       256       311       312
         1       193       255       256       311
         1       256       311       312       374
         1       255       256       311       374
         1       255       256       318       374
         1       256       312       374       375
         1       256       319       374       375
         1       256       318       319       374
         1       319       374       375       437
         1       318       319       374       437
         1       318       319       381       437
         1       319       375       437       438
         1       319       382       437       438
         1       319       381       382       437
         1        59       382       437       438
         1        59       381       382       437
         1         3        59       381       382
         1        59        60       382       438
         1         4        59        60       382
         1         3         4        59       382
         1         4        59        60       122
         1         3         4        59       122
         1         3         4        66       122
         1         4        60       122       123
         1         4        67       122       123
         1         4        66        67       122
         1        67       122       123       185
         1        66        67       122       185
         1        66        67       129       185
         1        67       123       185       186
         1        67       130       185       186
         1        67       129       130       185
         1       130       185       186       248
         1       129       130       185       248
         1       129       130       192       248
         1       130       186       248       249
         1       130       193       248       249
         1       130       192       193       248
         1       305       306       313       368
         1       305       312       313       368
         1       312       313       368       375
         1       306       313       368       369
         1       313       368       369       376
         1       313       368       375       376
         1       368       369       376       431
         1       368       375       376       431
         1       375       376       431       438
         1       369       376       431       432
         1       376       431       432       439
         1       376       431       438       439
         1        53       431       432       439
         1        53       431       438       439
         1        53        60       438       439
         1        53        54       432       439
         1        53        54        61       439
         1        53        60        61       439
         1        53        54        61       116
         1        53        60        61       116
         1        60        61       116       123
         1        54        61       116       117
         1        61       116       117       124
         1        61       116       123       124
         1       116       117       124       179
         1       116       123       124       179
         1       123       124       179       186
         1       117       124       179       180
         1       124       179       180       187
         1       124       179       186       187
         1       179       180       187       242
         1       179       186       187       242
         1       186       187       242       249
         1       180       187       242       243
         1       187       242       243       250
         1       187       242       249       250
         1       242       243       250       305
         1       242       249       250       305
         1       249       250       305       312
         1       243       250       305       306
         1       250       305       306       313
         1       250       305       312       313
         1       362       363       370       425
         1       362       369       370       425
         1       369       370       425       432
         1       363       370       425       426
         1       370       425       426       433
         1       370       425       432       433
         1        47       425       426       433
         1        47       425       432       433
         1        47        54       432       433
         1        47        48       426       433
         1        47        48        55       433
         1        47        54        55       433
         1        47        48        55       110
         1        47        54        55       110
         1        54        55       110       117
         1        48        55       110       111
         1        55       110       111       118
         1        55       110       117       118
         1       110       111       118       173
         1       110       117       118       173
         1       117       118       173       180
         1       111       118       173       174
         1       118       173       174       181
         1       118       173       180       181
         1       173       174       181       236
         1       173       180       181       236
         1       180       181       236       243
         1       174       181       236       237
         1       181       236       237       244
         1       181       236       243       244
         1       236       237       244       299
         1       236       243       244       299
         1       243       244       299       306
         1       237       244       299       300
         1       244       299       300       307
         1       244       299       306       307
         1       299       300       307       362
         1       299       306       307       362
         1       306       307       362       369
         1       300       307       362       363
         1       307       362       363       370
         1       307       362       369       370
         1        41       419       420       427
         1        41       419       426       427
         1        41        48       426       427
         1        41        42       420       427
         1        41        42        49       427
         1        41        48        49       427
         1        41        42        49       104
         1        41        48        49       104
         1        48        49       104       111
         1        42        49       104       105
         1        49       104       105       112
         1        49       104       111       112
         1       104       105       112       167
         1       104       111       112       167
         1       111       112       167       174
         1       105       112       167       168
         1       112       167       168       175
         1       112       167       174       175
         1       167       168       175       230
         1       167       174       175       230
         1       174       175       230       237
         1       168       175       230       231
         1       175       230       231       238
         1       175       230       237       238
         1       230       231       238       293
         1       230       237       238       293
         1       237       238       293       300
         1       231       238       293       294
         1       238       293       294       301
         1       238       293       300       301
         1       293       294       301       356
         1       293       300       301       356
         1       300       301       356       363
         1       294       301       356       357
         1       301       356       357       364
         1       301       356       363       364
         1       356       357       364       419
         1       356       363       364       419
         1       363       364       419       426
         1       357       364       419       420
         1       364       419       420       427
         1       364       419       426       427
         1        29        35        36        98
         1        35        36        42        98
         1        36        42        98       105
         1        29        36        92        98
         1        36        92        98        99
         1        36        98        99       105
         1        92        98        99       161
         1        98        99       105       161
         1        99       105       161       168
         1        92        99       155       161
         1        99       155       161       162
         1        99       161       162       168
         1       155       161       162       224
         1       161       162       168       224
         1       162       168       224       231
         1       155       162       218       224
         1       162       218       224       225
         1       162       224       225       231
         1       218       224       225       287
         1       224       225       231       287
         1       225       231       287       294
         1       218       225       281       287
         1       225       281       287       288
         1       225       287       288       294
         1       281       287       288       350
         1       287       288       294       350
         1       288       294       350       357
         1       281       288       344       350
         1       288       344       350       351
         1       288       350       351       357
         1       344       350       351       413
         1       350       351       357       413
         1       351       357       413       420
         1       344       351       407       413
         1       351       407       413       414
         1       351       413       414       420
         1        35       407       413       414
         1        35       413       414       420
         1        35        42       414       420
         1        29        35       407       414
         1        29        35        36       414
         1        35        36        42       414
         1        85        86        93       148
         1        85        92        93       148
         1        92        93       148       155
         1        86        93       148       149
         1        93       148       149       156
         1        93       148       155       156
         1       148       149       156       211
         1       148       155       156       211
         1       155       156       211       218
         1       149       156       211       212
         1       156       211       212       219
         1       156       211       218       219
         1       211       212       219       274
         1       211       218       219       274
         1       218       219       274       281
         1       212       219       274       275
         1       219       274       275       282
         1       219       274       281       282
         1       274       275       282       337
         1       274       281       282       337
         1       281       282       337       344
         1       275       282       337       338
         1       282       337       338       345
         1       282       337       344       345
         1       337       338       345       400
         1       337       344       345       400
         1       344       345       400       407
         1       338       345       400       401
         1       345       400       401       408
         1       345       400       407       408
         1        22       400       401       408
         1        22       400       407       408
         1        22        29       407       408
         1        22        23       401       408
         1        22        23        30       408
         1        22        29        30       408
         1        22        23        30        85
         1        22        29        30        85
         1        29        30        85        92
         1        23        30        85        86
         1        30        85        86        93
         1        30        85        92        93
         1       142       143       150       205
         1       142       149       150       205
         1       149       150       205       212
         1       143       150       205       206
         1       150       205       206       213
         1       150       205       212       213
         1       205       206       213       268
         1       205       212       213       268
         1       212       213       268       275
         1       206       213       268       269
         1       213       268       269       276
         1       213       268       275       276
         1       268       269       276       331
         1       268       275       276       331
         1       275       276       331       338
         1       269       276       331       332
         1       276       331       332       339
         1       276       331       338       339
         1       331       332       339       394
         1       331       338       339       394
         1       338       339       394       401
         1       332       339       394       395
         1       339       394       395       402
         1       339       394       401       402
         1        16       394       395       402
         1        16       394       401       402
         1        16        23       401       402
         1        16        17       395       402
         1        16        17        24       402
         1        16        23        24       402
         1        16        17        24        79
         1        16        23        24        79
         1        23        24        79        86
         1        17        24        79        80
         1        24        79        80        87
         1        24        79        86        87
         1        79        80        87       142
         1        79        86        87       142
         1        86        87       142       149
         1        80        87       142       143
         1        87       142       143       150
         1        87       142       149       150
         1       199       200       207       262
         1       199       206       207       262
         1       206       207       262       269
         1       200       207       262       263
         1       207       262       263       270
         1       207       262       269       270
         1       262       263       270       325
         1       262       269       270       325
         1       269       270       325       332
         1       263       270       325       326
         1       270       325       326       333
         1       270       325       332       333
         1       325       326       333       388
         1       325       332       333       388
         1       332       333       388       395
         1       326       333       388       389
         1       333       388       389       396
         1       333       388       395       396
         1        10       388       389       396
         1        10       388       395       396
         1        10        17       395       396
         1        10        11       389       396
         1        10        11        18       396
         1        10        17        18       396
         1        10        11        18        73
         1        10        17        18        73
         1        17        18        73        80
         1        11        18        73        74
         1        18        73        74        81
         1        18        73        80        81
         1        73        74        81       136
         1        73        80        81       136
         1        80        81       136       143
         1        74        81       136       137
         1        81       136       137       144
         1        81       136       143       144
         1       136       137       144       199
         1       136       143       144       199
         1       143       144       199       206
         1       137       144       199       200
         1       144       199       200       207
         1       144       199       206       207
         1       256       257       264       319
         1       256       263       264       319
         1       263       264       319       326
         1       257       264       319       320
         1       264       319       320       327
         1       264       319       326       327
         1       319       320       327       382
         1       319       326       327       382
         1       326       327       382       389
         1       320       327       382       383
         1       327       382       383       390
         1       327       382       389       390
         1         4       382       383       390
         1         4       382       389       390
         1         4        11       389       390
         1         4         5       383       390
         1         4         5        12       390
         1         4        11        12       390
         1         4         5        12        67
         1         4        11        12        67
         1        11        12        67        74
         1         5        12        67        68
         1        12        67        68        75
         1        12        67        74        75
         1        67        68        75       130
         1        67        74        75       130
         1        74        75       130       137
         1        68        75       130       131
         1        75       130       131       138
         1        75       130       137       138
         1       130       131       138       193
         1       130       137       138       193
         1       137       138       193       200
         1       131       138       193       194
         1       138       193       194       201
         1       138       193       200       201
         1       193       194       201       256
         1       193       200       201       256
         1       200       201       256       263
         1       194       201       256       257
         1       201       256       257       264
         1       201       256       263       264
         1       321       376       377       439
         1       320       321       376       439
         1       320       321       383       439
         1       321       377       439       440
         1       321       384       439       440
         1       321       383       384       439
         1        61       384       439       440
         1        61       383       384       439
         1         5        61       383       384
         1        61        62       384       440
         1         6        61        62       384
         1         5         6        61       384
         1         6        61        62       124
         1         5         6        61       124
         1         5         6        68       124
         1         6        62       124       125
         1         6        69       124       125
         1         6        68        69       124
         1        69       124       125       187
         1        68        69       124       187
         1        68        69       131       187
         1        69       125       187       188
         1        69       132       187       188
         1        69       131       132       187
         1       132       187       188       250
         1       131       132       187       250
         1       131       132       194       250
         1       132       188       250       251
         1       132       195       250       251
         1       132       194       195       250
         1       195       250       251       313
         1       194       195       250       313
         1       194       195       257       313
         1       195       251       313       314
         1       195       258       313       314
         1       195       257       258       313
         1       258       313       314       376
         1       257       258       313       376
         1       257       258       320       376
         1       258       314       376       377
         1       258       321       376       377
         1       258       320       321       376
         1        55       433       434       441
         1        55       433       440       441
         1        55        62       440       441
         1        55        56       434       441
         1        55        56        63       441
         1        55        62        63       441
         1        55        56        63       118
         1        55        62        63       118
         1        62        63       118       125
         1        56        63       118       119
         1        63       118       119       126
         1        63       118       125       126
         1       118       119       126       181
         1       118       125       126       181
         1       125       126       181       188
         1       119       126       181       182
         1       126       181       182       189
         1       126       181       188       189
         1       181       182       189       244
         1       181       188       189       244
         1       188       189       244       251
         1       182       189       244       245
         1       189       244       245       252
         1       189       244       251       252
         1       244       245       252       307
         1       244       251       252       307
         1       251       252       307       314
         1       245       252       307       308
         1       252       307       308       315
         1       252       307       314       315
         1       307       308       315       370
         1       307       314       315       370
         1       314       315       370       377
         1       308       315       370       371
         1       315       370       371       378
         1       315       370       377       378
         1       370       371       378       433
         1       370       377       378       433
         1       377       378       433       440
         1       371       378       433       434
         1       378       433       434       441
         1       378       433       440       441
         1        43        49        50       112
         1        49        50        56       112
         1        50        56       112       119
         1        43        50       106       112
         1        50       106       112       113
         1        50       112       113       119
         1       106       112       113       175
         1       112       113       119       175
         1       113       119       175       182
         1       106       113       169       175
         1       113       169       175       176
         1       113       175       176       182
         1       169       175       176       238
         1       175       176       182       238
         1       176       182       238       245
         1       169       176       232       238
         1       176       232       238       239
         1       176       238       239       245
         1       232       238       239       301
         1       238       239       245       301
         1       239       245       301       308
         1       232       239       295       301
         1       239       295       301       302
         1       239       301       302       308
         1       295       301       302       364
         1       301       302       308       364
         1       302       308       364       371
         1       295       302       358       364
         1       302       358       364       365
         1       302       364       365       371
         1       358       364       365       427
         1       364       365       371       427
         1       365       371       427       434
         1       358       365       421       427
         1       365       421       427       428
         1       365       427       428       434
         1        49       421       427       428
         1        49       427       428       434
         1        49        56       428       434
         1        43        49       421       428
         1        43        49        50       428
         1        49        50        56       428
         1        99       100       107       162
         1        99       106       107       162
         1       106       107       162       169
         1       100       107       162       163
         1       107       162       163       170
         1       107       162       169       170
         1       162       163       170       225
         1       162       169       170       225
         1       169       170       225       232
         1       163       170       225       226
         1       170       225       226       233
         1       170       225       232       233
         1       225       226       233       288
         1       225       232       233       288
         1       232       233       288       295
         1       226       233       288       289
         1       233       288       289       296
         1       233       288       295       296
         1       288       289       296       351
         1       288       295       296       351
         1       295       296       351       358
         1       289       296       351       352
         1       296       351       352       359
         1       296       351       358       359
         1       351       352       359       414
         1       351       358       359       414
         1       358       359       414       421
         1       352       359       414       415
         1       359       414       415       422
         1       359       414       421       422
         1        36       414       415       422
         1        36       414       421       422
         1        36        43       421       422
         1        36        37       415       422
         1        36        37        44       422
         1        36        43        44       422
         1        36        37        44        99
         1        36        43        44        99
         1        43        44        99       106
         1        37        44        99       100
         1        44        99       100       107
         1        44        99       106       107
         1       156       157       164       219
         1       156       163       164       219
         1       163       164       219       226
         1       157       164       219       220
         1       164       219       220       227
         1       164       219       226       227
         1       219       220       227       282
         1       219       226       227       282
         1       226       227       282       289
         1       220       227       282       283
         1       227       282       283       290
         1       227       282       289       290
         1       282       283       290       345
         1       282       289       290       345
         1       289       290       345       352
         1       283       290       345       346
         1       290       345       346       353
         1       290       345       352       353
         1       345       346       353       408
         1       345       352       353       408
         1       352       353       408       415
         1       346       353       408       409
         1       353       408       409       416
         1       353       408       415       416
         1        30       408       409       416
         1        30       408       415       416
         1        30        37       415       416
         1        30        31       409       416
         1        30        31        38       416
         1        30        37        38       416
         1        30        31        38        93
         1        30        37        38        93
         1        37        38        93       100
         1        31        38        93        94
         1        38        93        94       101
         1        38        93       100       101
         1        93        94       101       156
         1        93       100       101       156
         1       100       101       156       163
         1        94       101       156       157
         1       101       156       157       164
         1       101       156       163       164
         1       213       214       221       276
         1       213       220       221       276
         1       220       221       276       283
         1       214       221       276       277
         1       221       276       277       284
         1       221       276       283       284
         1       276       277       284       339
         1       276       283       284       339
         1       283       284       339       346
         1       277       284       339       340
         1       284       339       340       347
         1       284       339       346       347
         1       339       340       347       402
         1       339       346       347       402
         1       346       347       402       409
         1       340       347       402       403
         1       347       402       403       410
         1       347       402       409       410
         1        24       402       403       410
         1        24       402       409       410
         1        24        31       409       410
         1        24        25       403       410
         1        24        25        32       410
         1        24        31        32       410
         1        24        25        32        87
         1        24        31        32        87
         1        31        32        87        94
         1        25        32        87        88
         1        32        87        88        95
         1        32        87        94        95
         1        87        88        95       150
         1        87        94        95       150
         1        94        95       150       157
         1        88        95       150       151
         1        95       150       151       158
         1        95       150       157       158
         1       150       151       158       213
         1       150       157       158       213
         1       157       158       213       220
         1       151       158       213       214
         1       158       213       214       221
         1       158       213       220       221
         1       270       271       278       333
         1       270       277       278       333
         1       277       278       333       340
         1       271       278       333       334
         1       278       333       334       341
         1       278       333       340       341
         1       333       334       341       396
         1       333       340       341       396
         1       340       341       396       403
         1       334       341       396       397
         1       341       396       397       404
         1       341       396       403       404
         1        18       396       397       404
         1        18       396       403       404
         1        18        25       403       404
         1        18        19       397       404
         1        18        19        26       404
         1        18        25        26       404
         1        18        19        26        81
         1        18        25        26        81
         1        25        26        81        88
         1        19        26        81        82
         1        26        81        82        89
         1        26        81        88        89
         1        81        82        89       144
         1        81        88        89       144
         1        88        89       144       151
         1        82        89       144       145
         1        89       144       145       152
         1        89       144       151       152
         1       144       145       152       207
         1       144       151       152       207
         1       151       152       207       214
         1       145       152       207       208
         1       152       207       208       215
         1       152       207       214       215
         1       207       208       215       270
         1       207       214       215       270
         1       214       215       270       277
         1       208       215       270       271
         1       215       270       271       278
         1       215       270       277       278
         1       327       328       335       390
         1       327       334       335       390
         1       334       335       390       397
         1       328       335       390       391
         1       335       390       391       398
         1       335       390       397       398
         1        12       390       391       398
         1        12       390       397       398
         1        12        19       397       398
         1        12        13       391       398
         1        12        13        20       398
         1        12        19        20       398
         1        12        13        20        75
         1        12        19        20        75
         1        19        20        75        82
         1        13        20        75        76
         1        20        75        76        83
         1        20        75        82        83
         1        75        76        83       138
         1        75        82        83       138
         1        82        83       138       145
         1        76        83       138       139
         1        83       138       139       146
         1        83       138       145       146
         1       138       139       146       201
         1       138       145       146       201
         1       145       146       201       208
         1       139       146       201       202
         1       146       201       202       209
         1       146       201       208       209
         1       201       202       209       264
         1       201       208       209       264
         1       208       209       264       271
         1       202       209       264       265
         1       209       264       265       272
         1       209       264       271       272
         1       264       265       272       327
         1       264       271       272       327
         1       271       272       327       334
         1       265       272       327       328
         1       272       327       328       335
         1       272       327       334       335
         1         6       384       385       392
         1         6       384       391       392
         1         6        13       391       392
         1         6         7       385       392
         1         6         7        14       392
         1         6        13        14       392
         1         6         7        14        69
         1         6        13        14        69
         1        13        14        69        76
         1         7        14        69        70
         1        14        69        70        77
         1        14        69        76        77
         1        69        70        77       132
         1        69        76        77       132
         1        76        77       132       139
         1        70        77       132       133
         1        77       132       133       140
         1        77       132       139       140
         1       132       133       140       195
         1       132       139       140       195
         1       139       140       195       202
         1       133       140       195       196
         1       140       195       196       203
         1       140       195       202       203
         1       195       196       203       258
         1       195       202       203       258
         1       202       203       258       265
         1       196       203       258       259
         1       203       258       259       266
         1       203       258       265       266
         1       258       259       266       321
         1       258       265       266       321
         1       265       266       321       328
         1       259       266       321       322
         1       266       321       322       329
         1       266       321       328       329
         1       321       322       329       384
         1       321       328       329       384
         1       328       329       384       391
         1       322       329       384       385
         1       329       384       385       392
         1       329       384       391       392
         1         1        57        63       126
         1         1         7        63       126
         1         1         7        70       126
         1         1        57       120       126
         1         1        64       120       126
         1         1        64        70       126
         1        64       120       126       189
         1        64        70       126       189
         1        64        70       133       189
         1        64       120       183       189
         1        64       127       183       189
         1        64       127       133       189
         1       127       183       189       252
         1       127       133       189       252
         1       127       133       196       252
         1       127       183       246       252
         1       127       190       246       252
         1       127       190       196       252
         1       190       246       252       315
         1       190       196       252       315
         1       190       196       259       315
         1       190       246       309       315
         1       190       253       309       315
         1       190       253       259       315
         1       253       309       315       378
         1       253       259       315       378
         1       253       259       322       378
         1       253       309       372       378
         1       253       316       372       378
         1       253       316       322       378
         1       316       372       378       441
         1       316       322       378       441
         1       316       322       385       441
         1       316       372       435       441
         1       316       379       435       441
         1       316       379       385       441
         1        63       379       435       441
         1        63       379       385       441
         1         7        63       379       385
         1        57        63       379       435
         1         1        57        63       379
         1         1         7        63       379
         1       113       114       121       176
         1       113       120       121       176
         1       120       121       176       183
         1       114       121       176       177
         1       121       176       177       184
         1       121       176       183       184
         1       176       177       184       239
         1       176       183       184       239
         1       183       184       239       246
         1       177       184       239       240
         1       184       239       240       247
         1       184       239       246       247
         1       239       240       247       302
         1       239       246       247       302
         1       246       247       302       309
         1       240       247       302       303
         1       247       302       303       310
         1       247       302       309       310
         1       302       303       310       365
         1       302       309       310       365
         1       309       310       365       372
         1       303       310       365       366
         1       310       365       366       373
         1       310       365       372       373
         1       365       366       373       428
         1       365       372       373       428
         1       372       373       428       435
         1       366       373       428       429
         1       373       428       429       436
         1       373       428       435       436
         1        50       428       429       436
         1        50       428       435       436
         1        50        57       435       436
         1        50        51       429       436
         1        50        51        58       436
         1        50        57        58       436
         1        50        51        58       113
         1        50        57        58       113
         1        57        58       113       120
         1        51        58       113       114
         1        58       113       114       121
         1        58       113       120       121
         1       170       171       178       233
         1       170       177       178       233
         1       177       178       233       240
         1       171       178       233       234
         1       178       233       234       241
         1       178       233       240       241
         1       233       234       241       296
         1       233       240       241       296
         1       240       241       296       303
         1       234       241       296       297
         1       241       296       297       304
         1       241       296       303       304
         1       296       297       304       359
         1       296       303       304       359
         1       303       304       359       366
         1       297       304       359       360
         1       304       359       360       367
         1       304       359       366       367
         1       359       360       367       422
         1       359       366       367       422
         1       366       367       422       429
         1       360       367       422       423
         1       367       422       423       430
         1       367       422       429       430
         1        44       422       423       430
         1        44       422       429       430
         1        44        51       429       430
         1        44        45       423       430
         1        44        45        52       430
         1        44        51        52       430
         1        44        45        52       107
         1        44        51        52       107
         1        51        52       107       114
         1        45        52       107       108
         1        52       107       108       115
         1        52       107       114       115
         1       107       108       115       170
         1       107       114       115       170
         1       114       115       170       177
         1       108       115       170       171
         1       115       170       171       178
         1       115       170       177       178
         1       227       228       235       290
         1       227       234       235       290
         1       234       235       290       297
         1       228       235       290       291
         1       235       290       291       298
         1       235       290       297       298
         1       290       291       298       353
         1       290       297       298       353
         1       297       298       353       360
         1       291       298       353       354
         1       298       353       354       361
         1       298       353       360       361
         1       353       354       361       416
         1       353       360       361       416
         1       360       361       416       423
         1       354       361       416       417
         1       361       416       417       424
         1       361       416       423       424
         1        38       416       417       424
         1        38       416       423       424
         1        38        45       423       424
         1        38        39       417       424
         1        38        39        46       424
         1        38        45        46       424
         1        38        39        46       101
         1        38        45        46       101
         1        45        46       101       108
         1        39        46       101       102
         1        46       101       102       109
         1        46       101       108       109
         1       101       102       109       164
         1       101       108       109       164
         1       108       109       164       171
         1       102       109       164       165
         1       109       164       165       172
         1       109       164       171       172
         1       164       165       172       227
         1       164       171       172       227
         1       171       172       227       234
         1       165       172       227       228
         1       172       227       228       235
         1       172       227       234       235
         1       284       285       292       347
         1       284       291       292       347
         1       291       292       347       354
         1       285       292       347       348
         1       292       347       348       355
         1       292       347       354       355
         1       347       348       355       410
         1       347       354       355       410
         1       354       355       410       417
         1       348       355       410       411
         1       355       410       411       418
         1       355       410       417       418
         1        32       410       411       418
         1        32       410       417       418
         1        32        39       417       418
         1        32        33       411       418
         1        32        33        40       418
         1        32        39        40       418
         1        32        33        40        95
         1        32        39        40        95
         1        39        40        95       102
         1        33        40        95        96
         1        40        95        96       103
         1        40        95       102       103
         1        95        96       103       158
         1        95       102       103       158
         1       102       103       158       165
         1        96       103       158       159
         1       103       158       159       166
         1       103       158       165       166
         1       158       159       166       221
         1       158       165       166       221
         1       165       166       221       228
         1       159       166       221       222
         1       166       221       222       229
         1       166       221       228       229
         1       221       222       229       284
         1       221       228       229       284
         1       228       229       284       291
         1       222       229       284       285
         1       229       284       285       292
         1       229       284       291       292
         1       341       342       349       404
         1       341       348       349       404
         1       348       349       404       411
         1       342       349       404       405
         1       349       404       405       412
         1       349       404       411       412
         1        26       404       405       412
         1        26       404       411       412
         1        26        33       411       412
         1        26        27       405       412
         1        26        27        34       412
         1        26        33        34       412
         1        26        27        34        89
         1        26        33        34        89
         1        33        34        89        96
         1        27        34        89        90
         1        34        89        90        97
         1        34        89        96        97
         1        89        90        97       152
         1        89        96        97       152
         1        96        97       152       159
         1        90        97       152       153
         1        97       152       153       160
         1        97       152       159       160
         1       152       153       160       215
         1       152       159       160       215
         1       159       160       215       222
         1       153       160       215       216
         1       160       215       216       223
         1       160       215       222       223
         1       215       216       223       278
         1       215       222       223       278
         1       222       223       278       285
         1       216       223       278       279
         1       223       278       279       286
         1       223       278       285       286
         1       278       279       286       341
         1       278       285       286       341
         1       285       286       341       348
         1       279       286       341       342
         1       286       341       342       349
         1       286       341       348       349
         1        20       398       399       406
         1        20       398       405       406
         1        20        27       405       406
         1        20        21       399       406
         1        20        21        28       406
         1        20        27        28       406
         1        20        21        28        83
         1        20        27        28        83
         1        27        28        83        90
         1        21        28        83        84
         1        28        83        84        91
         1        28        83        90        91
         1        83        84        91       146
         1        83        90        91       146
         1        90        91       146       153
         1        84        91       146       147
         1        91       146       147       154
         1        91       146       153       154
         1       146       147       154       209
         1       146       153       154       209
         1       153       154       209       216
         1       147       154       209       210
         1       154       209       210       217
         1       154       209       216       217
         1       209       210       217       272
         1       209       216       217       272
         1       216       217       272       279
         1       210       217       272       273
         1       217       272       273       280
         1       217       272       279       280
         1       272       273       280       335
         1       272       279       280       335
         1       279       280       335       342
         1       273       280       335       336
         1       280       335       336       343
         1       280       335       342       343
         1       335       336       343       398
         1       335       342       343       398
         1       342       343       398       405
         1       336       343       398       399
         1       343       398       399       406
         1       343       398       405       406
         1         8        14        15        77
         1        14        15        21        77
         1        15        21        77        84
         1         8        15        71        77
         1        15        71        77        78
         1        15        77        78        84
         1        71        77        78       140
         1        77        78        84       140
         1        78        84       140       147
         1        71        78       134       140
         1        78       134       140       141
         1        78       140       141       147
         1       134       140       141       203
         1       140       141       147       203
         1       141       147       203       210
         1       134       141       197       203
         1       141       197       203       204
         1       141       203       204       210
         1       197       203       204       266
         1       203       204       210       266
         1       204       210       266       273
         1       197       204       260       266
         1       204       260       266       267
         1       204       266       267       273
         1       260       266       267       329
         1       266       267       273       329
         1       267       273       329       336
         1       260       267       323       329
         1       267       323       329       330
         1       267       329       330       336
         1       323       329       330       392
         1       329       330       336       392
         1       330       336       392       399
         1       323       330       386       392
         1       330       386       392       393
         1       330       392       393       399
         1        14       386       392       393
         1        14       392       393       399
         1        14        21       393       399
         1         8        14       386       393
         1         8        14        15       393
         1        14        15        21       393
         1        64        65        72       127
         1        64        71        72       127
         1        71        72       127       134
         1        65        72       127       128
         1        72       127       128       135
         1        72       127       134       135
         1       127       128       135       190
         1       127       134       135       190
         1       134       135       190       197
         1       128       135       190       191
         1       135       190       191       198
         1       135       190       197       198
         1       190       191       198       253
         1       190       197       198       253
         1       197       198       253       260
         1       191       198       253       254
         1       198       253       254       261
         1       198       253       260       261
         1       253       254       261       316
         1       253       260       261       316
         1       260       261       316       323
         1       254       261       316       317
         1       261       316       317       324
         1       261       316       323       324
         1       316       317       324       379
         1       316       323       324       379
         1       323       324       379       386
         1       317       324       379       380
         1       324       379       380       387
         1       324       379       386       387
         1         1       379       380       387
         1         1       379       386       387
         1         1         8       386       387
         1         1         2       380       387
         1         1         2         9       387
         1         1         8         9       387
         1         1         2         9        64
         1         1         8         9        64
         1         8         9        64        71
         1         2         9        64        65
         1         9        64        65        72
         1         9        64        71        72
