compound_id,mp_id,formula,family,bond_type,is_metal,theoretical,energy_above_hull_eV_per_atom,formation_energy_per_atom,antibond_w_raw,antibond_w_normalized,antibond_e_ref,antibond_w_raw_dE0.5,antibond_w_raw_dE1.0,antibond_w_raw_dE2.0
exp_metastable_AgO_mp-1079720,mp-1079720,AgO,exp_metastable,,False,False,0.0423481174999995,-0.4002236483333323,0.00647359215,0.0296572849092908,0.1365099999999994,0.0019071559499999,0.00647359215,0.01479005465
exp_metastable_Al12W_mp-11227,mp-11227,Al12W,exp_metastable,metallic,True,False,0.0152036853846162,-0.0721041215384599,0.0,0.0,0.0,0.0,0.0,0.0
exp_metastable_Al3Os2_mp-16521,mp-16521,Al3Os2,exp_metastable,metallic,True,False,0.0074096830000058,-0.5958528140000027,0.0012946084,0.0037354889344144,0.0,0.00113163535,0.0012946084,0.0012946084
exp_metastable_AsPd2_mp-1080831,mp-1080831,AsPd2,exp_metastable,,True,False,0.0117567475000015,-0.3593560175000018,0.0026385276,0.0076788440382992,0.0,0.0022688175,0.0026385276,0.010253026
exp_metastable_AsRh2_mp-1102364,mp-1102364,AsRh2,exp_metastable,,True,False,0.0806206316666617,-0.4492143558333386,0.0245347061999999,0.1157843614912694,0.0,0.0131952015,0.0245347061999999,0.0348025389
exp_metastable_AsRh_mp-22079,mp-22079,AsRh,exp_metastable,,True,False,0.0269175908333352,-0.5242963187500003,0.0107626792,0.0448613196615397,0.0,0.00745825775,0.0107626792,0.0299140702999999
exp_metastable_BaSn5_mp-571353,mp-571353,BaSn5,exp_metastable,metallic,True,False,0.0262177941666705,-0.2692301474999965,0.01594802935,0.0455749131254822,0.0,0.0113495054,0.01594802935,0.0162699228
exp_metastable_Be12Pd_mp-12666,mp-12666,Be12Pd,exp_metastable,metallic,True,False,0.0794515811538456,-0.0660908538461544,0.0,0.0,0.0,0.0,0.0,0.0
exp_metastable_Be3N2_mp-6977,mp-6977,Be3N2,exp_metastable,,False,False,0.0315138644999999,-1.1858389340000008,0.0,0.0,-0.5342700000000002,0.0,0.0,0.0
exp_metastable_CaGa2_mp-992,mp-992,CaGa2,exp_metastable,metallic,True,False,0.0169816583333339,-0.5780275900000001,0.00598855745,0.0218624322794976,0.0,0.0029842963499999,0.00598855745,0.00825486635
exp_metastable_CaGa4_mp-2461,mp-2461,CaGa4,exp_metastable,metallic,True,False,0.0016006820000011,-0.4217521700000006,0.002551697,0.0083612851431941,0.0,0.00221201835,0.002551697,0.0025667165
exp_metastable_CdI2_mp-567259,mp-567259,CdI2,exp_metastable,,False,False,0.0005410511111105,-0.8265425073333326,0.02440893,0.0508148849797023,-0.2495400000000001,0.02048391435,0.02440893,0.02440893
exp_metastable_CdO2_mp-2310,mp-2310,CdO2,exp_metastable,,False,False,0.0562341900000005,-0.841200041666666,0.0121105202,0.0539684500891265,-0.23486,0.0059286691999999,0.0121105202,0.014907024
exp_metastable_ClF3_mp-556767,mp-556767,ClF3,exp_metastable,,False,False,0.0029946146875001,-0.9563266143749998,0.0177440286,0.1346693123861566,-0.2791140000000001,0.0170274069,0.0177440286,0.0368106454
exp_metastable_Cs2Se_mp-1011696,mp-1011696,Cs2Se,exp_metastable,,False,False,0.0042327591666642,-1.192791818051366,0.02445196555,0.0860711941638213,-0.2753699999999999,0.0151431401,0.02445196555,0.0244519655499999
exp_metastable_CsH_mp-632319,mp-632319,CsH,exp_metastable,,False,False,0.0160978499999995,-0.2314997043749986,0.0150881620999999,0.0677754114634803,-0.2524729999999999,0.0018375637,0.0150881620999999,0.0297259066999999
exp_metastable_Cu3Ge_mp-19724,mp-19724,Cu3Ge,exp_metastable,metallic,True,False,0.0126398462499999,0.0126398462499999,0.0104248043499999,0.0963386410682931,0.0,0.00429808,0.0104248043499999,0.0200077698499999
exp_metastable_FeTe2_mp-1102002,mp-1102002,FeTe2,exp_metastable,,True,False,0.0449096983333356,-0.4170853777777766,0.00890132195,0.040110499053713,0.0,0.0076677595,0.00890132195,0.00973036895
exp_metastable_Ge4Rh_mp-1104286,mp-1104286,Ge4Rh,exp_metastable,metallic,True,False,0.0907375489999999,-0.1339630540000011,0.00117021045,0.003439165491095,0.0,0.0010818402999999,0.00117021045,0.00117021045
exp_metastable_GeSe2_mp-10074,mp-10074,GeSe2,exp_metastable,covalent,False,False,0.0124937554166688,-0.566828659895832,0.0067922066999999,0.0170954838790868,-0.2739299999999998,0.00480199565,0.0067922066999999,0.0067922066999999
exp_metastable_H2O_mp-2739191,mp-2739191,H2O,exp_metastable,,False,False,0.0494479991666665,-1.230554994166667,0.00097371325,0.0087344209723717,-0.2988500000000003,0.0008720889499999,0.00097371325,0.00097371325
exp_metastable_H3N_mp-643432,mp-643432,H3N,exp_metastable,covalent,False,False,0.0038271875000006,-0.3450917143750001,3.5042000000000007e-06,3.5278365045806913e-05,-0.2960199999999999,3.5042000000000007e-06,3.5042000000000007e-06,3.5042000000000007e-06
exp_metastable_HI_mp-697025,mp-697025,HI,exp_metastable,,False,False,0.0043662910416673,-0.1756574574999998,0.0098675374,0.0522313010798221,-0.226197,0.00782503045,0.0098675374,0.0098675374
exp_metastable_IF7_mp-27988,mp-27988,IF7,exp_metastable,,False,False,0.0062520956249993,-1.685239713125,0.0088137145,0.0568223486557926,-0.22283,0.00295266125,0.0088137145,0.0176554745499999
exp_metastable_In3Ir_mp-630976,mp-630976,In3Ir,exp_metastable,metallic,True,False,0.0042964281250021,-0.2710954262499996,0.0,0.0,0.0,0.0,0.0,0.0
exp_metastable_InCl_mp-571636,mp-571636,InCl,exp_metastable,covalent,False,False,0.0016458790624991,-1.1152362308333328,0.0264683353,0.0920509678653404,-0.2913800000000002,0.0116996291,0.0264683353,0.03341310715
exp_metastable_K2S_mp-559278,mp-559278,K2S,exp_metastable,,False,False,0.0872531616666663,-1.160633495104167,0.0012457974,0.0071054434494952,-0.2634229999999999,0.0012457974,0.0012457974,0.0012457974
exp_metastable_K_mp-10157,mp-10157,K,exp_metastable,,True,False,0.0069302662500003,0.0069302662500003,0.0074560966,0.0923355616099071,0.0,0.00743581835,0.0074560966,0.00746660935
exp_metastable_Li13Sn5_mp-30769,mp-30769,Li13Sn5,exp_metastable,metallic,True,False,0.0033475494444448,-0.3930118826851839,0.0,0.0,0.0,0.0,0.0,0.0
exp_metastable_Li3Hg_mp-1646,mp-1646,Li3Hg,exp_metastable,metallic,True,False,0.00129759,-0.2939551318750002,0.0,0.0,0.0,0.0,0.0,0.0
exp_metastable_MgCl2_mp-570259,mp-570259,MgCl2,exp_metastable,ionic,False,False,0.0006391266666669,-2.254814815,0.0280093086,0.2905228565501504,-0.209893,0.0141244719999999,0.0280093086,0.0296736376999999
exp_metastable_MgH2_mp-23711,mp-23711,MgH2,exp_metastable,,False,False,0.001875589166667,-0.2808434833333333,0.00167910665,0.0617091749356854,-0.272644,0.0010092742,0.00167910665,0.00167960725
exp_metastable_MgPd3_mp-7753,mp-7753,MgPd3,exp_metastable,metallic,True,False,0.0113717512499906,-0.4772460224999912,0.0055314694999999,0.0263780138292799,0.0,0.0038881303999999,0.0055314694999999,0.01310770265
exp_metastable_Mo3Se4_mp-21021,mp-21021,Mo3Se4,exp_metastable,,True,False,0.0608714349999992,-0.5819315730357175,0.00585610655,0.0151203370772011,0.0,0.00541679755,0.00585610655,0.00585610655
exp_metastable_NaN3_mp-1066400,mp-1066400,NaN3,exp_metastable,,False,False,0.0029249474999994,-0.1640373740625005,0.0,0.0,-0.272602,0.0,0.0,0.0
exp_metastable_Nb2O5_mp-1595,mp-1595,Nb2O5,exp_metastable,,False,False,0.0075375482653079,-3.0266677264285726,0.0020162839,0.0074616382947228,-0.3502249999999999,0.00184581875,0.0020162839,0.0020162839
exp_metastable_NiB_mp-14019,mp-14019,NiB,exp_metastable,,True,False,0.0018463106250017,-0.2407035837499993,0.0030448024,0.0197573317760041,0.0,0.0012873478,0.0030448024,0.0079874872999999
exp_metastable_NiHg4_mp-570835,mp-570835,NiHg4,exp_metastable,metallic,True,False,0.0170529580000007,0.0170529579999936,0.0,0.0,0.0,0.0,0.0,0.0
exp_metastable_NiS_mp-1547,mp-1547,NiS,exp_metastable,,True,False,0.0141818408333325,-0.6106647137499989,0.0145922459499999,0.1139841114669582,0.0,0.0060099601,0.0145922459499999,0.0335361946
exp_metastable_PS_mp-612,mp-612,PS,exp_metastable,covalent,False,False,0.0264894514843732,-0.1508336728943451,0.01189316155,0.0301077453040352,-0.2086300000000003,0.00911322685,0.01189316155,0.0140413394499999
exp_metastable_PbAu2_mp-19871,mp-19871,PbAu2,exp_metastable,metallic,True,False,0.0047426354166688,-0.0655840066666636,0.0,0.0,0.0,0.0,0.0,0.00360013985
exp_metastable_PbSe_mp-22009,mp-22009,PbSe,exp_metastable,covalent,False,False,0.0731088299999953,-0.5994639245312499,0.0246552428999999,0.0576420706988053,-0.227134,0.0121006084,0.0246552428999999,0.0246552428999999
exp_metastable_Rb2Hg7_mp-31474,mp-31474,Rb2Hg7,exp_metastable,metallic,True,False,0.0045234903703742,-0.2110102736111133,0.0,0.0,0.0,0.0,0.0,0.0
exp_metastable_Re3Ge7_mp-29141,mp-29141,Re3Ge7,exp_metastable,metallic,True,False,0.0126166407500036,0.0126166407500022,0.00073942425,0.002211395310584,0.0,0.00069686655,0.00073942425,0.00073942425
exp_metastable_SiO2_mp-546794,mp-546794,SiO2,exp_metastable,covalent,False,False,0.005647450555557,-3.2671838933333333,0.0020885908,0.0070730156795015,-0.2893259999999999,0.00202976715,0.0020885908,0.0020885908
exp_metastable_SiRh_mp-2287,mp-2287,SiRh,exp_metastable,metallic,True,False,0.0245618549999981,-0.8163077637500002,0.005899128,0.0242612708204811,0.0,0.00135542335,0.005899128,0.0144938753499999
exp_metastable_SiS2_mp-1095294,mp-1095294,SiS2,exp_metastable,covalent,False,False,0.0030131716666659,-0.7467867135416668,0.00195370545,0.0044203480926738,-0.2272000000000003,0.00195370545,0.00195370545,0.00195370545
exp_metastable_Sn7Ir5_mp-20466,mp-20466,Sn7Ir5,exp_metastable,metallic,True,False,0.0024213649999964,-0.2903464641666649,0.0,0.0,0.0,0.0,0.0,0.0
exp_metastable_Sr2As_mp-15697,mp-15697,Sr2As,exp_metastable,,True,False,0.0800054442592603,-1.0304650837962963,0.02116565295,0.209727040725327,0.0,0.0119707615,0.02116565295,0.0346143458
exp_metastable_Sr5Sn3_mp-17720,mp-17720,Sr5Sn3,exp_metastable,metallic,True,False,0.0030214525000005,-0.7373520218750009,0.0351103777,0.1796110993452015,0.0,0.02119092455,0.0351103777,0.04364250845
exp_metastable_SrAl2_mp-1638,mp-1638,SrAl2,exp_metastable,metallic,True,False,0.0135719499999993,-0.271503493333333,7.0088e-05,0.0003962460425146,0.0,5.35682e-05,7.0088e-05,7.0088e-05
exp_metastable_Ta7Co6_mp-1104548,mp-1104548,Ta7Co6,exp_metastable,metallic,True,False,0.0014632612820477,-0.2349845639487186,0.00064881425,0.0018165418428199,0.0,0.0003331493,0.00064881425,0.00064881425
exp_metastable_Te2Au_mp-567525,mp-567525,Te2Au,exp_metastable,,True,False,0.027432493333336,-0.0634716500000015,0.0233887538499999,0.0497273330994599,0.0,0.0131679461499999,0.0233887538499999,0.0321979715
exp_metastable_Te2Ir_mp-1551,mp-1551,Te2Ir,exp_metastable,,True,False,0.0030421406944398,-0.3634775388888948,0.0144012629,0.0230446016353831,0.0,0.00499622035,0.0144012629,0.0261170417499999
exp_metastable_Ti3Ge_mp-1189044,mp-1189044,Ti3Ge,exp_metastable,metallic,True,False,0.013003969652777,-0.4815656843750009,0.0,0.0,0.0,0.0,0.0,0.0
exp_metastable_Y2O3_mp-558573,mp-558573,Y2O3,exp_metastable,,False,False,0.0342277962500006,-3.9196441264999975,1.2514999999999998e-06,4.409484884786131e-06,-0.2876299999999996,1.2514999999999998e-06,1.2514999999999998e-06,1.2514999999999998e-06
exp_metastable_ZnAg_mp-1912,mp-1912,ZnAg,exp_metastable,metallic,True,False,0.0112114705555566,-0.0243713599999981,0.0,0.0,0.0,0.0,0.0,0.0
exp_metastable_ZrBr_mp-1065846,mp-1065846,ZrBr,exp_metastable,,True,False,0.0007946975000017,-1.2701712349999985,0.0,0.0,0.0,0.0,0.0,0.0
exp_metastable_ZrGa3_mp-30685,mp-30685,ZrGa3,exp_metastable,metallic,True,False,0.0130195012500013,-0.5133076262499987,0.0,0.0,0.0,0.0,0.0,0.0
exp_metastable_ZrRh_mp-2808,mp-2808,ZrRh,exp_metastable,metallic,True,False,0.0839339799999976,-0.8013510275000009,0.00230091965,0.0093620850795459,0.0,0.0010313007,0.00230091965,0.00494074785
exp_stable_As2S3_mp-1189572,mp-1189572,As2S3,exp_stable,covalent,False,False,0.0,-0.1565099951874984,0.01741861765,0.0538292828888408,-0.2641999999999997,0.00807333355,0.01741861765,0.0217042753499999
exp_stable_AsF3_mp-28027,mp-28027,AsF3,exp_stable,covalent,False,False,0.0,-2.471951621250001,0.0192189511,0.1114206684445475,-0.2243319999999999,0.0054652145499999,0.0192189511,0.0250088412
exp_stable_BI3_mp-23189,mp-23189,BI3,exp_stable,covalent,False,False,0.0,-0.3473448510416679,0.0124209382,0.0231868024417106,-0.218332,0.0104630664,0.0124209382,0.0124209382
exp_stable_BW_mp-7832,mp-7832,BW,exp_stable,,True,False,0.0,-0.3597101150000021,0.0,0.0,0.0,0.0,0.0,0.0
exp_stable_BaAu2_mp-30363,mp-30363,BaAu2,exp_stable,metallic,True,False,0.0,-0.7404507499999978,0.0058787755,0.0143629990227217,0.0,0.0032370172,0.0058787755,0.00690457715
exp_stable_BaCl2_mp-568662,mp-568662,BaCl2,exp_stable,ionic,False,False,0.0,-2.96823858,0.0341930653,0.2997813896194985,-0.263612,0.0257021824,0.0341930653,0.0342306178
exp_stable_BaH2_mp-23715,mp-23715,BaH2,exp_stable,,False,False,0.0,-0.6047468716666676,0.0077634216,0.1495266101694915,-0.259843,0.00325755915,0.0077634216,0.00873237725
exp_stable_Be2Cu_mp-2031,mp-2031,Be2Cu,exp_stable,metallic,True,False,0.0,-0.1403742000000007,0.0,0.0,0.0,0.0,0.0,0.0
exp_stable_Be2Nb3_mp-11272,mp-11272,Be2Nb3,exp_stable,metallic,True,False,0.0,-0.1348759280000024,0.0,0.0,0.0,0.0,0.0,0.0
exp_stable_Be2V_mp-11281,mp-11281,Be2V,exp_stable,metallic,True,False,0.0,-0.2181801241666659,0.0,0.0,0.0,0.0,0.0,0.0
exp_stable_CaAl4_mp-1749,mp-1749,CaAl4,exp_stable,metallic,True,False,0.0,-0.2205821339999999,0.0024375709,0.0085733360298255,0.0,0.0022635987999999,0.0024375709,0.0024375709
exp_stable_CaSn_mp-2450,mp-2450,CaSn,exp_stable,metallic,True,False,0.0,-0.6481111449999988,0.0110356096999999,0.0629060576868266,0.0,0.00605460405,0.0110356096999999,0.0219470048499999
exp_stable_CdPd_mp-1696,mp-1696,CdPd,exp_stable,metallic,True,False,0.0,-0.3915251949999985,0.0,0.0,0.0,0.0,0.0,0.00295348435
exp_stable_CoB_mp-20857,mp-20857,CoB,exp_stable,,True,False,0.0,-0.2975242550000008,0.00236244755,0.0099245822130734,0.0,0.00102050355,0.00236244755,0.00236244755
exp_stable_Cs2As3_mp-15557,mp-15557,Cs2As3,exp_stable,,False,False,0.0,-0.432719623362069,0.01415886215,0.0385978849875964,-0.2336399999999998,0.0086588098999999,0.01415886215,0.0141683742
exp_stable_FeS_mp-505531,mp-505531,FeS,exp_stable,,True,False,0.0,-0.7574410312499991,0.01531992365,0.0736004018736488,0.0,0.0074194801,0.01531992365,0.01591966605
exp_stable_Ge2Os_mp-10032,mp-10032,Ge2Os,exp_stable,metallic,True,False,0.0,-0.0834786366666691,0.00232891055,0.0068563916448317,0.0,0.00120124775,0.00232891055,0.0028826087
exp_stable_HfTc2_mp-1095669,mp-1095669,HfTc2,exp_stable,metallic,True,False,0.0,-0.4099592916666665,0.00286905985,0.00984949654983,0.0,0.00270309775,0.00286905985,0.00286905985
exp_stable_Hg4Pt_mp-936,mp-936,Hg4Pt,exp_stable,metallic,True,False,0.0,-0.123063639999998,0.0,0.0,0.0,0.0,0.0,0.0
exp_stable_HgF2_mp-8177,mp-8177,HgF2,exp_stable,,False,False,0.0,-1.7027978508333357,0.03142325225,0.1659532730393452,-0.2799210000000001,0.02622704535,0.03142325225,0.03154792035
exp_stable_InBr_mp-22870,mp-22870,InBr,exp_stable,covalent,False,False,0.0,-0.9348113258333336,0.02805211115,0.0929308657987146,-0.2759499999999999,0.01498695805,0.02805211115,0.03547794225
exp_stable_KI_mp-22898,mp-22898,KI,exp_stable,ionic,False,False,0.0,-1.6699892911249994,0.00764280545,0.0614818232644196,-0.256609,0.00764280545,0.00764280545,0.00764280545
exp_stable_KN3_mp-827,mp-827,KN3,exp_stable,,False,False,0.0,-0.2211123337500016,0.0,0.0,-0.278652,0.0,0.0,0.0
exp_stable_Li2Se_mp-2286,mp-2286,Li2Se,exp_stable,,False,False,0.0,-1.4516769874652775,0.0,0.0,-0.36178,0.0,0.0,0.0
exp_stable_LiB_mp-1001835,mp-1001835,LiB,exp_stable,,True,False,0.0,-0.2246880620833335,0.0,0.0,0.0,0.0,0.0,0.0
exp_stable_Mg2Ni_mp-2137,mp-2137,Mg2Ni,exp_stable,metallic,True,False,0.0,-0.153033664444444,0.0170845814,0.6456757898715041,0.0,0.00715464415,0.0170845814,0.02091957595
exp_stable_MgP4_mp-384,mp-384,MgP4,exp_stable,,False,False,0.0,-0.2983330857142853,0.0069223896,0.0273158771999053,-0.2495799999999999,0.0020433555999999,0.0069223896,0.01338350215
exp_stable_MnAl12_mp-1104165,mp-1104165,MnAl12,exp_stable,metallic,True,False,0.0,-0.0988357390716185,0.0,0.0,0.0,0.0,0.0,0.0
exp_stable_MoSe2_mp-1634,mp-1634,MoSe2,exp_stable,covalent,False,False,0.0,-0.7499368427083345,0.0010883754999999,0.0034520917914234,-0.2023999999999999,0.0004200265,0.0010883754999999,0.0066671097
exp_stable_NaS_mp-2400,mp-2400,NaS,exp_stable,,False,False,0.0,-1.00427061140625,0.01463931565,0.127943678115714,-0.2266400000000001,0.0079105342999999,0.01463931565,0.01622630875
exp_stable_Na_mp-10172,mp-10172,Na,exp_stable,,True,False,0.0,0.0,0.00731714355,0.1167567185256103,0.0,0.00658974585,0.00731714355,0.00731714355
exp_stable_Nb3Ir_mp-1458,mp-1458,Nb3Ir,exp_stable,metallic,True,False,0.0,-0.402662928749999,0.0,0.0,0.0,0.0,0.0,0.0
exp_stable_NbGa3_mp-1973,mp-1973,NbGa3,exp_stable,metallic,True,False,0.0,-0.351950454999999,0.0,0.0,0.0,0.0,0.0,0.0
exp_stable_PI2_mp-29443,mp-29443,PI2,exp_stable,covalent,False,False,0.0,-0.3134069832142856,0.033738372,0.1080699958358691,-0.25563,0.0091500255,0.033738372,0.0489413665
exp_stable_PbSe_mp-2201,mp-2201,PbSe,exp_stable,covalent,False,False,0.0,-0.6725727545312452,0.0208756436,0.0806975283157447,-0.29258,0.00441418475,0.0208756436,0.0245992003
exp_stable_RbI_mp-22903,mp-22903,RbI,exp_stable,ionic,False,False,0.0,-1.6958504512500008,0.0068240814,0.0534007465372877,-0.2327159999999999,0.0068240814,0.0068240814,0.0068240814
exp_stable_Sc5Ge3_mp-17190,mp-17190,Sc5Ge3,exp_stable,metallic,True,False,0.0,-0.9092670950000006,0.0,0.0,0.0,0.0,0.0,0.0
exp_stable_ScAg2_mp-1018128,mp-1018128,ScAg2,exp_stable,metallic,True,False,0.0,-0.2906822483333329,0.0,0.0,0.0,0.0,0.0,0.0
exp_stable_ScTe_mp-10026,mp-10026,ScTe,exp_stable,,True,False,0.0,-1.3886115333333322,0.0,0.0,0.0,0.0,0.0,0.0004993796999999
exp_stable_SnPt_mp-19856,mp-19856,SnPt,exp_stable,metallic,True,False,0.0,-0.617788777499996,0.0,0.0,0.0,0.0,0.0,0.0014068232
exp_stable_SrO2_mp-2697,mp-2697,SrO2,exp_stable,ionic,False,False,0.0,-2.204479133333332,0.02269857605,0.1840922631792376,-0.2046900000000002,0.01379757615,0.02269857605,0.02796393775
exp_stable_SrSi_mp-2661,mp-2661,SrSi,exp_stable,metallic,True,False,0.0,-0.5268471175000009,0.0115883121,0.0564100282334615,0.0,0.00589637455,0.0115883121,0.0191970737499999
exp_stable_Ta5Ge3_mp-17593,mp-17593,Ta5Ge3,exp_stable,metallic,True,False,0.0,-0.4099343670833306,0.0,0.0,0.0,0.0,0.0,0.0
exp_stable_TaP_mp-1067587,mp-1067587,TaP,exp_stable,,True,False,0.0,-0.9955650676547628,0.0,0.0,0.0,0.0,0.0,0.0
exp_stable_TaSb2_mp-11697,mp-11697,TaSb2,exp_stable,metallic,True,False,0.0,-0.1680856907777771,6.45804e-05,0.0001847476828012,0.0,6.45804e-05,6.45804e-05,6.45804e-05
exp_stable_Te2Pd_mp-782,mp-782,Te2Pd,exp_stable,,True,False,0.0,-0.3444598000000051,0.0153566078,0.0291363560125981,0.0,0.00774393305,0.0153566078,0.0236060924
exp_stable_Te2Ru_mp-267,mp-267,Te2Ru,exp_stable,covalent,False,False,0.0,-0.4061187633333389,0.01549082995,0.0486429377315832,-0.1779100000000006,0.00562325835,0.01549082995,0.0261111467499999
exp_stable_TeO2_mp-8377,mp-8377,TeO2,exp_stable,covalent,False,False,0.0,-1.4950600038888868,0.01790821865,0.0771606646128656,-0.2529699999999995,0.0112457053999999,0.01790821865,0.0232411773
exp_stable_Ti3In_mp-866046,mp-866046,Ti3In,exp_stable,metallic,True,False,0.0,-0.1250645941666652,0.0,0.0,0.0,0.0,0.0,0.0
exp_stable_Ti3Pt_mp-2339,mp-2339,Ti3Pt,exp_stable,metallic,True,False,0.0,-0.6843641187500005,0.0,0.0,0.0,0.0,0.0,0.0
exp_stable_TiBe12_mp-1104067,mp-1104067,TiBe12,exp_stable,metallic,True,False,0.0,-0.1477148279487181,0.0,0.0,0.0,0.0,0.0,0.0
exp_stable_TiNi_mp-1048,mp-1048,TiNi,exp_stable,metallic,True,False,0.0,-0.3958550266666663,0.00086058855,0.0058635180895278,0.0,0.00074945535,0.00086058855,0.0010568375
exp_stable_TiO_mp-1071163,mp-1071163,TiO,exp_stable,,True,False,0.0,-2.9079562791666667,0.0002170235,0.0014900343288705,0.0,0.0001990001,0.0002170235,0.0002170234999999
exp_stable_TiSi2_mp-1077503,mp-1077503,TiSi2,exp_stable,metallic,True,False,0.0,-0.5380357655555557,0.0,0.0,0.0,0.0,0.0,0.0
exp_stable_TlCl_mp-571079,mp-571079,TlCl,exp_stable,,False,False,0.0,-1.3258213141666677,0.0313863837,0.1078940656583018,-0.2527500000000002,0.01749469465,0.0313863837,0.0323591575
exp_stable_VNi2_mp-11531,mp-11531,VNi2,exp_stable,metallic,True,False,0.0,-0.2168306000000015,0.01019953715,0.0917719736368544,0.0,0.00290186145,0.01019953715,0.0126000098
exp_stable_WO2_mp-1524394,mp-1524394,WO2,exp_stable,,True,False,0.0,-2.0675175558333336,0.00117696815,0.0038938931714418,0.0,0.0007749584,0.00117696815,0.00117696815
exp_stable_Zr2Au_mp-2348,mp-2348,Zr2Au,exp_stable,metallic,True,False,0.0,-0.468447070000001,0.0,0.0,0.0,0.0,0.0,0.0
exp_stable_Zr5Pb3_mp-681992,mp-681992,Zr5Pb3,exp_stable,metallic,True,False,0.0,-0.3752582550000056,0.0,0.0,0.0,0.0,0.0,0.0
exp_stable_ZrMo2_mp-2049,mp-2049,ZrMo2,exp_stable,metallic,True,False,0.0,-0.1390927483333352,6.78315e-05,0.0002125712942651,0.0,6.78315e-05,6.78315e-05,6.78315e-05
extension_Ag3As_mp-1183193,mp-1183193,Ag3As,extension,,True,True,0.0883969775000004,0.0883969775000004,0.0,0.0,0.0,0.0,0.0,0.0
extension_Ag3Pt_mp-12065,mp-12065,Ag3Pt,extension,metallic,True,False,0.0208054225000005,-0.0203912187499959,0.0008880643999999,0.0033364556486456,0.0,0.0,0.0008880643999999,0.00361795105
extension_Ag3Sb_mp-2273,mp-2273,Ag3Sb,extension,metallic,True,False,0.0508994350000016,0.0508994350000016,0.0001536841999999,0.0004903145737621,0.0,0.0,0.0001536841999999,0.0001536841999999
extension_AgH_mp-1096804,mp-1096804,AgH,extension,,False,True,0.1208983966666679,0.1208983966666679,0.0,0.0,-0.2877200000000002,0.0,0.0,0.0
extension_AgI_mp-22915,mp-22915,AgI,extension,,True,False,0.3927372599999996,-0.0750226383333325,0.0226208608,0.0699145751815793,0.0,0.01382292095,0.0226208608,0.02323509775
extension_AgN_anchor_mp-1091417,mp-1091417,AgN,extension,,True,False,1.520129764166667,1.520129764166667,0.0026465435,0.0088150534590147,0.0,0.00260473505,0.0026465435,0.0026465435
extension_AgN_poly_mp-1009766,mp-1009766,AgN,extension,,True,True,1.5494896491666663,1.5494896491666663,0.0089436942,0.0277220699274688,0.0,0.0059434332999999,0.0089436942,0.0089436942
extension_AgN_poly_mp-1424734,mp-1424734,AgN,extension,,True,True,1.9196186741666672,1.9196186741666672,0.0038225001,0.0107289213539912,0.0,0.003720858,0.0038225001,0.0038225001
extension_AgN_poly_mp-1428312,mp-1428312,AgN,extension,,True,True,1.6518583891666676,1.6518583891666676,0.00197819645,0.0082828641711677,0.0,0.0013506772,0.00197819645,0.00202249955
extension_AgPb3_mp-1183256,mp-1183256,AgPb3,extension,metallic,True,True,0.0850927583333387,0.0850927583333387,0.0,0.0,0.0,0.0,0.0,0.0
extension_AgPd_mp-1183222,mp-1183222,AgPd,extension,metallic,True,True,0.006955855000001,-0.0656381675000012,0.0105627533,0.0292038853714506,0.0,0.0,0.0105627533,0.0121332114
extension_Ag_mp-124,mp-124,Ag,extension,,True,False,0.0021267149999992,0.0021267149999992,0.0,0.0,0.0,0.0,0.0,0.0
extension_Al12Mo_mp-550,mp-550,Al12Mo,extension,metallic,True,False,0.0141426919230767,-0.1132426415384617,0.0,0.0,0.0,0.0,0.0,0.0
extension_Al2W_mp-12524,mp-12524,Al2W,extension,metallic,True,False,0.0931175611111143,-0.0582159708888872,0.0,0.0,0.0,0.0,0.0,0.0
extension_Al3Ag_mp-1183130,mp-1183130,Al3Ag,extension,metallic,True,True,0.0712581868749993,0.0471000101249998,0.0,0.0,0.0,0.0,0.0,0.0
extension_Al3As_mp-1183129,mp-1183129,Al3As,extension,,True,True,0.3636485250000003,0.0501271368750018,2.703344999999999e-05,0.0001102191462469,0.0,0.0,2.703344999999999e-05,2.703344999999999e-05
extension_AlAg2_mp-985805,mp-985805,AlAg2,extension,metallic,True,True,0.0076561579999996,-0.0567656466666666,0.0,0.0,0.0,0.0,0.0,0.0
extension_AlAg_mp-1228901,mp-1228901,AlAg,extension,metallic,True,True,0.018330401,-0.0299859525000005,0.0,0.0,0.0,0.0,0.0,0.0
extension_AlH3_mp-1106356,mp-1106356,AlH3,extension,covalent,False,False,0.0100144587500006,-0.0636176240624992,0.0,0.0,-0.2515212999999999,0.0,0.0,0.0
extension_Al_mp-134,mp-134,Al,extension,,True,False,0.0,0.0,0.0,0.0,0.0,0.0,0.0,0.0
extension_As3W2_mp-11696,mp-11696,As3W2,extension,,True,False,0.0,-0.0927698695000003,2.0024e-06,3.64775749626553e-06,0.0,2.0024e-06,2.0024e-06,2.0024e-06
extension_As4S3_mp-27543,mp-27543,As4S3,extension,covalent,False,False,0.0063556478571413,-0.1304276883482142,0.00585430345,0.0137160944894803,-0.2320899999999999,0.00448059975,0.00585430345,0.00585430345
extension_As4S3_mp-557321,mp-557321,As4S3,extension,covalent,False,False,0.0068404364285701,-0.1299428997767851,0.00428030305,0.0101043484573074,-0.2634700000000001,0.0031578942,0.00428030305,0.00428030305
extension_As_mp-158,mp-158,As,extension,,True,False,0.0,0.0,0.00251492195,0.0102834557981681,0.0,0.000581713,0.00251492195,0.0066878962999999
extension_Au2S_mp-947,mp-947,Au2S,extension,covalent,False,False,0.0,-0.1183418259375012,0.0078494364,0.0181204958677685,-0.2766099999999998,0.0048364566,0.0078494364,0.00825044795
extension_Au_mp-81,mp-81,Au,extension,,True,False,0.0,0.0,4.2551e-06,9.083553923661516e-06,0.0,4.2551e-06,4.2551e-06,0.0057951164
extension_BPd5_mp-1228665,mp-1228665,BPd5,extension,,True,True,0.1324951308333304,-0.0882113820833344,0.04285274705,0.0971365197434037,0.0,0.0184672717999999,0.04285274705,0.0526520875499999
extension_B_mp-160,mp-160,B,extension,covalent,False,False,0.0,0.0,0.0,0.0,-0.2358799999999998,0.0,0.0,0.0
extension_Ba3Ca_mp-1183342,mp-1183342,Ba3Ca,extension,metallic,True,True,0.0392140474999997,0.0392140474999997,0.1330218182499999,,0.0,0.0388612796,0.1330218182499999,0.1773417814999999
extension_Ba3N2_mp-1013528,mp-1013528,Ba3N2,extension,,True,True,0.6831039496666662,0.1128675839999999,0.03147150895,0.1654653467402733,0.0,0.0154493541,0.03147150895,0.06143794795
extension_Ba4Pd_mp-1214438,mp-1214438,Ba4Pd,extension,,False,True,0.1557169809999998,-0.0639634269999998,0.07397185625,0.1949295252714241,-0.0293499999999999,0.04784006255,0.07397185625,0.11532584475
extension_Ba5P4_exp_mp-17566,mp-17566,Ba5P4,extension,,False,False,3.472888887223746e-05,-1.0102398348412531,0.0489763011,0.2103793002577319,-0.3173599999999998,0.01768258385,0.0489763011,0.0649782922999999
extension_BaCl2_exp_mp-23199,mp-23199,BaCl2,extension,ionic,False,False,0.0067857724999997,-2.9614528075,0.03501535525,0.302743863479163,-0.230158,0.0248187650999999,0.03501535525,0.03545615915
extension_BaF3_exp_mp-1080821,mp-1080821,BaF3,extension,ionic,False,False,0.0,-3.19264289375,0.0214894995999999,0.316907529862852,0.0430200000000002,0.0069379702999999,0.0214894995999999,0.0254862159499999
extension_BaF3_theo_mp-1183303,mp-1183303,BaF3,extension,,True,True,0.0612079274999999,-3.13143496625,0.0196801617,0.2805440014255167,0.0,0.01370508945,0.0196801617,0.0203357161
extension_BaMg3_mp-1016218,mp-1016218,BaMg3,extension,metallic,True,True,0.1714063855113634,0.1205822262500002,0.05380982375,5.479615453156822,0.0,0.0273695517499999,0.05380982375,0.0877541488
extension_BaN2_exp_mp-1102371,mp-1102371,BaN2,extension,,True,False,2.056778179166667,1.3050746108333324,0.0133942984,0.1038962022959975,0.0,0.0115879851,0.0133942984,0.0133942983999999
extension_BaO_exp_mp-1008500,mp-1008500,BaO,extension,ionic,False,False,0.0188882974999984,-2.804754410000002,0.02902731875,0.1467805357504045,-0.2665599999999997,0.0151293436,0.02902731875,0.0394606688
extension_BaO_theo_mp-1950989,mp-1950989,BaO,extension,ionic,False,True,0.0434359774999997,-2.7802067300000006,0.0275362573,0.2224612804976571,-0.2779299999999999,0.0185277745,0.0275362573,0.0278093743
extension_BaP10_mp-28035,mp-28035,BaP10,extension,,False,False,0.0036162985064951,-0.2570918210389595,0.01439423015,0.0394438115529005,-0.3037600000000005,0.0077751361,0.01439423015,0.0177328527
extension_BaS3_exp_mp-556296,mp-556296,BaS3,extension,,False,False,0.0435679643749988,-1.3907245862499995,0.02578707925,0.1083855045813719,-0.2690299999999999,0.01912734335,0.02578707925,0.0439565317
extension_Ba_mp-122,mp-122,Ba,extension,,True,False,0.0,0.0,0.1516982985999999,8.239994492123845,0.0,0.1031224942999999,0.1516982985999999,0.2058644428
extension_Be12Mo_mp-1475,mp-1475,Be12Mo,extension,metallic,True,False,0.0,-0.1278044192307687,0.0,0.0,0.0,0.0,0.0,0.0
extension_Be3N2_exp_mp-18337,mp-18337,Be3N2,extension,,False,False,0.0,-1.2173527985000014,0.0,0.0,-0.2762000000000002,0.0,0.0,0.0
extension_Be3N2_theo_mp-1017550,mp-1017550,Be3N2,extension,,False,True,0.2080862134999996,-1.009266585000001,0.0,0.0,-0.2860500000000003,0.0,0.0,0.0
extension_Be3P2_exp_mp-567841,mp-567841,Be3P2,extension,,False,False,0.0,-0.2313616536071421,0.0,0.0,-0.4193699999999998,0.0,0.0,0.0
extension_Be3P2_mp-1084771,mp-1084771,Be3P2,extension,,False,True,0.1567252367499998,-0.0746364168571425,0.0,0.0,0.1069199999999996,0.0,0.0,0.0
extension_Be3P2_mp-567841,mp-567841,Be3P2,extension,,False,False,0.0,-0.2313616536071421,0.0,0.0,-0.4193699999999998,0.0,0.0,0.0
extension_Be3P2_theo_mp-1084771,mp-1084771,Be3P2,extension,,False,True,0.1567252367499998,-0.0746364168571425,0.0,0.0,0.1069199999999996,0.0,0.0,0.0
extension_BeCl2_exp_mp-23267,mp-23267,BeCl2,extension,ionic,False,False,0.0087075158333336,-1.837467066666666,0.00086134215,0.0020572312450739,-0.2417430000000001,0.00086134215,0.00086134215,0.00086134215
extension_BeCl2_theo_mp-1172909,mp-1172909,BeCl2,extension,ionic,False,True,3.1687985972222217,1.322624014722222,0.7653625216999999,0.8094791345319935,0.0204899999999996,0.6332738768499999,0.7653625216999999,0.90666365585
extension_BeF2_exp_mp-15951,mp-15951,BeF2,extension,ionic,False,False,0.0003967061111112,-3.550195442777778,0.0007979871,0.0035240553789083,-0.5079399999999996,0.0007979870999999,0.0007979871,0.0007979871
extension_BeF2_theo_mp-975644,mp-975644,BeF2,extension,,True,True,2.518145377222223,-1.0324467716666663,0.00881451915,0.0862984056197376,0.0,0.00479092635,0.00881451915,0.01407031105
extension_BeO_exp_mp-7599,mp-7599,BeO,extension,ionic,False,False,0.0153466312500007,-3.087509171249999,0.0,0.0,-0.3606699999999998,0.0,0.0,0.0
extension_BeO_theo_mp-1778,mp-1778,BeO,extension,ionic,False,True,0.0069736675000005,-3.095882134999999,0.0,0.0,-0.3915600000000001,0.0,0.0,0.0
extension_Be_mp-87,mp-87,Be,extension,,True,False,0.0,0.0,0.0,0.0,0.0,0.0,0.0,0.0
extension_Bi2O3_anchor_mp-558953,mp-558953,Bi2O3,extension,,True,False,0.600030676500003,-1.0416965385000012,0.00680250235,0.0328258570187714,0.0,0.0037298533,0.00680250235,0.0125829046499999
extension_Bi2O3_poly_mp-1383505,mp-1383505,Bi2O3,extension,,True,True,0.9067888160000024,-0.7349383990000014,0.0120461075,0.0609158407079646,0.0,0.0059815045,0.0120461075,0.0194588693
extension_Bi2O3_poly_mp-674644,mp-674644,Bi2O3,extension,,False,True,0.6198849705000029,-1.0218422445000015,0.00320339655,0.0130740206921883,-0.2693700000000003,0.002291053,0.00320339655,0.0203624683
extension_Bi2O3_poly_mp-714859,mp-714859,Bi2O3,extension,,False,True,2.402893258000003,0.7611660429999987,0.0140778668,0.0646218352077117,0.0735599999999996,0.00668732755,0.0140778668,0.025645051
extension_Br_mp-23154,mp-23154,Br,extension,,False,False,0.0,0.0,0.05943576185,0.4256661308458067,-0.220585,0.0359231032999999,0.05943576185,0.0674443121
extension_C(NO)2_mp-1197051,mp-1197051,C(NO)2,extension,covalent,False,False,1.1348039342500007,0.0735699232499982,0.00219921515,0.0043439570782388,-0.27427,0.00134239965,0.00219921515,0.00219921515
extension_C2N2O_mp-1214250,mp-1214250,C2N2O,extension,covalent,False,True,0.4720562601666653,-0.0585607453333333,0.000178996,0.0003039703834527,-0.2214799999999999,0.000178996,0.000178996,0.000178996
extension_C3N4_anchor_mp-571653,mp-571653,C3N4,extension,covalent,False,False,0.4981181882142849,0.4981181882142859,0.00319699055,0.0149826157559283,-0.2595000000000009,0.0014833577,0.00319699055,0.00393967115
extension_C3N4_mp-567885,mp-567885,C3N4,extension,covalent,False,True,0.1475561110714274,0.1475561110714279,0.00538545195,0.014258166185698,-0.3073199999999998,0.00330562025,0.00538545195,0.00593814205
extension_C3N4_mp-570572,mp-570572,C3N4,extension,covalent,False,False,0.1472676482142851,0.1472676482142856,0.0048310071,0.0134008518723994,-0.3008799999999998,0.00289759805,0.0048310071,0.0056347642999999
extension_C3N4_mp-971683,mp-971683,C3N4,extension,covalent,False,True,0.1216764853571419,0.1216764853571432,0.00338797325,0.0096279327346614,-0.3061600000000002,0.002114883,0.00338797325,0.00340624515
extension_C3N4_poly_mp-1182484,mp-1182484,C3N4,extension,covalent,False,True,0.5848164510714273,0.5848164510714285,0.0,0.0,-0.2651099999999999,0.0,0.0,0.0
extension_C3N4_poly_mp-2852,mp-2852,C3N4,extension,covalent,False,True,0.5033424574999987,0.5033424575,0.0023476546,0.0106349019252548,-0.3338999999999998,0.0013779512,0.0023476546,0.00264227695
extension_C3N4_poly_mp-563,mp-563,C3N4,extension,covalent,False,True,1.5118795946428565,1.5118795946428574,0.001774219,0.0086403964157007,-0.3119999999999994,0.000998747,0.001774219,0.0018640804
extension_CMcarbon_mp-1080826,mp-1080826,C,extension,covalent,False,True,0.3009154999999985,0.3009154999999985,0.0,0.0,-0.2417799999999985,0.0,0.0,0.0
extension_CWcarbon_mp-1190171,mp-1190171,C,extension,covalent,False,True,0.2926701068749988,0.2926701068749988,0.0,0.0,-0.3158999999999992,0.0,0.0,0.0
extension_Ca3N2_exp_mp-1047,mp-1047,Ca3N2,extension,,False,False,0.0166976637499995,-0.9430230205,0.0100647692,0.1047649547205162,-0.2539500000000001,0.00838318105,0.0100647692,0.0100647692
extension_Ca3N2_mp-844,mp-844,Ca3N2,extension,,False,False,0.0,-0.95972068425,0.00859659385,0.0836895818730529,-0.28125,0.00849722475,0.00859659385,0.00859659385
extension_Ca3N2_theo_mp-1013524,mp-1013524,Ca3N2,extension,,True,True,0.5111703895000002,-0.4485502947499995,0.0007204049999999,0.0089602611940298,0.0,0.0004420425499999,0.0007204049999999,0.01068014105
extension_Ca3Zn_mp-1039229,mp-1039229,Ca3Zn,extension,metallic,True,True,0.1588404112499999,0.0249392575,0.0264161688499999,0.2003501619264315,0.0,0.0213625211999999,0.0264161688499999,0.0370091855999999
extension_CaCl2_exp_mp-23214,mp-23214,CaCl2,extension,ionic,False,False,0.0011452108333331,-2.8042218233333327,0.0223021858,0.2048327130786186,-0.2721679999999999,0.01249083985,0.0223021858,0.0249073135
extension_CaCl2_theo_mp-1120739,mp-1120739,CaCl2,extension,ionic,False,True,0.0421854308333342,-2.7631816033333325,0.0217945015999999,0.3236486724086723,-0.2741399999999999,0.00987192175,0.0217945015999999,0.0267574289999999
extension_CaF2_exp_mp-10464,mp-10464,CaF2,extension,ionic,False,False,0.0346417016666666,-4.187573868333334,0.0136761026499999,0.2423551772107035,-0.217936,0.01002985035,0.0136761026499999,0.0139359287
extension_CaF2_theo_mp-554355,mp-554355,CaF2,extension,ionic,False,True,0.2402514599999996,-3.98196411,0.0077326847,0.1286422342372317,-0.251549,0.0038423451,0.0077326847,0.01495251615
extension_CaN6_mp-656097,mp-656097,CaN6,extension,,False,True,0.0792059214285725,-0.1947650882142864,0.00015018,0.0004339333699326,-0.26698,0.00015018,0.00015018,0.00015018
extension_CaN6_mp-676,mp-676,CaN6,extension,,False,False,0.0406129899999996,-0.2333580196428581,0.0001128853,0.0003365190043225,-0.2951300000000001,0.0001128853,0.0001128853,0.0001128853
extension_CaN_mp-1058549,mp-1058549,CaN,extension,,True,False,0.3981682884374997,-0.4413817726562499,0.00418299075,0.0450365067829457,0.0,0.00415895955,0.00418299075,0.00418299075
extension_CaNi_mp-1059707,mp-1059707,CaNi,extension,metallic,True,False,0.1656498062499993,0.023789325,0.0179313611,0.5038314442259062,0.0,0.00883461275,0.0179313611,0.01810056405
extension_CaO_exp_mp-1079707,mp-1079707,CaO,extension,ionic,False,False,0.2097698550000002,-3.0962495374999994,0.0178321072,0.1805417353447403,-0.3440229999999999,0.00620620455,0.0178321072,0.01957446875
extension_CaO_mp-2605,mp-2605,CaO,extension,ionic,False,False,0.0,-3.3060193925,0.00540399475,0.089737541514447,-0.26682,0.00237272685,0.00540399475,0.00540399475
extension_CaO_theo_mp-1181903,mp-1181903,CaO,extension,,True,True,2.72813205125,-0.5778873412500003,0.00919706285,0.1864773489456609,0.0,0.0040248209,0.00919706285,0.0227978250499999
extension_Ca_mp-21,mp-21,Ca,extension,,True,False,0.0056160399999996,0.0056160399999996,0.0659248206,3.2205579189057167,0.0,0.0273208628499999,0.0659248206,0.08097150485
extension_CdIn3_mp-1183674,mp-1183674,CdIn3,extension,metallic,True,True,0.0641602675000001,0.0641602675000001,6.508449999999997e-06,1.709106903705259e-05,0.0,6.508449999999997e-06,6.508449999999997e-06,6.508449999999997e-06
extension_CdP4_mp-7904,mp-7904,CdP4,extension,covalent,False,False,0.0,-0.1207425323809516,0.00366330305,0.0094281380774675,-0.2235000000000004,0.0010448053999999,0.00366330305,0.007072834
extension_CdSb3_mp-1183739,mp-1183739,CdSb3,extension,metallic,True,True,0.1319331468749993,0.0839982221874997,0.01089829975,0.0377953866828507,0.0,0.00711919345,0.01089829975,0.0126952641
extension_Cd_mp-94,mp-94,Cd,extension,,True,False,0.0,0.0,0.0,0.0,0.0,0.0,0.0,0.0
extension_Cdiamond_mp-66,mp-66,C,extension,covalent,False,False,0.1122649000000013,0.1122649000000013,0.0,0.0,-0.2705999999999999,0.0,0.0,0.0
extension_Cgraphite_mp-48,mp-48,C,extension,,True,False,0.0031218549999998,0.0031218549999998,0.0,0.0,0.0,0.0,0.0,0.0
extension_Cl_mp-22848,mp-22848,Cl2,extension,,False,False,0.0,0.0,0.0767585757499999,0.4555134754613969,-0.26210525,0.0513050986,0.0767585757499999,0.0772454698999999
extension_Clonsdaleite_mp-47,mp-47,C,extension,covalent,False,False,0.1394772175000014,0.1394772175000014,8.2602e-06,3.652208515718264e-05,-0.3114000000000008,7.75955e-06,8.2602e-06,8.2602e-06
extension_CoGe_mp-21237,mp-21237,CoGe,extension,metallic,True,False,0.0,-0.0724745737500018,8.51096e-05,0.0002101627281033,0.0,3.0039e-06,8.51096e-05,8.510959999999999e-05
extension_CoRe_mp-1225995,mp-1225995,CoRe,extension,metallic,True,True,0.1217252000000002,0.1184565329166673,0.00319676765,0.0086422483103541,0.0,0.00296045745,0.00319676765,0.00319676765
extension_CoSn_mp-20536,mp-20536,CoSn,extension,metallic,True,False,0.0,-0.095879675833333,0.0014783598,0.0034878492898598,0.0,0.00085629835,0.0014783598,0.0014783598
extension_Co_mp-102,mp-102,Co,extension,,True,False,0.0,0.0,0.00595816385,0.0189058031096303,0.0,0.0002423053,0.00595816385,0.00647703575
extension_Cr5Si3_mp-7506,mp-7506,Cr5Si3,extension,metallic,True,False,0.0547373332499994,-0.121995866875002,0.00134642505,0.0056851963433686,0.0,0.0013216414,0.00134642505,0.00134642505
extension_CrRe3_mp-1183703,mp-1183703,CrRe3,extension,metallic,True,True,0.1330999237500023,0.1330999237500023,0.0015629434,0.0060431635927773,0.0,0.00092864625,0.0015629434,0.0015629434
extension_CrW_mp-1226162,mp-1226162,CrW,extension,metallic,True,True,0.1211949699999976,0.1211949699999976,0.0,0.0,0.0,0.0,0.0,0.0
extension_Cr_mp-90,mp-90,Cr,extension,,True,False,0.0,0.0,0.0017954911999999,0.0114713212369026,0.0,0.00162777555,0.0017954911999999,0.0017954911999999
extension_Cs2S_exp_mp-1077814,mp-1077814,Cs2S,extension,,False,False,0.066724820000001,-1.1257135284374986,0.01781353665,0.0682014497109384,-0.25183,0.0091539577,0.01781353665,0.0178135366499999
extension_CsCl_exp_mp-573697,mp-573697,CsCl,extension,ionic,False,False,0.00714125,-2.2486625248275875,0.0094074185,0.0489995234126777,-0.28959,0.0094074185,0.0094074185,0.0094074185
extension_CsF_exp_mp-8455,mp-8455,CsF,extension,ionic,False,False,0.1087716699999994,-2.7259756223275877,0.0145482967,0.0523169472813578,-0.2893099999999999,0.0137293151,0.0145482967,0.0145482967
extension_CsN3_exp_mp-510557,mp-510557,CsN3,extension,,False,False,0.0,-0.2168547903124995,0.0,0.0,-0.267278,0.0,0.0,0.0
extension_CsN3_mp-1225892,mp-1225892,CsN3,extension,,False,True,0.0112978124999987,-0.2055569778125008,0.0,0.0,-0.299186,0.0,0.0,0.0
extension_CsN3_mp-510557,mp-510557,CsN3,extension,,False,False,0.0,-0.2168547903124995,0.0,0.0,-0.267278,0.0,0.0,0.0
extension_CsN3_theo_mp-1225892,mp-1225892,CsN3,extension,,False,True,0.0112978124999987,-0.2055569778125008,0.0,0.0,-0.299186,0.0,0.0,0.0
extension_CsO2_exp_mp-1441,mp-1441,CsO2,extension,,True,False,0.0348599883333324,-0.9756556932183914,0.0311936797499999,0.1142625631868131,0.0,0.014443964,0.0311936797499999,0.05384351965
extension_CsO2_theo_mp-1096936,mp-1096936,CsO2,extension,,True,True,0.0940473483333335,-0.916468333218391,0.0295437135999999,0.1196634679411883,0.0,0.0124290433,0.0295437135999999,0.0403286155999999
extension_CsP7_exp_mp-1201790,mp-1201790,CsP7,extension,,False,False,0.0,-0.2463414672916659,0.00285255415,0.006222442139476,-0.2182499999999998,0.0012470557,0.00285255415,0.0078693770499999
extension_CsP7_mp-1201790,mp-1201790,CsP7,extension,,False,False,0.0,-0.2463414672916659,0.00285255415,0.006222442139476,-0.2182499999999998,0.0012470557,0.00285255415,0.0078693770499999
extension_CsP7_mp-1213206,mp-1213206,CsP7,extension,,False,True,8.425187500016307e-05,-0.2462572154166658,0.0028593406,0.0063672492039103,-0.2419700000000002,0.0012853631,0.0028593406,0.0080621222499999
extension_CsP7_theo_mp-1213206,mp-1213206,CsP7,extension,,False,True,8.425187500016307e-05,-0.2462572154166658,0.0028593406,0.0063672492039103,-0.2419700000000002,0.0012853631,0.0028593406,0.0080621222499999
extension_CsRb_mp-1225895,mp-1225895,CsRb,extension,metallic,True,True,0.0344804714224128,0.0344804714224128,0.0165381583,0.1759191394532496,0.0,0.0132316131,0.0165381583,0.0376427107499999
extension_Cs_mp-1,mp-1,Cs,extension,,True,False,0.0193414500000024,0.0193414500000024,0.02086121165,0.1696309290128476,0.0,0.00654947215,0.02086121165,0.05735117345
extension_Cu2S_mp-12087,mp-12087,Cu2S,extension,,True,False,0.0942642177083339,-0.1178100580208318,0.0162838463,0.1576364598257502,0.0,0.0044759596,0.0162838463,0.0462103737
extension_Cu2S_mp-553942,mp-553942,Cu2S,extension,,True,False,0.2384562743750002,0.0263819986458339,0.0125878496,0.15044639177722,0.0,0.00382875485,0.0125878496,0.0319514672
extension_Cu3Te2_mp-1225676,mp-1225676,Cu3Te2,extension,,True,True,0.0212578780000001,-0.0461058239999999,0.0206614518,0.1596958710774463,0.0,0.00914821935,0.0206614518,0.04518152935
extension_Cu7Te4_mp-624307,mp-624307,Cu7Te4,extension,,True,False,0.1459016827272741,0.0846619536363613,0.0175421909,0.1434240119368817,0.0,0.00645895975,0.0175421909,0.04104077255
extension_CuH_mp-1225705,mp-1225705,CuH,extension,,True,True,0.0982054649999994,0.0982054649999994,0.00429487345,0.1097310539090444,0.0,0.0016896009,0.00429487345,0.0081579208499999
extension_CuNi_mp-1184069,mp-1184069,CuNi,extension,metallic,True,True,0.0596835599999998,0.0596835599999998,0.0287028338,0.4477821185647426,0.0,0.01482836675,0.0287028338,0.0388880216999999
extension_Cu_mp-30,mp-30,Cu,extension,,True,False,0.0,0.0,0.0080790510499999,0.1640749603980503,0.0,0.0057068100999999,0.0080790510499999,0.0433803160999999
extension_F_mp-561203,mp-561203,F2,extension,,False,False,0.0030982875,0.0030982875,0.0410424402,0.4568901280195926,-0.2736099999999997,0.0335852459,0.0410424402,0.04104819815
extension_Fe_mp-13,mp-13,Fe,extension,,True,False,0.0,0.0,0.0118463596499999,0.0921608810487008,0.0,0.00720595535,0.0118463596499999,0.0140841023499999
extension_Ga2Au7_mp-571598,mp-571598,Ga2Au7,extension,metallic,True,False,0.0176603709259239,-0.0849347496296273,0.0,0.0,0.0,0.0,0.0,0.0
extension_Ga3Hg_mp-1184289,mp-1184289,Ga3Hg,extension,metallic,True,True,0.0870753443750018,0.0870753443750018,0.0,0.0,0.0,0.0,0.0,0.0
extension_Ga3Pb_mp-1184425,mp-1184425,Ga3Pb,extension,metallic,True,True,0.0910919393750013,0.0910919393750013,0.00127487175,0.0042180775211752,0.0,0.0006771015,0.00127487175,0.00127487175
extension_Ga3Re_mp-1188393,mp-1188393,Ga3Re,extension,metallic,True,False,0.0385729517187485,-0.1107117587499999,0.0,0.0,0.0,0.0,0.0,0.0
extension_GaSb_mp-1224785,mp-1224785,GaSb,extension,metallic,True,True,0.1847465150000005,-0.0445254050000016,0.00126407405,0.0029874366034079,0.0,0.00123779235,0.00126407405,0.0012640740499999
extension_Ga_mp-142,mp-142,Ga,extension,,True,False,0.0,0.0,0.0,0.0,0.0,0.0,0.0,0.0
extension_Ge3Mo5_mp-17094,mp-17094,Ge3Mo5,extension,metallic,True,False,0.0425097624999999,-0.111207846874997,0.00223279085,0.0068406582414215,0.0,0.0019156396999999,0.00223279085,0.0022327908499999
extension_Ge3O_mp-1184665,mp-1184665,Ge3O,extension,,True,True,0.89046678375,0.0817209099999995,0.00180653065,0.0091479170042535,0.0,0.0011852468,0.00180653065,0.0019687283
extension_GeAs_mp-7591,mp-7591,GeAs,extension,,True,False,0.1054438066666687,0.0451492220833351,0.0017251723,0.0063406803146133,0.0,0.00156221335,0.0017251723,0.0017251723
extension_GeSb_mp-9935,mp-9935,GeSb,extension,metallic,True,True,0.0494254924999992,0.0494254924999992,0.00284153965,0.0101356862850008,0.0,0.0018978611,0.00284153965,0.00284153965
extension_GeTe_mp-938,mp-938,GeTe,extension,covalent,False,False,0.0,-0.0354679950000011,0.01989744085,0.0714065704288534,-0.2343400000000004,0.0059660957499999,0.01989744085,0.0263520041499999
extension_Ge_mp-32,mp-32,Ge,extension,,True,False,0.0,0.0,0.000541925,0.001517572108653,0.0,0.0005379194,0.000541925,0.000541925
extension_H2CN2_mp-703527,mp-703527,H2CN2,extension,covalent,False,False,0.1874176477499949,-0.12882059975,0.0,0.0,-0.2670999999999999,0.0,0.0,0.0
extension_H2CN5_mp-1212563,mp-1212563,H2CN5,extension,covalent,False,True,0.1617986478124971,-0.0358502568750003,0.00121424475,0.0040205448495082,-0.296133,0.0011141219,0.00121424475,0.0036623047999999
extension_H3Pd4_mp-1224413,mp-1224413,H3Pd4,extension,,True,True,0.0130569764285706,-0.0635278566071438,0.01702820375,0.1005206832939787,0.0,0.00513328185,0.01702820375,0.0211818799
extension_H4N_mp-1238814,mp-1238814,H4N,extension,,True,True,0.3245114000000004,0.0453762785000002,0.0052249814,0.0498424248783745,0.0,0.0038825133,0.0052249814,0.00890027375
extension_H9CN9_mp-1202455,mp-1202455,H9CN9,extension,covalent,False,False,0.1523291407017541,-0.1374064066447371,0.0008478059,0.0041710415231722,-0.269958,0.0006685809,0.0008478059,0.0013399202499999
extension_HC2N3_mp-1103408,mp-1103408,HC2N3,extension,covalent,False,True,0.2897617915277699,0.0995443147916657,0.00095643805,0.0044922176036823,-0.26342,0.00052365365,0.00095643805,0.00095643805
extension_HC2_mp-995184,mp-995184,HC2,extension,,True,True,0.1491960781249988,0.0427113235416645,0.0,0.0,0.0,0.0,0.0,0.0
extension_HC3_mp-995200,mp-995200,HC3,extension,,True,True,0.1376740154687485,0.0578104495312477,0.0,0.0,0.0,0.0,0.0,0.0
extension_HC6_mp-995202,mp-995202,HC6,extension,,True,True,0.0857463320535707,0.0401100086607136,0.0,0.0,0.0,0.0,0.0,0.0
extension_HC_mp-995197,mp-995197,HC,extension,covalent,False,True,0.1098043665624999,-0.0499227653125,0.0,0.0,-0.2861889999999999,0.0,0.0,0.0
extension_HN_mp-1224501,mp-1224501,HN,extension,covalent,False,True,0.1923862111458332,-0.0402263901041664,0.0047072898499999,0.0231021292206517,-0.268449,0.0027491079,0.0047072898499999,0.0064069207
extension_HN_mp-23922,mp-23922,HN,extension,covalent,False,False,0.1681552468749991,-0.0644573543750004,0.0,0.0,-0.2768879,0.0,0.0,0.0
extension_HN_mp-720515,mp-720515,HN,extension,covalent,False,False,0.1478446383333338,-0.0847679629166655,0.0,0.0,-0.2279397,0.0,0.0,0.0
extension_H_mp-730101,mp-730101,H2,extension,,False,False,0.0,0.0,0.0,0.0,-0.2316199999999995,0.0,0.0,0.0
extension_Hf3Pb_mp-1184772,mp-1184772,Hf3Pb,extension,metallic,True,True,0.0,-0.0715145925000086,0.0,0.0,0.0,0.0,0.0,0.0
extension_HfCd_mp-1007758,mp-1007758,HfCd,extension,metallic,True,False,0.0,-0.095908780000002,0.0,0.0,0.0,0.0,0.0,0.0
extension_HfCr2_mp-569624,mp-569624,HfCr2,extension,metallic,True,False,0.1030547933333316,0.1030547933333328,0.0,0.0,0.0,0.0,0.0,0.0
extension_HfCu3_mp-1184704,mp-1184704,HfCu3,extension,metallic,True,True,0.0724953200762206,-0.089767235,0.0021018497,0.019610465571935,0.0,0.00099421405,0.0021018497,0.00330988055
extension_HfMg15_mp-1023478,mp-1023478,HfMg15,extension,metallic,True,True,0.0712011403125001,0.0712011403125001,0.01387394855,1.0039036577424023,0.0,0.00392288575,0.01387394855,0.0248729948999999
extension_HfW2_mp-1224230,mp-1224230,HfW2,extension,metallic,True,True,0.2690691899999962,0.1002866716666706,0.0,0.0,0.0,0.0,0.0,0.0
extension_Hf_mp-103,mp-103,Hf,extension,,True,False,0.0,0.0,0.0,0.0,0.0,0.0,0.0,0.0
extension_Hg3Pb_mp-1184700,mp-1184700,Hg3Pb,extension,metallic,True,True,0.0683460781249962,0.0683460781249962,0.0,0.0,0.0,0.0,0.0,0.0
extension_Hg3Sb_mp-977242,mp-977242,Hg3Sb,extension,metallic,True,True,0.1257160649999988,0.1257160649999988,4.154979999999999e-05,0.0001130237745498,0.0,4.154979999999999e-05,4.154979999999999e-05,4.154979999999999e-05
extension_Hg5Pd2_mp-30721,mp-30721,Hg5Pd2,extension,metallic,True,False,0.0396781074999952,-0.0555878989285777,0.0,0.0,0.0,0.0,0.0,0.00173020895
extension_Hg_mp-10861,mp-10861,Hg,extension,,True,False,0.0029604591666583,0.002960459166663,0.0,0.0,0.0,0.0,0.0,0.0
extension_I_mp-23153,mp-23153,I,extension,,False,False,0.0,0.0,0.0687695137,0.4981493205360377,-0.2553399999999999,0.0375447947,0.0687695137,0.0855243852999999
extension_In2Te3_mp-1105025,mp-1105025,In2Te3,extension,,True,False,0.3077599069777754,-0.1388392915555565,0.01206024395,0.0223660916694484,0.0,0.0085463344,0.01206024395,0.01206024395
extension_In7Cu10_mp-646039,mp-646039,In7Cu10,extension,metallic,True,False,0.0,-0.0438224738235315,0.0043126399,0.0229640037273695,0.0,0.0025686961,0.0043126399,0.00529210435
extension_InNi_mp-20997,mp-20997,InNi,extension,metallic,True,False,0.0921875400000011,-0.121018259999996,0.0019223999999999,0.0080549736026145,0.0,0.0005003744,0.0019223999999999,0.001929909
extension_InSn4_mp-1223653,mp-1223653,InSn4,extension,metallic,True,True,0.1478455520000032,0.1478455520000011,0.0,0.0,0.0,0.0,0.0,0.0
extension_In_mp-1055994,mp-1055994,In,extension,,True,False,0.004489730000003,0.004489730000003,9.0112e-06,2.7147074772549253e-05,0.0,0.0,9.0112e-06,9.0112e-06
extension_Ir3Ru_mp-974358,mp-974358,Ir3Ru,extension,metallic,True,True,0.0,-0.0410198437500071,0.0134508113999999,0.0317206192811998,0.0,0.00783888365,0.0134508113999999,0.0156352807999999
extension_Ir4W_mp-1223666,mp-1223666,Ir4W,extension,metallic,True,True,0.2319650820000021,-0.0646568429999888,0.0495309151,0.042233405042676,0.0,0.03391155345,0.0495309151,0.052127799
extension_IrPd_mp-1223675,mp-1223675,IrPd,extension,metallic,True,True,0.1100063050000059,0.1100063050000059,0.03365332405,0.0756322457074793,0.0,0.0179164773,0.03365332405,0.0486618067
extension_Ir_mp-101,mp-101,Ir,extension,,True,False,0.0,0.0,0.0189316472,0.0317410757159144,0.0,0.0067445081,0.0189316472,0.02537420115
extension_K2O_exp_mp-971,mp-971,K2O,extension,ionic,False,False,0.0,-1.2338780364999995,0.0008174970499999,0.0059497601892285,-0.293364,0.0005046048,0.0008174970499999,0.0008174970499999
extension_K2O_theo_mp-1223784,mp-1223784,K2O,extension,,True,True,0.1999645533333338,-1.033913483166666,0.0085964827,0.0830658295487486,0.0,0.00709657865,0.0085964827,0.0085964827
extension_K2S_exp_mp-1022,mp-1022,K2S,extension,,False,False,0.0,-1.247886656770833,0.0,0.0,-0.2986248,0.0,0.0,0.0
extension_K3Rb_mp-976115,mp-976115,K3Rb,extension,metallic,True,True,0.0374039251875006,0.0374039251875006,0.0090881143,0.1129659950279677,0.0,0.0090881143,0.0090881143,0.009538662
extension_KCl_exp_mp-23289,mp-23289,KCl,extension,ionic,False,False,0.07764382,-2.170105033625,0.0170341148,0.1374494860001613,-0.267537,0.0163592684,0.0170341148,0.0170341148
extension_KF3_exp_mp-1544557,mp-1544557,KF3,extension,ionic,False,False,0.0124910390624997,-1.458083969375,0.0238090426,0.4748512684483447,0.1349999999999998,0.0184504297999999,0.0238090426,0.02710645425
extension_KF3_theo_mp-2749823,mp-2749823,KF3,extension,ionic,False,True,0.0119280090625002,-1.4586469993749995,0.023331442,0.4732544016227181,0.1340400000000001,0.0181022401,0.023331442,0.02665062815
extension_KMg15_mp-1023498,mp-1023498,KMg15,extension,metallic,True,True,0.1010596635625002,0.1010596635625002,0.0174375100499999,4.884456596638655,0.0,0.0078516771,0.0174375100499999,0.0310922367999999
extension_KN2_anchor_mp-1071868,mp-1071868,KN2,extension,,True,False,1.1629511857777777,0.9664068891111092,0.0046683345,0.0202267525996533,0.0,0.0034750486,0.0046683345,0.0166597091
extension_KN2_poly_mp-1180757,mp-1180757,KN2,extension,,True,True,1.2293322591111109,1.0327879624444425,0.00988763105,0.0410513619945196,0.0,0.00744974055,0.00988763105,0.00988763105
extension_KN3_mp-827,mp-827,KN3,extension,,False,False,0.0,-0.2211123337500016,0.0,0.0,-0.278652,0.0,0.0,0.0
extension_KN3_theo_mp-636056,mp-636056,KN3,extension,,True,True,1.0369771337499998,0.8158647999999982,0.00447478205,0.0090377727621586,0.0,0.00447478205,0.00447478205,0.00447478205
extension_KP15_mp-1211471,mp-1211471,KP15,extension,,False,True,0.0,-0.1233385955245527,0.00683858925,0.0164420784045008,-0.2315300000000002,0.00197402725,0.00683858925,0.00795498775
extension_KP_exp_mp-1058315,mp-1058315,KP,extension,,True,False,1.008041285,0.4714537278869057,0.00225807465,0.0190233753159224,0.0,0.00225807465,0.00225807465,0.0022580746499999
extension_KP_theo_mp-1057787,mp-1057787,KP,extension,,True,True,1.0092306499999992,0.472643092886905,0.00203527825,0.0169705515717501,0.0,0.00203527825,0.00203527825,0.00203527825
extension_Li2O_exp_mp-1960,mp-1960,Li2O,extension,ionic,False,False,0.0,-2.0615979138888885,0.0,0.0,-0.37788,0.0,0.0,0.0
extension_Li2O_theo_mp-755894,mp-755894,Li2O,extension,ionic,False,True,0.0843597108333336,-1.9772382030555544,0.0,0.0,-0.2819100000000003,0.0,0.0,0.0
extension_Li2S_exp_mp-1125,mp-1125,Li2S,extension,,False,False,0.0615092883333332,-1.4419439997222228,0.0,0.0,-0.3496299999999999,0.0,0.0,0.0
extension_Li2S_theo_mp-557142,mp-557142,Li2S,extension,,False,True,0.1749633300000002,-1.3284899580555554,0.0,0.0,-0.2234800000000001,0.0,0.0,0.0
extension_Li3Ca_mp-976075,mp-976075,Li3Ca,extension,metallic,True,True,0.0600475589583333,0.045540925,0.0,0.0,0.0,0.0,0.0,0.0
extension_Li3N_exp_mp-2341,mp-2341,Li3N,extension,,False,False,0.00392716125,-0.4785742609375001,0.0,0.0,-0.3541099999999999,0.0,0.0,0.0
extension_LiCl_exp_mp-22905,mp-22905,LiCl,extension,ionic,False,False,0.0243146387499999,-2.1164624016666664,0.0,0.0,-0.3133699999999999,0.0,0.0,0.0
extension_LiCl_theo_mp-1185319,mp-1185319,LiCl,extension,ionic,False,True,0.0038527562499997,-2.1369242841666667,0.0,0.0,-0.22485,0.0,0.0,0.0
extension_LiF_exp_mp-1138,mp-1138,LiF,extension,ionic,False,False,0.0,-3.164395454166666,1.80243e-05,0.0001376636370579,-0.449019,1.80243e-05,1.80243e-05,1.80243e-05
extension_LiF_theo_mp-1009009,mp-1009009,LiF,extension,ionic,False,True,0.2875420599999998,-2.876853394166666,0.00284329905,0.0248605320451167,-0.457927,0.00237997465,0.00284329905,0.00284329905
extension_LiN3_mp-2659,mp-2659,LiN3,extension,,False,False,0.0,-0.2058215257291671,0.0,0.0,-0.3721099999999999,0.0,0.0,0.0
extension_LiP5_exp_mp-2412,mp-2412,LiP5,extension,,False,False,0.0076949386904754,-0.2390524727579356,0.00088584045,0.0026210623723999,-0.2680100000000003,0.00063028415,0.00088584045,0.00088584045
extension_LiP5_mp-2412,mp-2412,LiP5,extension,,False,False,0.0076949386904754,-0.2390524727579356,0.00088584045,0.0026210623723999,-0.2680100000000003,0.00063028415,0.00088584045,0.00088584045
extension_LiP5_mp-32760,mp-32760,LiP5,extension,,False,True,0.0963066060119057,-0.1504408054365065,0.00228884455,0.0063526076880377,-0.2739200000000004,0.0015536848,0.00228884455,0.0023066167499999
extension_LiP5_theo_mp-32760,mp-32760,LiP5,extension,,False,True,0.0963066060119057,-0.1504408054365065,0.00228884455,0.0063526076880377,-0.2739200000000004,0.0015536848,0.00228884455,0.0023066167499999
extension_LiRh3_mp-1001787,mp-1001787,LiRh3,extension,metallic,True,False,0.0,-0.146932781666667,0.01497922905,0.0814177032829655,0.0,0.0086740211,0.01497922905,0.0167356411
extension_LiS4_mp-1143546,mp-1143546,LiS4,extension,,False,True,0.212306888031251,-0.2454370955833326,0.0419187964999999,0.030381223183742,-0.3933900000000001,0.02945153725,0.0419187964999999,0.0494864386
extension_Li_mp-1018134,mp-1018134,Li,extension,,True,False,0.0,0.0,0.0,0.0,0.0,0.0,0.0,0.0
extension_Mg15Ni_mp-1023622,mp-1023622,Mg15Ni,extension,metallic,True,True,0.0760831498958336,0.0473893378125001,0.01766179465,3.2054073774954626,0.0,0.01109550965,0.01766179465,0.0259846705
extension_Mg2Ge_mp-250,mp-250,Mg2Ge,extension,metallic,True,False,0.4831721600000005,0.1392754333333326,0.00714974195,0.1144141774683949,0.0,0.0066896144,0.00714974195,0.0087457261
extension_Mg3Al_mp-978271,mp-978271,Mg3Al,extension,metallic,True,True,0.0275074255208336,0.0218695112500002,0.010259627,0.1539790935014258,0.0,0.0052762961,0.010259627,0.01711406985
extension_Mg3Ru2_mp-625,mp-625,Mg3Ru2,extension,metallic,True,False,0.0,-0.1251691264999991,0.0140889292,0.181581765691455,0.0,0.0075462164,0.0140889292,0.0250938796499999
extension_Mg3Zr_mp-1094466,mp-1094466,Mg3Zr,extension,metallic,True,True,0.0647688737499998,0.0647688737499998,0.0049291372499999,0.0887173731101511,0.0,0.0023561888,0.0049291372499999,0.00640421475
extension_Mg5Sc_mp-1185837,mp-1185837,Mg5Sc,extension,metallic,True,True,0.0599288583333335,0.0489273033333338,0.00835391695,0.2961331779510812,0.0,0.0028487622,0.00835391695,0.0171949471999999
extension_Mg5Te_mp-1185828,mp-1185828,Mg5Te,extension,,True,True,0.2243247558333343,-0.1328651786111108,0.01913812185,1.0311488065732757,0.0,0.0095321764499999,0.01913812185,0.0352243082999999
extension_MgAl2_mp-1102064,mp-1102064,MgAl2,extension,metallic,True,False,0.0416055058333331,0.0297132024999999,0.00069111,0.0036765081391637,0.0,0.00069111,0.00069111,0.00069111
extension_MgCd_mp-11307,mp-11307,MgCd,extension,metallic,True,False,0.0,-0.0946318283333322,0.000451305,0.0026153511821974,0.0,0.0003902302,0.000451305,0.000451305
extension_MgCl2_exp_mp-23210,mp-23210,MgCl2,extension,ionic,False,False,0.0,-2.255453941666667,0.0270557326999999,0.2882562614532282,-0.2558749999999999,0.016081871,0.0270557326999999,0.02779591795
extension_MgCl2_theo_mp-569626,mp-569626,MgCl2,extension,ionic,False,True,0.1991308233333337,-2.0563231183333333,0.0175356063,0.1897792889610389,-0.243238,0.0115119372499999,0.0175356063,0.0209133042
extension_MgF2_exp_mp-1072956,mp-1072956,MgF2,extension,ionic,False,False,0.0024727899999996,-3.814811965,0.0064615737,0.1329541913580247,-0.3496699999999999,0.00296342875,0.0064615737,0.0095221519999999
extension_MgF2_theo_mp-1062842,mp-1062842,MgF2,extension,ionic,False,True,0.2636488999999997,-3.553635855,0.00673388485,0.1522125870253164,-0.236819,0.0023337055999999,0.00673388485,0.0131734631
extension_MgIn2_mp-1077016,mp-1077016,MgIn2,extension,metallic,True,False,0.1897874227777776,0.1391122588888901,0.00337671855,0.0117631106737267,0.0,0.00172240115,0.00337671855,0.0045409277999999
extension_MgO_exp_mp-549706,mp-549706,MgO,extension,ionic,False,False,0.1180419924999993,-2.9202671775000004,0.0044818324,0.0811926159420289,-0.31974,0.00218571655,0.0044818324,0.0044818324
extension_MgO_theo_mp-1009127,mp-1009127,MgO,extension,ionic,False,True,0.7484379050000003,-2.2898712649999995,0.0111574440999999,0.2734667671568627,-0.3562899999999995,0.0050419815,0.0111574440999999,0.0147301525
extension_MgPb2_mp-2016042,mp-2016042,MgPb2,extension,metallic,True,True,0.0341904800000065,-0.0498013516666683,0.01755795505,0.0627899547616493,0.0,0.0106263223,0.01755795505,0.0184570817
extension_MgS_exp_mp-1315,mp-1315,MgS,extension,,False,False,0.0,-1.661984376249999,0.01792976645,0.2438097151210226,-0.2011700000000003,0.0064118109,0.01792976645,0.02519220705
extension_MgS_theo_mp-13032,mp-13032,MgS,extension,,False,True,0.0343442349999998,-1.6276401412499992,0.01650789175,0.1623993285784555,-0.3165899999999999,0.0118155114,0.01650789175,0.01650789175
extension_MgTi_mp-1094346,mp-1094346,MgTi,extension,metallic,True,True,0.1257091633333322,0.1257091633333331,7.910135e-05,0.0009396691613209,0.0,7.910135e-05,7.910135e-05,7.910135e-05
extension_MgTl3_mp-978262,mp-978262,MgTl3,extension,metallic,True,True,0.0513578208333296,0.0428634837499952,5.557215e-05,0.0001577768156265,0.0,5.557215e-05,5.557215e-05,5.557215e-05
extension_Mg_mp-153,mp-153,Mg,extension,,True,False,0.0,0.0,0.0014821364999999,,0.0,0.0010588526999999,0.0014821364999999,0.02335476985
extension_Mn2O7_mp-28338,mp-28338,Mn2O7,extension,,False,False,0.3346113968981488,-0.8804072191235627,0.0062377724,0.0256719581858589,-0.34742,0.0045934782,0.0062377724,0.0062377724
extension_Mn4B_mp-1221769,mp-1221769,Mn4B,extension,,True,True,0.1030640468275869,-0.1082091105689642,0.0017086395999999,0.0085184943663376,0.0,0.0016167664,0.0017086395999999,0.0017086395999999
extension_Mn4Ga_mp-1221812,mp-1221812,Mn4Ga,extension,metallic,True,True,0.1642719892413762,0.0552155003448262,0.00164056595,0.007264605898242,0.0,0.00151690735,0.00164056595,0.00164056595
extension_MnO2_mp-510408,mp-510408,MnO2,extension,,True,False,0.0464430447222223,-1.7760848793103463,0.0070012634499999,0.0547872560450739,0.0,0.00335266675,0.0070012634499999,0.0139136572499999
extension_Mn_mp-35,mp-35,Mn,extension,,True,False,0.0,0.0,0.0059364153,0.0410853020970309,0.0,0.004287595,0.0059364153,0.0059672022
extension_Mo2C_mp-1221498,mp-1221498,Mo2C,extension,,True,True,0.0627639299999991,-0.0762856866666676,0.0014380551,0.0056513994340957,0.0,0.0011769685,0.0014380551,0.0014380551
extension_MoPd2_mp-1206704,mp-1206704,MoPd2,extension,metallic,True,True,0.0,-0.0780441333333357,0.0004320450499999,0.0013007919853074,0.0,0.00023630145,0.0004320450499999,0.0004320450499999
extension_MoRu_mp-1221386,mp-1221386,MoRu,extension,metallic,True,True,0.0999591491666649,0.0654167566666608,0.00480571895,0.01823179540195,0.0,0.0027637,0.00480571895,0.00480571895
extension_Mo_mp-129,mp-129,Mo,extension,,True,False,0.0,0.0,0.00418221605,0.0139184506456336,0.0,0.0019399099499999,0.00418221605,0.00439549295
extension_N2O_mp-1180473,mp-1180473,N2O,extension,covalent,False,False,0.2568286241666655,-0.0860143283333343,0.0004866022,0.0012597462914541,-0.266702,0.0004808453,0.0004866022,0.0004866022
extension_N2_mp-1059834,mp-1059834,N2,extension,,True,True,1.100957405,1.100957405,0.0040881309,0.0159313000272787,0.0,0.0014528,0.0040881309,0.0074903645499999
extension_NO_mp-1180334,mp-1180334,NO,extension,,True,True,0.6216735074999997,0.1074090787499999,0.00987105825,0.042698582273553,0.0,0.00511936535,0.00987105825,0.01223602865
extension_Na2Cl_theo_mp-1077015,mp-1077015,Na2Cl,extension,,True,True,0.2391079012068968,-1.1609046559195402,0.0058736597499999,0.0900729911056586,0.0,0.00398932045,0.0058736597499999,0.0058736597499999
extension_Na2O_exp_mp-2352,mp-2352,Na2O,extension,ionic,False,False,0.0,-1.4257386859195398,0.0,0.0,-0.2418749999999999,0.0,0.0,0.0
extension_Na2O_theo_mp-1975297,mp-1975297,Na2O,extension,ionic,False,True,0.0981246116666674,-1.3276140742528726,1.877625e-05,0.0003408905228758,-0.22175,1.877625e-05,1.877625e-05,1.877625e-05
extension_Na3Hg_mp-1186050,mp-1186050,Na3Hg,extension,metallic,True,True,0.0212153714583358,-0.1304229293750012,6.557905000000001e-05,0.0010093743266122,0.0,6.33259e-05,6.557905000000001e-05,6.557905000000001e-05
extension_Na3In_mp-864758,mp-864758,Na3In,extension,metallic,True,True,0.0403653525000002,-0.0915088524999987,0.0005346616999999,0.0055170952430089,0.0,0.0,0.0005346616999999,0.0005346616999999
extension_Na3Mg_mp-982637,mp-982637,Na3Mg,extension,metallic,True,True,0.0997337498958574,0.0997337498958574,0.0070168907499999,0.1585379744690465,0.0,0.0061665532,0.0070168907499999,0.00783590235
extension_Na3Si34_mp-1221235,mp-1221235,Na3Si34,extension,metallic,True,True,0.0517897437499996,0.0405419705405396,0.00123455395,0.0032857476113166,0.0,0.0011554492499999,0.00123455395,0.00123455395
extension_NaN3_exp_mp-22003,mp-22003,NaN3,extension,,False,False,0.0017140024999999,-0.1652483190625,6.658915e-05,0.0002045623924797,-0.229151,6.658915e-05,6.658915e-05,6.658915e-05
extension_NaN3_mp-1066400,mp-1066400,NaN3,extension,,False,False,0.0029249474999994,-0.1640373740625005,0.0,0.0,-0.272602,0.0,0.0,0.0
extension_NaN3_mp-22003,mp-22003,NaN3,extension,,False,False,0.0017140024999999,-0.1652483190625,6.658915e-05,0.0002045623924797,-0.229151,6.658915e-05,6.658915e-05,6.658915e-05
extension_NaN3_mp-634410,mp-634410,NaN3,extension,,False,True,0.2695652075000003,0.1026028859375003,0.0,0.0,-0.2659349999999999,0.0,0.0,0.0
extension_NaN3_theo_mp-1065265,mp-1065265,NaN3,extension,,False,True,1.0162235174999994,0.8492611959374994,0.0001421917,0.0005942233273433,0.137382,0.0001421917,0.0001421917,0.0001421917
extension_NaP15_mp-1194653,mp-1194653,NaP15,extension,,False,False,0.0,-0.096047332790178,0.00726028345,0.0186037089376313,-0.2904,0.0023854564,0.00726028345,0.00803001355
extension_NaP5_mp-31086,mp-31086,NaP5,extension,,False,False,0.0099604150000001,-0.2311929974801584,0.00830687165,0.0284735437375745,-0.2358799999999998,0.00427440535,0.00830687165,0.0097832178
extension_NaS_exp_mp-409,mp-409,NaS,extension,,False,False,0.0022865549999995,-1.0019840564062494,0.0161731236,0.112626208913649,-0.2431799999999997,0.0063706253999999,0.0161731236,0.02106122685
extension_NaS_theo_mp-1180106,mp-1180106,NaS,extension,,False,True,1.0060650862499996,0.0017944748437495,0.0,0.0,-0.00218,0.0,0.0,0.0
extension_Nb3Ni_mp-999394,mp-999394,Nb3Ni,extension,metallic,True,True,0.2131534637500003,0.1014711649999995,0.0,0.0,0.0,0.0,0.0,0.0
extension_Nb4Rh_mp-1220441,mp-1220441,Nb4Rh,extension,metallic,True,True,0.0801166279999989,-0.1236687819999986,7.28373e-05,0.0001717577286768,0.0,7.28373e-05,7.28373e-05,7.28373e-05
extension_NbCd3_mp-11309,mp-11309,NbCd3,extension,metallic,True,False,0.1448710650000002,0.1448710650000002,0.0,0.0,0.0,0.0,0.0,0.0
extension_NbO_anchor_mp-2692,mp-2692,NbO,extension,,True,False,0.7887604083333315,-1.4989005225000014,0.0051960064,0.0291976084513373,0.0,0.00418396365,0.0051960064,0.0053028873
extension_NbO_poly_mp-634965,mp-634965,NbO,extension,,True,True,0.8240059083333318,-1.4636550225000011,0.0,0.0,0.0,0.0,0.0,0.0
extension_NbP_anchor_mp-9830,mp-9830,NbP,extension,,True,False,0.6020631175000002,-0.3866001523214279,3.404419999999999e-05,0.0001308084223468,0.0,3.404419999999999e-05,3.404419999999999e-05,3.404419999999999e-05
extension_NbP_poly_mp-1220317,mp-1220317,NbP,extension,,True,True,0.6208620024999991,-0.367801267321429,0.0021939924,0.0084312981323495,0.0,0.002024266,0.0021939924,0.0021939923999999
extension_NbZn16_mp-640041,mp-640041,NbZn16,extension,metallic,True,False,0.0,-0.0462786888235309,0.0,0.0,0.0,0.0,0.0,0.0
extension_Nb_mp-75,mp-75,Nb,extension,,True,False,0.0,0.0,0.0,0.0,0.0,0.0,0.0,0.0
extension_Ni3Mo_mp-11506,mp-11506,Ni3Mo,extension,metallic,True,False,0.0,-0.0524486662499992,0.01843053765,0.1370300197026022,0.0,0.0069518864499999,0.01843053765,0.0294040017
extension_NiSb3_mp-1106023,mp-1106023,NiSb3,extension,metallic,True,False,0.0156113550000007,-0.1256994862499993,0.0151256893,0.0546724835538205,0.0,0.0121095484,0.0151256893,0.0204065124
extension_Ni_mp-23,mp-23,Ni,extension,,True,False,0.0,0.0,0.03191821735,0.3799335477919295,0.0,0.01062341115,0.03191821735,0.04254870745
extension_O2_mp-1524462,mp-1524462,O2,extension,,False,False,0.0,0.0,0.03001306235,0.1270663096951735,-0.3070639999999999,0.018151677,0.03001306235,0.04065982365
extension_OsC_anchor_mp-7142,mp-7142,OsC,extension,,True,False,0.91608526125,0.91608526125,0.0084556142,0.0402035669456067,0.0,0.0033071980499999,0.0084556142,0.0137885554
extension_OsC_poly_mp-1009537,mp-1009537,OsC,extension,,True,True,1.4795162512500006,1.4795162512500006,0.0097889700999999,0.0446353112033195,0.0,0.0052105246999999,0.0097889700999999,0.01208160515
extension_OsC_poly_mp-1009539,mp-1009539,OsC,extension,,True,True,1.3918186662499998,1.3918186662499998,0.0167884711,0.0828364883801253,0.0,0.0084617398,0.0167884711,0.01950713975
extension_OsC_poly_mp-999308,mp-999308,OsC,extension,,True,True,0.9277737837499984,0.9277737837499984,0.01302032645,0.0525182577040981,0.0,0.00798376575,0.01302032645,0.0178230614
extension_Os_mp-49,mp-49,Os,extension,,True,False,0.0,0.0,0.0154854461,0.0538380770434238,0.0,0.0077117215,0.0154854461,0.02718460005
extension_P4Se5_mp-2447,mp-2447,P4Se5,extension,covalent,False,False,0.009741896444444,-0.0726989163574734,0.01600294535,0.034838239577664,-0.2789299999999999,0.0097398759,0.01600294535,0.0168402546999999
extension_PNO_mp-675742,mp-675742,PNO,extension,covalent,False,True,1.4997472041111104,0.0787531845634919,0.01454019575,0.0405584260808926,-0.1627999999999998,0.00881398875,0.01454019575,0.0197617334
extension_PW3_mp-1209828,mp-1209828,PW3,extension,,True,True,0.0579996031249976,-0.1241299288690527,0.0,0.0,0.0,0.0,0.0,0.0
extension_P_mp-568348,mp-568348,P,extension,covalent,False,False,0.0,0.0,0.00901002995,0.0209447904365614,-0.2449400000000001,0.0054338517999999,0.00901002995,0.0090453238
extension_Pb2Au_mp-22795,mp-22795,Pb2Au,extension,metallic,True,False,0.0,-0.0892133133333364,0.0,0.0,0.0,0.0,0.0,0.0
extension_PbAu3_mp-982246,mp-982246,PbAu3,extension,metallic,True,True,0.081645635000001,0.0289006534375033,0.00386601205,0.011171185164851,0.0,0.0020522097,0.00386601205,0.00621715495
extension_PbN6_mp-620058,mp-620058,PbN6,extension,covalent,False,False,0.1096255538095221,0.1096255538095187,0.0003594486,0.0007673147614473,-0.3231300000000001,0.0003594486,0.0003594486,0.0003594486
extension_PbN6_mp-667338,mp-667338,PbN6,extension,covalent,False,False,0.1093108311904735,0.1093108311904713,0.00034467455,0.0007466144265135,-0.2715800000000001,0.00034467455,0.00034467455,0.00034467455
extension_Pb_mp-20483,mp-20483,Pb,extension,,True,False,0.0,0.0,0.0157228469999999,0.0276382488398256,0.0,0.0101656186499999,0.0157228469999999,0.0170196524
extension_Pd_mp-2,mp-2,Pd,extension,,True,False,0.0,0.0,0.0410341243,0.1263910685024333,0.0,0.02773864945,0.0410341243,0.04399233405
extension_Pt_mp-126,mp-126,Pt,extension,,True,False,0.0,0.0,0.0427388963499999,0.0926568450548497,0.0,0.02514163775,0.0427388963499999,0.05031161055
extension_Rb2O_exp_mp-1394,mp-1394,Rb2O,extension,ionic,False,False,0.0031695866666665,-1.1299987866666663,0.0064349174,0.0368277765695644,-0.2834099999999999,0.00316489675,0.0064349174,0.0064349174
extension_Rb2O_theo_mp-2023482,mp-2023482,Rb2O,extension,ionic,False,True,0.0478534288888869,-1.0192492748611115,0.0117725223,0.0635905704099821,-0.283984,0.0111247207,0.0117725223,0.01179154755
extension_Rb3In_mp-974948,mp-974948,Rb3In,extension,metallic,True,True,0.1663419189204544,0.1090734077083337,0.0073089587999999,0.0341492258094659,0.0,0.0068088561999999,0.0073089587999999,0.0352177089
extension_Rb3Li_mp-974938,mp-974938,Rb3Li,extension,metallic,True,True,0.1451489935416667,0.1451489935416667,0.0040091446499999,0.0185017520420877,0.0,0.0039428019,0.0040091446499999,0.0111428514
extension_Rb3P11_mp-1173444,mp-1173444,Rb3P11,extension,,True,True,0.2738384557142836,-0.0435105366836729,0.0101144046499999,0.0355477617474431,0.0,0.0041256331499999,0.0101144046499999,0.01708761885
extension_Rb3P_mp-974822,mp-974822,Rb3P,extension,,False,True,0.1185726052083335,-0.0611259942857138,0.0114627595999999,0.0666245835512932,-0.2255100000000001,2.65318e-05,0.0114627595999999,0.01159491885
extension_RbCl_exp_mp-23299,mp-23299,RbCl,extension,ionic,False,False,0.0297740400000012,-2.2150984737499986,0.01640944235,0.1018650589732447,-0.2907309999999999,0.01585803145,0.01640944235,0.01640944235
extension_RbF_exp_mp-2064,mp-2064,RbF,extension,ionic,False,False,0.051583325000001,-2.8214060062499984,0.00635152185,0.044713282998944,-0.21554,0.0062909432,0.00635152185,0.00635152185
extension_RbF_theo_mp-11718,mp-11718,RbF,extension,ionic,False,True,0.0,-2.8729893312499994,0.00636196025,0.0398369458359424,-0.2555999999999998,0.0063604584,0.00636196025,0.00636196025
extension_RbN3_exp_mp-581833,mp-581833,RbN3,extension,,False,False,0.0193360262500004,-0.3916182831250001,0.0,0.0,-0.2845884999999999,0.0,0.0,0.0
extension_RbN3_theo_mp-1219567,mp-1219567,RbN3,extension,,False,True,0.79660387875,0.3856495693749995,0.0067419127,0.0216170087854303,-0.3041859999999999,0.005884583,0.0067419127,0.01278422715
extension_RbP15_mp-1209298,mp-1209298,RbP15,extension,,False,True,0.0,-0.1010248766964272,0.0066305813,0.0155885301516398,-0.2208199999999998,0.0017968005499999,0.0066305813,0.00775249115
extension_RbP_exp_mp-1179688,mp-1179688,RbP,extension,,True,False,0.9878872979166672,0.6284900989285722,0.0020773586,0.0137618986419344,0.0,0.0020773586,0.0020773586,0.0020773586
extension_RbP_theo_mp-1058499,mp-1058499,RbP,extension,,True,True,0.9881531929166671,0.6287559939285723,0.0015008755,0.0098508499606195,0.0,0.0015008755,0.0015008755,0.0015008755
extension_RbS_exp_mp-558071,mp-558071,RbS,extension,,False,False,0.0018650299999998,-1.1575999733333306,0.0621118979,0.1964323146742568,-0.2936539999999999,0.0597069995,0.0621118979,0.0621118979
extension_RbS_theo_mp-1179684,mp-1179684,RbS,extension,,False,True,0.9974513208333312,-0.1620136824999991,0.049807896,0.0849775578796512,0.0093800000000001,0.04975607355,0.049807896,0.049807896
extension_Rb_mp-70,mp-70,Rb,extension,,True,False,0.0092124725,0.0092124725,0.0098891873,0.1306538155634826,0.0,0.00838679535,0.0098891873,0.01370119545
extension_Re2Si_mp-669547,mp-669547,Re2Si,extension,metallic,True,False,0.3323728517857134,0.1351910124999994,0.0058542992,0.0189594507416283,0.0,0.0040239896499999,0.0058542992,0.0058878393999999
extension_Re3N5_mp-1080194,mp-1080194,Re3N5,extension,,True,True,0.1538086874999997,0.1093222767187533,0.01178524305,0.0269112484872011,0.0,0.0101053776,0.01178524305,0.01190689305
extension_Re3Pd_mp-862586,mp-862586,Re3Pd,extension,metallic,True,True,0.0,-0.0574469531249945,0.0007271615999999,0.0020414418865805,0.0,0.00069662195,0.0007271615999999,0.0007271616
extension_Re5Si3_mp-1105959,mp-1105959,Re5Si3,extension,metallic,True,False,0.1583016488839259,-0.0635279203125023,0.0079249058,0.0250677098753716,0.0,0.0050197393,0.0079249058,0.008341423
extension_ReC_anchor_mp-1079494,mp-1079494,ReC,extension,,True,False,0.636191904375,0.5961835281250032,0.0056485903,0.021083909895114,0.0,0.0044480869499999,0.0056485903,0.0057612316999999
extension_ReC_poly_mp-1009731,mp-1009731,ReC,extension,,True,True,1.1149929443750004,1.0749845681250036,0.0035672116,0.0148664788497603,0.0,0.0026492955,0.0035672116,0.0040332981
extension_Re_mp-8,mp-8,Re,extension,,True,False,0.0035870224999996,0.0035870224999996,0.0067606707499999,0.0205341718806949,0.0,0.00430159335,0.0067606707499999,0.0072407461499999
extension_Rh_mp-74,mp-74,Rh,extension,,True,False,0.0,0.0,0.0356691608999999,0.185226987069637,0.0,0.01872579625,0.0356691608999999,0.05848280395
extension_RuC_anchor_mp-10030,mp-10030,RuC,extension,,True,False,0.6494276712500024,0.6494276712500024,0.00796371095,0.0418350018386215,0.0,0.00369587355,0.00796371095,0.0136485998
extension_RuC_poly_mp-1009787,mp-1009787,RuC,extension,,True,True,0.9096720512499984,0.9096720512499984,0.01618828795,0.0862225723035952,0.0,0.0065791869499999,0.01618828795,0.0191897465
extension_RuRh3_mp-974335,mp-974335,RuRh3,extension,metallic,True,True,0.0347198320833364,0.0343501037500004,0.0239736847499999,0.1382007537326338,0.0,0.01161743255,0.0239736847499999,0.0333286043
extension_Ru_mp-33,mp-33,Ru,extension,,True,False,0.0,0.0,0.02052719275,0.0874539568421949,0.0,0.01237964995,0.02052719275,0.0277337013999999
extension_SN_anchor_mp-236,mp-236,SN,extension,covalent,False,False,0.5086555859375004,0.5086555859375004,0.01729887825,0.0439682753405856,-0.223088,0.0071663399999999,0.01729887825,0.0187531991
extension_SN_poly_mp-1078816,mp-1078816,SN,extension,,True,True,0.8090262296875004,0.8090262296875004,0.0087556893,0.0359075184547244,0.0,0.00616916675,0.0087556893,0.00899498475
extension_SN_poly_mp-1173453,mp-1173453,SN,extension,,True,True,0.7225484081597227,0.7225484081597229,0.01844734445,0.0458011878988008,0.0,0.0101070675999999,0.01844734445,0.02368084275
extension_SN_poly_mp-684642,mp-684642,SN,extension,,True,True,0.5498053901041668,0.5498053901041671,0.01291570945,0.0332750468890892,0.0,0.0058432695,0.01291570945,0.0206961426
extension_S_mp-77,mp-77,S,extension,covalent,False,False,0.0,0.0,0.0317349749,0.0879743156931777,-0.2814000000000001,0.00716715235,0.0317349749,0.04710630045
extension_Sb2S5_mp-1359089,mp-1359089,Sb2S5,extension,,True,True,0.0801219044642849,-0.1250516849553581,0.0297244279,0.069039875272913,0.0,0.0177496367,0.0297244279,0.032832298
extension_Sb_mp-104,mp-104,Sb,extension,,True,False,0.0,0.0,0.0118441101499999,0.0425038044570444,0.0,0.0038272712999999,0.0118441101499999,0.0225902624
extension_ScOs3_mp-981384,mp-981384,ScOs3,extension,metallic,True,True,0.384095409375,0.0990333162500007,0.0059121500499999,0.0252354022963974,0.0,0.00460323535,0.0059121500499999,0.00595620285
extension_Sc_mp-67,mp-67,Sc,extension,,True,False,0.0,0.0,0.0,0.0,0.0,0.0,0.0,0.0
extension_Se_mp-14,mp-14,Se,extension,covalent,False,False,0.0010810776041676,0.001081077604167,0.02084837815,0.0827940834359239,-0.2732699999999997,0.0088732834499999,0.02084837815,0.0305435571
extension_Si3H_mp-995193,mp-995193,Si3H,extension,covalent,False,True,0.0314724854687495,0.0289045415625004,2.2531e-06,7.801592797783934e-06,-0.21598,2.2531e-06,2.2531e-06,2.2531e-06
extension_Si3Pt_mp-972763,mp-972763,Si3Pt,extension,metallic,True,True,0.2618652343750014,-0.0866415774999964,0.0014110199,0.0034381576510721,0.0,0.00118121915,0.0014110199,0.0014110199
extension_Si3W5_mp-31219,mp-31219,Si3W5,extension,metallic,True,False,0.0250654600000004,-0.1436224025000001,0.0,0.0,0.0,0.0,0.0,0.0
extension_SiH2_mp-1192532,mp-1192532,SiH2,extension,covalent,False,False,0.0443419594999996,0.0374941090833327,0.0,0.0,-0.25017,0.0,0.0,0.0
extension_SiO2_anchor_mp-9258,mp-9258,SiO2,extension,covalent,False,False,0.5770440263888901,-2.6957873175,0.0056542875999999,0.0264033976184917,-0.2815899999999995,0.0030020111,0.0056542875999999,0.0071637116999999
extension_SiO2_poly_mp-10064,mp-10064,SiO2,extension,covalent,False,True,1.27794353388889,-1.9948878100000005,0.00324804195,0.0239601796252581,-0.2692600000000009,0.00118022355,0.00324804195,0.0075865080499999
extension_SiO2_poly_mp-556044,mp-556044,SiO2,extension,,True,True,1.4573660394444454,-1.8154653044444444,0.0038248681499999,0.0116750653215713,0.0,0.0038248681499999,0.0038248681499999,0.0102793872499999
extension_SiO2_poly_mp-638049,mp-638049,SiO2,extension,,True,True,1.7447606447222237,-1.5280706991666666,0.0108653638999999,0.0488023890585698,0.0,0.00782605235,0.0108653638999999,0.0177227262499999
extension_SiTc3_mp-972784,mp-972784,SiTc3,extension,metallic,True,True,0.1528513418749995,-0.1073577218749974,0.00737196315,0.0256541033894766,0.0,0.00522599595,0.00737196315,0.00739298835
extension_SiTe2_mp-2755,mp-2755,SiTe2,extension,,True,False,0.0482593716666635,0.0482593716666646,0.0257454464499999,0.0694996394827772,0.0,0.01211931195,0.0257454464499999,0.03175268905
extension_Sn3S_mp-1187038,mp-1187038,Sn3S,extension,,True,True,0.3167847331250009,0.0807441755468758,0.0050496068,0.0176202344894968,0.0,0.0043521867999999,0.0050496068,0.0113806495499999
extension_Sn3Se_mp-1187055,mp-1187055,Sn3Se,extension,,True,True,0.2596551493749999,0.0328819952343764,0.0058735944,0.0214427365654205,0.0,0.00517791105,0.0058735944,0.0125238455999999
extension_SnP_mp-475,mp-475,SnP,extension,,True,False,0.0407851024999992,0.0362221410119047,0.0033654159499999,0.0104685079942764,0.0,0.0032828108,0.0033654159499999,0.0033654159499999
extension_SnPb3_mp-1187118,mp-1187118,SnPb3,extension,metallic,True,True,0.0892519800000002,0.0892519800000002,0.00801278185,0.0218314084679726,0.0,0.0045070106,0.00801278185,0.00819900505
extension_Sn_mp-623511,mp-623511,Sn,extension,,True,False,0.0614070049999995,0.0614070049999995,0.0073309014,0.0234776666132906,0.0,0.0060630293,0.0073309014,0.0079686789
extension_Snalpha_mp-117,mp-117,Sn,extension,,True,False,0.0,0.0,5.4315800000000006e-05,0.0001489614129391,0.0,5.4315800000000006e-05,5.4315800000000006e-05,5.4315800000000006e-05
extension_Sr3N2_mp-1013529,mp-1013529,Sr3N2,extension,,True,True,0.5582295490000018,-0.1124812825000006,0.0105390790499999,0.0857602656847587,0.0,0.0026372527999999,0.0105390790499999,0.02175993845
extension_Sr3P4_exp_mp-14288,mp-14288,Sr3P4,extension,,False,False,0.0,-1.1078930374149658,0.02267528065,0.1223772499865076,-0.3025700000000002,0.0135180109,0.02267528065,0.02603222915
extension_Sr3P4_theo_mp-682953,mp-682953,Sr3P4,extension,,False,True,0.0081151678571433,-1.0997778695578222,0.02305164565,0.1250360471360382,-0.3305500000000001,0.01346135525,0.02305164565,0.0267742724
extension_SrB2_mp-1008755,mp-1008755,SrB2,extension,,True,True,0.5325422407407405,0.1288652857407406,0.0008182568499999,0.0052161461719895,0.0,0.0003101358,0.0008182568499999,0.00087482465
extension_SrF2_exp_mp-1102240,mp-1102240,SrF2,extension,ionic,False,False,0.0645727883333329,-4.164941925,0.0161555253,0.2090247806960797,-0.2492100000000001,0.01093500955,0.0161555253,0.0161580283
extension_SrF2_theo_mp-1102911,mp-1102911,SrF2,extension,ionic,False,True,0.0266591666666657,-4.202855546666667,0.01535342165,0.2166420438831663,-0.320028,0.0113170988,0.01535342165,0.0156114848
extension_SrN6_mp-2131,mp-2131,SrN6,extension,,False,False,0.0091742992857142,-0.2579300017857154,6.758099999999999e-06,1.5897671136203246e-05,-0.29955,6.758099999999999e-06,6.758099999999999e-06,6.758099999999999e-06
extension_SrN_exp_mp-1058586,mp-1058586,SrN,extension,,True,False,0.4343258274999986,-0.2345016418750027,0.0069315759999999,0.0462074261715885,0.0,0.0067783770999999,0.0069315759999999,0.0070224384999999
extension_SrO10_mp-1208655,mp-1208655,SrO10,extension,,True,True,0.6930220472727271,0.0918004654545457,0.01702283285,0.1157228609789259,0.0,0.0111454447,0.01702283285,0.0212405977
extension_SrO2_exp_mp-726705,mp-726705,SrO2,extension,ionic,False,False,0.0096023608333313,-2.1948767725,0.0342976589,0.2388582693780904,-0.21994,0.0225488815,0.0342976589,0.03625060495
extension_SrO2_theo_mp-2763179,mp-2763179,SrO2,extension,ionic,False,True,0.0110303724999996,-2.193448760833332,0.0339365081499999,0.2326649400109694,-0.21441,0.0143524263999999,0.0339365081499999,0.0398058931
extension_SrS_exp_mp-10627,mp-10627,SrS,extension,,False,False,0.2996298049999986,-2.125360496406252,0.03293984535,0.2376097911707423,-0.2969900000000001,0.01032888535,0.03293984535,0.0476777022
extension_Sr_mp-139,mp-139,Sr,extension,,True,False,0.0,0.0,0.0855430673,4.904992391055046,0.0,0.0298050989,0.0855430673,0.1074050486
extension_TaBe12_mp-567842,mp-567842,TaBe12,extension,metallic,True,False,0.0,-0.1386066982564108,0.0,0.0,0.0,0.0,0.0,0.0
extension_TaN_anchor_mp-1497,mp-1497,TaN,extension,,True,False,0.4515790083333364,-0.9071271397083316,0.00026007495,0.000939882729211,0.0,0.00026007495,0.00026007495,0.0005404389499999
extension_TaN_poly_mp-1009831,mp-1009831,TaN,extension,,True,True,0.8162796533333321,-0.5424264947083373,5.556884999999999e-05,0.000191702659813,0.0,5.556884999999999e-05,5.556884999999999e-05,5.556884999999999e-05
extension_TaN_poly_mp-1009833,mp-1009833,TaN,extension,,True,True,0.4916975933333347,-0.8670085547083346,0.0,0.0,0.0,0.0,0.0,0.0
extension_Ta_mp-50,mp-50,Ta,extension,,True,False,0.0091499126666647,0.0091499126666647,0.0,0.0,0.0,0.0,0.0,0.0
extension_Tc3Mo_mp-1187395,mp-1187395,Tc3Mo,extension,metallic,True,True,0.1169424187499998,0.1169424187499998,0.0016721121499999,0.0068347114244839,0.0,0.0016600977499999,0.0016721121499999,0.0016721121499999
extension_Tc3Os_mp-862779,mp-862779,Tc3Os,extension,metallic,True,True,0.0,-0.0684459837500028,0.0068968481499999,0.0251967271299137,0.0,0.00513110205,0.0068968481499999,0.0072407643999999
extension_Tc3W_mp-1187398,mp-1187398,Tc3W,extension,metallic,True,True,0.1072392750000048,0.1072392750000048,0.0,0.0,0.0,0.0,0.0,0.0
extension_Tc_mp-113,mp-113,Tc,extension,,True,False,0.0,0.0,0.0068281954,0.0239855114514542,0.0,0.00495237045,0.0068281954,0.0068281954
extension_Te2Pd7_mp-1217443,mp-1217443,Te2Pd7,extension,,True,True,0.1144196097729981,-0.1310569760513755,0.01390791525,0.0363197327187736,0.0,0.00198795415,0.01390791525,0.02524700825
extension_Te_mp-19,mp-19,Te,extension,covalent,False,False,0.0,0.0,0.0256433647,0.1196778116395202,-0.2421200000000007,0.0063417715499999,0.0256433647,0.0460454423
extension_Ti2Cu_mp-742,mp-742,Ti2Cu,extension,metallic,True,False,0.0,-0.1130332044444462,0.00021575885,0.0015656254988752,0.0,0.00021575885,0.00021575885,0.00021575885
extension_Ti3Nb_mp-1217091,mp-1217091,Ti3Nb,extension,metallic,True,True,0.0667913925000007,0.0667913925000007,0.0,0.0,0.0,0.0,0.0,0.0
extension_TiMo2_mp-1216675,mp-1216675,TiMo2,extension,metallic,True,True,0.0613371003703662,-0.058206392222227,0.0,0.0,0.0,0.0,0.0,0.0
extension_TiO2II_mp-1439,mp-1439,TiO2,extension,,False,False,0.0045236008333322,-3.5035318511111115,0.0013103879,0.0076559236971254,-0.2192199999999999,0.0011697164999999,0.0013103879,0.0013103879
extension_TiO2OII_mp-9173,mp-9173,TiO2,extension,,False,False,0.0574997900000013,-3.4505556619444437,0.0021574491999999,0.0123374461028192,-0.3201100000000001,0.0011637014,0.0021574491999999,0.0021574491999999
extension_TiO2baddeleyite_mp-430,mp-430,TiO2,extension,,False,False,0.0394835008333345,-3.46857195111111,0.0023499225,0.0145371017630683,-0.2945700000000002,0.001054568,0.0023499225,0.00251613745
extension_Ti_mp-46,mp-46,Ti,extension,,True,False,0.0151696033333319,0.0151696033333319,0.0,0.0,0.0,0.0,0.0,0.0
extension_Tl3Au_mp-1080569,mp-1080569,Tl3Au,extension,metallic,True,True,0.0694047941666653,0.0350719166666593,0.0,0.0,0.0,0.0,0.0,0.0
extension_TlAs_mp-1007770,mp-1007770,TlAs,extension,,True,True,0.116687025833329,0.116687025833329,0.0,0.0,0.0,0.0,0.0,0.0
extension_TlAu3_mp-1187508,mp-1187508,TlAu3,extension,metallic,True,True,0.1230277549999954,0.1058613162499924,0.0,0.0,0.0,0.0,0.0,0.0
extension_TlC_anchor_mp-567465,mp-567465,TlC,extension,,True,False,2.10802690958333,2.10802690958333,0.0,0.0,0.0,0.0,0.0,0.0
extension_TlC_poly_mp-1058887,mp-1058887,TlC,extension,,True,True,2.375719474583331,2.375719474583331,0.0,0.0,0.0,0.0,0.0,0.0
extension_TlN_anchor_mp-1017982,mp-1017982,TlN,extension,,True,False,0.7334453533333338,0.7334453533333338,0.0007987448,0.0022991416481966,0.0,0.0007429192,0.0007987448,0.0007987448
extension_TlN_poly_mp-1002222,mp-1002222,TlN,extension,,True,True,0.9711865358333328,0.9711865358333328,0.0008373197999999,0.0029135314381154,0.0,0.0008373197999999,0.0008373197999999,0.0008373197999999
extension_TlN_poly_mp-1007778,mp-1007778,TlN,extension,,True,True,0.733738815833334,0.733738815833334,0.00051263615,0.0016805538617886,0.0,0.0005058767,0.00051263615,0.00051263615
extension_Tl_mp-82,mp-82,Tl,extension,,True,False,0.0,0.0,0.0,0.0,0.0,0.0,0.0,0.0
extension_V_mp-146,mp-146,V,extension,,True,False,0.0,0.0,0.0,0.0,0.0,0.0,0.0,0.0
extension_W9C4_mp-684989,mp-684989,W9C4,extension,,True,True,0.0719347738461522,-0.022551838461534,0.0,0.0,0.0,0.0,0.0,0.0
extension_WBr5_mp-1436789,mp-1436789,WBr5,extension,,True,True,0.9777983063888892,0.0539902491666666,0.0429561138499999,0.0774081665255077,0.0,0.0231132378,0.0429561138499999,0.0595801059499999
extension_WC_anchor_mp-13136,mp-13136,WC,extension,,True,False,0.4476605100000022,0.2941197650000013,0.0004330336,0.0012189888526066,0.0,0.0004135063,0.0004330336,0.0004330336
extension_WC_poly_mp-1008630,mp-1008630,WC,extension,,True,True,0.8989987500000005,0.7454580049999997,0.0,0.0,0.0,0.0,0.0,0.0
extension_WC_poly_mp-1008635,mp-1008635,WC,extension,,True,True,0.6728768300000034,0.5193360850000026,0.0,0.0,0.0,0.0,0.0,0.0
extension_W_mp-91,mp-91,W,extension,,True,False,0.0,0.0,0.0,0.0,0.0,0.0,0.0,0.0
extension_Y3Co_mp-1105598,mp-1105598,Y3Co,extension,metallic,True,False,0.0,-0.1059645725000004,0.0,0.0,0.0,0.0,0.0,0.0
extension_Y_mp-112,mp-112,Y,extension,,True,False,0.0,0.0,0.0,0.0,0.0,0.0,0.0,0.0
extension_Zn13Rh_mp-13447,mp-13447,Zn13Rh,extension,metallic,True,False,0.0,-0.1349443253571434,0.0,0.0,0.0,0.0,0.0,0.0
extension_Zn2Ag_mp-1093999,mp-1093999,Zn2Ag,extension,metallic,True,True,0.0,-0.0264810816666691,0.0,0.0,0.0,0.0,0.0,0.0
extension_Zn3Au_mp-1188000,mp-1188000,Zn3Au,extension,metallic,True,True,0.0274012571875026,-0.1494535574999993,0.0,0.0,0.0,0.0,0.0,0.0
extension_Zn3N2_mp-1524551,mp-1524551,Zn3N2,extension,,True,True,0.0141351249999992,-0.0287876780000004,0.0008002438499999,0.0030238960474607,0.0,0.00029636175,0.0008002438499999,0.0008340343499999
extension_Zn3N2_mp-9460,mp-9460,Zn3N2,extension,,True,False,0.0,-0.0429228030000004,0.0009747233499999,0.0036095517330765,0.0,0.0007461818,0.0009747233499999,0.0009747233499999
extension_Zn7Tc_mp-1206378,mp-1206378,Zn7Tc,extension,metallic,True,True,0.0825775456249982,-0.0520439056250019,0.0,0.0,0.0,0.0,0.0,0.0
extension_Zn_mp-79,mp-79,Zn,extension,,True,False,0.0,0.0,0.0,0.0,0.0,0.0,0.0,0.0
extension_Zr3Fe_mp-31205,mp-31205,Zr3Fe,extension,metallic,True,False,0.0,-0.1094675950000017,0.0,0.0,0.0,0.0,0.0,0.0
extension_ZrHg3_mp-1608,mp-1608,ZrHg3,extension,metallic,True,False,0.021713066249994,-0.0616537193750077,0.0,0.0,0.0,0.0,0.0,0.0
extension_Zr_mp-131,mp-131,Zr,extension,,True,False,0.0,0.0,0.0,0.0,0.0,0.0,0.0,0.0
gasref_ZnSn_NiAs,,ZnSn,extension,metallic,True,True,,,0.0,0.0,0.0,0.0,0.0,0.0
hull_covalent_Si_mp-149,,Si,hull,covalent,False,,0.0,,3.0035999999999995e-06,1.0328393108902718e-05,-0.2590699999999994,3.0035999999999995e-06,3.0035999999999995e-06,3.0035999999999995e-06
hull_ionic_NaCl_mp-22862,,NaCl,hull,ionic,False,,0.0,,0.0099088637999999,0.1110734648581997,-0.3829129999999999,0.0096555178,0.0099088637999999,0.0099088638
hull_metallic_AlNi_mp-1487,,AlNi,hull,metallic,True,,0.0,,0.0005239077999999,0.0016262852708365,0.0,1.2514999999999998e-05,0.0005239077999999,0.0005271616999999
metastable_covalent_C_rhombohedral_mp-169,,C,metastable,covalent,False,,0.0007906250000004,,0.0,0.0,-0.3608899999999995,0.0,0.0,0.0
metastable_ionic_LiBr_mp-23259,,LiBr,metastable,ionic,False,,0.0098957125000005,,7.508999999999999e-07,2.2192995418944875e-06,-0.4764499999999999,7.508999999999999e-07,7.508999999999999e-07,7.508999999999999e-07
metastable_metallic_BeCu_mp-2323,,BeCu,metastable,metallic,True,,0.0050363425000004,,0.0,0.0,0.0,0.0,0.0,0.0
theo_metastable_Al4Si_mp-1228120,mp-1228120,Al4Si,theo_metastable,metallic,True,True,0.1149143039999991,0.1149143039999998,0.0092468347499999,0.0087152071159283,0.0,0.0092468347499999,0.0092468347499999,0.0092468347499999
theo_metastable_AlSb_mp-1023918,mp-1023918,AlSb,theo_metastable,metallic,True,True,0.1877947075000001,-0.0651807775000001,0.0,0.0,0.0,0.0,0.0,0.0
theo_metastable_B3Ir2_mp-1228647,mp-1228647,B3Ir2,theo_metastable,,True,True,0.0608532261666674,-0.1111847268333321,0.00156971235,0.0046504483913017,0.0,0.00089887385,0.00156971235,0.0025326639
theo_metastable_B6Pb_mp-1096825,mp-1096825,B6Pb,theo_metastable,covalent,False,True,0.115100015000003,0.115100015000004,0.0,0.0,-0.2954099999999995,0.0,0.0,0.0
theo_metastable_BPd5_mp-1228665,mp-1228665,BPd5,theo_metastable,,True,True,0.1324951308333304,-0.0882113820833344,0.0429371022999999,0.0972858327857709,0.0,0.0185138291999999,0.0429371022999999,0.0527682324999999
theo_metastable_BeAu3_mp-983539,mp-983539,BeAu3,theo_metastable,metallic,True,True,0.1818313400000017,0.0800051237500003,0.0,0.0,0.0,0.0,0.0,0.0
theo_metastable_BeCl2_mp-1190080,mp-1190080,BeCl2,theo_metastable,ionic,False,True,0.0187044330555554,-1.8274701494444443,0.0012925653,0.0025622243146272,-0.2587099999999998,0.0012925653,0.0012925653,0.0012925653
theo_metastable_CaGe2_mp-643542,mp-643542,CaGe2,theo_metastable,metallic,True,True,0.0978748566666674,-0.4575655433333357,0.0067894943,0.0337047969618745,0.0,0.0029116386,0.0067894943,0.00825105805
theo_metastable_CoSe2_mp-1390196,mp-1390196,CoSe2,theo_metastable,,True,True,0.0734303275000005,-0.2722482618749993,0.01331694825,0.034812820563093,0.0,0.00790880295,0.01331694825,0.0139364758
theo_metastable_Cr2C_mp-1226378,mp-1226378,Cr2C,theo_metastable,,True,True,0.0625401370833369,-0.0360453816666653,0.00146283785,0.0083595511172066,0.0,0.00128260305,0.00146283785,0.00146283785
theo_metastable_CrMo_mp-1226200,mp-1226200,CrMo,theo_metastable,metallic,True,True,0.1163164600000001,0.1163164600000001,0.00204404125,0.0080798531504466,0.0,0.00193690535,0.00204404125,0.00204404125
theo_metastable_Ga2Se3_mp-1224809,mp-1224809,Ga2Se3,theo_metastable,covalent,False,True,0.006252534999998,-0.6946149294375005,0.0038645452,0.008542130368471,-0.2709599999999996,0.00228607935,0.0038645452,0.0041318906
theo_metastable_GeS_mp-12910,mp-12910,GeS,theo_metastable,covalent,False,True,0.0761541225000002,-0.4250328362499997,0.0116690733,0.0515577842088985,-0.2302600000000003,0.0044061736999999,0.0116690733,0.0126613198499999
theo_metastable_HCl_mp-684609,mp-684609,HCl,theo_metastable,,False,True,0.0535667225000002,-0.7609282406249998,0.00797158535,0.047842908114272,-0.2652599999999996,0.00797158535,0.00797158535,0.00797158535
theo_metastable_HfMo_mp-1224314,mp-1224314,HfMo,theo_metastable,metallic,True,True,0.1990928474999975,0.0690783037499898,0.0,0.0,0.0,0.0,0.0,0.0
theo_metastable_IN2_mp-1097011,mp-1097011,IN2,theo_metastable,,True,True,0.0729906458333324,-0.0824328016666674,0.0088863887999999,0.0176513364055299,0.0,0.00222350115,0.0088863887999999,0.01419334285
theo_metastable_InSe2_mp-1232036,mp-1232036,InSe2,theo_metastable,,True,True,0.1732620276649292,-0.3989775288107656,0.0103412726499999,0.0348789930520422,0.0,0.00453787625,0.0103412726499999,0.011471931
theo_metastable_IrCl3_mp-729507,mp-729507,IrCl3,theo_metastable,,False,True,0.0300886306249994,-0.9297515512499994,0.04696914965,0.0957440317385898,-0.2159199999999996,0.0337398806,0.04696914965,0.0510239672
theo_metastable_K5As4_mp-684799,mp-684799,K5As4,theo_metastable,,True,True,0.0564372322222226,-0.3641723795833336,0.01144123635,0.0451794201153056,0.0,0.0058324577,0.01144123635,0.01159317145
theo_metastable_KSn3_mp-1185151,mp-1185151,KSn3,theo_metastable,metallic,True,True,0.0572991608705346,-0.1233039555624992,0.0071952978499999,0.0178871820464376,0.0,0.00660352965,0.0071952978499999,0.00733922035
theo_metastable_Li3Ag_mp-976408,mp-976408,Li3Ag,theo_metastable,metallic,True,True,0.0013151149999997,-0.1210302612499996,0.0,0.0,0.0,0.0,0.0,0.0
theo_metastable_LiTl3_mp-1185253,mp-1185253,LiTl3,theo_metastable,metallic,True,True,0.0466699474999998,-0.0811299341666682,0.0,0.0,0.0,0.0,0.0,0.0
theo_metastable_Mg15B_mp-1023515,mp-1023515,Mg15B,theo_metastable,,True,True,0.1943297190624999,0.1778386571874994,0.0110434979999999,0.9422779863481228,0.0,0.0032933213,0.0110434979999999,0.02280407285
theo_metastable_MgF2_mp-560236,mp-560236,MgF2,theo_metastable,ionic,False,True,0.1076388033333337,-3.709645951666666,0.0056891086,0.0877813392994908,-0.2485999999999997,0.00466058095,0.0056891086,0.00960126165
theo_metastable_MgSn_mp-1094669,mp-1094669,MgSn,theo_metastable,metallic,True,True,0.0559883787500004,-0.0693357049999985,0.01782563995,0.099969939711738,0.0,0.0083221660499999,0.01782563995,0.02814603365
theo_metastable_MgSn_mp-1094801,mp-1094801,MgSn,theo_metastable,metallic,True,True,0.0211821487499994,-0.1041419349999994,0.01616673595,0.1099254501257904,0.0,0.0066765507499999,0.01616673595,0.0193118993499999
theo_metastable_MnN_mp-1009130,mp-1009130,MnN,theo_metastable,covalent,False,True,0.0150859678124994,-0.3115266166163799,0.0032926446,0.024667700029967,0.10501,0.00220279935,0.0032926446,0.0032926445999999
theo_metastable_Na2Cl_mp-990084,mp-990084,Na2Cl,theo_metastable,,True,True,0.1105395928735633,-1.2894729642528735,0.0060323349999999,0.0618130443693001,0.0,0.00446584965,0.0060323349999999,0.006032335
theo_metastable_Na3Cl_mp-1064484,mp-1064484,Na3Cl,theo_metastable,,True,True,0.145649899310345,-0.904359518534483,0.00481273775,0.0859110630132095,0.0,0.0040645516,0.00481273775,0.00488532755
theo_metastable_NbRh2_mp-1220414,mp-1220414,NbRh2,theo_metastable,metallic,True,True,0.1042693575000033,-0.3684125783333331,0.0100488327,0.0440390599526689,0.0,0.00586903005,0.0100488327,0.01387935715
theo_metastable_NbS2_mp-774873,mp-774873,NbS2,theo_metastable,,True,True,0.0576199866666682,-1.2909205533333303,0.0019123798,0.0049393801172611,0.0,0.0005702121,0.0019123798,0.0081503676
theo_metastable_PtCl2_mp-1219748,mp-1219748,PtCl2,theo_metastable,,False,True,0.049022931666665,-0.7323549772222252,0.0424641815,0.075561730844514,-0.2577400000000001,0.0261080904,0.0424641815,0.0659543904499999
theo_metastable_Sc2O3_mp-755313,mp-755313,Sc2O3,theo_metastable,,False,True,0.0363928947499996,-3.932339746,0.00046784015,0.0026398834781627,-0.3683099999999997,0.00046784015,0.00046784015,0.00046784015
theo_metastable_ScTc3_mp-867262,mp-867262,ScTc3,theo_metastable,metallic,True,True,0.115368938125,-0.1134067375,0.001954662,0.0079873406341941,0.0,0.0016988494,0.001954662,0.001954662
theo_metastable_SiAu3_mp-1186998,mp-1186998,SiAu3,theo_metastable,metallic,True,True,0.1642918674999975,0.1642918674999975,0.0046353672999999,0.0155627574282356,0.0,0.0041232327,0.0046353672999999,0.0094444829999999
theo_metastable_Sn7Pd5_mp-1219006,mp-1219006,Sn7Pd5,theo_metastable,metallic,True,True,0.0413911762500056,-0.3768064549999981,0.0,0.0,0.0,0.0,0.0,0.0
theo_metastable_SnBr2_mp-978985,mp-978985,SnBr2,theo_metastable,covalent,False,True,0.0404653999999999,-1.1328811783333317,0.0354132005499999,0.1289018328904742,-0.28206,0.01375163835,0.0354132005499999,0.0475906016
theo_metastable_Sr3As4_mp-678007,mp-678007,Sr3As4,theo_metastable,,False,True,0.0062475478571428,-1.126214365714286,0.0251794191499999,0.1160823343783135,-0.3276799999999999,0.01475932375,0.0251794191499999,0.0276114576499999
theo_metastable_Sr3Sn_mp-1187136,mp-1187136,Sr3Sn,theo_metastable,metallic,True,True,0.1111230458333345,-0.4344768354166675,0.0426841695,0.4376516917871424,0.0,0.026473022,0.0426841695,0.0493814251999999
theo_metastable_SrTl3_mp-1206636,mp-1206636,SrTl3,theo_metastable,metallic,True,True,0.0294048162500004,-0.2944864125000066,0.0082888954999999,0.020091856744637,0.0,0.00785912875,0.0082888954999999,0.0082891458
theo_metastable_Ta4C3_mp-1218000,mp-1218000,Ta4C3,theo_metastable,,True,True,0.0335005142857127,-0.6343579470476186,0.0,0.0,0.0,0.0,0.0,0.0
theo_metastable_TaP_mp-1187244,mp-1187244,TaP,theo_metastable,,True,True,0.0032522499999991,-0.9923128176547636,0.0,0.0,0.0,0.0,0.0,0.0
theo_metastable_TaRe_mp-1217894,mp-1217894,TaRe,theo_metastable,metallic,True,True,0.1113322329166734,-0.2499425399166597,0.0008640515,0.0026417130365659,0.0,0.0008640515,0.0008640515,0.0008640515
theo_metastable_TcW_mp-1217337,mp-1217337,TcW,theo_metastable,metallic,True,True,0.1056494374999985,0.1056494374999985,0.0,0.0,0.0,0.0,0.0,0.0
theo_metastable_TiMo2_mp-1216675,mp-1216675,TiMo2,theo_metastable,metallic,True,True,0.0613371003703662,-0.058206392222227,0.0,0.0,0.0,0.0,0.0,0.0
theo_metastable_TiNi_mp-1067248,mp-1067248,TiNi,theo_metastable,metallic,True,True,0.0020067824999996,-0.3938482441666666,0.0008670994499999,0.0059837102339383,0.0,0.0006428184999999,0.0008670994499999,0.0011299285999999
theo_metastable_TiSi2_mp-570991,mp-570991,TiSi2,theo_metastable,metallic,True,True,0.1796053866666653,-0.3584303788888903,0.0,0.0,0.0,0.0,0.0,0.0
theo_metastable_TiW_mp-1216621,mp-1216621,TiW,theo_metastable,metallic,True,True,0.0225473416666659,0.0225473416666659,0.0,0.0,0.0,0.0,0.0,0.0
theo_metastable_Tl3Ga_mp-1187539,mp-1187539,Tl3Ga,theo_metastable,metallic,True,True,0.0972463656250042,0.0972463656250042,0.0,0.0,0.0,0.0,0.0,9.011700000000006e-06
theo_metastable_Tl4Sn_mp-1216560,mp-1216560,Tl4Sn,theo_metastable,metallic,True,True,0.045918155999999,0.045918155999999,0.0008843232,0.0009646180025306,0.0,0.0008843232,0.0008843232,0.0008843232
theo_metastable_VCo3_mp-1095057,mp-1095057,VCo3,theo_metastable,metallic,True,True,0.094184105,0.0196615350000008,0.0003586825,0.0012154196740198,0.0,0.0003586825,0.0003586825,0.0003586825
theo_metastable_VN_mp-1017532,mp-1017532,VN,theo_metastable,,True,True,0.1079618424999999,-1.2445660768749995,0.0,0.0,0.0,0.0,0.0,0.0
theo_metastable_Y3Co_mp-1189329,mp-1189329,Y3Co,theo_metastable,metallic,True,True,0.0015564962500009,-0.1044080762499994,0.0,0.0,0.0,0.0,0.0,0.0
theo_metastable_YAg3_mp-1187811,mp-1187811,YAg3,theo_metastable,metallic,True,True,0.059440931413043,-0.2067514262499976,0.0,0.0,0.0,0.0,0.0,0.0
theo_metastable_ZnPb3_mp-1187949,mp-1187949,ZnPb3,theo_metastable,metallic,True,True,0.1106914774999978,0.1106914774999978,0.0001354142499999,0.0004147196190126,0.0,0.0001354142499999,0.0001354142499999,0.0001594450999999
theo_metastable_Zn_mp-2647117,mp-2647117,Zn,theo_metastable,,True,True,0.0716624299999999,0.0716624299999999,0.0,0.0,0.0,0.0,0.0,0.0
theo_metastable_Zr3Be_mp-1188016,mp-1188016,Zr3Be,theo_metastable,metallic,True,True,0.1430290124999995,0.070701078749999,0.0,0.0,0.0,0.0,0.0,0.0
theo_metastable_Zr3Ge_mp-1188039,mp-1188039,Zr3Ge,theo_metastable,metallic,True,True,0.1850867584374995,-0.420470967187498,0.0,0.0,0.0,0.0,0.0,0.0
theo_metastable_ZrO2_mp-775909,mp-775909,ZrO2,theo_metastable,,False,True,0.0626550816666657,-3.750962673333332,0.00051589325,0.0016731853857879,-0.26586,0.00033992285,0.00051589325,0.0005158932499999
theo_metastable_ZrTi_mp-1215236,mp-1215236,ZrTi,theo_metastable,metallic,True,True,0.0883353483333309,0.0883353483333309,0.0,0.0,0.0,0.0,0.0,0.0
