compound_id,mp_id,formula,bond_type,family,theoretical,energy_above_hull_eV_at,spacegroup_symbol,is_metal,formation_energy_per_atom,icobi_primary_mean,icobi_primary_pair,icohp_primary_mean,icohp_primary_pair,is_mixed_zintl,icobi_mean,icohp_mean,antibond_w_normalized,icobi_label
exp_metastable_AgO_mp-1079720,mp-1079720,AgO,,exp_metastable,False,0.04234811749999956,P2_1/c,False,,0.26036875000000004,Ag-O,-2.0408341666666665,Ag-O,False,0.26036875000000004,-2.0408341666666665,0.0296572849092908,ionic
exp_metastable_Al12W_mp-11227,mp-11227,Al12W,metallic,exp_metastable,False,0.01520368538461625,Im-3,True,,0.5026625,Al-W,-2.749166666666667,Al-W,False,0.5026625,-2.749166666666667,0.0,metallic
exp_metastable_Al3Os2_mp-16521,mp-16521,Al3Os2,metallic,exp_metastable,False,0.007409683000005884,I4/mmm,True,,0.3022161111111111,Al-Os,-1.647578888888889,Al-Os,False,0.3022161111111111,-1.647578888888889,0.0037354889344144,metallic
exp_metastable_AsPd2_mp-1080831,mp-1080831,AsPd2,,exp_metastable,False,0.011756747500001552,P-62m,True,,0.3410181481481481,As-Pd,-2.4185100000000004,As-Pd,False,0.3410181481481481,-2.4185100000000004,0.0076788440382992,metallic
exp_metastable_AsRh2_mp-1102364,mp-1102364,AsRh2,,exp_metastable,False,0.08062063166666178,Pnma,True,,0.2437984090909091,As-Rh,-1.3777670454545452,As-Rh,False,0.2437984090909091,-1.3777670454545452,0.1157843614912694,metallic
exp_metastable_AsRh_mp-22079,mp-22079,AsRh,,exp_metastable,False,0.026917590833335225,Pnma,True,,0.33232875,As-Rh,-1.863858333333333,As-Rh,False,0.33232875,-1.863858333333333,0.0448613196615397,metallic
exp_metastable_BaSn5_mp-571353,mp-571353,BaSn5,metallic,exp_metastable,False,0.026217794166670583,P6/mmm,True,,0.2220892857142857,Sn-Sn,-0.8507485714285713,Sn-Sn,False,0.2220892857142857,-0.8507485714285713,0.0455749131254822,metallic
exp_metastable_Be12Pd_mp-12666,mp-12666,Be12Pd,metallic,exp_metastable,False,0.07945158115384565,I4/mmm,True,,0.20776499999999992,Be-Be,-1.9466321212121214,Be-Be,False,0.20776499999999992,-1.9466321212121214,0.0,metallic
exp_metastable_Be3N2_mp-6977,mp-6977,Be3N2,,exp_metastable,False,0.03151386449999993,P6_3/mmc,False,,0.4360530769230768,Be-N,-4.258047692307692,Be-N,False,0.4360530769230768,-4.258047692307692,0.0,ionic
exp_metastable_CaGa2_mp-992,mp-992,CaGa2,metallic,exp_metastable,False,0.016981658333333982,P6/mmm,True,,0.97906,Ga-Ga,-3.8886966666666667,Ga-Ga,True,0.97906,-3.8886966666666667,0.0218624322794976,metallic
exp_metastable_CaGa4_mp-2461,mp-2461,CaGa4,metallic,exp_metastable,False,0.0016006820000011857,C2/m,True,,0.4640907692307692,Ga-Ga,-2.1536238461538466,Ga-Ga,False,0.4640907692307692,-2.1536238461538466,0.0083612851431941,metallic
exp_metastable_CdI2_mp-567259,mp-567259,CdI2,,exp_metastable,False,0.0005410511111105798,P-3m1,False,,0.4858983333333333,Cd-I,-2.4996266666666664,Cd-I,False,0.4858983333333333,-2.4996266666666664,0.0508148849797023,ionic
exp_metastable_CdO2_mp-2310,mp-2310,CdO2,,exp_metastable,False,0.05623419000000052,Pa-3,False,,0.9738,O-O,-7.168032500000001,O-O,True,0.9738,-7.168032500000001,0.0539684500891265,mixed
exp_metastable_ClF3_mp-556767,mp-556767,ClF3,,exp_metastable,False,0.0029946146875001745,Pnma,False,,0.6390166666666667,Cl-F,-5.217306666666667,Cl-F,False,0.6390166666666667,-5.217306666666667,0.1346693123861566,covalent
exp_metastable_Cs2Se_mp-1011696,mp-1011696,Cs2Se,,exp_metastable,False,0.004232759166664213,Pnma,False,,0.08107694444444444,Cs-Se,-0.6189336111111111,Cs-Cs,False,0.08107694444444444,-0.6189336111111111,0.0860711941638213,ionic
exp_metastable_CsH_mp-632319,mp-632319,CsH,,exp_metastable,False,0.016097849999999525,Pm-3m,False,,0.09349666666666667,Cs-Cs,-1.2305033333333333,Cs-Cs,False,0.09349666666666667,-1.2305033333333333,0.0677754114634803,ionic
exp_metastable_Cu3Ge_mp-19724,mp-19724,Cu3Ge,metallic,exp_metastable,False,0.01263984624999992,Pmmn,True,,0.13690333333333332,Cu-Ge,-0.834025,Cu-Ge,False,0.13690333333333332,-0.834025,0.0963386410682931,metallic
exp_metastable_FeTe2_mp-1102002,mp-1102002,FeTe2,,exp_metastable,False,0.04490969833333569,Pa-3,True,,0.4279391666666667,Fe-Te,-1.7861,Fe-Te,False,0.4279391666666667,-1.7861,0.040110499053713,metallic
exp_metastable_Ge4Rh_mp-1104286,mp-1104286,Ge4Rh,metallic,exp_metastable,False,0.09073754899999997,P3_121,True,,0.3354533333333334,Ge-Rh,-1.8036487499999998,Ge-Rh,False,0.3354533333333334,-1.8036487499999998,0.003439165491095,metallic
exp_metastable_GeSe2_mp-10074,mp-10074,GeSe2,covalent,exp_metastable,False,0.012493755416668861,I-42d,False,,0.9011287500000001,Ge-Se,-4.96822125,Ge-Se,False,0.9011287500000001,-4.96822125,0.0170954838790868,covalent
exp_metastable_H2O_mp-2739191,mp-2739191,H2O,,exp_metastable,False,0.049447999166666534,C222_1,False,,0.43721499999999996,H-O,-4.642638125,H-O,False,0.43721499999999996,-4.642638125,0.0087344209723717,ionic
exp_metastable_H3N_mp-643432,mp-643432,H3N,covalent,exp_metastable,False,0.0038271875000006617,P2_12_12_1,False,,0.8816400000000001,H-N,-8.063925833333334,H-N,False,0.8816400000000001,-8.063925833333334,3.5278365045806913e-05,covalent
exp_metastable_HI_mp-697025,mp-697025,HI,,exp_metastable,False,0.004366291041667303,C2/c,False,,0.49149624999999997,H-I,-2.7099312499999995,H-I,False,0.49149624999999997,-2.7099312499999995,0.0522313010798221,ionic
exp_metastable_IF7_mp-27988,mp-27988,IF7,,exp_metastable,False,0.006252095624999399,Aea2,False,,0.5305457142857143,F-I,-5.566218571428572,F-I,False,0.5305457142857143,-5.566218571428572,0.0568223486557926,ionic
exp_metastable_In3Ir_mp-630976,mp-630976,In3Ir,metallic,exp_metastable,False,0.004296428125002194,P4_2/mnm,True,,0.5910162499999998,In-Ir,-3.4701262500000003,In-Ir,False,0.5910162499999998,-3.4701262500000003,0.0,metallic
exp_metastable_InCl_mp-571636,mp-571636,InCl,covalent,exp_metastable,False,0.0016458790624991337,Cmc2_1,False,,0.16980285714285714,Cl-In,-0.8368485714285712,Cl-In,False,0.16980285714285714,-0.8368485714285712,0.0920509678653404,ionic
exp_metastable_K2S_mp-559278,mp-559278,K2S,,exp_metastable,False,0.0872531616666663,P6_3/mmc,False,,0.10399333333333333,K-S,-0.4891366666666666,K-S,False,0.10399333333333333,-0.4891366666666666,0.0071054434494952,ionic
exp_metastable_K_mp-10157,mp-10157,K,,exp_metastable,False,0.006930266250000372,Fm-3m,True,,0.04301333333333333,K-K,-0.08075000000000002,K-K,False,0.04301333333333333,-0.08075000000000002,0.0923355616099071,metallic
exp_metastable_Li13Sn5_mp-30769,mp-30769,Li13Sn5,metallic,exp_metastable,False,0.0033475494444448195,P-3m1,True,,0.60687,Sn-Sn,-2.78808,Sn-Sn,True,0.60687,-2.78808,0.0,metallic
exp_metastable_Li3Hg_mp-1646,mp-1646,Li3Hg,metallic,exp_metastable,False,0.0012975900000000706,Fm-3m,True,,0.1487557142857143,Hg-Li,-1.219407857142857,Hg-Li,False,0.1487557142857143,-1.219407857142857,0.0,metallic
exp_metastable_MgCl2_mp-570259,mp-570259,MgCl2,ionic,exp_metastable,False,0.0006391266666669893,P-3m1,False,,0.131235,Cl-Mg,-0.9334383333333335,Cl-Mg,False,0.131235,-0.9334383333333335,0.2905228565501504,ionic
exp_metastable_MgH2_mp-23711,mp-23711,MgH2,,exp_metastable,False,0.0018755891666670799,Pbcn,False,,0.1155575,H-Mg,-0.55951625,H-Mg,False,0.1155575,-0.55951625,0.0617091749356854,ionic
exp_metastable_MgPd3_mp-7753,mp-7753,MgPd3,metallic,exp_metastable,False,0.01137175124999068,Pm-3m,True,,0.25423083333333335,Pd-Pd,-1.7836983333333334,Pd-Pd,False,0.25423083333333335,-1.7836983333333334,0.0263780138292799,metallic
exp_metastable_Mo3Se4_mp-21021,mp-21021,Mo3Se4,,exp_metastable,False,0.06087143499999925,R-3,True,,0.49241333333333326,Mo-Se,-2.412364333333333,Mo-Se,False,0.49241333333333326,-2.412364333333333,0.0151203370772011,metallic
exp_metastable_NaN3_mp-1066400,mp-1066400,NaN3,,exp_metastable,False,0.0029249474999994973,R3m,False,,1.885325,N-N,-18.811320000000002,N-N,True,1.885325,-18.811320000000002,0.0,mixed
exp_metastable_Nb2O5_mp-1595,mp-1595,Nb2O5,,exp_metastable,False,0.007537548265307947,C2/m,False,,0.7547516666666665,Nb-O,-4.929553333333334,Nb-O,False,0.7547516666666665,-4.929553333333334,0.0074616382947228,covalent
exp_metastable_NiB_mp-14019,mp-14019,NiB,,exp_metastable,False,0.0018463106250017347,Cmcm,True,,0.69959,B-B,-6.1857,B-B,True,0.69959,-6.1857,0.0197573317760041,metallic
exp_metastable_NiHg4_mp-570835,mp-570835,NiHg4,metallic,exp_metastable,False,0.01705295800000073,Im-3m,True,,0.3124958333333333,Hg-Hg,-2.2179166666666665,Hg-Hg,False,0.3124958333333333,-2.2179166666666665,0.0,metallic
exp_metastable_NiS_mp-1547,mp-1547,NiS,,exp_metastable,False,0.014181840833332515,R3m,True,,0.26298,Ni-S,-1.5894566666666667,Ni-S,False,0.26298,-1.5894566666666667,0.1139841114669582,metallic
exp_metastable_PS_mp-612,mp-612,PS,covalent,exp_metastable,False,0.026489451484373205,C2/c,False,,0.9839568750000001,P-S,-5.89922125,P-S,False,0.9839568750000001,-5.89922125,0.0301077453040352,covalent
exp_metastable_PbAu2_mp-19871,mp-19871,PbAu2,metallic,exp_metastable,False,0.004742635416668861,Fd-3m,True,,0.3047925,Au-Au,-2.358575,Au-Au,False,0.3047925,-2.358575,0.0,metallic
exp_metastable_PbSe_mp-22009,mp-22009,PbSe,covalent,exp_metastable,False,0.07310882999999535,Fmm2,False,,0.41691399999999995,Pb-Se,-1.644538,Pb-Se,False,0.41691399999999995,-1.644538,0.0576420706988053,ionic
exp_metastable_Rb2Hg7_mp-31474,mp-31474,Rb2Hg7,metallic,exp_metastable,False,0.00452349037037425,P-3m1,True,,0.1919677777777778,Hg-Hg,-0.9499233333333331,Hg-Hg,False,0.1919677777777778,-0.9499233333333331,0.0,metallic
exp_metastable_Re3Ge7_mp-29141,mp-29141,Re3Ge7,metallic,exp_metastable,False,0.012616640750003683,Cmcm,True,,0.4553222000000001,Ge-Re,-2.2942273999999996,Ge-Re,False,0.4553222000000001,-2.2942273999999996,0.002211395310584,metallic
exp_metastable_SiO2_mp-546794,mp-546794,SiO2,covalent,exp_metastable,False,0.005647450555557043,I-42d,False,,0.7465774999999999,O-Si,-7.93833625,O-Si,False,0.7465774999999999,-7.93833625,0.0070730156795015,covalent
exp_metastable_SiRh_mp-2287,mp-2287,SiRh,metallic,exp_metastable,False,0.02456185499999819,P2_1/c,True,,0.2800825,Rh-Si,-1.6003553571428568,Rh-Si,False,0.2800825,-1.6003553571428568,0.0242612708204811,metallic
exp_metastable_SiS2_mp-1095294,mp-1095294,SiS2,covalent,exp_metastable,False,0.003013171666665926,P2_1/c,False,,0.9088806249999999,S-Si,-5.758471875,S-Si,False,0.9088806249999999,-5.758471875,0.0044203480926738,covalent
exp_metastable_Sn7Ir5_mp-20466,mp-20466,Sn7Ir5,metallic,exp_metastable,False,0.002421364999996456,I4mm,True,,0.537490909090909,Ir-Sn,-3.2800209090909096,Ir-Sn,False,0.537490909090909,-3.2800209090909096,0.0,metallic
exp_metastable_Sr2As_mp-15697,mp-15697,Sr2As,,exp_metastable,False,0.08000544425926037,I4/mmm,True,,0.07872111111111112,As-Sr,-0.27461388888888894,As-Sr,False,0.07872111111111112,-0.27461388888888894,0.209727040725327,metallic
exp_metastable_Sr5Sn3_mp-17720,mp-17720,Sr5Sn3,metallic,exp_metastable,False,0.003021452500000521,I4/mcm,True,,0.81817,Sn-Sn,-2.102225,Sn-Sn,True,0.81817,-2.102225,0.1796110993452015,metallic
exp_metastable_SrAl2_mp-1638,mp-1638,SrAl2,metallic,exp_metastable,False,0.013571949999999333,Fd-3m,True,,0.4262691666666667,Al-Al,-1.6648516666666666,Al-Al,False,0.4262691666666667,-1.6648516666666666,0.0003962460425146,metallic
exp_metastable_Ta7Co6_mp-1104548,mp-1104548,Ta7Co6,metallic,exp_metastable,False,0.0014632612820477675,R-3m,True,,0.4890791666666667,Co-Co,-3.0210733333333337,Co-Co,False,0.4890791666666667,-3.0210733333333337,0.0018165418428199,metallic
exp_metastable_Te2Au_mp-567525,mp-567525,Te2Au,,exp_metastable,False,0.027432493333336083,C2/m,True,,0.503555,Au-Te,-3.062678333333334,Au-Te,False,0.503555,-3.062678333333334,0.0497273330994599,metallic
exp_metastable_Te2Ir_mp-1551,mp-1551,Te2Ir,,exp_metastable,False,0.0030421406944398655,C2/m,True,,0.76205,Ir-Te,-4.4689016666666666,Ir-Te,False,0.76205,-4.4689016666666666,0.0230446016353831,metallic
exp_metastable_Ti3Ge_mp-1189044,mp-1189044,Ti3Ge,metallic,exp_metastable,False,0.013003969652777059,I-4,True,,0.32433555555555554,Ge-Ti,-1.6050580555555556,Ge-Ti,False,0.32433555555555554,-1.6050580555555556,0.0,metallic
exp_metastable_Y2O3_mp-558573,mp-558573,Y2O3,,exp_metastable,False,0.03422779625000061,C2/m,False,,0.42137824999999995,O-Y,-2.9843422499999996,O-Y,False,0.42137824999999995,-2.9843422499999996,4.409484884786131e-06,ionic
exp_metastable_ZnAg_mp-1912,mp-1912,ZnAg,metallic,exp_metastable,False,0.011211470555556602,Pm-3m,True,,0.20353749999999998,Ag-Zn,-1.82649875,Ag-Zn,False,0.20353749999999998,-1.82649875,0.0,metallic
exp_metastable_ZrBr_mp-1065846,mp-1065846,ZrBr,,exp_metastable,False,0.0007946975000017176,C2/m,True,,0.35278666666666664,Br-Zr,-2.0185383333333338,Br-Zr,False,0.35278666666666664,-2.0185383333333338,0.0,metallic
exp_metastable_ZrGa3_mp-30685,mp-30685,ZrGa3,metallic,exp_metastable,False,0.013019501250001397,I4/mmm,True,,0.29329999999999995,Ga-Zr,-1.8531783333333334,Ga-Zr,False,0.29329999999999995,-1.8531783333333334,0.0,metallic
exp_metastable_ZrRh_mp-2808,mp-2808,ZrRh,metallic,exp_metastable,False,0.08393397999999763,Pm-3m,True,,0.3061975,Rh-Zr,-1.4731925,Rh-Zr,False,0.3061975,-1.4731925,0.0093620850795459,metallic
exp_stable_As2S3_mp-1189572,mp-1189572,As2S3,covalent,exp_stable,False,0.0,P-1,False,,0.9135629166666667,As-S,-4.741610416666667,As-S,False,0.9135629166666667,-4.741610416666667,0.0538292828888408,covalent
exp_stable_AsF3_mp-28027,mp-28027,AsF3,covalent,exp_stable,False,0.0,Pna2_1,False,,0.6950866666666666,As-F,-6.340950833333333,As-F,False,0.6950866666666666,-6.340950833333333,0.1114206684445475,covalent
exp_stable_BI3_mp-23189,mp-23189,BI3,covalent,exp_stable,False,0.0,P6_3/m,False,,1.2726616666666666,B-I,-6.806128333333334,B-I,False,1.2726616666666666,-6.806128333333334,0.0231868024417106,covalent
exp_stable_BW_mp-7832,mp-7832,BW,,exp_stable,False,0.0,I4_1/amd,True,,0.4276975,B-B,-3.9556424999999997,B-B,False,0.4276975,-3.9556424999999997,0.0,metallic
exp_stable_BaAu2_mp-30363,mp-30363,BaAu2,metallic,exp_stable,False,0.0,P6/mmm,True,,0.6152233333333333,Au-Au,-3.0711766666666667,Au-Au,True,0.6152233333333333,-3.0711766666666667,0.0143629990227217,metallic
exp_stable_BaCl2_mp-568662,mp-568662,BaCl2,ionic,exp_stable,False,0.0,Fm-3m,False,,0.07486625,Ba-Cl,-0.5008050000000001,Ba-Cl,False,0.07486625,-0.5008050000000001,0.2997813896194985,ionic
exp_stable_BaH2_mp-23715,mp-23715,BaH2,,exp_stable,False,0.0,Pnma,False,,0.06153833333333335,Ba-H,-0.2535875,Ba-Ba,False,0.06153833333333335,-0.2535875,0.1495266101694915,ionic
exp_stable_Be2Cu_mp-2031,mp-2031,Be2Cu,metallic,exp_stable,False,0.0,Fd-3m,True,,0.36156083333333333,Be-Be,-3.08635,Be-Be,False,0.36156083333333333,-3.08635,0.0,metallic
exp_stable_Be2Nb3_mp-11272,mp-11272,Be2Nb3,metallic,exp_stable,False,0.0,P4/mbm,True,,0.42005,Be-Be,-3.5436199999999998,Be-Be,False,0.42005,-3.5436199999999998,0.0,metallic
exp_stable_Be2V_mp-11281,mp-11281,Be2V,metallic,exp_stable,False,0.0,P6_3/mmc,True,,0.365815,V-V,-2.7859304166666665,Be-Be,False,0.365815,-2.7859304166666665,0.0,metallic
exp_stable_CaAl4_mp-1749,mp-1749,CaAl4,metallic,exp_stable,False,0.0,I4/mmm,True,,0.45949692307692314,Al-Al,-1.87011,Al-Al,False,0.45949692307692314,-1.87011,0.0085733360298255,metallic
exp_stable_CaSn_mp-2450,mp-2450,CaSn,metallic,exp_stable,False,0.0,Cmcm,True,,0.704375,Sn-Sn,-2.1965500000000002,Sn-Sn,True,0.704375,-2.1965500000000002,0.0629060576868266,metallic
exp_stable_CdPd_mp-1696,mp-1696,CdPd,metallic,exp_stable,False,0.0,P4/mmm,True,,0.20218250000000001,Cd-Pd,-1.5904149999999997,Cd-Pd,False,0.20218250000000001,-1.5904149999999997,0.0,metallic
exp_stable_CoB_mp-20857,mp-20857,CoB,,exp_stable,False,0.0,Pnma,True,,0.4568275,B-B,-4.592765,B-B,False,0.4568275,-4.592765,0.0099245822130734,metallic
exp_stable_Cs2As3_mp-15557,mp-15557,Cs2As3,,exp_stable,False,0.0,Fmmm,False,,1.04305,As-As,-4.424758333333334,As-As,True,1.04305,-4.424758333333334,0.0385978849875964,mixed
exp_stable_FeS_mp-505531,mp-505531,FeS,,exp_stable,False,0.0,P4/nmm,True,,0.496675,Fe-S,-2.5882887500000002,Fe-S,False,0.496675,-2.5882887500000002,0.0736004018736488,metallic
exp_stable_Ge2Os_mp-10032,mp-10032,Ge2Os,metallic,exp_stable,False,0.0,C2/m,True,,0.40421125,Ge-Os,-2.1065637500000003,Ge-Os,False,0.40421125,-2.1065637500000003,0.0068563916448317,metallic
exp_stable_HfTc2_mp-1095669,mp-1095669,HfTc2,metallic,exp_stable,False,0.0,P6_3/mmc,True,,0.3774725000000001,Tc-Tc,-1.4428725,Tc-Tc,False,0.3774725000000001,-1.4428725,0.00984949654983,metallic
exp_stable_Hg4Pt_mp-936,mp-936,Hg4Pt,metallic,exp_stable,False,0.0,Im-3m,True,,0.54766375,Hg-Pt,-3.5587875,Hg-Pt,False,0.54766375,-3.5587875,0.0,metallic
exp_stable_HgF2_mp-8177,mp-8177,HgF2,,exp_stable,False,0.0,Fm-3m,False,,0.23204125,F-Hg,-1.87436,F-Hg,False,0.23204125,-1.87436,0.1659532730393452,ionic
exp_stable_InBr_mp-22870,mp-22870,InBr,covalent,exp_stable,False,0.0,Cmcm,False,,0.30099,In-In,-1.32921,In-In,False,0.30099,-1.32921,0.0929308657987146,ionic
exp_stable_KI_mp-22898,mp-22898,KI,ionic,exp_stable,False,0.0,Fm-3m,False,,0.08934333333333333,I-K,-0.4548666666666667,I-K,False,0.08934333333333333,-0.4548666666666667,0.0614818232644196,ionic
exp_stable_KN3_mp-827,mp-827,KN3,,exp_stable,False,0.0,I4/mcm,False,,1.888945,N-N,-18.49728,N-N,True,1.888945,-18.49728,0.0,mixed
exp_stable_Li2Se_mp-2286,mp-2286,Li2Se,,exp_stable,False,0.0,Fm-3m,False,,0.33994,Li-Se,-2.170245,Li-Se,False,0.33994,-2.170245,0.0,ionic
exp_stable_LiB_mp-1001835,mp-1001835,LiB,,exp_stable,False,0.0,P6_3/mmc,True,,1.1571150000000001,B-B,-9.98146,B-B,True,1.1571150000000001,-9.98146,0.0,metallic
exp_stable_Mg2Ni_mp-2137,mp-2137,Mg2Ni,metallic,exp_stable,False,0.0,P6_222,True,,0.08184166666666667,Ni-Ni,-0.24779166666666666,Ni-Ni,False,0.08184166666666667,-0.24779166666666666,0.6456757898715041,metallic
exp_stable_MgP4_mp-384,mp-384,MgP4,,exp_stable,False,0.0,P2_1/c,False,,0.9195800000000001,P-P,-5.021577,P-P,True,0.9195800000000001,-5.021577,0.0273158771999053,mixed
exp_stable_MnAl12_mp-1104165,mp-1104165,MnAl12,metallic,exp_stable,False,0.0,Im-3,True,,0.27984416666666667,Al-Mn,-1.628288666666667,Al-Al,False,0.27984416666666667,-1.628288666666667,0.0,metallic
exp_stable_MoSe2_mp-1634,mp-1634,MoSe2,covalent,exp_stable,False,0.0,P6_3/mmc,False,,0.6411291666666666,Mo-Se,-2.8467466666666663,Mo-Se,False,0.6411291666666666,-2.8467466666666663,0.0034520917914234,covalent
exp_stable_NaS_mp-2400,mp-2400,NaS,,exp_stable,False,0.0,P6_3/mmc,False,,0.9510000000000001,S-S,-4.72357,S-S,True,0.9510000000000001,-4.72357,0.127943678115714,mixed
exp_stable_Na_mp-10172,mp-10172,Na,,exp_stable,False,0.0,P6_3/mmc,True,,0.04698388888888889,Na-Na,-0.08388611111111113,Na-Na,False,0.04698388888888889,-0.08388611111111113,0.1167567185256103,metallic
exp_stable_Nb3Ir_mp-1458,mp-1458,Nb3Ir,metallic,exp_stable,False,0.0,Pm-3n,True,,0.41440875,Ir-Nb,-2.010335,Ir-Nb,False,0.41440875,-2.010335,0.0,metallic
exp_stable_NbGa3_mp-1973,mp-1973,NbGa3,metallic,exp_stable,False,0.0,I4/mmm,True,,0.3103991666666666,Ga-Nb,-1.7262341666666667,Ga-Ga,False,0.3103991666666666,-1.7262341666666667,0.0,metallic
exp_stable_PI2_mp-29443,mp-29443,PI2,covalent,exp_stable,False,0.0,P-1,False,,0.95857,P-P,-4.80053,P-P,True,0.95857,-4.80053,0.1080699958358691,mixed
exp_stable_PbSe_mp-2201,mp-2201,PbSe,covalent,exp_stable,False,0.0,Fm-3m,False,,0.345725,Pb-Se,-1.4608233333333336,Pb-Se,False,0.345725,-1.4608233333333336,0.0806975283157447,ionic
exp_stable_RbI_mp-22903,mp-22903,RbI,ionic,exp_stable,False,0.0,Fm-3m,False,,0.08403833333333333,I-Rb,-0.41617,I-Rb,False,0.08403833333333333,-0.41617,0.0534007465372877,ionic
exp_stable_Sc5Ge3_mp-17190,mp-17190,Sc5Ge3,metallic,exp_stable,False,0.0,P6_3/mcm,True,,0.3161588888888888,Ge-Sc,-1.5144994444444444,Ge-Sc,False,0.3161588888888888,-1.5144994444444444,0.0,metallic
exp_stable_ScAg2_mp-1018128,mp-1018128,ScAg2,metallic,exp_stable,False,0.0,I4/mmm,True,,0.20135846153846154,Ag-Ag,-1.5516261538461533,Ag-Ag,False,0.20135846153846154,-1.5516261538461533,0.0,metallic
exp_stable_ScTe_mp-10026,mp-10026,ScTe,,exp_stable,False,0.0,P6_3/mmc,True,,0.3365491666666667,Sc-Te,-1.5672541666666666,Sc-Te,False,0.3365491666666667,-1.5672541666666666,0.0,metallic
exp_stable_SnPt_mp-19856,mp-19856,SnPt,metallic,exp_stable,False,0.0,P6_3/mmc,True,,0.46125000000000005,Pt-Pt,-3.253465,Pt-Pt,False,0.46125000000000005,-3.253465,0.0,metallic
exp_stable_SrO2_mp-2697,mp-2697,SrO2,ionic,exp_stable,False,0.0,I4/mmm,False,,0.98352,O-O,-7.05734,O-O,True,0.98352,-7.05734,0.1840922631792376,mixed
exp_stable_SrSi_mp-2661,mp-2661,SrSi,metallic,exp_stable,False,0.0,Cmcm,True,,0.807685,Si-Si,-2.8883349999999997,Si-Si,True,0.807685,-2.8883349999999997,0.0564100282334615,metallic
exp_stable_Ta5Ge3_mp-17593,mp-17593,Ta5Ge3,metallic,exp_stable,False,0.0,I4/mcm,True,,0.35558999999999996,Ge-Ge,-2.67389,Ge-Ge,False,0.35558999999999996,-2.67389,0.0,metallic
exp_stable_TaP_mp-1067587,mp-1067587,TaP,,exp_stable,False,0.0,I4_1md,True,,0.47615166666666675,P-Ta,-2.747960833333334,P-Ta,False,0.47615166666666675,-2.747960833333334,0.0,metallic
exp_stable_TaSb2_mp-11697,mp-11697,TaSb2,metallic,exp_stable,False,0.0,C2/m,True,,0.48986125,Sb-Ta,-2.0334368749999996,Sb-Ta,False,0.48986125,-2.0334368749999996,0.0001847476828012,metallic
exp_stable_Te2Pd_mp-782,mp-782,Te2Pd,,exp_stable,False,0.0,P-3m1,True,,0.5812750000000001,Pd-Te,-3.5059983333333338,Pd-Te,False,0.5812750000000001,-3.5059983333333338,0.0291363560125981,metallic
exp_stable_Te2Ru_mp-267,mp-267,Te2Ru,covalent,exp_stable,False,0.0,Pnnm,False,,0.47232749999999996,Ru-Te,-2.2556375,Ru-Te,False,0.47232749999999996,-2.2556375,0.0486429377315832,ionic
exp_stable_TeO2_mp-8377,mp-8377,TeO2,covalent,exp_stable,False,0.0,P2_12_12_1,False,,0.621495,O-Te,-4.765323125,O-Te,False,0.621495,-4.765323125,0.0771606646128656,covalent
exp_stable_Ti3In_mp-866046,mp-866046,Ti3In,metallic,exp_stable,False,0.0,P6_3/mmc,True,,0.31282249999999995,Ti-Ti,-1.1763529166666669,In-Ti,False,0.31282249999999995,-1.1763529166666669,0.0,metallic
exp_stable_Ti3Pt_mp-2339,mp-2339,Ti3Pt,metallic,exp_stable,False,0.0,Pm-3n,True,,0.36322833333333326,Pt-Ti,-1.76983375,Pt-Ti,False,0.36322833333333326,-1.76983375,0.0,metallic
exp_stable_TiBe12_mp-1104067,mp-1104067,TiBe12,metallic,exp_stable,False,0.0,I4/mmm,True,,0.2185712121212121,Be-Be,-1.9903686363636368,Be-Be,False,0.2185712121212121,-1.9903686363636368,0.0,metallic
exp_stable_TiNi_mp-1048,mp-1048,TiNi,metallic,exp_stable,False,0.0,P2_1/m,True,,0.28183214285714286,Ni-Ti,-0.8684771428571427,Ni-Ti,False,0.28183214285714286,-0.8684771428571427,0.0058635180895278,metallic
exp_stable_TiO_mp-1071163,mp-1071163,TiO,,exp_stable,False,0.0,P-62m,True,,0.3593913333333333,O-Ti,-2.454733333333333,O-Ti,False,0.3593913333333333,-2.454733333333333,0.0014900343288705,metallic
exp_stable_TiSi2_mp-1077503,mp-1077503,TiSi2,metallic,exp_stable,False,0.0,Cmcm,True,,0.4598533333333334,Si-Si,-3.0700233333333333,Si-Si,False,0.4598533333333334,-3.0700233333333333,0.0,metallic
exp_stable_TlCl_mp-571079,mp-571079,TlCl,,exp_stable,False,0.0,Cmcm,False,,0.17167714285714283,Cl-Tl,-0.840904285714286,Cl-Tl,False,0.17167714285714283,-0.840904285714286,0.1078940656583018,ionic
exp_stable_VNi2_mp-11531,mp-11531,VNi2,metallic,exp_stable,False,0.0,Immm,True,,0.47686,V-V,-1.40292,V-V,False,0.47686,-1.40292,0.0917719736368544,metallic
exp_stable_WO2_mp-1524394,mp-1524394,WO2,,exp_stable,False,0.0,P2_1/c,True,,0.6713383333333333,O-W,-5.740790833333333,O-W,False,0.6713383333333333,-5.740790833333333,0.0038938931714418,metallic
exp_stable_Zr2Au_mp-2348,mp-2348,Zr2Au,metallic,exp_stable,False,0.0,I4/mmm,True,,0.30945923076923076,Zr-Zr,-2.020295,Au-Au,False,0.30945923076923076,-2.020295,0.0,metallic
exp_stable_Zr5Pb3_mp-681992,mp-681992,Zr5Pb3,metallic,exp_stable,False,0.0,P6_3/mcm,True,,0.3301105555555556,Pb-Zr,-1.973867962962963,Pb-Zr,False,0.3301105555555556,-1.973867962962963,0.0,metallic
exp_stable_ZrMo2_mp-2049,mp-2049,ZrMo2,metallic,exp_stable,False,0.0,Fd-3m,True,,0.4670725,Mo-Mo,-1.6863358333333334,Mo-Mo,False,0.4670725,-1.6863358333333334,0.0002125712942651,metallic
extension_Ag3As_mp-1183193,mp-1183193,Ag3As,,extension,True,0.08839697750000042,P6_3/mmc,True,0.08839697750000042,0.22362374999999993,Ag-As,-1.3101870833333333,Ag-Ag,False,0.22362374999999993,-1.3101870833333333,,metallic
extension_Ag3Pt_mp-12065,mp-12065,Ag3Pt,metallic,extension,False,0.020805422500000503,Pm-3m,True,-0.020391218749995943,0.21129250000000002,Ag-Pt,-1.5965308333333332,Ag-Pt,False,0.21129250000000002,-1.5965308333333332,,metallic
extension_Ag3Sb_mp-2273,mp-2273,Ag3Sb,metallic,extension,False,0.0508994350000016,Pmm2,True,0.0508994350000016,0.240598,Ag-Sb,-1.522091,Ag-Sb,False,0.240598,-1.522091,,metallic
extension_AgH_mp-1096804,mp-1096804,AgH,,extension,True,0.1208983966666679,P6_3mc,False,0.1208983966666679,0.20388749999999997,Ag-H,-1.54511,Ag-H,False,0.20388749999999997,-1.54511,,ionic
extension_AgI_mp-22915,mp-22915,AgI,,extension,False,0.39273725999999964,Pm-3m,True,-0.07502263833333256,0.21258375,Ag-I,-1.1433799999999998,Ag-I,False,0.21258375,-1.1433799999999998,,metallic
extension_AgN_anchor_mp-1091417,mp-1091417,AgN,,extension,False,1.5201297641666667,Cmce,True,,0.46240375,Ag-N,-3.4180562500000007,Ag-N,False,0.46240375,-3.4180562500000007,0.0088150534590147,metallic
extension_AgN_poly_mp-1009766,mp-1009766,AgN,,extension,True,1.5494896491666665,F-43m,True,,0.48535,Ag-N,-3.5762324999999997,Ag-N,False,0.48535,-3.5762324999999997,0.0277220699274688,metallic
extension_AgN_poly_mp-1424734,mp-1424734,AgN,,extension,True,1.9196186741666672,Ama2,True,,0.8238225,Ag-N,-5.9445974999999995,Ag-N,False,0.8238225,-5.9445974999999995,0.0107289213539912,metallic
extension_AgN_poly_mp-1428312,mp-1428312,AgN,,extension,True,1.6518583891666676,Pm-3m,True,,0.21767874999999998,Ag-N,-1.4991012499999998,Ag-N,False,0.21767874999999998,-1.4991012499999998,0.0082828641711677,metallic
extension_AgPb3_mp-1183256,mp-1183256,AgPb3,metallic,extension,True,0.08509275833333874,I4/mmm,True,0.08509275833333874,0.21811916666666673,Pb-Pb,-1.2747891666666666,Ag-Pb,False,0.21811916666666673,-1.2747891666666666,,metallic
extension_AgPd_mp-1183222,mp-1183222,AgPd,metallic,extension,True,0.0069558550000010655,P-6m2,True,-0.06563816750000129,0.1928733333333333,Pd-Pd,-1.4703933333333337,Ag-Pd,False,0.1928733333333333,-1.4703933333333337,,metallic
extension_Ag_mp-124,mp-124,Ag,,extension,False,0.0021267149999992796,Fm-3m,True,,0.15447166666666665,Ag-Ag,-1.2495533333333333,Ag-Ag,False,0.15447166666666665,-1.2495533333333333,0.0,metallic
extension_Al12Mo_mp-550,mp-550,Al12Mo,metallic,extension,False,0.014142691923076711,Im-3,True,-0.11324264153846177,0.32381916666666666,Al-Mo,-1.5618828333333332,Al-Al,False,0.32381916666666666,-1.5618828333333332,,metallic
extension_Al2W_mp-12524,mp-12524,Al2W,metallic,extension,False,0.09311756111111436,P6_422,True,-0.05821597088888729,0.4363716666666666,W-W,-2.487961666666666,Al-W,False,0.4363716666666666,-2.487961666666666,,metallic
extension_Al3Ag_mp-1183130,mp-1183130,Al3Ag,metallic,extension,True,0.0712581868749993,Pm-3m,True,0.04710001012499987,0.24443250000000002,Al-Al,-1.4592933333333333,Ag-Al,False,0.24443250000000002,-1.4592933333333333,,metallic
extension_Al3As_mp-1183129,mp-1183129,Al3As,,extension,True,0.36364852500000033,Pm-3m,True,0.05012713687500181,0.22534583333333338,Al-Al,-1.3901908333333335,Al-Al,False,0.22534583333333338,-1.3901908333333335,,metallic
extension_AlAg2_mp-985805,mp-985805,AlAg2,metallic,extension,True,0.007656157999999635,Cmcm,True,-0.05676564666666669,0.27232500000000004,Al-Al,-1.5387785,Ag-Al,False,0.27232500000000004,-1.5387785,,metallic
extension_AlAg_mp-1228901,mp-1228901,AlAg,metallic,extension,True,0.01833040100000005,P-6m2,True,-0.02998595250000058,0.24358166666666667,Ag-Al,-1.7117166666666668,Ag-Al,False,0.24358166666666667,-1.7117166666666668,,metallic
extension_AlH3_mp-1106356,mp-1106356,AlH3,covalent,extension,False,0.010014458750000621,Fd-3m,False,-0.06361762406249927,0.4073512500000001,Al-H,-2.4373575,Al-H,False,0.4073512500000001,-2.4373575,,ionic
extension_Al_mp-134,mp-134,Al,,extension,False,0.0,Fm-3m,True,,0.22704000000000002,Al-Al,-1.4193316666666667,Al-Al,False,0.22704000000000002,-1.4193316666666667,0.0,metallic
extension_As3W2_mp-11696,mp-11696,As3W2,,extension,False,0.0,C2/m,True,-0.09276986950000037,0.7072083333333331,As-W,-4.3348466666666665,As-W,False,0.7072083333333331,-4.3348466666666665,,metallic
extension_As4S3_mp-27543,mp-27543,As4S3,covalent,extension,False,0.006355647857141378,Pnma,False,-0.1304276883482142,0.9714483333333335,As-S,-5.273086666666667,As-S,False,0.9714483333333335,-5.273086666666667,,covalent
extension_As4S3_mp-557321,mp-557321,As4S3,covalent,extension,False,0.006840436428570129,Pnma,False,-0.12994289977678516,0.9717391666666667,As-S,-5.281556666666669,As-S,False,0.9717391666666667,-5.281556666666669,,covalent
extension_As_mp-158,mp-158,As,,extension,False,0.0,Cmce,True,,0.8847766666666667,As-As,-3.968256666666667,As-As,False,0.8847766666666667,-3.968256666666667,0.0102834557981681,metallic
extension_Au2S_mp-947,mp-947,Au2S,covalent,extension,False,0.0,Pn-3m,False,-0.11834182593750124,0.629725,Au-S,-4.803626250000001,Au-S,False,0.629725,-4.803626250000001,,covalent
extension_Au_mp-81,mp-81,Au,,extension,False,0.0,Fm-3m,True,,0.19621666666666668,Au-Au,-1.3380883333333333,Au-Au,False,0.19621666666666668,-1.3380883333333333,9.083553923661516e-06,metallic
extension_BPd5_mp-1228665,mp-1228665,BPd5,,extension,True,0.13249513083333042,I4/mmm,True,-0.08821138208333441,0.47542,B-Pd,-3.9868350000000006,B-Pd,False,0.47542,-3.9868350000000006,,metallic
extension_B_mp-160,mp-160,B,covalent,extension,False,0.0,R-3m,False,,0.5202615384615384,B-B,-4.796036153846154,B-B,False,0.5202615384615384,-4.796036153846154,0.0,ionic
extension_Ba3Ca_mp-1183342,mp-1183342,Ba3Ca,metallic,extension,True,0.03921404749999979,I4/mmm,True,0.03921404749999979,0.0,Ba-Ba,0.0,Ba-Ba,False,0.0,0.0,,metallic
extension_Ba3N2_mp-1013528,mp-1013528,Ba3N2,,extension,True,0.6831039496666662,Pm-3m,True,0.11286758399999997,0.07631166666666667,Ba-N,-0.6612349999999999,Ba-Ba,False,0.07631166666666667,-0.6612349999999999,,metallic
extension_Ba4Pd_mp-1214438,mp-1214438,Ba4Pd,,extension,True,0.15571698099999987,Fd-3m,False,-0.06396342699999984,0.46007,Ba-Pd,-3.3443300000000002,Ba-Pd,False,0.46007,-3.3443300000000002,,ionic
extension_Ba5P4_exp_mp-17566,mp-17566,Ba5P4,,extension,False,3.472888887223746e-05,Pnma,False,,0.9039625,P-P,-3.4926725,P-P,True,0.9039625,-3.4926725,0.2103793002577319,mixed
extension_BaCl2_exp_mp-23199,mp-23199,BaCl2,ionic,extension,False,0.006785772499999787,Pnma,False,,0.06368111111111112,Ba-Cl,-0.43075,Ba-Cl,False,0.06368111111111112,-0.43075,0.302743863479163,ionic
extension_BaF3_exp_mp-1080821,mp-1080821,BaF3,ionic,extension,False,0.0,P2_1/m,False,,0.22791499999999998,F-F,-0.788265,F-F,False,0.22791499999999998,-0.788265,0.316907529862852,ionic
extension_BaF3_theo_mp-1183303,mp-1183303,BaF3,,extension,True,0.061207927499999926,I4/mmm,True,,0.03504,Ba-Ba,-0.527715,Ba-Ba,False,0.03504,-0.527715,0.2805440014255167,metallic
extension_BaMg3_mp-1016218,mp-1016218,BaMg3,metallic,extension,True,0.17140638551136345,Pmm2,True,0.12058222625000026,0.002256,Ba-Mg,-0.07553,Ba-Ba,False,0.002256,-0.07553,,metallic
extension_BaN2_exp_mp-1102371,mp-1102371,BaN2,,extension,False,2.056778179166667,Cc,True,,0.16048264705882354,N-N,-0.4471129411764706,Ba-N,False,0.16048264705882354,-0.4471129411764706,0.1038962022959975,metallic
extension_BaO_exp_mp-1008500,mp-1008500,BaO,ionic,extension,False,0.01888829749999843,P6_3/mmc,False,,0.07881166666666667,Ba-O,-0.637998888888889,Ba-Ba,False,0.07881166666666667,-0.637998888888889,0.1467805357504045,ionic
extension_BaO_theo_mp-1950989,mp-1950989,BaO,ionic,extension,True,0.04343597749999972,P6_3/mmc,False,,0.106972,Ba-O,-0.43668699999999994,Ba-O,False,0.106972,-0.43668699999999994,0.2224612804976571,ionic
extension_BaP10_mp-28035,mp-28035,BaP10,,extension,False,0.0036162985064951414,Cmc2_1,False,-0.2570918210389595,0.9058367857142857,P-P,-4.829743571428572,P-P,True,0.9058367857142857,-4.829743571428572,,mixed
extension_BaS3_exp_mp-556296,mp-556296,BaS3,,extension,False,0.04356796437499888,P2_12_12,False,,0.9200625,S-S,-5.28504125,S-S,True,0.9200625,-5.28504125,0.1083855045813719,mixed
extension_Ba_mp-122,mp-122,Ba,,extension,False,0.0,Im-3m,True,,0.00015333333333333337,Ba-Ba,-0.012208333333333335,Ba-Ba,False,0.00015333333333333337,-0.012208333333333335,8.239994492123845,metallic
extension_Be12Mo_mp-1475,mp-1475,Be12Mo,metallic,extension,False,0.0,I4/mmm,True,-0.1278044192307687,0.2043183823529411,Be-Be,-1.9102947058823527,Be-Be,False,0.2043183823529411,-1.9102947058823527,,metallic
extension_Be3N2_exp_mp-18337,mp-18337,Be3N2,,extension,False,0.0,Ia-3,False,,0.4759015625000001,Be-N,-4.701456979166665,Be-N,False,0.4759015625000001,-4.701456979166665,0.0,ionic
extension_Be3N2_theo_mp-1017550,mp-1017550,Be3N2,,extension,True,0.20808621349999967,P-3m1,False,,0.3952071428571428,Be-N,-3.87526,Be-N,False,0.3952071428571428,-3.87526,0.0,ionic
extension_Be3P2_exp_mp-567841,mp-567841,Be3P2,,extension,False,0.0,Ia-3,False,,0.5636840624999999,Be-P,-3.828172604166666,Be-P,False,0.5636840624999999,-3.828172604166666,0.0,covalent
extension_Be3P2_mp-1084771,mp-1084771,Be3P2,,extension,True,0.15672523674999983,Pn-3m,False,-0.0746364168571425,0.5501083333333335,Be-P,-3.762572916666666,Be-P,False,0.5501083333333335,-3.762572916666666,,covalent
extension_Be3P2_mp-567841,mp-567841,Be3P2,,extension,False,0.0,Ia-3,False,-0.23136165360714217,0.5636840624999999,Be-P,-3.8281724999999995,Be-P,False,0.5636840624999999,-3.8281724999999995,,covalent
extension_Be3P2_theo_mp-1084771,mp-1084771,Be3P2,,extension,True,0.15672523674999983,Pn-3m,False,,0.5501083333333335,Be-P,-3.762572916666666,Be-P,False,0.5501083333333335,-3.762572916666666,0.0,covalent
extension_BeCl2_exp_mp-23267,mp-23267,BeCl2,ionic,extension,False,0.008707515833333623,Ibam,False,,0.71649125,Be-Cl,-5.63515375,Be-Cl,False,0.71649125,-5.63515375,0.0020572312450739,covalent
extension_BeCl2_theo_mp-1172909,mp-1172909,BeCl2,ionic,extension,True,3.1687985972222217,I-43m,False,,0.3696966666666666,Cl-Cl,-0.9454158333333335,Cl-Cl,False,0.3696966666666666,-0.9454158333333335,0.8094791345319935,ionic
extension_BeF2_exp_mp-15951,mp-15951,BeF2,ionic,extension,False,0.00039670611111120024,P3_121,False,,0.5268683333333333,Be-F,-6.858454166666665,Be-F,False,0.5268683333333333,-6.858454166666665,0.0035240553789083,ionic
extension_BeF2_theo_mp-975644,mp-975644,BeF2,,extension,True,2.518145377222223,P6/mmm,True,,0.15479333333333334,Be-F,-1.6978,Be-Be,False,0.15479333333333334,-1.6978,0.0862984056197376,metallic
extension_BeO_exp_mp-7599,mp-7599,BeO,ionic,extension,False,0.015346631250000797,P4_2/mnm,False,,0.5147674999999999,Be-O,-5.7846487500000014,Be-O,False,0.5147674999999999,-5.7846487500000014,0.0,ionic
extension_BeO_theo_mp-1778,mp-1778,BeO,ionic,extension,True,0.006973667500000502,F-43m,False,,0.52325,Be-O,-5.850662499999999,Be-O,False,0.52325,-5.850662499999999,0.0,ionic
extension_Be_mp-87,mp-87,Be,,extension,False,0.0,P6_3/mmc,True,,0.20327035714285718,Be-Be,-1.8975232142857141,Be-Be,False,0.20327035714285718,-1.8975232142857141,0.0,metallic
extension_Bi2O3_anchor_mp-558953,mp-558953,Bi2O3,,extension,False,0.600030676500003,P2_1/c,True,,0.9517,O-O,-6.74443,O-O,True,0.9517,-6.74443,0.0328258570187714,metallic
extension_Bi2O3_poly_mp-1383505,mp-1383505,Bi2O3,,extension,True,0.9067888160000024,P1,True,,0.95064,Bi-O,-7.19847,Bi-O,False,0.95064,-7.19847,0.0609158407079646,metallic
extension_Bi2O3_poly_mp-674644,mp-674644,Bi2O3,,extension,True,0.6198849705000029,P1,False,,0.93323,O-O,-7.54564,O-O,True,0.93323,-7.54564,0.0130740206921883,mixed
extension_Bi2O3_poly_mp-714859,mp-714859,Bi2O3,,extension,True,2.402893258000003,P1,False,,1.11099,Bi-O,-10.13257,Bi-O,False,1.11099,-10.13257,0.0646218352077117,covalent
extension_Br_mp-23154,mp-23154,Br,,extension,False,0.0,Cmce,False,,0.78268,Br-Br,-3.53622,Br-Br,False,0.78268,-3.53622,0.4256661308458067,covalent
extension_C(NO)2_mp-1197051,mp-1197051,C(NO)2,covalent,extension,False,1.1348039342500007,P2_12_12_1,False,0.07356992324999823,1.761745,N-N,-16.760926875,N-O,True,1.761745,-16.760926875,,mixed
extension_C2N2O_mp-1214250,mp-1214250,C2N2O,covalent,extension,True,0.47205626016666535,P6_3/m,False,-0.058560745333333365,2.457618333333333,N-N,-22.406681666666667,N-N,True,2.457618333333333,-22.406681666666667,,mixed
extension_C3N4_anchor_mp-571653,mp-571653,C3N4,covalent,extension,False,0.4981181882142849,P-43m,False,,0.9531383333333333,C-N,-10.495645833333333,C-N,False,0.9531383333333333,-10.495645833333333,0.0149826157559283,covalent
extension_C3N4_mp-567885,mp-567885,C3N4,covalent,extension,True,0.1475561110714274,P-6m2,False,0.1475561110714279,1.2497894444444446,C-N,-13.107528333333331,C-N,False,1.2497894444444446,-13.107528333333331,,covalent
extension_C3N4_mp-570572,mp-570572,C3N4,covalent,extension,False,0.14726764821428517,R3m,False,0.14726764821428567,1.2498188888888888,C-N,-13.088386666666667,C-N,False,1.2498188888888888,-13.088386666666667,,covalent
extension_C3N4_mp-971683,mp-971683,C3N4,covalent,extension,True,0.12167648535714193,P3_1,False,0.12167648535714329,1.2478862962962964,C-N,-13.29954962962963,C-N,False,1.2478862962962964,-13.29954962962963,,covalent
extension_C3N4_poly_mp-1182484,mp-1182484,C3N4,covalent,extension,True,0.5848164510714273,P6_3/m,False,,1.9178966666666664,C-N,-15.358590833333336,C-N,False,1.9178966666666664,-15.358590833333336,0.0,covalent
extension_C3N4_poly_mp-2852,mp-2852,C3N4,covalent,extension,True,0.5033424574999987,I-43d,False,,0.9574575000000002,C-N,-10.909941666666668,C-N,False,0.9574575000000002,-10.909941666666668,0.0106349019252548,covalent
extension_C3N4_poly_mp-563,mp-563,C3N4,covalent,extension,True,1.5118795946428563,Fd-3m,False,,0.7047071875,C-N,-7.147733125,C-N,False,0.7047071875,-7.147733125,0.0086403964157007,covalent
extension_CMcarbon_mp-1080826,mp-1080826,C,covalent,extension,True,0.30091549999999856,C2/m,False,,0.944626875,C-C,-9.57682375,C-C,False,0.944626875,-9.57682375,0.0,covalent
extension_CWcarbon_mp-1190171,mp-1190171,C,covalent,extension,True,0.29267010687499884,Pnma,False,,0.94454875,C-C,-9.579762187500002,C-C,False,0.94454875,-9.579762187500002,0.0,covalent
extension_Ca3N2_exp_mp-1047,mp-1047,Ca3N2,,extension,False,0.01669766374999959,R-3c,False,,0.17809583333333331,Ca-N,-0.6014729166666667,Ca-N,False,0.17809583333333331,-0.6014729166666667,0.1047649547205162,ionic
extension_Ca3N2_mp-844,mp-844,Ca3N2,,extension,False,0.0,Ia-3,False,,0.18195291666666658,Ca-N,-0.6211278125,Ca-N,False,0.18195291666666658,-0.6211278125,0.0836895818730529,ionic
extension_Ca3N2_theo_mp-1013524,mp-1013524,Ca3N2,,extension,True,0.5111703895000002,Pm-3m,True,,0.11066722222222221,Ca-N,-0.36229611111111104,Ca-N,False,0.11066722222222221,-0.36229611111111104,0.0089602611940298,metallic
extension_Ca3Zn_mp-1039229,mp-1039229,Ca3Zn,metallic,extension,True,0.15884041124999992,I4/mmm,True,0.024939257500000034,0.12222083333333332,Ca-Zn,-0.3874341666666667,Ca-Zn,False,0.12222083333333332,-0.3874341666666667,,metallic
extension_CaCl2_exp_mp-23214,mp-23214,CaCl2,ionic,extension,False,0.0011452108333331878,Pnnm,False,,0.10539083333333332,Ca-Cl,-0.7539733333333333,Ca-Cl,False,0.10539083333333332,-0.7539733333333333,0.2048327130786186,ionic
extension_CaCl2_theo_mp-1120739,mp-1120739,CaCl2,ionic,extension,True,0.04218543083333426,Fm-3m,False,,0.0814475,Ca-Cl,-0.5707837499999999,Ca-Cl,False,0.0814475,-0.5707837499999999,0.3236486724086723,ionic
extension_CaF2_exp_mp-10464,mp-10464,CaF2,ionic,extension,False,0.03464170166666669,Pnma,False,,0.05654666666666667,Ca-F,-0.5566169444444447,Ca-F,False,0.05654666666666667,-0.5566169444444447,0.2423551772107035,ionic
extension_CaF2_theo_mp-554355,mp-554355,CaF2,ionic,extension,True,0.24025145999999964,P4/mmm,False,,0.059082499999999996,Ca-F,-0.54395125,Ca-F,False,0.059082499999999996,-0.54395125,0.1286422342372317,ionic
extension_CaN6_mp-656097,mp-656097,CaN6,,extension,True,0.07920592142857252,C2,False,-0.19476508821428645,1.8851525000000002,N-N,-17.79871625,N-N,True,1.8851525000000002,-17.79871625,,mixed
extension_CaN6_mp-676,mp-676,CaN6,,extension,False,0.04061298999999963,Fddd,False,-0.2333580196428581,1.8841025,N-N,-18.14513875,N-N,True,1.8841025,-18.14513875,,mixed
extension_CaN_mp-1058549,mp-1058549,CaN,,extension,False,0.39816828843749974,Fm-3m,True,,0.12009000000000002,Ca-N,-0.6934366666666666,Ca-N,False,0.12009000000000002,-0.6934366666666666,0.0450365067829457,metallic
extension_CaNi_mp-1059707,mp-1059707,CaNi,metallic,extension,False,0.16564980624999937,Pm-3m,True,0.023789325000000083,0.06775333333333333,Ni-Ni,-0.19104625000000003,Ca-Ni,False,0.06775333333333333,-0.19104625000000003,,metallic
extension_CaO_exp_mp-1079707,mp-1079707,CaO,ionic,extension,False,0.20976985500000023,Cmce,False,,0.10080799999999998,Ca-O,-0.5792775000000001,Ca-O,False,0.10080799999999998,-0.5792775000000001,0.1805417353447403,ionic
extension_CaO_mp-2605,mp-2605,CaO,ionic,extension,False,0.0,Fm-3m,False,,0.11434166666666667,Ca-O,-0.7028033333333332,Ca-O,False,0.11434166666666667,-0.7028033333333332,0.089737541514447,ionic
extension_CaO_theo_mp-1181903,mp-1181903,CaO,,extension,True,2.7281320512499994,Fd-3m,True,,0.07251833333333334,Ca-Ca,-0.551605,Ca-Ca,False,0.07251833333333334,-0.551605,0.1864773489456609,metallic
extension_Ca_mp-21,mp-21,Ca,,extension,False,0.0056160399999996,Im-3m,True,,0.0025300000000000006,Ca-Ca,-0.030427500000000003,Ca-Ca,False,0.0025300000000000006,-0.030427500000000003,3.2205579189057167,metallic
extension_CdIn3_mp-1183674,mp-1183674,CdIn3,metallic,extension,True,0.06416026750000015,Fm-3m,True,0.06416026750000015,0.24171875000000004,Cd-In,-1.4735175,Cd-In,False,0.24171875000000004,-1.4735175,,metallic
extension_CdP4_mp-7904,mp-7904,CdP4,covalent,extension,False,0.0,P2_1/c,False,-0.12074253238095167,0.9223180000000001,P-P,-5.1380490000000005,P-P,True,0.9223180000000001,-5.1380490000000005,,mixed
extension_CdSb3_mp-1183739,mp-1183739,CdSb3,metallic,extension,True,0.13193314687499935,P6_3/mmc,True,0.08399822218749975,0.2091308333333333,Cd-Sb,-1.18030375,Cd-Sb,False,0.2091308333333333,-1.18030375,,metallic
extension_Cd_mp-94,mp-94,Cd,,extension,False,0.0,P6_3/mmc,True,,0.2423261111111111,Cd-Cd,-1.6119283333333332,Cd-Cd,False,0.2423261111111111,-1.6119283333333332,0.0,metallic
extension_Cdiamond_mp-66,mp-66,C,covalent,extension,False,0.11226490000000133,Fd-3m,False,,0.94974,C-C,-9.6601875,C-C,False,0.94974,-9.6601875,0.0,covalent
extension_Cgraphite_mp-48,mp-48,C,,extension,False,0.00312185499999984,P6_3/mmc,True,,1.219475,C-C,-11.538683333333333,C-C,False,1.219475,-11.538683333333333,0.0,metallic
extension_Cl_mp-22848,mp-22848,Cl2,,extension,False,0.0,Cmce,False,,0.92543,Cl-Cl,-5.57283,Cl-Cl,False,0.92543,-5.57283,0.4555134754613969,covalent
extension_Clonsdaleite_mp-47,mp-47,C,covalent,extension,False,0.13947721750000142,P6_3/mmc,False,,0.948215,C-C,-9.78315125,C-C,False,0.948215,-9.78315125,3.652208515718264e-05,covalent
extension_CoGe_mp-21237,mp-21237,CoGe,metallic,extension,False,0.0,C2/m,True,-0.07247457375000188,0.4260553846153846,Co-Ge,-2.9354019230769235,Co-Ge,False,0.4260553846153846,-2.9354019230769235,,metallic
extension_CoRe_mp-1225995,mp-1225995,CoRe,metallic,extension,True,0.1217252000000002,P-6m2,True,0.11845653291666736,0.36114333333333337,Co-Co,-2.2350333333333334,Co-Co,False,0.36114333333333337,-2.2350333333333334,,metallic
extension_CoSn_mp-20536,mp-20536,CoSn,metallic,extension,False,0.0,P6/mmm,True,-0.09587967583333305,0.4900333333333333,Co-Co,-2.776411111111111,Co-Sn,False,0.4900333333333333,-2.776411111111111,,metallic
extension_Co_mp-102,mp-102,Co,,extension,False,0.0,Fm-3m,True,,0.26800666666666667,Co-Co,-1.9149649999999998,Co-Co,False,0.26800666666666667,-1.9149649999999998,0.0189058031096303,metallic
extension_Cr5Si3_mp-7506,mp-7506,Cr5Si3,metallic,extension,False,0.05473733324999941,I4/mcm,True,-0.12199586687500208,0.403105,Si-Si,-3.18312,Si-Si,False,0.403105,-3.18312,,metallic
extension_CrRe3_mp-1183703,mp-1183703,CrRe3,metallic,extension,True,0.13309992375000235,Pm-3m,True,0.13309992375000235,0.33579416666666667,Re-Re,-1.4730091666666665,Re-Re,False,0.33579416666666667,-1.4730091666666665,,metallic
extension_CrW_mp-1226162,mp-1226162,CrW,metallic,extension,True,0.12119496999999768,Cmmm,True,0.12119496999999768,0.5826566666666667,W-W,-3.445486666666667,W-W,True,0.5826566666666667,-3.445486666666667,,metallic
extension_Cr_mp-90,mp-90,Cr,,extension,False,0.0,Im-3m,True,,0.24870750000000003,Cr-Cr,-0.6244795000000001,Cr-Cr,False,0.24870750000000003,-0.6244795000000001,0.0114713212369026,metallic
extension_Cs2S_exp_mp-1077814,mp-1077814,Cs2S,,extension,False,0.06672482000000102,P6_3/mmc,False,,0.08043428571428571,Cs-Cs,-1.0010514285714287,Cs-Cs,False,0.08043428571428571,-1.0010514285714287,0.0682014497109384,ionic
extension_CsCl_exp_mp-573697,mp-573697,CsCl,ionic,extension,False,0.007141250000000099,Fm-3m,False,,0.059480000000000005,Cl-Cs,-0.34531500000000004,Cl-Cs,False,0.059480000000000005,-0.34531500000000004,0.0489995234126777,ionic
extension_CsF_exp_mp-8455,mp-8455,CsF,ionic,extension,False,0.10877166999999943,Pm-3m,False,,0.12238666666666669,Cs-Cs,-1.510206666666667,Cs-Cs,False,0.12238666666666669,-1.510206666666667,0.0523169472813578,ionic
extension_CsN3_exp_mp-510557,mp-510557,CsN3,,extension,False,0.0,I4/mcm,False,,1.8888,N-N,-17.762385,N-N,True,1.8888,-17.762385,0.0,mixed
extension_CsN3_mp-1225892,mp-1225892,CsN3,,extension,True,0.011297812499998727,P4/mmm,False,-0.20555697781250082,1.8982700000000001,N-N,-17.572515,N-N,True,1.8982700000000001,-17.572515,,mixed
extension_CsN3_mp-510557,mp-510557,CsN3,,extension,False,0.0,I4/mcm,False,-0.21685479031249955,1.8888,N-N,-17.762385,N-N,True,1.8888,-17.762385,,mixed
extension_CsN3_theo_mp-1225892,mp-1225892,CsN3,,extension,True,0.011297812499998727,P4/mmm,False,,1.8982700000000001,N-N,-17.572515,N-N,True,1.8982700000000001,-17.572515,0.0,mixed
extension_CsO2_exp_mp-1441,mp-1441,CsO2,,extension,False,0.03485998833333248,I4/mmm,True,,1.0941999999999998,O-O,-11.46266,O-O,True,1.0941999999999998,-11.46266,0.1142625631868131,metallic
extension_CsO2_theo_mp-1096936,mp-1096936,CsO2,,extension,True,0.0940473483333335,Cmmm,True,,1.12984,O-O,-11.05564,O-O,True,1.12984,-11.05564,0.1196634679411883,metallic
extension_CsP7_exp_mp-1201790,mp-1201790,CsP7,,extension,False,0.0,Pbcm,False,,0.93427325,P-P,-4.9186295,P-P,True,0.93427325,-4.9186295,0.006222442139476,mixed
extension_CsP7_mp-1201790,mp-1201790,CsP7,,extension,False,0.0,Pbcm,False,-0.24634146729166595,0.93427325,P-P,-4.91862975,P-P,True,0.93427325,-4.91862975,,mixed
extension_CsP7_mp-1213206,mp-1213206,CsP7,,extension,True,8.425187500016307e-05,Pca2_1,False,-0.2462572154166658,0.93356375,P-P,-4.931817250000001,P-P,True,0.93356375,-4.931817250000001,,mixed
extension_CsP7_theo_mp-1213206,mp-1213206,CsP7,,extension,True,8.425187500016307e-05,Pca2_1,False,,0.93356375,P-P,-4.931817250000001,P-P,True,0.93356375,-4.931817250000001,0.0063672492039103,mixed
extension_CsRb_mp-1225895,mp-1225895,CsRb,metallic,extension,True,0.03448047142241284,Cmmm,True,0.03448047142241284,0.06276999999999999,Cs-Rb,-0.16283999999999998,Cs-Cs,False,0.06276999999999999,-0.16283999999999998,,metallic
extension_Cs_mp-1,mp-1,Cs,,extension,False,0.019341450000002425,Im-3m,True,,0.0556275,Cs-Cs,-0.123,Cs-Cs,False,0.0556275,-0.123,0.1696309290128476,metallic
extension_Cu2S_mp-12087,mp-12087,Cu2S,,extension,False,0.09426421770833393,Fm-3m,True,-0.11781005802083182,0.14947375,Cu-S,-0.9496149999999999,Cu-S,False,0.14947375,-0.9496149999999999,,metallic
extension_Cu2S_mp-553942,mp-553942,Cu2S,,extension,False,0.23845627437500028,P6_3/mmc,True,0.026381998645833942,0.08300214285714287,Cu-S,-0.4779167857142858,Cu-S,False,0.08300214285714287,-0.4779167857142858,,metallic
extension_Cu3Te2_mp-1225676,mp-1225676,Cu3Te2,,extension,True,0.02125787800000012,P4mm,True,-0.04610582399999998,0.1479621428571429,Cu-Te,-0.8199328571428571,Cu-Te,False,0.1479621428571429,-0.8199328571428571,,metallic
extension_Cu7Te4_mp-624307,mp-624307,Cu7Te4,,extension,False,0.1459016827272741,P3m1,True,0.08466195363636136,0.13231378787878786,Cu-Te,-0.6945166666666668,Cu-Te,False,0.13231378787878786,-0.6945166666666668,,metallic
extension_CuH_mp-1225705,mp-1225705,CuH,,extension,True,0.09820546499999949,P-3m1,True,0.09820546499999949,0.044559999999999995,Cu-Cu,-0.16218444444444438,Cu-Cu,False,0.044559999999999995,-0.16218444444444438,,metallic
extension_CuNi_mp-1184069,mp-1184069,CuNi,metallic,extension,True,0.05968355999999986,P-6m2,True,0.05968355999999986,0.11978333333333334,Ni-Ni,-0.42978,Ni-Ni,False,0.11978333333333334,-0.42978,,metallic
extension_Cu_mp-30,mp-30,Cu,,extension,False,0.0,Fm-3m,True,,0.04558333333333334,Cu-Cu,-0.24881833333333334,Cu-Cu,False,0.04558333333333334,-0.24881833333333334,0.1640749603980503,metallic
extension_F_mp-561203,mp-561203,F2,,extension,False,0.0030982875000000742,C2/c,False,,0.97312,F-F,-6.95357,F-F,False,0.97312,-6.95357,0.4568901280195926,covalent
extension_Fe_mp-13,mp-13,Fe,,extension,False,0.0,Im-3m,True,,0.14171299999999998,Fe-Fe,-0.5370085,Fe-Fe,False,0.14171299999999998,-0.5370085,0.0921608810487008,metallic
extension_Ga2Au7_mp-571598,mp-571598,Ga2Au7,metallic,extension,False,0.017660370925923985,P-62m,True,-0.0849347496296273,0.2591704999999999,Au-Ga,-1.8968416666666668,Au-Ga,False,0.2591704999999999,-1.8968416666666668,,metallic
extension_Ga3Hg_mp-1184289,mp-1184289,Ga3Hg,metallic,extension,True,0.08707534437500186,P6_3/mmc,True,0.08707534437500186,0.22163541666666672,Ga-Hg,-1.4162408333333338,Ga-Hg,False,0.22163541666666672,-1.4162408333333338,,metallic
extension_Ga3Pb_mp-1184425,mp-1184425,Ga3Pb,metallic,extension,True,0.09109193937500137,I4/mmm,True,0.09109193937500137,0.19285142857142853,Ga-Pb,-1.06455,Ga-Pb,False,0.19285142857142853,-1.06455,,metallic
extension_Ga3Re_mp-1188393,mp-1188393,Ga3Re,metallic,extension,False,0.03857295171874853,P4_2/mnm,True,-0.11071175874999994,0.485745,Re-Re,-2.3451384375000006,Ga-Re,False,0.485745,-2.3451384375000006,,metallic
extension_GaSb_mp-1224785,mp-1224785,GaSb,metallic,extension,True,0.1847465150000005,I-4m2,True,-0.04452540500000168,0.28470750000000006,Ga-Sb,-1.4794524999999998,Ga-Sb,False,0.28470750000000006,-1.4794524999999998,,metallic
extension_Ga_mp-142,mp-142,Ga,,extension,False,0.0,Cmce,True,,0.43076571428571425,Ga-Ga,-2.6378435714285717,Ga-Ga,False,0.43076571428571425,-2.6378435714285717,0.0,metallic
extension_Ge3Mo5_mp-17094,mp-17094,Ge3Mo5,metallic,extension,False,0.04250976249999994,I4/mcm,True,-0.11120784687499707,0.422925,Ge-Ge,-3.36742,Ge-Ge,False,0.422925,-3.36742,,metallic
extension_Ge3O_mp-1184665,mp-1184665,Ge3O,,extension,True,0.89046678375,I4/mmm,True,0.08172090999999959,0.14527583333333338,Ge-Ge,-0.8721700000000001,Ge-Ge,False,0.14527583333333338,-0.8721700000000001,,metallic
extension_GeAs_mp-7591,mp-7591,GeAs,,extension,False,0.10544380666666875,I4mm,True,0.04514922208333516,0.463365,As-Ge,-2.4402333333333335,As-Ge,False,0.463365,-2.4402333333333335,,metallic
extension_GeSb_mp-9935,mp-9935,GeSb,metallic,extension,True,0.04942549249999928,Fm-3m,True,0.04942549249999928,0.43731500000000006,Ge-Sb,-2.151315,Ge-Sb,False,0.43731500000000006,-2.151315,,metallic
extension_GeTe_mp-938,mp-938,GeTe,covalent,extension,False,0.0,R3m,False,-0.035467995000001196,0.41007999999999994,Ge-Te,-1.7409000000000006,Ge-Te,False,0.41007999999999994,-1.7409000000000006,,ionic
extension_Ge_mp-32,mp-32,Ge,,extension,False,0.0,Fd-3m,True,,0.89558,Ge-Ge,-4.6450325,Ge-Ge,False,0.89558,-4.6450325,0.001517572108653,metallic
extension_H2CN2_mp-703527,mp-703527,H2CN2,covalent,extension,False,0.18741764774999492,Pbca,False,-0.12882059975000004,1.9431374999999997,C-N,-16.85848,C-N,False,1.9431374999999997,-16.85848,,covalent
extension_H2CN5_mp-1212563,mp-1212563,H2CN5,covalent,extension,True,0.1617986478124971,C2/c,False,-0.03585025687500032,1.29261,N-N,-13.471945000000002,N-N,True,1.29261,-13.471945000000002,,mixed
extension_H3Pd4_mp-1224413,mp-1224413,H3Pd4,,extension,True,0.013056976428570621,R-3m,True,-0.06352785660714387,0.14663249999999997,Pd-Pd,-1.0855452777777777,Pd-Pd,False,0.14663249999999997,-1.0855452777777777,,metallic
extension_H4N_mp-1238814,mp-1238814,H4N,,extension,True,0.32451140000000045,P-43m,True,0.045376278500000214,0.6754049999999999,H-N,-6.026227500000001,H-N,False,0.6754049999999999,-6.026227500000001,,metallic
extension_H9CN9_mp-1202455,mp-1202455,H9CN9,covalent,extension,False,0.15232914070175418,P-1,False,-0.13740640664473713,1.2739681818181818,N-N,-12.550152727272728,N-N,True,1.2739681818181818,-12.550152727272728,,mixed
extension_HC2N3_mp-1103408,mp-1103408,HC2N3,covalent,extension,True,0.28976179152776993,Cmc2_1,False,0.09954431479166577,0.9561437500000001,C-N,-10.810748750000002,C-N,False,0.9561437500000001,-10.810748750000002,,covalent
extension_HC2_mp-995184,mp-995184,HC2,,extension,True,0.1491960781249988,C2/m,True,0.04271132354166459,1.273672,C-C,-11.489056000000001,C-C,True,1.273672,-11.489056000000001,,metallic
extension_HC3_mp-995200,mp-995200,HC3,,extension,True,0.13767401546874858,P2_1/m,True,0.0578104495312477,1.2492987500000001,C-C,-11.57392625,C-C,True,1.2492987500000001,-11.57392625,,metallic
extension_HC6_mp-995202,mp-995202,HC6,,extension,True,0.08574633205357074,P-1,True,0.040110008660713604,1.2319617647058823,C-C,-11.562420000000001,C-C,True,1.2319617647058823,-11.562420000000001,,metallic
extension_HC_mp-995197,mp-995197,HC,covalent,extension,True,0.10980436656249992,C2/m,False,-0.04992276531250006,1.2661511111111112,C-C,-10.840891111111112,C-C,True,1.2661511111111112,-10.840891111111112,,mixed
extension_HN_mp-1224501,mp-1224501,HN,covalent,extension,True,0.1923862111458332,P-1,False,-0.0402263901041664,0.8490025000000001,N-N,-8.0912005,N-N,True,0.8490025000000001,-8.0912005,,mixed
extension_HN_mp-23922,mp-23922,HN,covalent,extension,False,0.16815524687499916,Pmna,False,-0.06445735437500044,1.8882212500000002,N-N,-19.14986,N-N,True,1.8882212500000002,-19.14986,,mixed
extension_HN_mp-720515,mp-720515,HN,covalent,extension,False,0.14784463833333383,P2_1/c,False,-0.08476796291666559,1.5928450000000003,N-N,-15.954958333333332,N-N,True,1.5928450000000003,-15.954958333333332,,mixed
extension_H_mp-730101,mp-730101,H2,,extension,False,0.0,P2_12_12_1,False,,0.9954324999999999,H-H,-5.12216,H-H,False,0.9954324999999999,-5.12216,0.0,covalent
extension_Hf3Pb_mp-1184772,mp-1184772,Hf3Pb,metallic,extension,True,0.0,I4/mmm,True,-0.07151459250000869,0.3286275,Hf-Hf,-1.3612833333333334,Hf-Pb,False,0.3286275,-1.3612833333333334,,metallic
extension_HfCd_mp-1007758,mp-1007758,HfCd,metallic,extension,False,0.0,P4/nmm,True,-0.09590878000000203,0.374115,Hf-Hf,-1.6811683333333332,Cd-Cd,False,0.374115,-1.6811683333333332,,metallic
extension_HfCr2_mp-569624,mp-569624,HfCr2,metallic,extension,False,0.10305479333333167,P6_3/mmc,True,0.10305479333333285,0.4564916666666665,Cr-Cr,-1.1713412499999998,Hf-Hf,False,0.4564916666666665,-1.1713412499999998,,metallic
extension_HfCu3_mp-1184704,mp-1184704,HfCu3,metallic,extension,True,0.07249532007622062,I4/mmm,True,-0.08976723500000006,0.17616142857142855,Cu-Hf,-0.7181792857142856,Cu-Hf,False,0.17616142857142855,-0.7181792857142856,,metallic
extension_HfMg15_mp-1023478,mp-1023478,HfMg15,metallic,extension,True,0.07120114031250013,P-6m2,True,0.07120114031250013,0.044042500000000005,Hf-Mg,-0.11638500000000002,Hf-Mg,False,0.044042500000000005,-0.11638500000000002,,metallic
extension_HfW2_mp-1224230,mp-1224230,HfW2,metallic,extension,True,0.2690691899999962,Fmmm,True,0.10028667166667067,0.49432062500000007,W-W,-2.59632,W-W,False,0.49432062500000007,-2.59632,,metallic
extension_Hf_mp-103,mp-103,Hf,,extension,False,0.0,P6_3/mmc,True,,0.3120744444444445,Hf-Hf,-1.1611572222222222,Hf-Hf,False,0.3120744444444445,-1.1611572222222222,0.0,metallic
extension_Hg3Pb_mp-1184700,mp-1184700,Hg3Pb,metallic,extension,True,0.06834607812499627,P6_3/mmc,True,0.06834607812499627,0.22555791666666666,Hg-Hg,-1.4190850000000002,Hg-Hg,False,0.22555791666666666,-1.4190850000000002,,metallic
extension_Hg3Sb_mp-977242,mp-977242,Hg3Sb,metallic,extension,True,0.12571606499999888,P6_3/mmc,True,0.12571606499999888,0.21458791666666666,Hg-Hg,-1.3609595833333332,Hg-Hg,False,0.21458791666666666,-1.3609595833333332,,metallic
extension_Hg5Pd2_mp-30721,mp-30721,Hg5Pd2,metallic,extension,False,0.03967810749999523,P4/mbm,True,-0.055587898928577725,0.23640925,Hg-Pd,-1.7270574999999997,Hg-Hg,False,0.23640925,-1.7270574999999997,,metallic
extension_Hg_mp-10861,mp-10861,Hg,,extension,False,0.0029604591666583246,P6/mmm,True,,0.1621692592592592,Hg-Hg,-0.9652014814814814,Hg-Hg,False,0.1621692592592592,-0.9652014814814814,0.0,metallic
extension_I_mp-23153,mp-23153,I,,extension,False,0.0,Cmce,False,,0.04443272727272727,I-I,-0.15037500000000004,I-I,False,0.04443272727272727,-0.15037500000000004,0.4981493205360377,ionic
extension_In2Te3_mp-1105025,mp-1105025,In2Te3,,extension,False,0.30775990697777544,I4mm,True,-0.13883929155555658,0.6032025,In-Te,-2.691625833333333,In-Te,False,0.6032025,-2.691625833333333,,metallic
extension_In7Cu10_mp-646039,mp-646039,In7Cu10,metallic,extension,False,0.0,C2/m,True,-0.04382247382353158,0.14161678571428574,Cu-In,-0.8071639285714288,Cu-In,False,0.14161678571428574,-0.8071639285714288,,metallic
extension_InNi_mp-20997,mp-20997,InNi,metallic,extension,False,0.09218754000000118,Pm-3m,True,-0.12101825999999605,0.27848999999999996,In-In,-1.7672466666666666,In-In,False,0.27848999999999996,-1.7672466666666666,,metallic
extension_InSn4_mp-1223653,mp-1223653,InSn4,metallic,extension,True,0.14784555200000327,Cmmm,True,0.14784555200000113,0.38671500000000003,In-In,-2.118535,In-In,False,0.38671500000000003,-2.118535,,metallic
extension_In_mp-1055994,mp-1055994,In,,extension,False,0.004489730000003078,I4/mmm,True,,0.21767333333333327,In-In,-1.1562266666666667,In-In,False,0.21767333333333327,-1.1562266666666667,2.7147074772549253e-05,metallic
extension_Ir3Ru_mp-974358,mp-974358,Ir3Ru,metallic,extension,True,0.0,I4/mmm,True,-0.04101984375000711,0.37673583333333327,Ir-Ir,-2.6658941666666665,Ir-Ir,False,0.37673583333333327,-2.6658941666666665,,metallic
extension_Ir4W_mp-1223666,mp-1223666,Ir4W,metallic,extension,True,0.2319650820000021,R-3m,True,-0.06465684299998883,0.39803000000000005,W-W,-2.8034966666666663,Ir-W,False,0.39803000000000005,-2.8034966666666663,,metallic
extension_IrPd_mp-1223675,mp-1223675,IrPd,metallic,extension,True,0.11000630500000597,R-3m,True,0.11000630500000597,0.3508466666666667,Ir-Ir,-2.993263333333333,Ir-Ir,False,0.3508466666666667,-2.993263333333333,,metallic
extension_Ir_mp-101,mp-101,Ir,,extension,False,0.0,Fm-3m,True,,0.34690166666666666,Ir-Ir,-2.4129766666666668,Ir-Ir,False,0.34690166666666666,-2.4129766666666668,0.0317410757159144,metallic
extension_K2O_exp_mp-971,mp-971,K2O,ionic,extension,False,0.0,Fm-3m,False,,0.10087,K-O,-0.8814033333333332,K-K,False,0.10087,-0.8814033333333332,0.0059497601892285,ionic
extension_K2O_theo_mp-1223784,mp-1223784,K2O,,extension,True,0.19996455333333385,P4/mmm,True,,0.13747,K-O,-0.37627666666666665,K-O,False,0.13747,-0.37627666666666665,0.0830658295487486,metallic
extension_K2S_exp_mp-1022,mp-1022,K2S,,extension,False,0.0,Fm-3m,False,,0.121235,K-S,-0.47445,K-K,False,0.121235,-0.47445,0.0,ionic
extension_K3Rb_mp-976115,mp-976115,K3Rb,metallic,extension,True,0.037403925187500686,P6_3/mmc,True,0.037403925187500686,0.0430775,K-Rb,-0.08817416666666666,K-Rb,False,0.0430775,-0.08817416666666666,,metallic
extension_KCl_exp_mp-23289,mp-23289,KCl,ionic,extension,False,0.07764382000000003,Pm-3m,False,,0.051030000000000006,Cl-K,-0.4078300000000001,K-K,False,0.051030000000000006,-0.4078300000000001,0.1374494860001613,ionic
extension_KF3_exp_mp-1544557,mp-1544557,KF3,ionic,extension,False,0.01249103906249971,P2_12_12_1,False,,0.31619937500000006,F-F,-0.9256362499999999,F-F,False,0.31619937500000006,-0.9256362499999999,0.4748512684483447,ionic
extension_KF3_theo_mp-2749823,mp-2749823,KF3,ionic,extension,True,0.011928009062500244,P2_1,False,,0.31190625,F-F,-0.924424375,F-F,False,0.31190625,-0.924424375,0.4732544016227181,ionic
extension_KMg15_mp-1023498,mp-1023498,KMg15,metallic,extension,True,0.10105966356250029,P-6m2,True,0.10105966356250029,0.0005754761904761903,Mg-Mg,-0.00944178571428571,Mg-Mg,False,0.0005754761904761903,-0.00944178571428571,,metallic
extension_KN2_anchor_mp-1071868,mp-1071868,KN2,,extension,False,1.1629511857777777,Cmc2_1,True,,1.049,N-N,-7.9888925,N-N,True,1.049,-7.9888925,0.0202267525996533,metallic
extension_KN2_poly_mp-1180757,mp-1180757,KN2,,extension,True,1.2293322591111107,Cmcm,True,,1.0209875,N-N,-7.415217499999999,N-N,True,1.0209875,-7.415217499999999,0.0410513619945196,metallic
extension_KN3_mp-827,mp-827,KN3,,extension,False,0.0,I4/mcm,False,-0.2211123337500016,1.888945,N-N,-18.49728,N-N,True,1.888945,-18.49728,,mixed
extension_KN3_theo_mp-636056,mp-636056,KN3,,extension,True,1.0369771337499998,I4/mcm,True,,2.8711200000000003,N-N,-22.874675,N-N,True,2.8711200000000003,-22.874675,0.0090377727621586,metallic
extension_KP15_mp-1211471,mp-1211471,KP15,,extension,True,0.0,P-1,False,-0.12333859552455273,0.926004318181818,P-P,-5.047327045454545,P-P,True,0.926004318181818,-5.047327045454545,,mixed
extension_KP_exp_mp-1058315,mp-1058315,KP,,extension,False,1.008041285,R-3m,True,,0.12541,P-P,-0.45330333333333334,K-P,False,0.12541,-0.45330333333333334,0.0190233753159224,metallic
extension_KP_theo_mp-1057787,mp-1057787,KP,,extension,True,1.0092306499999992,Immm,True,,0.10700000000000001,P-P,-0.46212666666666663,K-P,False,0.10700000000000001,-0.46212666666666663,0.0169705515717501,metallic
extension_Li2O_exp_mp-1960,mp-1960,Li2O,ionic,extension,False,0.0,Fm-3m,False,,0.23927125,Li-O,-2.0319875,Li-O,False,0.23927125,-2.0319875,0.0,ionic
extension_Li2O_theo_mp-755894,mp-755894,Li2O,ionic,extension,True,0.0843597108333336,Pnma,False,,0.22245916666666668,Li-O,-2.0369075,Li-O,False,0.22245916666666668,-2.0369075,0.0,ionic
extension_Li2S_exp_mp-1125,mp-1125,Li2S,,extension,False,0.061509288333333245,Pnma,False,,0.2846888888888889,Li-S,-2.0193583333333325,Li-S,False,0.2846888888888889,-2.0193583333333325,0.0,ionic
extension_Li2S_theo_mp-557142,mp-557142,Li2S,,extension,True,0.1749633300000002,P6_3/mmc,False,,0.33274125,Li-S,-2.190040625,Li-S,False,0.33274125,-2.190040625,0.0,ionic
extension_Li3Ca_mp-976075,mp-976075,Li3Ca,metallic,extension,True,0.06004755895833336,I4/mmm,True,0.045540925000000065,0.1651525,Li-Li,-0.6223124999999999,Li-Li,False,0.1651525,-0.6223124999999999,,metallic
extension_Li3N_exp_mp-2341,mp-2341,Li3N,,extension,False,0.003927161250000033,P6_3/mmc,False,,0.2587381818181818,Li-N,-1.8971577272727274,Li-N,False,0.2587381818181818,-1.8971577272727274,0.0,ionic
extension_LiCl_exp_mp-22905,mp-22905,LiCl,ionic,extension,False,0.02431463874999995,Fm-3m,False,,0.25579125,Cl-Li,-2.055395416666667,Cl-Li,False,0.25579125,-2.055395416666667,0.0,ionic
extension_LiCl_theo_mp-1185319,mp-1185319,LiCl,ionic,extension,True,0.0038527562499997003,P6_3mc,False,,0.38791875000000003,Cl-Li,-2.9687712500000005,Cl-Li,False,0.38791875000000003,-2.9687712500000005,0.0,ionic
extension_LiF_exp_mp-1138,mp-1138,LiF,ionic,extension,False,0.0,Fm-3m,False,,0.16924166666666665,F-Li,-1.933445,F-Li,False,0.16924166666666665,-1.933445,0.0001376636370579,ionic
extension_LiF_theo_mp-1009009,mp-1009009,LiF,ionic,extension,True,0.2875420599999998,Pm-3m,False,,0.1237325,F-Li,-1.34110875,F-Li,False,0.1237325,-1.34110875,0.0248605320451167,ionic
extension_LiN3_mp-2659,mp-2659,LiN3,,extension,False,0.0,C2/m,False,-0.20582152572916712,1.852305,N-N,-20.219385000000003,N-N,True,1.852305,-20.219385000000003,,mixed
extension_LiP5_exp_mp-2412,mp-2412,LiP5,,extension,False,0.007694938690475439,Pna2_1,False,,0.9037346428571428,P-P,-4.937614285714284,P-P,True,0.9037346428571428,-4.937614285714284,0.0026210623723999,mixed
extension_LiP5_mp-2412,mp-2412,LiP5,,extension,False,0.007694938690475439,Pna2_1,False,-0.23905247275793565,0.9037346428571428,P-P,-4.937614285714284,P-P,True,0.9037346428571428,-4.937614285714284,,mixed
extension_LiP5_mp-32760,mp-32760,LiP5,,extension,True,0.09630660601190577,Pna2_1,False,-0.1504408054365065,0.8771389285714287,P-P,-4.681099285714287,P-P,True,0.8771389285714287,-4.681099285714287,,mixed
extension_LiP5_theo_mp-32760,mp-32760,LiP5,,extension,True,0.09630660601190577,Pna2_1,False,,0.8771389285714287,P-P,-4.681099285714287,P-P,True,0.8771389285714287,-4.681099285714287,0.0063526076880377,mixed
extension_LiRh3_mp-1001787,mp-1001787,LiRh3,metallic,extension,False,0.0,Imm2,True,-0.146932781666667,0.17759124999999995,Rh-Rh,-1.5461,Li-Li,False,0.17759124999999995,-1.5461,,metallic
extension_LiS4_mp-1143546,mp-1143546,LiS4,,extension,True,0.21230688803125108,P1,False,-0.24543709558333263,0.9663214285714287,S-S,-5.6936928571428576,S-S,True,0.9663214285714287,-5.6936928571428576,,mixed
extension_Li_mp-1018134,mp-1018134,Li,,extension,False,0.0,R-3m,True,,0.08858814814814814,Li-Li,-0.6930862962962963,Li-Li,False,0.08858814814814814,-0.6930862962962963,0.0,metallic
extension_Mg15Ni_mp-1023622,mp-1023622,Mg15Ni,metallic,extension,True,0.07608314989583365,P-6m2,True,0.0473893378125001,0.0020425,Mg-Ni,-0.021317500000000003,Mg-Ni,False,0.0020425,-0.021317500000000003,,metallic
extension_Mg2Ge_mp-250,mp-250,Mg2Ge,metallic,extension,False,0.4831721600000005,Fd-3m,True,0.13927543333333267,0.18058,Ge-Ge,-0.503935,Ge-Ge,False,0.18058,-0.503935,,metallic
extension_Mg3Al_mp-978271,mp-978271,Mg3Al,metallic,extension,True,0.027507425520833628,Pm-3m,True,0.02186951125000025,0.0811675,Al-Mg,-0.32242249999999995,Al-Mg,False,0.0811675,-0.32242249999999995,,metallic
extension_Mg3Ru2_mp-625,mp-625,Mg3Ru2,metallic,extension,False,0.0,P4_132,True,-0.1251691264999991,0.5409325,Ru-Ru,-1.6132200000000003,Ru-Ru,True,0.5409325,-1.6132200000000003,,metallic
extension_Mg3Zr_mp-1094466,mp-1094466,Mg3Zr,metallic,extension,True,0.06476887374999984,P6_3/mmc,True,0.06476887374999984,0.2889416666666667,Zr-Zr,-0.397515,Zr-Zr,False,0.2889416666666667,-0.397515,,metallic
extension_Mg5Sc_mp-1185837,mp-1185837,Mg5Sc,metallic,extension,True,0.0599288583333335,R32,True,0.0489273033333338,0.09996666666666666,Sc-Sc,-0.12463083333333332,Mg-Sc,False,0.09996666666666666,-0.12463083333333332,,metallic
extension_Mg5Te_mp-1185828,mp-1185828,Mg5Te,,extension,True,0.22432475583333433,R32,True,-0.13286517861111088,0.010809999999999998,Mg-Te,-0.0917225,Mg-Te,False,0.010809999999999998,-0.0917225,,metallic
extension_MgAl2_mp-1102064,mp-1102064,MgAl2,metallic,extension,False,0.04160550583333311,I4_1/amd,True,0.02971320249999998,0.33633250000000003,Al-Al,-1.6067049999999998,Al-Al,False,0.33633250000000003,-1.6067049999999998,,metallic
extension_MgCd_mp-11307,mp-11307,MgCd,metallic,extension,False,0.0,Pmma,True,-0.09463182833333228,0.43618333333333337,Cd-Cd,-2.0469833333333334,Cd-Cd,False,0.43618333333333337,-2.0469833333333334,,metallic
extension_MgCl2_exp_mp-23210,mp-23210,MgCl2,ionic,extension,False,0.0,R-3m,False,,0.1312722222222222,Cl-Mg,-0.9344166666666666,Cl-Mg,False,0.1312722222222222,-0.9344166666666666,0.2882562614532282,ionic
extension_MgCl2_theo_mp-569626,mp-569626,MgCl2,ionic,extension,True,0.19913082333333376,Ama2,False,,0.147485,Cl-Mg,-1.009594,Cl-Mg,False,0.147485,-1.009594,0.1897792889610389,ionic
extension_MgF2_exp_mp-1072956,mp-1072956,MgF2,ionic,extension,False,0.0024727899999996694,Pnnm,False,,0.09009666666666667,F-Mg,-1.019186666666667,F-Mg,False,0.09009666666666667,-1.019186666666667,0.1329541913580247,ionic
extension_MgF2_theo_mp-1062842,mp-1062842,MgF2,ionic,extension,True,0.26364889999999974,Amm2,False,,0.08078714285714285,F-Mg,-0.8464957142857141,F-Mg,False,0.08078714285714285,-0.8464957142857141,0.1522125870253164,ionic
extension_MgIn2_mp-1077016,mp-1077016,MgIn2,metallic,extension,False,0.1897874227777776,Fd-3m,True,0.1391122588888901,0.42202999999999996,In-In,-1.8995066666666665,In-In,False,0.42202999999999996,-1.8995066666666665,,metallic
extension_MgO_exp_mp-549706,mp-549706,MgO,ionic,extension,False,0.11804199249999936,P6_3mc,False,,0.15724375000000002,Mg-O,-1.20249625,Mg-O,False,0.15724375000000002,-1.20249625,0.0811926159420289,ionic
extension_MgO_theo_mp-1009127,mp-1009127,MgO,ionic,extension,True,0.7484379050000003,Pm-3m,False,,0.08131,Mg-O,-0.61644,Mg-O,False,0.08131,-0.61644,0.2734667671568627,ionic
extension_MgPb2_mp-2016042,mp-2016042,MgPb2,metallic,extension,True,0.03419048000000657,C2/m,True,-0.04980135166666836,0.27202875000000004,Pb-Pb,-1.025245625,Pb-Pb,False,0.27202875000000004,-1.025245625,,metallic
extension_MgS_exp_mp-1315,mp-1315,MgS,,extension,False,0.0,Fm-3m,False,,0.12357,Mg-S,-0.74259,Mg-S,False,0.12357,-0.74259,0.2438097151210226,ionic
extension_MgS_theo_mp-13032,mp-13032,MgS,,extension,True,0.034344234999999834,F-43m,False,,0.20055,Mg-S,-1.10346,Mg-S,False,0.20055,-1.10346,0.1623993285784555,ionic
extension_MgTi_mp-1094346,mp-1094346,MgTi,metallic,extension,True,0.12570916333333226,P2_1/m,True,0.12570916333333315,0.42309200000000013,Ti-Ti,-0.7659155,Ti-Ti,False,0.42309200000000013,-0.7659155,,metallic
extension_MgTl3_mp-978262,mp-978262,MgTl3,metallic,extension,True,0.051357820833329626,P6_3/mmc,True,0.04286348374999527,0.2759925000000001,Tl-Tl,-1.3396566666666667,Tl-Tl,False,0.2759925000000001,-1.3396566666666667,,metallic
extension_Mg_mp-153,mp-153,Mg,,extension,False,0.0,P6_3/mmc,True,,0.0,Mg-Mg,0.0,Mg-Mg,False,0.0,0.0,,metallic
extension_Mn2O7_mp-28338,mp-28338,Mn2O7,,extension,False,0.3346113968981488,P2_1/c,False,,1.3609006249999998,Mn-O,-6.733875781249999,Mn-O,False,1.3609006249999998,-6.733875781249999,0.0256719581858589,covalent
extension_Mn4B_mp-1221769,mp-1221769,Mn4B,,extension,True,0.10306404682758696,F222,True,-0.1082091105689642,0.3919275000000001,B-Mn,-2.31863125,B-Mn,False,0.3919275000000001,-2.31863125,,metallic
extension_Mn4Ga_mp-1221812,mp-1221812,Mn4Ga,metallic,extension,True,0.1642719892413762,R-3m,True,0.05521550034482629,0.32904909090909085,Mn-Mn,-2.444783333333333,Ga-Ga,False,0.32904909090909085,-2.444783333333333,,metallic
extension_MnO2_mp-510408,mp-510408,MnO2,,extension,False,0.04644304472222238,P4_2/mnm,True,,0.44334999999999997,Mn-O,-3.0527033333333335,Mn-O,False,0.44334999999999997,-3.0527033333333335,0.0547872560450739,metallic
extension_Mn_mp-35,mp-35,Mn,,extension,False,0.0,I-43m,True,,,,-0.6082248421052634,Mn-Mn,False,,-0.6082248421052634,0.0410853020970309,metallic
extension_Mo2C_mp-1221498,mp-1221498,Mo2C,,extension,True,0.06276392999999914,P-3m1,True,-0.07628568666666762,0.5408466666666667,C-Mo,-3.5050199999999996,C-Mo,False,0.5408466666666667,-3.5050199999999996,,metallic
extension_MoPd2_mp-1206704,mp-1206704,MoPd2,metallic,extension,True,0.0,Immm,True,-0.07804413333333571,0.5227,Mo-Mo,-1.7520655555555555,Pd-Pd,False,0.5227,-1.7520655555555555,,metallic
extension_MoRu_mp-1221386,mp-1221386,MoRu,metallic,extension,True,0.09995914916666493,P-6m2,True,0.0654167566666608,0.3772466666666667,Mo-Mo,-1.3952200000000001,Mo-Mo,False,0.3772466666666667,-1.3952200000000001,,metallic
extension_Mo_mp-129,mp-129,Mo,,extension,False,0.0,Im-3m,True,,0.31132714285714286,Mo-Mo,-1.1059271428571427,Mo-Mo,False,0.31132714285714286,-1.1059271428571427,0.0139184506456336,metallic
extension_N2O_mp-1180473,mp-1180473,N2O,covalent,extension,False,0.2568286241666655,Pnma,False,-0.08601432833333433,2.3033475,N-N,-22.351802499999998,N-N,True,2.3033475,-22.351802499999998,,mixed
extension_N2_mp-1059834,mp-1059834,N2,,extension,True,1.100957405,Imma,True,,1.3533,N-N,-15.934345,N-N,False,1.3533,-15.934345,0.0159313000272787,metallic
extension_NO_mp-1180334,mp-1180334,NO,,extension,True,0.6216735074999997,P2_12_12_1,True,0.10740907874999994,1.8009975,N-O,-21.312325,N-O,False,1.8009975,-21.312325,,metallic
extension_Na2Cl_theo_mp-1077015,mp-1077015,Na2Cl,,extension,True,0.23910790120689684,Cmmm,True,,0.03769875,Na-Na,-0.19512772727272723,Cl-Na,False,0.03769875,-0.19512772727272723,0.0900729911056586,metallic
extension_Na2O_exp_mp-2352,mp-2352,Na2O,ionic,extension,False,0.0,Fm-3m,False,,0.119095,Na-O,-0.62085875,Na-O,False,0.119095,-0.62085875,0.0,ionic
extension_Na2O_theo_mp-1975297,mp-1975297,Na2O,ionic,extension,True,0.09812461166666742,C2/m,False,,0.12967142857142858,Na-O,-0.632035,Na-O,False,0.12967142857142858,-0.632035,0.0003408905228758,ionic
extension_Na3Hg_mp-1186050,mp-1186050,Na3Hg,metallic,extension,True,0.021215371458335852,I4/mmm,True,-0.13042292937500122,0.12431,Hg-Hg,-0.3787821428571429,Hg-Na,False,0.12431,-0.3787821428571429,,metallic
extension_Na3In_mp-864758,mp-864758,Na3In,metallic,extension,True,0.040365352500000284,I4/mmm,True,-0.09150885249999874,0.17842,In-In,-0.38649666666666666,In-Na,False,0.17842,-0.38649666666666666,,metallic
extension_Na3Mg_mp-982637,mp-982637,Na3Mg,metallic,extension,True,0.09973374989585748,I4/mmm,True,0.09973374989585748,0.04359416666666666,Na-Na,-0.08602749999999999,Na-Na,False,0.04359416666666666,-0.08602749999999999,,metallic
extension_Na3Si34_mp-1221235,mp-1221235,Na3Si34,metallic,extension,True,0.05178974374999967,R-3m,True,0.0405419705405396,0.888698529411765,Si-Si,-4.319384264705882,Si-Si,True,0.888698529411765,-4.319384264705882,,metallic
extension_NaN3_exp_mp-22003,mp-22003,NaN3,,extension,False,0.0017140024999999781,R-3m,False,,1.8871850000000001,N-N,-19.16258,N-N,True,1.8871850000000001,-19.16258,0.0002045623924797,mixed
extension_NaN3_mp-1066400,mp-1066400,NaN3,,extension,False,0.0029249474999994973,R3m,False,-0.16403737406250052,1.885325,N-N,-18.811320000000002,N-N,True,1.885325,-18.811320000000002,,mixed
extension_NaN3_mp-22003,mp-22003,NaN3,,extension,False,0.0017140024999999781,R-3m,False,-0.16524831906250004,1.8871850000000001,N-N,-19.16258,N-N,True,1.8871850000000001,-19.16258,,mixed
extension_NaN3_mp-634410,mp-634410,NaN3,,extension,True,0.26956520750000035,C2,False,0.10260288593750033,1.86909,N-N,-20.29725,N-N,True,1.86909,-20.29725,,mixed
extension_NaN3_theo_mp-1065265,mp-1065265,NaN3,,extension,True,1.0162235174999994,C2/m,False,,2.73222,N-N,-23.21281,N-N,True,2.73222,-23.21281,0.0005942233273433,mixed
extension_NaP15_mp-1194653,mp-1194653,NaP15,,extension,False,0.0,P-1,False,-0.09604733279017807,0.9227350000000001,P-P,-5.062014090909091,P-P,True,0.9227350000000001,-5.062014090909091,,mixed
extension_NaP5_mp-31086,mp-31086,NaP5,,extension,False,0.009960415000000111,Pnma,False,-0.2311929974801584,0.9111342857142857,P-P,-4.955840714285715,P-P,True,0.9111342857142857,-4.955840714285715,,mixed
extension_NaS_exp_mp-409,mp-409,NaS,,extension,False,0.002286554999999524,P-62m,False,,0.49759166666666665,S-S,-2.6241033333333337,S-S,False,0.49759166666666665,-2.6241033333333337,0.112626208913649,ionic
extension_NaS_theo_mp-1180106,mp-1180106,NaS,,extension,True,1.0060650862499996,C2/m,False,,0.2104,Na-S,-0.98391,Na-S,False,0.2104,-0.98391,0.0,ionic
extension_Nb3Ni_mp-999394,mp-999394,Nb3Ni,metallic,extension,True,0.21315346375000033,I4/mmm,True,0.10147116499999953,0.4255908333333333,Nb-Nb,-1.5440283333333336,Nb-Nb,False,0.4255908333333333,-1.5440283333333336,,metallic
extension_Nb4Rh_mp-1220441,mp-1220441,Nb4Rh,metallic,extension,True,0.08011662799999897,Fmmm,True,-0.1236687819999986,0.3405052777777778,Nb-Nb,-1.1843494444444445,Nb-Nb,False,0.3405052777777778,-1.1843494444444445,,metallic
extension_NbCd3_mp-11309,mp-11309,NbCd3,metallic,extension,False,0.14487106500000024,Pm-3m,True,0.14487106500000024,0.2670916666666666,Cd-Nb,-1.6743691666666667,Cd-Cd,False,0.2670916666666666,-1.6743691666666667,,metallic
extension_NbO_anchor_mp-2692,mp-2692,NbO,,extension,False,0.7887604083333315,Fm-3m,True,,0.29334333333333334,Nb-O,-2.281171666666667,Nb-O,False,0.29334333333333334,-2.281171666666667,0.0291976084513373,metallic
extension_NbO_poly_mp-634965,mp-634965,NbO,,extension,True,0.8240059083333318,P4/mmm,True,,0.91836,Nb-O,-5.58387,Nb-O,False,0.91836,-5.58387,0.0,metallic
extension_NbP_anchor_mp-9830,mp-9830,NbP,,extension,False,0.6020631175000002,I4_1/amd,True,,0.32986375,Nb-P,-1.78025875,Nb-P,False,0.32986375,-1.78025875,0.0001308084223468,metallic
extension_NbP_poly_mp-1220317,mp-1220317,NbP,,extension,True,0.6208620024999991,Cmmm,True,,0.32376499999999997,Nb-P,-1.780505,Nb-P,False,0.32376499999999997,-1.780505,0.0084312981323495,metallic
extension_NbZn16_mp-640041,mp-640041,NbZn16,metallic,extension,False,0.0,Cmcm,True,-0.04627868882353091,0.25339633333333333,Nb-Zn,-1.634618602150538,Zn-Zn,False,0.25339633333333333,-1.634618602150538,,metallic
extension_Nb_mp-75,mp-75,Nb,,extension,False,0.0,Im-3m,True,,0.3267771428571428,Nb-Nb,-1.143867142857143,Nb-Nb,False,0.3267771428571428,-1.143867142857143,0.0,metallic
extension_Ni3Mo_mp-11506,mp-11506,Ni3Mo,metallic,extension,False,0.0,Pmmn,True,-0.05244866624999922,0.29152125,Mo-Ni,-1.00018,Mo-Ni,False,0.29152125,-1.00018,,metallic
extension_NiSb3_mp-1106023,mp-1106023,NiSb3,metallic,extension,False,0.01561135500000077,Im-3,True,-0.12569948624999938,0.31690375000000004,Ni-Sb,-1.4693091666666669,Ni-Sb,False,0.31690375000000004,-1.4693091666666669,,metallic
extension_Ni_mp-23,mp-23,Ni,,extension,False,0.0,Fm-3m,True,,0.09474,Ni-Ni,-0.4204116666666667,Ni-Ni,False,0.09474,-0.4204116666666667,0.3799335477919295,metallic
extension_O2_mp-1524462,mp-1524462,O2,,extension,False,0.0,C2/m,False,,1.4816449999999999,O-O,-17.79561,O-O,False,1.4816449999999999,-17.79561,0.1270663096951735,covalent
extension_OsC_anchor_mp-7142,mp-7142,OsC,,extension,False,0.9160852612500001,P-6m2,True,,0.46881,C-Os,-3.0940833333333333,C-Os,False,0.46881,-3.0940833333333333,0.0402035669456067,metallic
extension_OsC_poly_mp-1009537,mp-1009537,OsC,,extension,True,1.4795162512500006,Pm-3m,True,,0.33527,C-Os,-2.09428,C-Os,False,0.33527,-2.09428,0.0446353112033195,metallic
extension_OsC_poly_mp-1009539,mp-1009539,OsC,,extension,True,1.3918186662499998,Fm-3m,True,,0.4617883333333333,C-Os,-3.1759816666666665,C-Os,False,0.4617883333333333,-3.1759816666666665,0.0828364883801253,metallic
extension_OsC_poly_mp-999308,mp-999308,OsC,,extension,True,0.9277737837499984,P6_3/mmc,True,,0.4520800000000001,C-Os,-3.1582666666666666,C-Os,False,0.4520800000000001,-3.1582666666666666,0.0525182577040981,metallic
extension_Os_mp-49,mp-49,Os,,extension,False,0.0,P6_3/mmc,True,,0.25668,Os-Os,-1.157885,Os-Os,False,0.25668,-1.157885,0.0538380770434238,metallic
extension_P4Se5_mp-2447,mp-2447,P4Se5,covalent,extension,False,0.00974189644444401,Pna2_1,False,-0.07269891635747348,0.9439877777777776,P-Se,-5.094076944444445,P-Se,False,0.9439877777777776,-5.094076944444445,,covalent
extension_PNO_mp-675742,mp-675742,PNO,covalent,extension,True,1.4997472041111104,P-1,False,0.07875318456349195,1.17508875,N-O,-12.30134125,N-O,True,1.17508875,-12.30134125,,mixed
extension_PW3_mp-1209828,mp-1209828,PW3,,extension,True,0.057999603124997634,I-42m,True,-0.12412992886905272,0.41139249999999994,W-W,-2.79032575,P-W,False,0.41139249999999994,-2.79032575,,metallic
extension_P_mp-568348,mp-568348,P,covalent,extension,False,0.0,P2/c,False,,0.9201532539682539,P-P,-5.076030079365079,P-P,False,0.9201532539682539,-5.076030079365079,0.0209447904365614,covalent
extension_Pb2Au_mp-22795,mp-22795,Pb2Au,metallic,extension,False,0.0,I4/mcm,True,-0.08921331333333644,0.45241,Au-Au,-3.2812349999999997,Au-Au,False,0.45241,-3.2812349999999997,,metallic
extension_PbAu3_mp-982246,mp-982246,PbAu3,metallic,extension,True,0.081645635000001,Fm-3m,True,0.028900653437503365,0.19414428571428569,Au-Pb,-1.4564092857142854,Au-Au,False,0.19414428571428569,-1.4564092857142854,,metallic
extension_PbN6_mp-620058,mp-620058,PbN6,covalent,extension,False,0.1096255538095221,Pna2_1,False,,1.8685910416666662,N-N,-19.18516083333333,N-N,True,1.8685910416666662,-19.18516083333333,,mixed
extension_PbN6_mp-667338,mp-667338,PbN6,covalent,extension,False,0.10931083119047358,Pnma,False,,1.868667708333333,N-N,-19.22265895833333,N-N,True,1.868667708333333,-19.22265895833333,0.0007466144265135,mixed
extension_Pb_mp-20483,mp-20483,Pb,,extension,False,0.0,Fm-3m,True,,0.19432000000000002,Pb-Pb,-0.8519083333333333,Pb-Pb,False,0.19432000000000002,-0.8519083333333333,0.0276382488398256,metallic
extension_Pd_mp-2,mp-2,Pd,,extension,False,0.0,Fm-3m,True,,0.163095,Pd-Pd,-1.2162266666666666,Pd-Pd,False,0.163095,-1.2162266666666666,0.1263910685024333,metallic
extension_Pt_mp-126,mp-126,Pt,,extension,False,0.0,Fm-3m,True,,0.23669666666666667,Pt-Pt,-1.808938333333333,Pt-Pt,False,0.23669666666666667,-1.808938333333333,0.0926568450548497,metallic
extension_Rb2O_exp_mp-1394,mp-1394,Rb2O,ionic,extension,False,0.0031695866666665573,Fm-3m,False,,0.0866925,O-Rb,-1.29978,Rb-Rb,False,0.0866925,-1.29978,0.0368277765695644,ionic
extension_Rb2O_theo_mp-2023482,mp-2023482,Rb2O,ionic,extension,True,0.047853428888886995,P-3m1,False,,0.13017444444444445,O-Rb,-0.406745,Rb-Rb,False,0.13017444444444445,-0.406745,0.0635905704099821,ionic
extension_Rb3In_mp-974948,mp-974948,Rb3In,metallic,extension,True,0.16634191892045447,Pm-3m,True,0.10907340770833374,0.11288333333333332,In-Rb,-0.22664750000000003,Rb-Rb,False,0.11288333333333332,-0.22664750000000003,,metallic
extension_Rb3Li_mp-974938,mp-974938,Rb3Li,metallic,extension,True,0.14514899354166677,Pm-3m,True,0.14514899354166677,0.09913,Li-Rb,-0.3103533333333333,Li-Rb,False,0.09913,-0.3103533333333333,,metallic
extension_Rb3P11_mp-1173444,mp-1173444,Rb3P11,,extension,True,0.27383845571428367,C2/m,True,-0.043510536683672996,0.8390296774193551,P-P,-4.214439032258064,P-P,True,0.8390296774193551,-4.214439032258064,,metallic
extension_Rb3P_mp-974822,mp-974822,Rb3P,,extension,True,0.11857260520833357,Fm-3m,False,-0.06112599428571386,0.125275,P-Rb,-0.5327314285714286,Rb-Rb,False,0.125275,-0.5327314285714286,,ionic
extension_RbCl_exp_mp-23299,mp-23299,RbCl,ionic,extension,False,0.02977404000000128,Pm-3m,False,,0.04775000000000001,Cl-Rb,-0.6732133333333333,Rb-Rb,False,0.04775000000000001,-0.6732133333333333,0.1018650589732447,ionic
extension_RbF_exp_mp-2064,mp-2064,RbF,ionic,extension,False,0.05158332500000107,Pm-3m,False,,0.08788,Rb-Rb,-1.3700400000000001,Rb-Rb,False,0.08788,-1.3700400000000001,0.044713282998944,ionic
extension_RbF_theo_mp-11718,mp-11718,RbF,ionic,extension,True,0.0,Fm-3m,False,,0.04602666666666666,F-Rb,-0.4536016666666667,Rb-Rb,False,0.04602666666666666,-0.4536016666666667,0.0398369458359424,ionic
extension_RbN3_exp_mp-581833,mp-581833,RbN3,,extension,False,0.019336026250000415,P4/mmm,False,,1.8969200000000002,N-N,-18.340310000000002,N-N,True,1.8969200000000002,-18.340310000000002,0.0,mixed
extension_RbN3_theo_mp-1219567,mp-1219567,RbN3,,extension,True,0.79660387875,Amm2,False,,1.3756033333333335,N-N,-9.857166666666668,N-N,True,1.3756033333333335,-9.857166666666668,0.0216170087854303,mixed
extension_RbP15_mp-1209298,mp-1209298,RbP15,,extension,True,0.0,P-1,False,-0.10102487669642723,0.9270474999999998,P-P,-5.03848659090909,P-P,True,0.9270474999999998,-5.03848659090909,,mixed
extension_RbP_exp_mp-1179688,mp-1179688,RbP,,extension,False,0.9878872979166671,C2/m,True,,0.10312333333333333,P-P,-0.4288066666666666,P-Rb,False,0.10312333333333333,-0.4288066666666666,0.0137618986419344,metallic
extension_RbP_theo_mp-1058499,mp-1058499,RbP,,extension,True,0.9881531929166671,Immm,True,,0.1277,P-P,-0.43039000000000005,P-Rb,False,0.1277,-0.43039000000000005,0.0098508499606195,metallic
extension_RbS_exp_mp-558071,mp-558071,RbS,,extension,False,0.0018650299999998232,Immm,False,,0.99197,S-S,-5.0554,S-S,True,0.99197,-5.0554,0.1964323146742568,mixed
extension_RbS_theo_mp-1179684,mp-1179684,RbS,,extension,True,0.9974513208333313,C2/m,False,,0.12257,Rb-S,-0.5861350000000001,Rb-S,False,0.12257,-0.5861350000000001,0.0849775578796512,ionic
extension_Rb_mp-70,mp-70,Rb,,extension,False,0.009212472500000013,Im-3m,True,,0.05903593750000002,Rb-Rb,-0.11795624999999997,Rb-Rb,False,0.05903593750000002,-0.11795624999999997,0.1306538155634826,metallic
extension_Re2Si_mp-669547,mp-669547,Re2Si,metallic,extension,False,0.3323728517857134,P2_1/c,True,0.1351910124999994,0.38490057692307683,Re-Re,-1.8091109375,Re-Si,False,0.38490057692307683,-1.8091109375,,metallic
extension_Re3N5_mp-1080194,mp-1080194,Re3N5,,extension,True,0.15380868749999976,Imm2,True,0.10932227671875339,0.8323564285714287,N-Re,-5.288232857142858,N-Re,False,0.8323564285714287,-5.288232857142858,,metallic
extension_Re3Pd_mp-862586,mp-862586,Re3Pd,metallic,extension,True,0.0,P6_3/mmc,True,-0.05744695312499459,0.3788158333333333,Re-Re,-1.7448820833333336,Pd-Re,False,0.3788158333333333,-1.7448820833333336,,metallic
extension_Re5Si3_mp-1105959,mp-1105959,Re5Si3,metallic,extension,False,0.15830164888392595,I4/mcm,True,-0.06352792031250232,0.33792500000000003,Si-Si,-2.7922200000000004,Si-Si,False,0.33792500000000003,-2.7922200000000004,,metallic
extension_ReC_anchor_mp-1079494,mp-1079494,ReC,,extension,False,0.636191904375,P6_3/mmc,True,,0.47409000000000007,C-Re,-3.3056099999999997,C-Re,False,0.47409000000000007,-3.3056099999999997,0.021083909895114,metallic
extension_ReC_poly_mp-1009731,mp-1009731,ReC,,extension,True,1.1149929443750004,Pm-3m,True,,0.3588,C-Re,-2.28258,C-Re,False,0.3588,-2.28258,0.0148664788497603,metallic
extension_Re_mp-8,mp-8,Re,,extension,False,0.003587022499999648,P6_3/mmc,True,,0.3161894444444444,Re-Re,-1.3803422222222224,Re-Re,False,0.3161894444444444,-1.3803422222222224,0.0205341718806949,metallic
extension_Rh_mp-74,mp-74,Rh,,extension,False,0.0,Fm-3m,True,,0.16202333333333335,Rh-Rh,-0.7081166666666667,Rh-Rh,False,0.16202333333333335,-0.7081166666666667,0.185226987069637,metallic
extension_RuC_anchor_mp-10030,mp-10030,RuC,,extension,False,0.6494276712500024,P-6m2,True,,0.47696,C-Ru,-2.9147266666666667,C-Ru,False,0.47696,-2.9147266666666667,0.0418350018386215,metallic
extension_RuC_poly_mp-1009787,mp-1009787,RuC,,extension,True,0.9096720512499985,Fm-3m,True,,0.475165,C-Ru,-2.973356666666666,C-Ru,False,0.475165,-2.973356666666666,0.0862225723035952,metallic
extension_RuRh3_mp-974335,mp-974335,RuRh3,metallic,extension,True,0.0347198320833364,Pm-3m,True,0.03435010375000047,0.20738333333333336,Rh-Ru,-0.8611375,Rh-Ru,False,0.20738333333333336,-0.8611375,,metallic
extension_Ru_mp-33,mp-33,Ru,,extension,False,0.0,P6_3/mmc,True,,0.2374916666666667,Ru-Ru,-0.9478488888888889,Ru-Ru,False,0.2374916666666667,-0.9478488888888889,0.0874539568421949,metallic
extension_SN_anchor_mp-236,mp-236,SN,covalent,extension,False,0.5086555859375004,P2_1/c,False,,1.147975,N-S,-8.7413025,N-S,False,1.147975,-8.7413025,0.0439682753405856,covalent
extension_SN_poly_mp-1078816,mp-1078816,SN,,extension,True,0.8090262296875004,P2_1/c,True,,0.282276875,N-S,-1.790346875,N-S,False,0.282276875,-1.790346875,0.0359075184547244,metallic
extension_SN_poly_mp-1173453,mp-1173453,SN,,extension,True,0.7225484081597227,P2_1,True,,1.519535,N-S,-10.924358750000001,N-S,False,1.519535,-10.924358750000001,0.0458011878988008,metallic
extension_SN_poly_mp-684642,mp-684642,SN,,extension,True,0.5498053901041668,P2_1,True,,1.350425,N-N,-13.43148,N-N,True,1.350425,-13.43148,0.0332750468890892,metallic
extension_S_mp-77,mp-77,S,covalent,extension,False,0.0,Fddd,False,,0.9691653124999998,S-S,-5.92461,S-S,False,0.9691653124999998,-5.92461,0.0879743156931777,covalent
extension_Sb2S5_mp-1359089,mp-1359089,Sb2S5,,extension,True,0.08012190446428491,P2_1/c,True,-0.1250516849553581,1.08475,S-S,-6.8891175,S-S,True,1.08475,-6.8891175,,metallic
extension_Sb_mp-104,mp-104,Sb,,extension,False,0.0,R-3m,True,,0.4398433333333333,Sb-Sb,-1.7201733333333333,Sb-Sb,False,0.4398433333333333,-1.7201733333333333,0.0425038044570444,metallic
extension_ScOs3_mp-981384,mp-981384,ScOs3,metallic,extension,True,0.384095409375,Pm-3m,True,0.09903331625000078,0.261825,Os-Os,-1.1902683333333333,Os-Sc,False,0.261825,-1.1902683333333333,,metallic
extension_Sc_mp-67,mp-67,Sc,,extension,False,0.0,P6_3/mmc,True,,0.2109605555555555,Sc-Sc,-0.6595716666666668,Sc-Sc,False,0.2109605555555555,-0.6595716666666668,0.0,metallic
extension_Se_mp-14,mp-14,Se,covalent,extension,False,0.0010810776041676462,P3_121,False,,0.9053233333333334,Se-Se,-4.149629999999999,Se-Se,False,0.9053233333333334,-4.149629999999999,0.0827940834359239,covalent
extension_Si3H_mp-995193,mp-995193,Si3H,covalent,extension,True,0.03147248546874959,P-3m1,False,0.02890454156250044,0.9370254545454546,Si-Si,-4.65999,H-Si,True,0.9370254545454546,-4.65999,,mixed
extension_Si3Pt_mp-972763,mp-972763,Si3Pt,metallic,extension,True,0.2618652343750014,P6_3/mmc,True,-0.08664157749999646,0.428385,Pt-Pt,-2.657995,Pt-Pt,False,0.428385,-2.657995,,metallic
extension_Si3W5_mp-31219,mp-31219,Si3W5,metallic,extension,False,0.025065460000000428,I4/mcm,True,-0.14362240250000013,0.43115565217391305,W-W,-2.559824464285714,Si-W,False,0.43115565217391305,-2.559824464285714,,metallic
extension_SiH2_mp-1192532,mp-1192532,SiH2,covalent,extension,False,0.04434195949999964,P2_1/m,False,0.0374941090833327,0.9857159999999998,Si-Si,-4.772005999999999,H-Si,True,0.9857159999999998,-4.772005999999999,,mixed
extension_SiO2_anchor_mp-9258,mp-9258,SiO2,covalent,extension,False,0.5770440263888901,Pa-3,False,,0.5129841666666665,O-Si,-5.596897083333334,O-Si,False,0.5129841666666665,-5.596897083333334,0.0264033976184917,ionic
extension_SiO2_poly_mp-10064,mp-10064,SiO2,covalent,extension,True,1.27794353388889,Fm-3m,False,,0.397365,O-Si,-3.7939012500000002,O-Si,False,0.397365,-3.7939012500000002,0.0239601796252581,ionic
extension_SiO2_poly_mp-556044,mp-556044,SiO2,,extension,True,1.4573660394444454,P-31c,True,,0.7436824999999999,O-Si,-6.439877083333335,O-Si,False,0.7436824999999999,-6.439877083333335,0.0116750653215713,metallic
extension_SiO2_poly_mp-638049,mp-638049,SiO2,,extension,True,1.7447606447222235,F4_132,True,,0.6594325000000002,O-Si,-6.055608125000003,O-Si,False,0.6594325000000002,-6.055608125000003,0.0488023890585698,metallic
extension_SiTc3_mp-972784,mp-972784,SiTc3,metallic,extension,True,0.1528513418749995,P6_3/mmc,True,-0.10735772187499748,0.33845375000000005,Tc-Tc,-1.4573200000000002,Si-Tc,False,0.33845375000000005,-1.4573200000000002,,metallic
extension_SiTe2_mp-2755,mp-2755,SiTe2,,extension,False,0.0482593716666635,P-3m1,True,0.048259371666664684,0.565835,Si-Te,-2.752335,Si-Te,False,0.565835,-2.752335,,metallic
extension_Sn3S_mp-1187038,mp-1187038,Sn3S,,extension,True,0.3167847331250009,Fm-3m,True,0.08074417554687585,0.22407142857142856,Sn-Sn,-1.1171328571428571,Sn-Sn,False,0.22407142857142856,-1.1171328571428571,,metallic
extension_Sn3Se_mp-1187055,mp-1187055,Sn3Se,,extension,True,0.2596551493749999,Fm-3m,True,0.032881995234376404,0.21076928571428571,Sn-Sn,-1.0119264285714284,Sn-Sn,False,0.21076928571428571,-1.0119264285714284,,metallic
extension_SnP_mp-475,mp-475,SnP,,extension,False,0.040785102499999226,Fm-3m,True,0.036222141011904796,0.43466166666666667,P-Sn,-2.32263,P-Sn,False,0.43466166666666667,-2.32263,,metallic
extension_SnPb3_mp-1187118,mp-1187118,SnPb3,metallic,extension,True,0.08925198000000023,P6_3/mmc,True,0.08925198000000023,0.19878666666666667,Pb-Sn,-0.8713595833333333,Pb-Pb,False,0.19878666666666667,-0.8713595833333333,,metallic
extension_Sn_mp-623511,mp-623511,Sn,,extension,False,0.061407004999999515,I4/mmm,True,,0.1988766666666667,Sn-Sn,-0.8803349999999998,Sn-Sn,False,0.1988766666666667,-0.8803349999999998,0.0234776666132906,metallic
extension_Snalpha_mp-117,mp-117,Sn,,extension,False,0.0,Fd-3m,True,,0.87066,Sn-Sn,-3.69305,Sn-Sn,False,0.87066,-3.69305,,metallic
extension_Sr3N2_mp-1013529,mp-1013529,Sr3N2,,extension,True,0.5582295490000018,Pm-3m,True,-0.11248128250000064,0.1063738888888889,N-Sr,-0.41478666666666664,Sr-Sr,False,0.1063738888888889,-0.41478666666666664,,metallic
extension_Sr3P4_exp_mp-14288,mp-14288,Sr3P4,,extension,False,0.0,Fdd2,False,,0.89102,P-P,-4.135339999999999,P-P,True,0.89102,-4.135339999999999,0.1223772499865076,mixed
extension_Sr3P4_theo_mp-682953,mp-682953,Sr3P4,,extension,True,0.00811516785714339,P1,False,,0.8888550000000001,P-P,-4.070453333333334,P-P,True,0.8888550000000001,-4.070453333333334,0.1250360471360382,mixed
extension_SrB2_mp-1008755,mp-1008755,SrB2,,extension,True,0.5325422407407405,P6/mmm,True,0.12886528574074063,0.9936833333333333,B-B,-5.217536666666667,B-B,True,0.9936833333333333,-5.217536666666667,,metallic
extension_SrF2_exp_mp-1102240,mp-1102240,SrF2,ionic,extension,False,0.06457278833333291,Pnma,False,,0.05893821428571426,F-Sr,-0.5400796428571428,F-Sr,False,0.05893821428571426,-0.5400796428571428,0.2090247806960797,ionic
extension_SrF2_theo_mp-1102911,mp-1102911,SrF2,ionic,extension,True,0.02665916666666579,Pnma,False,,0.05045833333333333,F-Sr,-0.48582083333333326,F-Sr,False,0.05045833333333333,-0.48582083333333326,0.2166420438831663,ionic
extension_SrN6_mp-2131,mp-2131,SrN6,,extension,False,0.009174299285714227,Fddd,False,-0.25793000178571546,1.8856574999999998,N-N,-18.43337375,N-N,True,1.8856574999999998,-18.43337375,,mixed
extension_SrN_exp_mp-1058586,mp-1058586,SrN,,extension,False,0.4343258274999986,Fm-3m,True,,0.12298833333333332,N-Sr,-0.6069883333333334,N-Sr,False,0.12298833333333332,-0.6069883333333334,0.0462074261715885,metallic
extension_SrO10_mp-1208655,mp-1208655,SrO10,,extension,True,0.6930220472727271,P4/mmm,True,0.09180046545454572,0.8180975,O-O,-6.35707625,O-O,True,0.8180975,-6.35707625,,metallic
extension_SrO2_exp_mp-726705,mp-726705,SrO2,ionic,extension,False,0.009602360833331325,Pnma,False,,0.9820774999999999,O-O,-6.870022499999999,O-O,True,0.9820774999999999,-6.870022499999999,0.2388582693780904,mixed
extension_SrO2_theo_mp-2763179,mp-2763179,SrO2,ionic,extension,True,0.011030372499999608,Pnma,False,,0.9804875,O-O,-6.9737525,O-O,True,0.9804875,-6.9737525,0.2326649400109694,mixed
extension_SrS_exp_mp-10627,mp-10627,SrS,,extension,False,0.2996298049999986,Pm-3m,False,,0.076155,S-Sr,-0.46408333333333324,Sr-Sr,False,0.076155,-0.46408333333333324,0.2376097911707423,ionic
extension_Sr_mp-139,mp-139,Sr,,extension,False,0.0,P6_3/mmc,True,,0.0009333333333333334,Sr-Sr,-0.017136666666666665,Sr-Sr,False,0.0009333333333333334,-0.017136666666666665,4.904992391055046,metallic
extension_TaBe12_mp-567842,mp-567842,TaBe12,metallic,extension,False,0.0,I4/mmm,True,-0.1386066982564108,0.20802924242424245,Be-Be,-1.887541363636363,Be-Be,False,0.20802924242424245,-1.887541363636363,,metallic
extension_TaN_anchor_mp-1497,mp-1497,TaN,,extension,False,0.4515790083333364,P6/mmm,True,,0.4241438888888889,N-Ta,-2.980557222222222,N-Ta,False,0.4241438888888889,-2.980557222222222,0.000939882729211,metallic
extension_TaN_poly_mp-1009831,mp-1009831,TaN,,extension,True,0.8162796533333321,Pm-3m,True,,0.31849,N-Ta,-2.1377400000000004,N-Ta,False,0.31849,-2.1377400000000004,0.000191702659813,metallic
extension_TaN_poly_mp-1009833,mp-1009833,TaN,,extension,True,0.49169759333333474,F-43m,True,,0.64505,N-Ta,-4.4475675,N-Ta,False,0.64505,-4.4475675,0.0,metallic
extension_Ta_mp-50,mp-50,Ta,,extension,False,0.009149912666664761,Im-3m,True,,0.32263714285714284,Ta-Ta,-1.2794285714285714,Ta-Ta,False,0.32263714285714284,-1.2794285714285714,0.0,metallic
extension_Tc3Mo_mp-1187395,mp-1187395,Tc3Mo,metallic,extension,True,0.11694241874999989,Pm-3m,True,0.11694241874999989,0.3332425,Mo-Tc,-1.2727408333333334,Mo-Tc,False,0.3332425,-1.2727408333333334,,metallic
extension_Tc3Os_mp-862779,mp-862779,Tc3Os,metallic,extension,True,0.0,P6_3/mmc,True,-0.06844598375000288,0.31817791666666667,Tc-Tc,-1.2186016666666666,Os-Tc,False,0.31817791666666667,-1.2186016666666666,,metallic
extension_Tc3W_mp-1187398,mp-1187398,Tc3W,metallic,extension,True,0.10723927500000485,P6_3/mmc,True,0.10723927500000485,0.47234833333333315,Tc-W,-2.370503333333334,Tc-W,False,0.47234833333333315,-2.370503333333334,,metallic
extension_Tc_mp-113,mp-113,Tc,,extension,False,0.0,P6_3/mmc,True,,0.3130083333333333,Tc-Tc,-1.2061466666666667,Tc-Tc,False,0.3130083333333333,-1.2061466666666667,0.0239855114514542,metallic
extension_Te2Pd7_mp-1217443,mp-1217443,Te2Pd7,,extension,True,0.11441960977299814,R-3m,True,-0.13105697605137553,0.27694199999999985,Pd-Te,-1.8731065714285717,Pd-Te,False,0.27694199999999985,-1.8731065714285717,,metallic
extension_Te_mp-19,mp-19,Te,covalent,extension,False,0.0,P3_121,False,,0.3171866666666666,Te-Te,-1.1233211111111112,Te-Te,False,0.3171866666666666,-1.1233211111111112,0.1196778116395202,ionic
extension_Ti2Cu_mp-742,mp-742,Ti2Cu,metallic,extension,False,0.0,I4/mmm,True,-0.11303320444444627,0.33736615384615387,Ti-Ti,-0.7591484615384615,Ti-Ti,False,0.33736615384615387,-0.7591484615384615,,metallic
extension_Ti3Nb_mp-1217091,mp-1217091,Ti3Nb,metallic,extension,True,0.06679139250000077,Amm2,True,0.06679139250000077,0.3773566666666666,Nb-Nb,-1.2750033333333333,Nb-Nb,False,0.3773566666666666,-1.2750033333333333,,metallic
extension_TiMo2_mp-1216675,mp-1216675,TiMo2,metallic,extension,True,0.061337100370366215,Fmmm,True,-0.058206392222227045,0.33946562499999994,Mo-Mo,-1.1739662500000003,Mo-Mo,False,0.33946562499999994,-1.1739662500000003,,metallic
extension_TiO2II_mp-1439,mp-1439,TiO2,,extension,False,0.004523600833332253,Pbcn,False,,0.5838375,O-Ti,-3.5796179166666655,O-Ti,False,0.5838375,-3.5796179166666655,0.0076559236971254,covalent
extension_TiO2OII_mp-9173,mp-9173,TiO2,,extension,False,0.05749979000000138,Pnma,False,,0.5897179166666667,O-Ti,-3.5580408333333335,O-Ti,False,0.5897179166666667,-3.5580408333333335,0.0123374461028192,covalent
extension_TiO2baddeleyite_mp-430,mp-430,TiO2,,extension,False,0.03948350083333452,P2_1/c,False,,0.5086732142857142,O-Ti,-3.0819053571428574,O-Ti,False,0.5086732142857142,-3.0819053571428574,0.0145371017630683,ionic
extension_Ti_mp-46,mp-46,Ti,,extension,False,0.015169603333331949,P6_3/mmc,True,,0.3009961111111112,Ti-Ti,-0.7536116666666667,Ti-Ti,False,0.3009961111111112,-0.7536116666666667,0.0,metallic
extension_Tl3Au_mp-1080569,mp-1080569,Tl3Au,metallic,extension,True,0.06940479416666534,Pm-3n,True,0.03507191666665932,0.22908916666666665,Au-Tl,-1.2849941666666669,Au-Tl,False,0.22908916666666665,-1.2849941666666669,,metallic
extension_TlAs_mp-1007770,mp-1007770,TlAs,,extension,True,0.11668702583332902,F-43m,True,0.11668702583332902,0.736235,As-Tl,-3.5580724999999997,As-Tl,False,0.736235,-3.5580724999999997,,metallic
extension_TlAu3_mp-1187508,mp-1187508,TlAu3,metallic,extension,True,0.12302775499999541,Pm-3m,True,0.1058613162499924,0.21295333333333333,Au-Tl,-1.5377108333333334,Au-Au,False,0.21295333333333333,-1.5377108333333334,,metallic
extension_TlC_anchor_mp-567465,mp-567465,TlC,,extension,False,2.10802690958333,Fm-3m,True,,0.37760499999999997,C-Tl,-2.4264966666666665,C-Tl,False,0.37760499999999997,-2.4264966666666665,0.0,metallic
extension_TlC_poly_mp-1058887,mp-1058887,TlC,,extension,True,2.375719474583331,P4/mmm,True,,0.48371749999999997,C-Tl,-3.1369575,C-Tl,False,0.48371749999999997,-3.1369575,0.0,metallic
extension_TlN_anchor_mp-1017982,mp-1017982,TlN,,extension,False,0.7334453533333338,P6_3mc,True,,0.6065862500000001,N-Tl,-3.68241875,N-Tl,False,0.6065862500000001,-3.68241875,0.0022991416481966,metallic
extension_TlN_poly_mp-1002222,mp-1002222,TlN,,extension,True,0.9711865358333327,Fm-3m,True,,0.34458666666666665,N-Tl,-2.1516283333333335,N-Tl,False,0.34458666666666665,-2.1516283333333335,0.0029135314381154,metallic
extension_TlN_poly_mp-1007778,mp-1007778,TlN,,extension,True,0.733738815833334,F-43m,True,,0.6104725,N-Tl,-3.6815125,N-Tl,False,0.6104725,-3.6815125,0.0016805538617886,metallic
extension_Tl_mp-82,mp-82,Tl,,extension,False,0.0,P6_3/mmc,True,,0.19054777777777782,Tl-Tl,-1.0463244444444446,Tl-Tl,False,0.19054777777777782,-1.0463244444444446,0.0,metallic
extension_V_mp-146,mp-146,V,,extension,False,0.0,Im-3m,True,,0.31782999999999995,V-V,-0.8777328571428571,V-V,False,0.31782999999999995,-0.8777328571428571,0.0,metallic
extension_W9C4_mp-684989,mp-684989,W9C4,,extension,True,0.07193477384615221,R32,True,-0.022551838461534038,0.6030756250000002,C-W,-4.594202291666666,C-W,False,0.6030756250000002,-4.594202291666666,,metallic
extension_WBr5_mp-1436789,mp-1436789,WBr5,,extension,True,0.9777983063888893,P-1,True,0.053990249166666615,0.826330625,Br-W,-4.369455,Br-W,False,0.826330625,-4.369455,,metallic
extension_WC_anchor_mp-13136,mp-13136,WC,,extension,False,0.4476605100000022,Fm-3m,True,,0.5508383333333332,C-W,-4.224033333333333,C-W,False,0.5508383333333332,-4.224033333333333,0.0012189888526066,metallic
extension_WC_poly_mp-1008630,mp-1008630,WC,,extension,True,0.8989987500000005,Pm-3m,True,,0.412725,C-W,-2.92463,C-W,False,0.412725,-2.92463,0.0,metallic
extension_WC_poly_mp-1008635,mp-1008635,WC,,extension,True,0.6728768300000034,F-43m,True,,0.8709674999999999,C-W,-6.278997499999999,C-W,False,0.8709674999999999,-6.278997499999999,0.0,metallic
extension_W_mp-91,mp-91,W,,extension,False,0.0,Im-3m,True,,0.43720428571428577,W-W,-2.5600457142857143,W-W,False,0.43720428571428577,-2.5600457142857143,0.0,metallic
extension_Y3Co_mp-1105598,mp-1105598,Y3Co,metallic,extension,False,0.0,Pnma,True,-0.10596457250000046,0.4720061111111112,Co-Y,-2.6093769444444437,Co-Y,False,0.4720061111111112,-2.6093769444444437,,metallic
extension_Y_mp-112,mp-112,Y,,extension,False,0.0,P6_3/mmc,True,,0.23741500000000004,Y-Y,-0.8681983333333334,Y-Y,False,0.23741500000000004,-0.8681983333333334,0.0,metallic
extension_Zn13Rh_mp-13447,mp-13447,Zn13Rh,metallic,extension,False,0.0,C2/m,True,-0.13494432535714346,0.19889734177215182,Zn-Zn,-1.5615141772151901,Zn-Zn,False,0.19889734177215182,-1.5615141772151901,,metallic
extension_Zn2Ag_mp-1093999,mp-1093999,Zn2Ag,metallic,extension,True,0.0,P6_3/mmc,True,-0.02648108166666911,0.28979125000000006,Zn-Zn,-2.4761824999999997,Zn-Zn,False,0.28979125000000006,-2.4761824999999997,,metallic
extension_Zn3Au_mp-1188000,mp-1188000,Zn3Au,metallic,extension,True,0.027401257187502637,P6_3/mmc,True,-0.14945355749999933,0.22753666666666672,Au-Zn,-1.8468775000000004,Au-Zn,False,0.22753666666666672,-1.8468775000000004,,metallic
extension_Zn3N2_mp-1524551,mp-1524551,Zn3N2,,extension,True,0.014135124999999249,P6_3/mmc,True,-0.028787678000000483,0.38880557692307693,N-Zn,-2.861610576923077,N-Zn,False,0.38880557692307693,-2.861610576923077,,metallic
extension_Zn3N2_mp-9460,mp-9460,Zn3N2,,extension,False,0.0,Ia-3,True,-0.04292280300000044,0.4179600000000001,N-Zn,-3.1067258333333325,N-Zn,False,0.4179600000000001,-3.1067258333333325,,metallic
extension_Zn7Tc_mp-1206378,mp-1206378,Zn7Tc,metallic,extension,True,0.0825775456249982,Fm-3m,True,-0.05204390562500194,0.27493,Tc-Zn,-1.7541577777777777,Zn-Zn,False,0.27493,-1.7541577777777777,,metallic
extension_Zn_mp-79,mp-79,Zn,,extension,False,0.0,P6_3/mmc,True,,0.22959555555555555,Zn-Zn,-1.8892361111111111,Zn-Zn,False,0.22959555555555555,-1.8892361111111111,0.0,metallic
extension_Zr3Fe_mp-31205,mp-31205,Zr3Fe,metallic,extension,False,0.0,Cmcm,True,-0.1094675950000017,0.41281444444444443,Fe-Zr,-1.4259105555555556,Fe-Zr,False,0.41281444444444443,-1.4259105555555556,,metallic
extension_ZrHg3_mp-1608,mp-1608,ZrHg3,metallic,extension,False,0.02171306624999403,Pm-3m,True,-0.06165371937500774,0.24902333333333335,Hg-Hg,-1.9085858333333334,Hg-Hg,False,0.24902333333333335,-1.9085858333333334,,metallic
extension_Zr_mp-131,mp-131,Zr,,extension,False,0.0,P6_3/mmc,True,,0.3222927777777778,Zr-Zr,-1.3169544444444448,Zr-Zr,False,0.3222927777777778,-1.3169544444444448,0.0,metallic
gasref_ZnSn_NiAs,,ZnSn,metallic,extension,True,,P6_3/mmc,True,,0.46040499999999995,Zn-Zn,-3.02467,Zn-Zn,False,0.46040499999999995,-3.02467,,metallic
hull_covalent_Si_mp-149,,Si,covalent,hull,,0.0,,False,,0.9242649999999999,Si-Si,-4.5418475,Si-Si,False,0.9242649999999999,-4.5418475,1.0328393108902718e-05,covalent
hull_ionic_NaCl_mp-22862,,NaCl,ionic,hull,,0.0,,False,,0.08590833333333332,Cl-Na,-0.5952683333333334,Cl-Na,False,0.08590833333333332,-0.5952683333333334,0.1110734648581997,ionic
hull_metallic_AlNi_mp-1487,,AlNi,metallic,hull,,0.0,,True,,0.26759625,Al-Ni,-1.9847724999999998,Al-Ni,False,0.26759625,-1.9847724999999998,0.0016262852708365,metallic
metastable_covalent_C_rhombohedral_mp-169,,C,covalent,metastable,,0.0007906250000004889,,False,,1.2172833333333333,C-C,-11.68915,C-C,False,1.2172833333333333,-11.68915,0.0,covalent
metastable_ionic_LiBr_mp-23259,,LiBr,ionic,metastable,,0.009895712500000542,,False,,0.27898,Br-Li,-2.0380933333333338,Br-Li,False,0.27898,-2.0380933333333338,2.2192995418944875e-06,ionic
metastable_metallic_BeCu_mp-2323,,BeCu,metallic,metastable,,0.005036342500000401,,True,,0.19836625,Be-Cu,-1.8359450000000002,Be-Cu,False,0.19836625,-1.8359450000000002,0.0,metallic
theo_metastable_Al4Si_mp-1228120,mp-1228120,Al4Si,metallic,theo_metastable,True,0.11491430399999913,R-3m,True,,0.26144999999999996,Al-Si,-2.037457272727273,Al-Al,False,0.26144999999999996,-2.037457272727273,0.0087152071159283,metallic
theo_metastable_AlSb_mp-1023918,mp-1023918,AlSb,metallic,theo_metastable,True,0.18779470750000016,Cmcm,True,,0.2647395,Al-Sb,-1.2802050000000003,Al-Sb,False,0.2647395,-1.2802050000000003,0.0,metallic
theo_metastable_B3Ir2_mp-1228647,mp-1228647,B3Ir2,,theo_metastable,True,0.06085322616666744,C2/m,True,,0.4472635714285715,B-Ir,-3.3600335714285707,B-Ir,False,0.4472635714285715,-3.3600335714285707,0.0046504483913017,metallic
theo_metastable_B6Pb_mp-1096825,mp-1096825,B6Pb,covalent,theo_metastable,True,0.115100015000003,Pm-3m,False,,0.23534904761904762,B-B,-1.937649523809524,B-B,False,0.23534904761904762,-1.937649523809524,0.0,ionic
theo_metastable_BPd5_mp-1228665,mp-1228665,BPd5,,theo_metastable,True,0.13249513083333042,I4/mmm,True,,0.475415,B-Pd,-3.99241,B-Pd,False,0.475415,-3.99241,0.0972858327857709,metallic
theo_metastable_BeAu3_mp-983539,mp-983539,BeAu3,metallic,theo_metastable,True,0.18183134000000178,Pm-3m,True,,0.22302583333333328,Au-Au,-1.912941666666666,Au-Au,False,0.22302583333333328,-1.912941666666666,0.0,metallic
theo_metastable_BeCl2_mp-1190080,mp-1190080,BeCl2,ionic,theo_metastable,True,0.01870443305555547,I-43m,False,,0.7528387499999999,Be-Cl,-5.961322916666666,Be-Cl,False,0.7528387499999999,-5.961322916666666,0.0025622243146272,covalent
theo_metastable_CaGe2_mp-643542,mp-643542,CaGe2,metallic,theo_metastable,True,0.0978748566666674,C2/m,True,,0.73785,Ge-Ge,-3.164533333333333,Ge-Ge,True,0.73785,-3.164533333333333,0.0337047969618745,metallic
theo_metastable_CoSe2_mp-1390196,mp-1390196,CoSe2,,theo_metastable,True,0.07343032750000056,Fd-3m,True,,0.7047754166666667,Co-Se,-4.3266525,Co-Se,False,0.7047754166666667,-4.3266525,0.034812820563093,metallic
theo_metastable_Cr2C_mp-1226378,mp-1226378,Cr2C,,theo_metastable,True,0.06254013708333694,P-3m1,True,,0.5269616666666667,C-Cr,-3.080341666666667,C-Cr,False,0.5269616666666667,-3.080341666666667,0.0083595511172066,metallic
theo_metastable_CrMo_mp-1226200,mp-1226200,CrMo,metallic,theo_metastable,True,0.11631646000000018,Cmmm,True,,0.36001333333333335,Mo-Mo,-1.36791,Mo-Mo,False,0.36001333333333335,-1.36791,0.0080798531504466,metallic
theo_metastable_Ga2Se3_mp-1224809,mp-1224809,Ga2Se3,covalent,theo_metastable,True,0.006252534999998005,Imm2,False,,0.8323574999999999,Ga-Se,-4.7104675,Ga-Se,False,0.8323574999999999,-4.7104675,0.008542130368471,covalent
theo_metastable_GeS_mp-12910,mp-12910,GeS,covalent,theo_metastable,True,0.0761541225000002,Cmcm,False,,0.43478000000000006,Ge-S,-2.246216,Ge-S,False,0.43478000000000006,-2.246216,0.0515577842088985,ionic
theo_metastable_HCl_mp-684609,mp-684609,HCl,,theo_metastable,True,0.053566722500000274,Imm2,False,,0.94799,Cl-H,-7.39848,Cl-H,False,0.94799,-7.39848,0.047842908114272,covalent
theo_metastable_HfMo_mp-1224314,mp-1224314,HfMo,metallic,theo_metastable,True,0.19909284749999756,Cmmm,True,,0.33682375,Hf-Mo,-1.2722075000000002,Hf-Mo,False,0.33682375,-1.2722075000000002,0.0,metallic
theo_metastable_IN2_mp-1097011,mp-1097011,IN2,,theo_metastable,True,0.07299064583333248,I4/mcm,True,,2.95062,N-N,-23.128905,N-N,True,2.95062,-23.128905,0.0176513364055299,metallic
theo_metastable_InSe2_mp-1232036,mp-1232036,InSe2,,theo_metastable,True,0.17326202766492926,P4/nmm,True,,0.2770605555555555,In-Se,-1.4779683333333336,In-Se,False,0.2770605555555555,-1.4779683333333336,0.0348789930520422,metallic
theo_metastable_IrCl3_mp-729507,mp-729507,IrCl3,,theo_metastable,True,0.030088630624999446,C2,False,,0.7111783333333334,Cl-Ir,-4.999514583333334,Cl-Ir,False,0.7111783333333334,-4.999514583333334,0.0957440317385898,covalent
theo_metastable_K5As4_mp-684799,mp-684799,K5As4,,theo_metastable,True,0.05643723222222263,P-1,True,,0.98589,As-As,-3.9305566666666665,As-As,True,0.98589,-3.9305566666666665,0.0451794201153056,metallic
theo_metastable_KSn3_mp-1185151,mp-1185151,KSn3,metallic,theo_metastable,True,0.05729916087053466,P6_3/mmc,True,,0.40055166666666664,Sn-Sn,-1.5430822222222225,Sn-Sn,False,0.40055166666666664,-1.5430822222222225,0.0178871820464376,metallic
theo_metastable_Li3Ag_mp-976408,mp-976408,Li3Ag,metallic,theo_metastable,True,0.0013151149999997003,I4/mmm,True,,0.10836285714285716,Ag-Li,-1.0443649999999998,Ag-Li,False,0.10836285714285716,-1.0443649999999998,0.0,metallic
theo_metastable_LiTl3_mp-1185253,mp-1185253,LiTl3,metallic,theo_metastable,True,0.046669947499999864,I4/mmm,True,,0.23696249999999996,Tl-Tl,-1.29885,Tl-Tl,False,0.23696249999999996,-1.29885,0.0,metallic
theo_metastable_Mg15B_mp-1023515,mp-1023515,Mg15B,,theo_metastable,True,0.19432971906249996,P-6m2,True,,0.028034999999999994,B-Mg,-0.11517166666666666,B-Mg,False,0.028034999999999994,-0.11517166666666666,0.9422779863481228,metallic
theo_metastable_MgF2_mp-560236,mp-560236,MgF2,ionic,theo_metastable,True,0.10763880333333375,C2/m,False,,0.10065400000000002,F-Mg,-1.0812909999999998,F-Mg,False,0.10065400000000002,-1.0812909999999998,0.0877813392994908,ionic
theo_metastable_MgSn_mp-1094669,mp-1094669,MgSn,metallic,theo_metastable,True,0.0559883787500004,Pm-3m,True,,0.22379333333333332,Sn-Sn,-0.7050366666666666,Sn-Sn,False,0.22379333333333332,-0.7050366666666666,0.099969939711738,metallic
theo_metastable_MgSn_mp-1094801,mp-1094801,MgSn,metallic,theo_metastable,True,0.021182148749999463,P4/mmm,True,,0.31343,Sn-Sn,-1.2760500000000001,Sn-Sn,False,0.31343,-1.2760500000000001,0.1099254501257904,metallic
theo_metastable_MnN_mp-1009130,mp-1009130,MnN,covalent,theo_metastable,True,0.01508596781249949,F-43m,False,,0.6682174999999999,Mn-N,-3.9791849999999998,Mn-N,False,0.6682174999999999,-3.9791849999999998,0.024667700029967,covalent
theo_metastable_Na2Cl_mp-990084,mp-990084,Na2Cl,,theo_metastable,True,0.1105395928735633,R-3m,True,,0.047875,Cl-Na,-0.352665,Cl-Na,False,0.047875,-0.352665,0.0618130443693001,metallic
theo_metastable_Na3Cl_mp-1064484,mp-1064484,Na3Cl,,theo_metastable,True,0.145649899310345,P4/mmm,True,,0.029738378378378377,Na-Na,-0.22541250000000002,Cl-Na,False,0.029738378378378377,-0.22541250000000002,0.0859110630132095,metallic
theo_metastable_NbRh2_mp-1220414,mp-1220414,NbRh2,metallic,theo_metastable,True,0.10426935750000332,Pm,True,,0.3585,Nb-Nb,-1.4459279999999999,Nb-Nb,False,0.3585,-1.4459279999999999,0.0440390599526689,metallic
theo_metastable_NbS2_mp-774873,mp-774873,NbS2,,theo_metastable,True,0.05761998666666823,P6_3/mmc,True,,0.6389808333333333,Nb-S,-3.1945850000000005,Nb-S,False,0.6389808333333333,-3.1945850000000005,0.0049393801172611,metallic
theo_metastable_PtCl2_mp-1219748,mp-1219748,PtCl2,,theo_metastable,True,0.04902293166666505,C2/m,False,,0.71833625,Cl-Pt,-5.30128875,Cl-Pt,False,0.71833625,-5.30128875,0.075561730844514,covalent
theo_metastable_Sc2O3_mp-755313,mp-755313,Sc2O3,,theo_metastable,True,0.03639289474999963,R-3c,False,,0.4210091666666666,O-Sc,-2.7698179166666663,O-Sc,False,0.4210091666666666,-2.7698179166666663,0.0026398834781627,ionic
theo_metastable_ScTc3_mp-867262,mp-867262,ScTc3,metallic,theo_metastable,True,0.11536893812500004,Fm-3m,True,,0.3042928571428572,Tc-Tc,-1.0738714285714284,Tc-Tc,False,0.3042928571428572,-1.0738714285714284,0.0079873406341941,metallic
theo_metastable_SiAu3_mp-1186998,mp-1186998,SiAu3,metallic,theo_metastable,True,0.16429186749999758,Fm-3m,True,,0.19744499999999995,Au-Si,-1.412107142857143,Au-Au,False,0.19744499999999995,-1.412107142857143,0.0155627574282356,metallic
theo_metastable_Sn7Pd5_mp-1219006,mp-1219006,Sn7Pd5,metallic,theo_metastable,True,0.04139117625000566,C2,True,,0.37650441176470595,Pd-Sn,-2.7925667647058816,Pd-Sn,False,0.37650441176470595,-2.7925667647058816,0.0,metallic
theo_metastable_SnBr2_mp-978985,mp-978985,SnBr2,covalent,theo_metastable,True,0.040465399999999985,P4_2/mnm,False,,0.35945833333333327,Br-Sn,-1.633236666666667,Br-Sn,False,0.35945833333333327,-1.633236666666667,0.1289018328904742,ionic
theo_metastable_Sr3As4_mp-678007,mp-678007,Sr3As4,,theo_metastable,True,0.006247547857142877,P1,False,,0.8522433333333334,As-As,-3.05556,As-As,True,0.8522433333333334,-3.05556,0.1160823343783135,mixed
theo_metastable_Sr3Sn_mp-1187136,mp-1187136,Sr3Sn,metallic,theo_metastable,True,0.11112304583333454,Pm-3m,True,,0.05014416666666668,Sr-Sr,-0.23736666666666664,Sr-Sr,False,0.05014416666666668,-0.23736666666666664,0.4376516917871424,metallic
theo_metastable_SrTl3_mp-1206636,mp-1206636,SrTl3,metallic,theo_metastable,True,0.029404816250000465,Pm-3m,True,,0.28570500000000004,Tl-Tl,-1.2068425,Tl-Tl,False,0.28570500000000004,-1.2068425,0.020091856744637,metallic
theo_metastable_Ta4C3_mp-1218000,mp-1218000,Ta4C3,,theo_metastable,True,0.03350051428571277,R3m,True,,0.52654,C-Ta,-3.544035555555556,C-Ta,False,0.52654,-3.544035555555556,0.0,metallic
theo_metastable_TaP_mp-1187244,mp-1187244,TaP,,theo_metastable,True,0.0032522499999991794,P-6m2,True,,0.4792133333333333,P-Ta,-2.75086,P-Ta,False,0.4792133333333333,-2.75086,0.0,metallic
theo_metastable_TaRe_mp-1217894,mp-1217894,TaRe,metallic,theo_metastable,True,0.11133223291667349,Cmmm,True,,0.33110666666666666,Ta-Ta,-1.5113533333333333,Ta-Ta,False,0.33110666666666666,-1.5113533333333333,0.0026417130365659,metallic
theo_metastable_TcW_mp-1217337,mp-1217337,TcW,metallic,theo_metastable,True,0.10564943749999856,Cmmm,True,,0.6035,W-W,-3.683586666666667,W-W,True,0.6035,-3.683586666666667,0.0,metallic
theo_metastable_TiMo2_mp-1216675,mp-1216675,TiMo2,metallic,theo_metastable,True,0.061337100370366215,Fmmm,True,,0.33946562499999994,Mo-Mo,-1.1739662500000003,Mo-Mo,False,0.33946562499999994,-1.1739662500000003,0.0,metallic
theo_metastable_TiNi_mp-1067248,mp-1067248,TiNi,metallic,theo_metastable,True,0.0020067824999996375,Cmcm,True,,0.27977285714285716,Ni-Ti,-0.8585564285714286,Ni-Ti,False,0.27977285714285716,-0.8585564285714286,0.0059837102339383,metallic
theo_metastable_TiSi2_mp-570991,mp-570991,TiSi2,metallic,theo_metastable,True,0.17960538666666537,Immm,True,,0.265945,Si-Ti,-1.2938609999999997,Si-Ti,False,0.265945,-1.2938609999999997,0.0,metallic
theo_metastable_TiW_mp-1216621,mp-1216621,TiW,metallic,theo_metastable,True,0.022547341666665943,Cmmm,True,,0.6568366666666666,W-W,-3.6207033333333336,W-W,True,0.6568366666666666,-3.6207033333333336,0.0,metallic
theo_metastable_Tl3Ga_mp-1187539,mp-1187539,Tl3Ga,metallic,theo_metastable,True,0.09724636562500422,Fm-3m,True,,0.20903375,Ga-Tl,-1.0914325,Ga-Tl,False,0.20903375,-1.0914325,0.0,metallic
theo_metastable_Tl4Sn_mp-1216560,mp-1216560,Tl4Sn,metallic,theo_metastable,True,0.045918155999999044,R-3m,True,,0.20390333333333333,Sn-Tl,-1.383660606060606,Tl-Tl,False,0.20390333333333333,-1.383660606060606,0.0009646180025306,metallic
theo_metastable_VCo3_mp-1095057,mp-1095057,VCo3,metallic,theo_metastable,True,0.09418410500000007,P6_3/mmc,True,,0.3730229166666666,Co-Co,-2.514110833333333,Co-Co,False,0.3730229166666666,-2.514110833333333,0.0012154196740198,metallic
theo_metastable_VN_mp-1017532,mp-1017532,VN,,theo_metastable,True,0.10796184249999996,P6_3/mmc,True,,0.42929500000000004,N-V,-2.6953808333333336,N-V,False,0.42929500000000004,-2.6953808333333336,0.0,metallic
theo_metastable_Y3Co_mp-1189329,mp-1189329,Y3Co,metallic,theo_metastable,True,0.0015564962500009827,P2_1,True,,0.4718094444444445,Co-Y,-2.6045163888888894,Co-Y,False,0.4718094444444445,-2.6045163888888894,0.0,metallic
theo_metastable_YAg3_mp-1187811,mp-1187811,YAg3,metallic,theo_metastable,True,0.059440931413043074,Fm-3m,True,,0.178045,Ag-Y,-1.2748664285714284,Ag-Ag,False,0.178045,-1.2748664285714284,0.0,metallic
theo_metastable_ZnPb3_mp-1187949,mp-1187949,ZnPb3,metallic,theo_metastable,True,0.11069147749999786,Fm-3m,True,,0.23919124999999997,Pb-Zn,-1.3227262499999999,Pb-Zn,False,0.23919124999999997,-1.3227262499999999,0.0004147196190126,metallic
theo_metastable_Zn_mp-2647117,mp-2647117,Zn,,theo_metastable,True,0.07166242999999994,Im-3m,True,,0.18193,Zn-Zn,-1.3640785714285715,Zn-Zn,False,0.18193,-1.3640785714285715,0.0,metallic
theo_metastable_Zr3Be_mp-1188016,mp-1188016,Zr3Be,metallic,theo_metastable,True,0.14302901249999955,I4/mmm,True,,0.36551416666666675,Zr-Zr,-1.7389733333333333,Zr-Zr,False,0.36551416666666675,-1.7389733333333333,0.0,metallic
theo_metastable_Zr3Ge_mp-1188039,mp-1188039,Zr3Ge,metallic,theo_metastable,True,0.18508675843749955,P6_3/mmc,True,,0.34604583333333333,Zr-Zr,-1.7196429166666667,Zr-Zr,False,0.34604583333333333,-1.7196429166666667,0.0,metallic
theo_metastable_ZrO2_mp-775909,mp-775909,ZrO2,,theo_metastable,True,0.06265508166666578,P4_2/mnm,False,,0.5719541666666667,O-Zr,-4.144635833333333,O-Zr,False,0.5719541666666667,-4.144635833333333,0.0016731853857879,covalent
theo_metastable_ZrTi_mp-1215236,mp-1215236,ZrTi,metallic,theo_metastable,True,0.0883353483333309,P4/mmm,True,,0.37767,Zr-Zr,-1.659195,Zr-Zr,False,0.37767,-1.659195,0.0,metallic
