compound_id,mp_id,formula,bond_type,family,theoretical,energy_above_hull_eV_at,n_sites,sg_number,spacegroup_symbol,icohp_percolation_weight_min,icohp_percolation_weight_min_normalized,icohp_percolation_direction,icohp_sum,icohp_mean,icohp_min,icohp_max,icobi_percolation_weight_min,icobi_sum,icobi_mean,icobi_min,icobi_max,vasp_wall_time_s,lobster_wall_time_s,formation_energy_per_atom,dimensionality,dimensionality_theta05,dimensionality_theta20,mincut_icohp_a,mincut_icohp_b,mincut_icohp_c,mincut_icohp_min,mincut_icobi_a,mincut_icobi_b,mincut_icobi_c,mincut_icobi_min,mincut_icohp_min_normalized
exp_metastable_AgO_mp-1079720,mp-1079720,AgO,,exp_metastable,False,0.0423481174999995,8,14.0,P2_1/c,4e-05,1.0633999021672093e-05,c,-67.4211399999999,-0.2188998051948048,-3.76152,0.00069,0.00119,9.715780000000002,0.0315447402597402,0.00046,0.46989,123.56,711.16,-0.40022364833333235,3,3,3,22.81589,15.499409999999985,12.66814,12.66814,3.55965,2.6143799999999993,1.8983199999999998,1.8983199999999998,3.3678247091601268
exp_metastable_Al12W_mp-11227,mp-11227,Al12W,metallic,exp_metastable,False,0.0152036853846162,13,204.0,Im-3,0.01374,0.0049823948130876,a,-128.62916000000007,-0.3761086549707604,-2.75771,0.00433,0.0088799999999999,23.23949,0.0679517251461988,0.00222,0.50371,1.0,,-0.0721041215384599,3,3,3,31.11809,31.127389999999995,31.117889999999992,31.117889999999992,5.850349999999999,5.849609999999998,5.84983,5.849609999999998,11.283960242375011
exp_metastable_Al3Os2_mp-16521,mp-16521,Al3Os2,metallic,exp_metastable,False,0.0074096830000058,5,139.0,I4/mmm,0.00623,0.0033312123367144,b,-58.91713000000003,-0.3465713529411766,-1.87019,-0.00301,0.0019399999999999,11.291610000000007,0.0664212352941177,0.00094,0.33792,48.46,130.35,-0.5958528140000027,3,3,3,27.958699999999997,27.98294,9.99121,9.99121,5.58095,5.584079999999998,1.8521999999999994,1.8521999999999994,5.342350242488731
exp_metastable_AsPd2_mp-1080831,mp-1080831,AsPd2,,exp_metastable,False,0.0117567475000015,9,189.0,P-62m,0.00035,0.0001014995838517,a,-99.99055000000008,-0.3436101374570449,-3.44829,0.00723,0.00426,15.353000000000002,0.0527594501718213,0.00153,0.4557,112.36,431.16,-0.35935601750000185,3,3,3,36.070769999999996,22.530129999999996,22.4503,22.4503,5.90886,3.7139499999999988,3.7189999999999994,3.7139499999999988,6.510560306702742
exp_metastable_AsRh2_mp-1102364,mp-1102364,AsRh2,,exp_metastable,False,0.0806206316666617,12,62.0,Pnma,0.00463,0.0020131047466662,a,-82.21613,-0.2118972422680412,-2.29993,-0.00394,0.00624,19.11821,0.049273737113402,0.00308,0.38891,124.17,651.48,-0.44921435583333863,3,3,3,26.79890999999998,18.78514999999999,13.64335,13.64335,7.077869999999999,5.130239999999999,3.5450899999999983,3.5450899999999983,5.9320718456648684
exp_metastable_AsRh_mp-22079,mp-22079,AsRh,,exp_metastable,False,0.0269175908333352,8,62.0,Pnma,0.00193,0.0008130732060782,b,-59.496690000000015,-0.2399060080645162,-2.37371,-0.00138,0.00184,12.93703999999999,0.0521654838709677,0.00139,0.40823,92.9,258.52,-0.5242963187500003,3,3,3,22.50132,15.75766999999999,12.604820000000002,12.604820000000002,5.39178,3.7027499999999995,3.0376299999999996,3.0376299999999996,5.310176896082504
exp_metastable_BaSn5_mp-571353,mp-571353,BaSn5,metallic,exp_metastable,False,0.0262177941666705,6,191.0,P6/mmm,0.00458,0.0021300046971719,a,-29.39432999999999,-0.3499324999999998,-2.15023,0.00063,0.0097,7.521639999999998,0.0895433333333333,0.0097,0.61284,94.66,107.93,-0.2692301474999965,3,3,2,10.471870000000001,10.489299999999995,2.7064999999999992,2.7064999999999992,2.6952799999999986,2.6993899999999993,0.5048999999999999,0.5048999999999999,1.2587025574008357
exp_metastable_Be12Pd_mp-12666,mp-12666,Be12Pd,metallic,exp_metastable,False,0.0794515811538456,13,139.0,I4/mmm,5e-05,1.938593124197907e-05,a,-150.08709000000002,-0.1969646850393701,-2.57919,0.07072,0.00044,18.331069999999965,0.0240565223097112,0.00044,0.2595,226.85,992.01,-0.06609085384615444,3,3,3,49.32507,49.325029999999956,33.607609999999994,33.607609999999994,6.10528,6.10531,4.19446,4.19446,13.030296333344962
exp_metastable_Be3N2_mp-6977,mp-6977,Be3N2,,exp_metastable,False,0.0315138644999999,10,194.0,P6_3/mmc,2e-05,3.37936021952324e-06,a,-148.3104200000001,-0.184007965260546,-5.91828,0.08193,4e-05,15.100989999999994,0.0187357196029776,2e-05,0.57318,79.98,613.57,-1.1858389340000008,3,3,3,50.86773,50.87451,10.672070000000003,10.672070000000003,5.0694799999999995,5.06957,1.0983999999999987,1.0983999999999987,1.8032384408983697
exp_metastable_CaGa2_mp-992,mp-992,CaGa2,metallic,exp_metastable,False,0.0169816583333339,3,191.0,P6/mmm,0.01661,0.0042629968791064,c,-16.435129999999997,-0.2739188333333333,-3.89632,-0.00903,0.00064,3.866140000000001,0.0644356666666666,0.00064,0.9809,38.65,69.66,-0.5780275900000001,2,3,2,6.343419999999995,6.336679999999999,1.9321399999999989,1.9321399999999989,1.4771399999999986,1.4757599999999993,0.35990999999999995,0.35990999999999995,0.4958884280551903
exp_metastable_CaGa4_mp-2461,mp-2461,CaGa4,metallic,exp_metastable,False,0.0016006820000011,5,12.0,C2/m,0.0191399999999999,0.0047022290137848,a,-33.26476000000001,-0.3051812844036698,-4.07041,0.00108,0.0037,7.04159,0.064601743119266,0.00139,0.84476,101.41,200.25,-0.4217521700000006,3,3,3,9.703299999999999,9.70008,6.195930000000001,6.195930000000001,2.01098,2.01115,1.20708,1.20708,1.5221881825172405
exp_metastable_CdI2_mp-567259,mp-567259,CdI2,,exp_metastable,False,0.0005410511111105,3,164.0,P-3m1,0.02384,0.0095045589190956,b,-17.25635999999999,-0.479343333333333,-2.50827,-0.01185,0.00452,3.64378,0.1012161111111111,0.00225,0.48649,35.02,18.08,-0.8265425073333326,2,2,2,6.535739999999997,6.53146,0.03594,0.03594,1.464,1.46329,0.006789999999999999,0.006789999999999999,0.01432860098793192
exp_metastable_CdO2_mp-2310,mp-2310,CdO2,,exp_metastable,False,0.0562341900000005,12,205.0,Pa-3,9e-05,1.255526058443343e-05,a,-98.67521000000026,-0.2242618409090915,-7.16831,0.00216,9e-05,13.25085000000002,0.0301155681818182,9e-05,0.9738,128.3,392.34,-0.841200041666666,3,3,3,13.635729999999993,13.634749999999995,13.636339999999995,13.634749999999995,1.8640899999999996,1.8641099999999997,1.8640599999999998,1.8640599999999998,1.9020871028178183
exp_metastable_ClF3_mp-556767,mp-556767,ClF3,,exp_metastable,False,0.0029946146875001,16,62.0,Pnma,0.0,0.0,c,-65.33380000000021,-0.1306676000000004,-6.86126,0.03266,0.0,9.22311999999996,0.0184462399999999,0.0,0.76701,98.9,145.28,-0.9563266143749998,0,0,0,0.5172599999999998,0.6159399999999996,0.09019999999999999,0.09019999999999999,0.14889999999999998,0.15458,0.026040000000000004,0.026040000000000004,0.01314627342499774
exp_metastable_Cs2Se_mp-1011696,mp-1011696,Cs2Se,,exp_metastable,False,0.0042327591666642,12,62.0,Pnma,0.0262,0.0304927725146062,a,-34.07225000000002,-0.2839354166666668,-0.85922,-0.02499,0.00634,5.189279999999998,0.0432439999999999,0.0032,0.10205,192.19,39.1,-1.1927918180513661,3,3,3,13.216899999999999,7.6137500000000005,5.761150000000001,5.761150000000001,1.8822599999999987,1.1760199999999998,0.7885399999999997,0.7885399999999997,6.7050929913177075
exp_metastable_CsH_mp-632319,mp-632319,CsH,,exp_metastable,False,0.0160978499999995,2,221.0,Pm-3m,0.02662,0.0216118792267785,a,-9.796919999999991,-0.2226572727272725,-1.23173,-0.00549,0.01404,1.1167200000000013,0.02538,0.00225,0.09369,12.76,6.28,-0.23149970437499867,3,3,3,3.9143099999999986,3.9131799999999997,3.90685,3.90685,0.47985,0.47965,0.47884999999999994,0.47884999999999994,3.171839607706234
exp_metastable_Cu3Ge_mp-19724,mp-19724,Cu3Ge,metallic,exp_metastable,False,0.0126398462499999,8,59.0,Pmmn,0.00053,0.000523306904689,b,-32.029270000000004,-0.1082069932432432,-1.01279,0.00326,0.00072,6.621540000000008,0.0223700675675675,0.00036,0.17605,120.93,994.02,0.01263984624999992,3,3,3,9.33743999999999,9.691479999999999,9.327209999999997,9.327209999999997,2.055189999999999,2.2469500000000004,2.0989999999999998,2.055189999999999,9.209421499027435
exp_metastable_FeTe2_mp-1102002,mp-1102002,FeTe2,,exp_metastable,False,0.0449096983333356,12,205.0,Pa-3,0.00052,0.0002481721169081,a,-63.91213,-0.2219171180555555,-2.09532,0.00028,0.00069,18.05018,0.0626742361111111,0.00034,0.48885,162.21,251.61,-0.4170853777777766,3,3,3,11.48118,11.478289999999998,11.479119999999998,11.478289999999998,3.5766500000000008,3.57627,3.5764799999999988,3.57627,5.4780606303571755
exp_metastable_Ge4Rh_mp-1104286,mp-1104286,Ge4Rh,metallic,exp_metastable,False,0.0907375489999999,15,152.0,P3_121,0.00208,0.0005781455425812,a,-126.23488000000006,-0.3402557412398923,-3.59771,0.00846,0.00516,25.155179999999984,0.0678037196765498,0.00122,0.64664,210.85,1691.17,-0.1339630540000011,3,3,3,31.06313999999999,31.06286999999999,23.44028999999999,23.44028999999999,6.627039999999999,6.627009999999999,4.90011,4.90011,6.515336144380728
exp_metastable_GeSe2_mp-10074,mp-10074,GeSe2,covalent,exp_metastable,False,0.0124937554166688,6,122.0,I-42d,4e-05,8.049877038128242e-06,a,-41.31849,-0.3972931730769231,-4.96902,0.00119,5e-05,8.40343,0.0808022115384615,5e-05,0.90134,86.38,53.91,-0.566828659895832,3,3,3,5.528659999999999,5.5260500000000015,10.57065,5.5260500000000015,1.2728899999999999,1.2726299999999995,2.2561199999999997,1.2726299999999995,1.1121005751637145
exp_metastable_H2O_mp-2739191,mp-2739191,H2O,,exp_metastable,False,0.0494479991666665,12,20.0,C222_1,0.0,0.0,a,-76.69105000000008,-0.1114695494186047,-8.01825,0.00237,0.0,7.790029999999994,0.0113227180232558,0.0,0.69893,45.43,47.56,-1.230554994166667,3,3,1,3.6209899999999924,3.62125,4.8697399999999975,3.6209899999999924,0.5138999999999996,0.5141699999999995,0.5659899999999999,0.5138999999999996,0.4515935522090222
exp_metastable_H3N_mp-643432,mp-643432,H3N,covalent,exp_metastable,False,0.0038271875000006,16,19.0,P2_12_12_1,0.0,0.0,a,-102.10825999999996,-0.0993271011673151,-8.16313,0.00217,0.0,11.496849999999952,0.0111837062256808,0.0,0.89366,69.07,102.43,-0.3450917143750001,0,0,0,1.9732699999999999,1.1199799999999998,1.15703,1.1199799999999998,0.39112999999999987,0.20030999999999965,0.20740999999999976,0.20030999999999965,0.1371998240870842
exp_metastable_HI_mp-697025,mp-697025,HI,,exp_metastable,False,0.0043662910416673,16,15.0,C2/c,0.0,0.0,a,-44.56403,-0.1888306355932203,-5.15403,0.0001,0.0,8.510029999999997,0.0360594491525423,0.0,0.92656,102.88,19.92,-0.17565745749999984,0,0,0,0.34824000000000005,0.035189999999999985,0.37107999999999997,0.035189999999999985,0.10738000000000002,0.010769999999999995,0.11371,0.010769999999999995,0.006827666893673492
exp_metastable_IF7_mp-27988,mp-27988,IF7,,exp_metastable,False,0.0062520956249993,16,41.0,Aea2,0.0,0.0,a,-80.3580800000002,-0.1545347692307696,-6.12565,0.05651,1e-05,9.479359999999948,0.0182295384615383,0.0,0.56187,108.3,153.43,-1.685239713125,0,0,0,0.21372000000000002,0.21371999999999983,0.09817999999999988,0.09817999999999988,0.04282,0.04282,0.019260000000000006,0.019260000000000006,0.016027686857721202
exp_metastable_In3Ir_mp-630976,mp-630976,In3Ir,metallic,exp_metastable,False,0.0042964281250021,16,136.0,P4_2/mnm,0.00204,0.0004971814200378,c,-167.64026000000004,-0.5271706289308178,-4.10313,0.00038,0.00536,30.355129999999992,0.0954563836477987,0.00244,0.70687,440.42,2297.8,-0.2710954262499996,3,3,3,35.97976,35.970079999999975,29.947959999999995,29.947959999999995,6.79171,6.790939999999995,5.877289999999998,5.877289999999998,7.298808470606584
exp_metastable_InCl_mp-571636,mp-571636,InCl,covalent,exp_metastable,False,0.0016458790624991,4,36.0,Cmc2_1,0.0085,0.0043181402531954,b,-15.428219999999998,-0.2857077777777777,-1.96844,-0.00107,0.00308,3.190400000000001,0.0590814814814815,0.00045,0.3723,42.4,34.91,-1.1152362308333328,3,3,3,4.84242,5.41886,2.53226,2.53226,1.0002600000000001,1.15448,0.6042799999999997,0.6042799999999997,1.2864298632419582
exp_metastable_K2S_mp-559278,mp-559278,K2S,,exp_metastable,False,0.0872531616666663,6,194.0,P6_3/mmc,0.01071,0.0218714262375428,b,-14.725430000000005,-0.1753027380952381,-0.48968,-0.01071,0.00064,2.511600000000001,0.0299,0.00064,0.10413,60.85,39.24,-1.160633495104167,3,3,3,5.710589999999998,5.710429999999999,3.3165899999999997,3.3165899999999997,0.99421,0.9941399999999994,0.5405999999999999,0.5405999999999999,6.772974187224309
exp_metastable_K_mp-10157,mp-10157,K,,exp_metastable,False,0.0069302662500003,1,225.0,Fm-3m,0.08067,0.9945752681543584,c,-0.9690000000000002,-0.08075,-0.08111,-0.0804,0.04301,0.51616,0.0430133333333333,0.043,0.04303,17.32,4.92,0.006930266250000372,3,3,3,0.48450000000000004,0.48538000000000003,0.48348,0.48348,0.25808,0.25812,0.25804,0.25804,5.960793983479226
exp_metastable_Li13Sn5_mp-30769,mp-30769,Li13Sn5,metallic,exp_metastable,False,0.0033475494444448,18,164.0,P-3m1,0.00085,0.0003046627741516,b,-135.51692999999986,-0.2352724479166664,-2.78997,0.16607,0.00236,21.995880000000025,0.0381872916666667,0.00028,0.60777,234.24,885.34,-0.39301188268518394,3,3,3,51.50915999999999,50.978669999999994,11.9737,11.9737,8.180359999999997,8.190869999999997,1.8228800000000003,1.8228800000000003,4.291694892776625
exp_metastable_Li3Hg_mp-1646,mp-1646,Li3Hg,metallic,exp_metastable,False,0.00129759,4,225.0,Fm-3m,0.0012,0.0006680770515532,c,-31.15397000000001,-0.2225283571428572,-1.7962,0.02337,0.00243,4.22476,0.0301768571428571,0.00091,0.19753,56.21,111.57,-0.2939551318750002,3,3,3,12.456,12.457300000000002,14.999409999999996,12.456,1.7551500000000002,1.7550699999999997,2.0958900000000003,1.7550699999999997,6.934639795123037
exp_metastable_MgCl2_mp-570259,mp-570259,MgCl2,ionic,exp_metastable,False,0.0006391266666669,3,164.0,P-3m1,0.00019,0.0002035394438016,c,-6.35587,-0.0963010606060606,-0.93348,-0.00019,1e-05,0.9877900000000004,0.0149665151515151,1e-05,0.13124,30.67,27.75,-2.2548148149999996,2,2,2,2.36936,2.3693,0.02088,0.02088,0.3957300000000001,0.39573,0.0034300000000000003,0.0034300000000000003,0.02236791361357501
exp_metastable_MgH2_mp-23711,mp-23711,MgH2,,exp_metastable,False,0.001875589166667,12,60.0,Pbcn,1e-05,1.4829314589079692e-05,a,-15.237529999999984,-0.0272098749999999,-0.67434,0.01366,0.0,3.553290000000004,0.0063451607142857,0.0,0.14695,34.65,33.44,-0.2808434833333333,3,3,3,3.535149999999998,3.20185,2.54075,2.54075,0.8958699999999999,0.7844699999999993,0.5861799999999991,0.5861799999999991,3.7677581042204227
exp_metastable_MgPd3_mp-7753,mp-7753,MgPd3,metallic,exp_metastable,False,0.0113717512499906,4,221.0,Pm-3m,0.00221,0.0012346437689596,a,-30.196539999999995,-0.2096981944444444,-1.78999,0.00423,0.00011,5.304309999999998,0.0368354861111111,1e-05,0.25523,62.78,435.94,-0.47724602249999126,3,3,3,10.671099999999992,10.646649999999998,10.599899999999995,10.599899999999995,2.05504,2.05334,2.047949999999999,2.047949999999999,5.921764926061036
exp_metastable_Mo3Se4_mp-21021,mp-21021,Mo3Se4,,exp_metastable,False,0.0608714349999992,14,148.0,R-3,0.00184,0.0006970779552885,b,-101.47261,-0.3873000381679389,-2.63959,6e-05,0.00041,25.55940999999999,0.0975549999999999,0.00013,0.62532,210.43,255.69,-0.5819315730357175,3,3,3,6.447029999999998,6.4646399999999975,6.452289999999999,6.447029999999998,1.673949999999999,1.6772699999999992,1.67484,1.673949999999999,2.4424361359150466
exp_metastable_NaN3_mp-1066400,mp-1066400,NaN3,,exp_metastable,False,0.0029249474999994,4,160.0,R3m,0.0007,3.6954524817603024e-05,a,-42.82389999999999,-0.317214074074074,-18.9422,0.0007,4e-05,5.088849999999999,0.0376951851851851,4e-05,1.90013,68.06,38.22,-0.16403737406250052,0,0,0,2.0318499999999995,2.03186,2.0318300000000002,2.0318300000000002,0.2793099999999999,0.2793299999999999,0.2793299999999999,0.2793099999999999,0.10726473165735766
exp_metastable_Nb2O5_mp-1595,mp-1595,Nb2O5,,exp_metastable,False,0.0075375482653079,7,12.0,C2/m,0.0001,1.137781985042718e-05,c,-65.10020999999995,-0.2701253526970952,-8.78903,0.00406,8e-05,10.802569999999978,0.0448239419087136,2e-05,1.54437,77.85,155.22,-3.0266677264285726,3,3,3,11.58965,7.691139999999995,6.777719999999999,6.777719999999999,2.0709,1.2298999999999998,1.0639100000000001,1.0639100000000001,0.7711567715663729
exp_metastable_NiB_mp-14019,mp-14019,NiB,,exp_metastable,False,0.0018463106250017,4,63.0,Cmcm,0.00041,6.628190827230548e-05,c,-41.608700000000006,-0.1541062962962963,-6.1857,0.0031,0.00074,7.152239999999997,0.0264897777777777,0.00027,0.69959,58.2,519.0,-0.24070358374999934,3,3,3,13.40068,16.33682,8.51269,8.51269,2.97926,2.9658799999999985,1.87876,1.87876,1.3761886286111515
exp_metastable_NiHg4_mp-570835,mp-570835,NiHg4,metallic,exp_metastable,False,0.0170529580000007,5,229.0,Im-3m,0.00109,0.0004882440682825,c,-40.18178000000001,-0.3720535185185186,-2.23249,0.00736,0.00221,7.332370000000001,0.0678923148148148,0.00216,0.31289,107.18,241.76,0.017052957999993623,3,3,3,13.598700000000001,13.59854,13.56871,13.56871,2.56743,2.5665199999999997,2.56676,2.5665199999999997,6.07783685481234
exp_metastable_NiS_mp-1547,mp-1547,NiS,,exp_metastable,False,0.0141818408333325,6,160.0,R3m,0.0003,0.0001737166681143,a,-31.109519999999996,-0.1280227160493826,-1.72695,0.00152,0.00099,7.116830000000002,0.029287366255144,0.00017,0.28097,134.67,242.08,-0.6106647137499989,3,3,3,12.797979999999995,12.79784,12.801000000000002,12.79784,3.4468799999999997,3.4466,3.447269999999998,3.4466,7.410660412866615
exp_metastable_PS_mp-612,mp-612,PS,covalent,exp_metastable,False,0.0264894514843732,16,15.0,C2/c,8e-05,1.3463933488168573e-05,c,-111.38079000000012,-0.3949673404255323,-5.9418,0.06036,0.00017,21.31196,0.0755743262411347,2e-05,0.99077,158.87,114.01,-0.15083367289434513,0,0,0,0.8843299999999997,0.8843699999999995,0.7947499999999998,0.7947499999999998,0.22537000000000001,0.2254199999999998,0.20878999999999992,0.20878999999999992,0.1337557642465246
exp_metastable_PbAu2_mp-19871,mp-19871,PbAu2,metallic,exp_metastable,False,0.0047426354166688,6,227.0,Fd-3m,0.00201,0.0008404626307734,c,-56.00781,-0.3333798214285714,-2.39154,0.0033,0.00352,8.898700000000002,0.0529684523809523,0.0035,0.30531,94.51,285.6,-0.06558400666666368,3,3,3,17.61199,17.605069999999994,17.716350000000002,17.605069999999994,2.980689999999999,2.9814199999999986,2.980519999999997,2.980519999999997,7.361394749826469
exp_metastable_PbSe_mp-22009,mp-22009,PbSe,covalent,exp_metastable,False,0.0731088299999953,4,42.0,Fmm2,0.01682,0.0065179903508941,b,-17.72987000000001,-0.4221397619047621,-2.58055,-0.00216,0.0101,4.581039999999999,0.1090723809523809,0.00191,0.71888,51.71,21.85,-0.5994639245312499,2,2,2,6.279189999999997,6.28218,0.0,0.0,1.5708300000000002,1.57125,0.0,0.0,0.0
exp_metastable_Rb2Hg7_mp-31474,mp-31474,Rb2Hg7,metallic,exp_metastable,False,0.0045234903703742,9,164.0,P-3m1,0.03138,0.014383806529093,a,-52.410810000000005,-0.4852852777777778,-2.18162,-0.01567,0.00843,9.955439999999998,0.0921799999999999,0.00415,0.42966,157.4,147.73,-0.21101027361111335,3,3,3,11.909720000000002,11.918079999999994,10.759059999999996,10.759059999999996,2.211299999999999,2.21191,1.9660699999999998,1.9660699999999998,4.931683794611342
exp_metastable_Re3Ge7_mp-29141,mp-29141,Re3Ge7,metallic,exp_metastable,False,0.0126166407500036,20,63.0,Cmcm,0.00242,0.0005865429594243,c,-211.99109999999985,-0.3343708201892742,-4.12587,0.0011,0.00368,43.85449000000005,0.0691711198738171,0.00046,0.65635,733.51,6675.45,0.012616640750002262,3,3,3,96.62249,55.14196,10.685219999999994,10.685219999999994,21.151419999999998,11.654270000000002,2.3565599999999964,2.3565599999999964,2.5898101491321817
exp_metastable_SiO2_mp-546794,mp-546794,SiO2,covalent,exp_metastable,False,0.005647450555557,6,122.0,I-42d,0.00015,1.8886407075099908e-05,a,-67.31446999999997,-0.2952389035087718,-7.94222,0.00033,2e-05,6.689900000000008,0.0293416666666667,2e-05,0.74696,57.12,101.27,-3.2671838933333333,3,3,3,17.57418999999997,9.03038,9.032819999999987,9.03038,1.78331,0.9527100000000002,0.95275,0.9527100000000002,1.1370095514856047
exp_metastable_SiRh_mp-2287,mp-2287,SiRh,metallic,exp_metastable,False,0.0245618549999981,8,14.0,P2_1/c,0.01101,0.0054689052255116,c,-70.51225000000005,-0.2431456896551725,-2.0132,-0.00125,0.00596,14.216319999999994,0.0490217931034482,0.00127,0.36716,71.62,337.64,-0.8163077637500002,3,3,3,21.625009999999996,22.161129999999996,15.763009999999994,15.763009999999994,4.6870400000000005,4.746599999999999,3.6995699999999965,3.6995699999999965,7.829828134313528
exp_metastable_SiS2_mp-1095294,mp-1095294,SiS2,covalent,exp_metastable,False,0.0030131716666659,12,14.0,P2_1/c,0.0001,1.6844403194372624e-05,c,-98.06875999999994,-0.4417511711711709,-5.93669,0.00325,5e-05,16.93051999999999,0.0762636036036035,2e-05,0.92717,84.63,50.3,-0.7467867135416668,2,2,2,12.98847,0.21123000000000003,12.719699999999998,0.21123000000000003,2.4401899999999968,0.04409999999999997,2.2907699999999984,0.04409999999999997,0.0355804328674733
exp_metastable_Sn7Ir5_mp-20466,mp-20466,Sn7Ir5,metallic,exp_metastable,False,0.0024213649999964,12,107.0,I4mm,0.01002,0.0020458875006891,b,-151.67025000000018,-0.5878691860465123,-4.89763,0.02233,0.00577,26.70525,0.1035087209302325,0.00169,0.78936,263.43,1241.52,-0.29034646416666493,3,3,3,36.64206,37.35966,37.38223999999999,36.64206,6.69368,6.768069999999995,6.769750000000001,6.69368,7.481590075199637
exp_metastable_Sr2As_mp-15697,mp-15697,Sr2As,,exp_metastable,False,0.0800054442592603,6,139.0,I4/mmm,0.00206,0.0037722719698218,a,-9.587539999999995,-0.1009214736842104,-0.54609,0.0441,0.00129,2.835899999999999,0.0298515789473684,0.00077,0.15654,76.08,48.06,-1.0304650837962963,3,3,3,4.215239999999999,4.21665,1.53057,1.53057,1.26803,1.2684499999999999,0.40998999999999963,0.40998999999999963,2.802779761577762
exp_metastable_Sr5Sn3_mp-17720,mp-17720,Sr5Sn3,metallic,exp_metastable,False,0.0030214525000005,16,140.0,I4/mcm,0.01079,0.005130985158661,c,-30.103280000000005,-0.1954758441558441,-2.10291,-0.00254,0.01174,10.295069999999996,0.0668511038961038,0.00156,0.81834,374.97,164.19,-0.7373520218750009,3,3,3,6.5466299999999995,6.55161,5.311159999999999,5.311159999999999,2.331349999999999,2.33146,1.858659999999999,1.858659999999999,2.5256240162441563
exp_metastable_SrAl2_mp-1638,mp-1638,SrAl2,metallic,exp_metastable,False,0.0135719499999993,6,227.0,Fd-3m,0.00536,0.0032014717213286,b,-29.716160000000016,-0.1768819047619048,-1.67423,0.01177,0.00044,7.70487,0.0458623214285714,0.00044,0.42847,46.44,41.23,-0.27150349333333307,3,3,3,9.08035,9.087959999999994,9.076409999999994,9.076409999999994,2.427769999999999,2.43172,2.42817,2.427769999999999,5.421244392944812
exp_metastable_Ta7Co6_mp-1104548,mp-1104548,Ta7Co6,metallic,exp_metastable,False,0.0014632612820477,13,166.0,R-3m,0.00031,7.586157953597185e-05,b,-161.79730999999992,-0.3571684547461367,-4.08639,0.29554,0.00346,35.34048,0.0780143046357615,0.00293,0.68664,610.47,3963.52,-0.23498456394871864,3,3,3,54.28856999999999,54.33529,23.297459999999994,23.297459999999994,12.147629999999998,12.140549999999998,5.513969999999998,5.513969999999998,5.701232628310072
exp_metastable_Te2Au_mp-567525,mp-567525,Te2Au,,exp_metastable,False,0.027432493333336,3,12.0,C2/m,0.01618,0.0043059285024257,c,-25.398409999999988,-0.4703409259259257,-3.75761,-0.00401,0.00613,4.63244,0.0857859259259259,0.00205,0.61482,33.69,27.03,-0.0634716500000015,3,3,3,9.6163,9.625729999999997,3.0452599999999985,3.0452599999999985,1.8389099999999996,1.8399699999999999,0.76585,0.76585,0.8104247114522258
exp_metastable_Te2Ir_mp-1551,mp-1551,Te2Ir,,exp_metastable,False,0.0030421406944398,9,12.0,C2/m,0.0028,0.0005575268110661,b,-98.73954000000002,-0.6249337974683545,-5.02218,0.00049,0.00054,18.569850000000013,0.1175306962025317,0.00054,0.80215,85.03,81.39,-0.3634775388888948,3,3,3,37.355869999999996,16.805209999999985,10.533999999999988,10.533999999999988,7.284400000000001,3.711349999999994,2.1564199999999984,2.1564199999999984,2.0974955099180015
exp_metastable_Ti3Ge_mp-1189044,mp-1189044,Ti3Ge,metallic,exp_metastable,False,0.013003969652777,16,82.0,I-4,0.0139899999999999,0.0073629253813037,c,-106.94012999999994,-0.2371178048780486,-1.90006,-0.00184,0.0119,33.52406999999997,0.0743327494456762,0.00106,0.46204,564.3,3152.56,-0.4815656843750009,3,3,3,31.94732,31.893979999999996,18.90774999999999,18.90774999999999,10.797479999999998,10.77113,6.38499,6.38499,9.951133122111928
exp_metastable_Y2O3_mp-558573,mp-558573,Y2O3,,exp_metastable,False,0.0342277962500006,15,12.0,C2/m,5e-05,1.2255953329329722e-05,a,-146.7362,-0.2838224371373307,-4.07965,0.01349,8e-05,19.88075999999998,0.0384540812379109,4e-05,0.55074,243.14,824.21,-3.9196441264999975,3,3,3,53.57458,21.028179999999992,18.404149999999994,18.404149999999994,7.017989999999998,2.8398499999999998,2.587459999999999,2.587459999999999,4.511208069319671
exp_metastable_ZnAg_mp-1912,mp-1912,ZnAg,metallic,exp_metastable,False,0.0112114705555566,2,221.0,Pm-3m,0.00967,0.005101690891345,b,-25.46121000000001,-0.303109642857143,-1.89545,0.02377,0.00489,3.6073399999999993,0.0429445238095238,0.00136,0.20493,37.23,221.01,-0.024371359999998177,3,3,3,11.995809999999992,11.914079999999998,11.94925,11.914079999999998,1.6380899999999996,1.63874,1.6380299999999997,1.6380299999999997,6.285620828826927
exp_metastable_ZrBr_mp-1065846,mp-1065846,ZrBr,,exp_metastable,False,0.0007946975000017,4,12.0,C2/m,0.00788,0.003883188945724,b,-28.44544,-0.355568,-2.02926,-7e-05,0.00086,7.604680000000001,0.0950585,2e-05,0.6016,51.28,74.21,-1.2701712349999985,2,2,2,13.2779,13.279839999999997,0.02473,0.02473,3.9363699999999993,3.9367599999999996,0.0030700000000000007,0.0030700000000000007,0.012186708455298977
exp_metastable_ZrGa3_mp-30685,mp-30685,ZrGa3,metallic,exp_metastable,False,0.0130195012500013,4,139.0,I4/mmm,0.00764,0.0028439653214909,c,-46.22906000000001,-0.3302075714285715,-2.68639,-0.00688,0.00334,8.170959999999997,0.0583639999999999,0.00241,0.37537,55.64,295.21,-0.5133076262499987,3,3,3,20.78133,20.77865,11.88465,11.88465,3.79211,3.79144,2.38615,2.38615,4.424022573044123
exp_metastable_ZrRh_mp-2808,mp-2808,ZrRh,metallic,exp_metastable,False,0.0839339799999976,2,221.0,Pm-3m,0.035,0.0233924382272541,a,-20.64423,-0.2457646428571428,-1.49621,-0.00974,0.0192299999999999,4.92048,0.0585771428571428,0.00955,0.30773,33.04,193.04,-0.8013510275000009,3,3,3,10.058309999999993,9.952139999999995,9.977999999999998,9.952139999999995,2.54963,2.5417000000000005,2.5494299999999988,2.5417000000000005,6.651566290828155
exp_stable_As2S3_mp-1189572,mp-1189572,As2S3,covalent,exp_stable,False,0.0,20,2.0,P-1,1e-05,2.06758522586301e-06,a,-119.06003000000004,-0.3235326902173914,-4.83656,0.00013,0.00035,25.12989999999999,0.0682877717391304,2e-05,0.9327,187.06,96.24,-0.15650999518749842,2,2,2,20.523069999999997,10.74583999999999,0.60201,0.60201,4.826440000000001,2.525569999999998,0.16951999999999992,0.16951999999999992,0.12447069818217907
exp_stable_AsF3_mp-28027,mp-28027,AsF3,covalent,exp_stable,False,0.0,16,33.0,Pna2_1,0.0,0.0,c,-82.78325000000011,-0.1724651041666668,-6.42265,4e-05,0.0,9.839800000000006,0.0204995833333333,0.0,0.70666,112.26,149.89,-2.4719516212500006,0,0,0,2.7013599999999975,1.5243599999999993,1.512,1.512,0.44315999999999944,0.2598199999999996,0.24703999999999998,0.24703999999999998,0.2354168450717383
exp_stable_BI3_mp-23189,mp-23189,BI3,covalent,exp_stable,False,0.0,8,176.0,P6_3/m,1e-05,1.4691989780251911e-06,c,-41.67015999999997,-0.5342328205128201,-6.80643,1e-05,0.00048,8.364320000000003,0.1072348717948718,0.00024,1.27271,81.92,19.16,-0.3473448510416679,0,0,0,0.19282999999999997,0.19219000000000003,0.06038,0.06038,0.049169999999999985,0.049080000000000006,0.020749999999999998,0.020749999999999998,0.008871023429316104
exp_stable_BW_mp-7832,mp-7832,BW,,exp_stable,False,0.0,8,141.0,I4_1/amd,0.00019,4.795001085184456e-05,a,-153.42438999999996,-0.4102256417112298,-3.96246,0.00759,0.00065,22.212380000000007,0.0593913903743315,0.00032,0.4282,2.0,,-0.35971011500000216,3,3,3,65.22138,65.12828999999998,15.357909999999972,15.357909999999972,9.89294,9.855619999999998,2.56602,2.56602,3.875852374535004
exp_stable_BaAu2_mp-30363,mp-30363,BaAu2,metallic,exp_stable,False,0.0,3,191.0,P6/mmm,0.05189,0.0167692188368515,b,-24.558259999999997,-0.4093043333333332,-3.09436,0.00827,0.00717,4.284330000000001,0.0714055,0.00716,0.6194,40.91,63.93,-0.7404507499999978,3,3,3,10.239869999999996,10.812809999999997,6.4326899999999965,6.4326899999999965,1.8713100000000003,1.87657,0.8570899999999996,0.8570899999999996,2.078843444201708
exp_stable_BaCl2_mp-568662,mp-568662,BaCl2,ionic,exp_stable,False,0.0,3,225.0,Fm-3m,0.01314,0.0259817297425554,c,-5.695409999999996,-0.1139081999999999,-0.50574,-0.01311,0.0024,0.77914,0.0155828,0.0024,0.07607,36.63,12.86,-2.96823858,3,3,3,1.8479299999999999,1.8455,1.8441100000000001,1.8441100000000001,0.24039999999999997,0.2397,0.23926999999999998,0.23926999999999998,3.646359789615218
exp_stable_BaH2_mp-23715,mp-23715,BaH2,,exp_stable,False,0.0,12,62.0,Pnma,0.00024,0.0005154528468031,a,-15.344099999999994,-0.0518381756756756,-0.46561,0.00026,0.0,3.5212399999999966,0.011896081081081,0.0,0.0859,46.78,22.51,-0.6047468716666676,3,3,3,6.987389999999999,3.37776,2.9258499999999996,2.9258499999999996,1.3960399999999997,0.75091,0.6101099999999999,0.6101099999999999,6.283907132578767
exp_stable_Be2Cu_mp-2031,mp-2031,Be2Cu,metallic,exp_stable,False,0.0,6,227.0,Fd-3m,0.00115,0.000371086250125,b,-54.23028000000003,-0.1412246875,-3.09901,0.00073,0.00146,7.755099999999995,0.0201955729166666,0.00017,0.3618,105.04,926.94,-0.1403742000000007,3,3,3,16.56426,16.54605,16.56334,16.54605,2.6878699999999998,2.68788,2.6875899999999997,2.6875899999999997,5.339140564244711
exp_stable_Be2Nb3_mp-11272,mp-11272,Be2Nb3,metallic,exp_stable,False,0.0,10,127.0,P4/mbm,0.00636,0.0017947697699816,b,-101.50272999999996,-0.2967916081871344,-3.54363,-0.00316,0.00376,22.61356000000001,0.0661215204678362,0.00188,0.42005,170.9,616.63,-0.13487592800000242,3,3,3,42.58381,20.842099999999995,20.842949999999988,20.842099999999995,10.370129999999993,5.0064400000000004,5.00661,5.0064400000000004,5.881567770901588
exp_stable_Be2V_mp-11281,mp-11281,Be2V,metallic,exp_stable,False,0.0,12,194.0,P6_3/mmc,0.0006799999999999,0.0001983351514055,b,-124.87985999999992,-0.2001279807692306,-3.42854,0.01152,0.00125,22.59957,0.0362172596153846,0.00063,0.47771,204.93,1194.12,-0.21818012416666596,3,3,3,35.548739999999995,35.55091,19.6582,19.6582,7.713639999999995,7.7140499999999985,3.98582,3.98582,5.733694225530401
exp_stable_CaAl4_mp-1749,mp-1749,CaAl4,metallic,exp_stable,False,0.0,5,139.0,I4/mmm,0.01027,0.0030124546078529,c,-28.716510000000003,-0.2843218811881188,-3.40918,0.00776,0.00284,7.004550000000004,0.0693519801980198,0.00158,0.81937,51.39,47.57,-0.22058213399999999,3,3,3,8.537159999999997,8.525910000000001,5.271039999999995,5.271039999999995,2.0629699999999995,2.061199999999999,1.1835999999999998,1.1835999999999998,1.546131327767966
exp_stable_CaSn_mp-2450,mp-2450,CaSn,metallic,exp_stable,False,0.0,4,63.0,Cmcm,0.00523,0.0023786350364299,b,-11.578689999999998,-0.1754346969696969,-2.19874,-0.00158,0.00033,3.47173,0.0526019696969696,0.00033,0.70474,44.79,48.05,-0.6481111449999988,3,3,1,2.8019799999999995,4.88736,1.86405,1.86405,0.8095800000000001,1.6025800000000001,0.5375000000000001,0.5375000000000001,0.8477810018465122
exp_stable_CdPd_mp-1696,mp-1696,CdPd,metallic,exp_stable,False,0.0,4,123.0,P4/mmm,8.999999999999999e-05,5.485898193920405e-05,b,-39.636970000000005,-0.2752567361111111,-1.64057,0.00421,0.00371,5.952830000000003,0.0413390972222222,0.00185,0.20234,40.5,273.58,-0.3915251949999985,3,3,3,16.23669,12.59666,12.59826,12.59666,2.611249999999999,1.9580799999999998,1.9580799999999996,1.9580799999999996,7.67822159371438
exp_stable_CoB_mp-20857,mp-20857,CoB,,exp_stable,False,0.0,8,62.0,Pnma,6.000000000000001e-05,1.2995648623652517e-05,c,-123.77905000000013,-0.2380366346153848,-4.61693,0.00352,0.00029,18.17145,0.0349450961538461,8e-05,0.45704,134.29,1741.99,-0.2975242550000008,3,3,3,45.747389999999996,33.8574,25.24105,25.24105,7.01627,5.68824,4.289799999999999,4.289799999999999,5.467063611534072
exp_stable_Cs2As3_mp-15557,mp-15557,Cs2As3,,exp_stable,False,0.0,10,69.0,Fmmm,0.02022,0.004556003695275,c,-41.43429000000001,-0.3666751327433629,-4.4381,0.01261,0.00617,9.91506,0.0877438938053097,0.0019,1.05068,120.45,31.81,-0.432719623362069,3,3,0,4.44345,4.441820000000001,4.01475,4.01475,0.6848399999999997,0.68499,0.6399900000000001,0.6399900000000001,0.9046100808904711
exp_stable_FeS_mp-505531,mp-505531,FeS,,exp_stable,False,0.0,4,129.0,P4/nmm,0.00305,0.0011543148668185,a,-25.810960000000016,-0.2081529032258065,-2.64226,-0.00144,0.001,7.475000000000003,0.0602822580645161,0.0007,0.50508,52.41,128.32,-0.7574410312499991,2,2,2,7.98127,7.96692,0.19772,0.19772,2.980269999999999,2.9661399999999998,0.049460000000000004,0.049460000000000004,0.07482988048110331
exp_stable_Ge2Os_mp-10032,mp-10032,Ge2Os,metallic,exp_stable,False,0.0,6,12.0,C2/m,0.01212,0.0025492765481281,a,-63.51890000000001,-0.3396732620320856,-4.75429,0.00178,0.0035399999999999,12.961520000000004,0.0693129411764706,0.00062,0.71948,114.24,498.25,-0.0834786366666691,3,3,3,30.71091999999998,16.110749999999985,10.20943999999999,10.20943999999999,6.6085299999999965,3.30131,2.280659999999998,2.280659999999998,2.147416333458832
exp_stable_HfTc2_mp-1095669,mp-1095669,HfTc2,metallic,exp_stable,False,0.0,12,194.0,P6_3/mmc,0.01767,0.0089294738331547,a,-103.11783000000008,-0.291293305084746,-1.97884,-0.01643,0.00739,29.807849999999988,0.0842029661016948,0.00556,0.54338,200.97,1293.32,-0.40995929166666656,3,3,3,34.53824,34.50368999999999,16.803440000000002,16.803440000000002,10.70317,10.70469,5.0980299999999925,5.0980299999999925,8.491560712336522
exp_stable_Hg4Pt_mp-936,mp-936,Hg4Pt,metallic,exp_stable,False,0.0,5,229.0,Im-3m,0.00336,0.0009373300043239,a,-47.38755,-0.4387736111111111,-3.58465,0.00515,0.00272,7.688770000000001,0.0711923148148148,0.00266,0.54821,92.16,263.57,-0.12306363999999803,3,3,3,14.082409999999998,14.133289999999999,14.131120000000001,14.082409999999998,2.406429999999999,2.4054699999999998,2.406569999999999,2.4054699999999998,3.928531376842927
exp_stable_HgF2_mp-8177,mp-8177,HgF2,,exp_stable,False,0.0,3,225.0,Fm-3m,0.00895,0.0047733587912468,c,-18.89969000000001,-0.1889969000000001,-1.87499,-0.00051,0.00364,2.3729999999999984,0.0237299999999999,0.00046,0.23208,50.81,146.36,-1.7027978508333355,3,3,3,5.767359999999999,5.76968,5.767579999999999,5.767359999999999,0.7392699999999996,0.7394900000000001,0.7393099999999998,0.7392699999999996,3.0759417383559375
exp_stable_InBr_mp-22870,mp-22870,InBr,covalent,exp_stable,False,0.0,4,63.0,Cmcm,0.01022,0.0051640677897587,b,-16.227399999999996,-0.3005074074074073,-1.97906,-0.00079,0.00372,3.487120000000003,0.0645762962962963,0.00042,0.3925,48.48,35.26,-0.9348113258333335,3,3,3,4.882379999999996,5.76268,3.3226399999999994,3.3226399999999994,1.05552,1.2716099999999997,0.7763399999999995,0.7763399999999995,1.678898062716643
exp_stable_KI_mp-22898,mp-22898,KI,ionic,exp_stable,False,0.0,2,225.0,Fm-3m,0.02264,0.049563256638718,b,-3.723,-0.1241,-0.45679,-0.02264,0.00391,0.66886,0.0222953333333333,0.00391,0.08971,22.66,7.69,-1.6699892911249994,3,3,3,1.8599,1.8579499999999998,1.86423,1.8579499999999998,0.33421999999999996,0.33387000000000006,0.33498,0.33387000000000006,4.067405153352744
exp_stable_KN3_mp-827,mp-827,KN3,,exp_stable,False,0.0,8,140.0,I4/mcm,0.00028,1.5127187229196334e-05,c,-85.50082000000005,-0.3313985271317831,-18.50972,0.00069,6e-05,10.171939999999989,0.0394261240310077,6e-05,1.8894,71.71,68.81,-0.2211123337500016,0,0,0,3.86433,3.850649999999998,3.8535499999999963,3.850649999999998,0.5099799999999999,0.4460899999999999,0.4461499999999998,0.4460899999999999,0.2080339410860887
exp_stable_Li2Se_mp-2286,mp-2286,Li2Se,,exp_stable,False,0.0,3,225.0,Fm-3m,0.0116499999999999,0.0051271669431962,c,-25.06544000000001,-0.2506544,-2.27221,0.10801,0.0015999999999999,3.56407,0.0356407,0.00063,0.34399,28.64,35.14,-1.4516769874652777,3,3,3,9.301490000000001,9.25286,9.245159999999998,9.245159999999998,1.1187999999999996,1.118409999999999,1.11801,1.11801,4.068796458073857
exp_stable_LiB_mp-1001835,mp-1001835,LiB,,exp_stable,False,0.0,4,194.0,P6_3/mmc,0.00291,0.0002914765641824,c,-41.39096999999998,-0.2225320967741934,-9.98365,0.01439,0.0006399999999999,5.121950000000001,0.0275373655913978,0.00031,1.15719,28.69,83.15,-0.22468806208333358,3,3,1,8.384160000000001,8.38784,17.726100000000002,8.384160000000001,1.0507,1.0497800000000002,2.2855200000000004,1.0497800000000002,0.8397890551050969
exp_stable_Mg2Ni_mp-2137,mp-2137,Mg2Ni,metallic,exp_stable,False,0.0,18,180.0,P6_222,0.00016,0.0006327862368993,b,-14.28944,-0.0264619259259259,-0.25285,0.0016,1e-05,5.110290000000001,0.0094635,0.0,0.08379,327.41,804.05,-0.153033664444444,3,3,3,4.74113,4.74952,1.251789999999998,1.251789999999998,2.0152099999999997,2.038529999999999,0.49777999999999945,0.49777999999999945,4.9507217718014545
exp_stable_MgP4_mp-384,mp-384,MgP4,,exp_stable,False,0.0,10,14.0,P2_1/c,0.0,0.0,a,-61.825230000000026,-0.2533820901639345,-5.26131,0.00017,0.00014,12.471980000000002,0.0511146721311475,0.00013,0.95183,52.03,51.03,-0.2983330857142853,3,3,2,14.437359999999993,5.68246,7.357769999999994,5.68246,3.12634,1.30969,1.6789699999999996,1.30969,1.0800466043627917
exp_stable_MnAl12_mp-1104165,mp-1104165,MnAl12,metallic,exp_stable,False,0.0,13,204.0,Im-3,0.0142499999999999,0.0078488179955495,b,-118.34457999999994,-0.3233458469945353,-1.81556,0.0006,0.00787,22.41762,0.0612503278688524,0.00196,0.30987,114.5,98.51,-0.09883573907161856,3,3,3,30.898179999999993,30.898519999999994,30.898479999999992,30.898179999999993,6.04105,6.040999999999999,6.04092,6.04092,17.01853973429685
exp_stable_MoSe2_mp-1634,mp-1634,MoSe2,covalent,exp_stable,False,0.0,6,194.0,P6_3/mmc,0.00116,0.0004068305445567,a,-47.29102000000001,-0.3152734666666667,-2.85131,-0.00032,0.00129,12.853830000000007,0.0856922,0.00028,0.64226,68.15,94.53,-0.7499368427083345,2,2,2,19.9932,19.9916,0.09449,0.09449,6.05527,6.055,0.01911,0.01911,0.033139153582037735
exp_stable_NaS_mp-2400,mp-2400,NaS,,exp_stable,False,0.0,8,194.0,P6_3/mmc,0.0,0.0,b,-23.49327999999999,-0.1140450485436892,-4.72364,0.00281,0.00015,4.52693,0.0219753883495145,7e-05,0.95101,55.9,48.72,-1.00427061140625,3,3,0,5.614590000000001,5.61218,1.9873900000000002,1.9873900000000002,1.0900999999999998,1.08953,0.415179999999999,0.415179999999999,0.42073274000558897
exp_stable_Na_mp-10172,mp-10172,Na,,exp_stable,False,0.0,2,194.0,P6_3/mmc,0.00197,0.0212536411694896,c,-1.5040200000000004,-0.0626675,-0.09269,0.00101,0.00141,0.8499599999999998,0.0354149999999999,0.0007,0.0539,9.29,5.12,0.0,3,3,3,0.8799000000000001,0.87986,0.20198999999999998,0.20198999999999998,0.50169,0.50168,0.10168,0.10168,2.1791994821447838
exp_stable_Nb3Ir_mp-1458,mp-1458,Nb3Ir,metallic,exp_stable,False,0.0,8,223.0,Pm-3n,0.00902,0.0035316319898514,a,-87.73991000000001,-0.3454327165354331,-2.55406,-0.00367,0.01185,22.33132000000001,0.0879185826771654,0.00413,0.63111,130.0,607.84,-0.402662928749999,3,3,3,23.7789,23.77623999999998,23.78172,23.77623999999998,6.453489999999998,6.45336,6.453479999999997,6.45336,9.309193989178006
exp_stable_NbGa3_mp-1973,mp-1973,NbGa3,metallic,exp_stable,False,0.0,4,139.0,I4/mmm,0.00858,0.0035043150452742,c,-43.12708999999999,-0.3080506428571428,-2.44841,0.00661,0.00206,8.487280000000002,0.0606234285714285,0.00206,0.38593,79.04,409.37,-0.351950454999999,3,3,3,19.242939999999997,19.248179999999998,11.90588,11.90588,3.8809599999999995,3.88141,2.6040699999999997,2.6040699999999997,4.862698649327522
exp_stable_PI2_mp-29443,mp-29443,PI2,covalent,exp_stable,False,0.0,6,2.0,P-1,0.00023,4.791137645218341e-05,b,-21.82672999999998,-0.3118104285714282,-4.80053,0.00794,0.00016,5.312619999999999,0.0758945714285714,4e-05,0.95857,49.4,22.32,-0.3134069832142856,0,0,0,0.27499999999999997,0.09985,0.19537,0.09985,0.10554999999999998,0.02905,0.05475000000000001,0.02905,0.020799786690219618
exp_stable_PbSe_mp-2201,mp-2201,PbSe,covalent,exp_stable,False,0.0,2,225.0,Fm-3m,0.01657,0.0113365032668559,b,-9.8062,-0.2580578947368421,-1.46165,-0.0011,0.0101,2.334210000000001,0.0614265789473684,0.00062,0.34573,38.74,45.05,-0.6725727545312452,3,3,3,4.90662,4.901580000000001,4.90524,4.901580000000001,1.1677999999999975,1.1676400000000002,1.1677799999999987,1.1676400000000002,3.3534567098826678
exp_stable_RbI_mp-22903,mp-22903,RbI,ionic,exp_stable,False,0.0,2,225.0,Fm-3m,0.01997,0.0477499880445698,c,-3.82272,-0.1274239999999999,-0.41822,-0.01997,0.0059,0.6536100000000002,0.021787,0.0059,0.08461,27.0,8.37,-1.6958504512500008,3,3,3,1.9149200000000002,1.9102599999999998,1.9072799999999999,1.9072799999999999,0.32757,0.32674,0.32569000000000004,0.32569000000000004,4.560470565730955
exp_stable_Sc5Ge3_mp-17190,mp-17190,Sc5Ge3,metallic,exp_stable,False,0.0,16,193.0,P6_3/mcm,0.00053,0.0002532044697755,c,-111.92614000000007,-0.2914743229166669,-2.09317,0.00045,0.00567,26.22792,0.068301875,0.005,0.42566,445.96,3831.18,-0.9092670950000006,3,3,3,23.19466,23.17836,24.784979999999997,23.17836,5.823320000000001,5.8241299999999985,6.413399999999999,5.823320000000001,11.073328969935552
exp_stable_ScAg2_mp-1018128,mp-1018128,ScAg2,metallic,exp_stable,False,0.0,3,139.0,I4/mmm,0.00017,4.9852787650584745e-05,c,-32.84158999999999,-0.2880841228070174,-3.41004,0.00542,0.00669,5.500010000000002,0.0482457017543859,0.00331,0.4019,39.25,237.16,-0.2906822483333329,3,3,3,15.415840000000001,15.383529999999997,10.230759999999991,10.230759999999991,2.7073899999999997,2.7071999999999994,1.8304999999999996,1.8304999999999996,3.000187681082917
exp_stable_ScTe_mp-10026,mp-10026,ScTe,,exp_stable,False,0.0,4,194.0,P6_3/mmc,0.00712,0.0045295502258413,c,-23.326760000000004,-0.2712413953488372,-1.5719,-0.00166,0.0055899999999999,6.087279999999999,0.0707823255813953,0.00138,0.33744,57.78,76.07,-1.3886115333333322,3,3,3,8.467269999999994,8.47523,5.810929999999992,5.810929999999992,2.4538200000000003,2.4547200000000005,1.4712599999999987,1.4712599999999987,3.6967555187989003
exp_stable_SnPt_mp-19856,mp-19856,SnPt,metallic,exp_stable,False,0.0,4,194.0,P6_3/mmc,0.01291,0.0039587140771995,c,-50.3282,-0.5354063829787233,-3.26116,0.01963,0.01067,8.322639999999998,0.0885387234042553,0.00637,0.4615,61.33,185.01,-0.617788777499996,3,3,3,17.340339999999998,17.332549999999998,14.199169999999992,14.199169999999992,3.08892,3.0886599999999995,2.32722,2.32722,4.354024334899236
exp_stable_SrO2_mp-2697,mp-2697,SrO2,ionic,exp_stable,False,0.0,3,139.0,I4/mmm,0.00044,6.234643647606605e-05,b,-15.520259999999992,-0.1231766666666666,-7.05734,0.00025,8e-05,1.80149,0.0142975396825396,3e-05,0.98352,26.98,44.82,-2.2044791333333316,0,3,0,4.38084,4.37303,2.6637399999999993,2.6637399999999993,0.43102,0.42907,0.2738199999999999,0.2738199999999999,0.37744249249717304
exp_stable_SrSi_mp-2661,mp-2661,SrSi,metallic,exp_stable,False,0.0,4,63.0,Cmcm,7e-05,2.4234870516548957e-05,a,-13.558639999999995,-0.2054339393939393,-2.8884,7e-05,0.00174,3.6951300000000007,0.0559868181818181,0.00174,0.80771,32.89,18.33,-0.5268471175000009,3,3,1,6.387729999999997,3.0972999999999997,2.1126300000000002,2.1126300000000002,1.8025300000000002,0.7870099999999995,0.5779899999999996,0.5779899999999996,0.7314187785625261
exp_stable_Ta5Ge3_mp-17593,mp-17593,Ta5Ge3,metallic,exp_stable,False,0.0,16,140.0,I4/mcm,0.03464,0.0129419368819048,b,-169.44591999999997,-0.413282731707317,-2.67657,-0.01194,0.01541,36.15615999999998,0.0881857560975609,0.00653,0.52265,7.0,,-0.40993436708333064,3,3,3,42.57212,42.560419999999986,39.92952000000001,39.92952000000001,9.61928,9.617219999999996,8.87648,8.87648,14.918167654871725
exp_stable_TaP_mp-1067587,mp-1067587,TaP,,exp_stable,False,0.0,4,109.0,I4_1md,0.03142,0.0112956571757262,a,-45.655930000000005,-0.3623486507936508,-2.7816,-0.00011,0.01262,9.66084000000001,0.0766733333333334,0.0002,0.4822,45.31,121.94,-0.9955650676547627,3,3,3,20.31179,20.37122,8.497319999999997,8.497319999999997,4.50165,4.512499999999999,1.9233,1.9233,3.054831751509921
exp_stable_TaSb2_mp-11697,mp-11697,TaSb2,metallic,exp_stable,False,0.0,6,12.0,C2/m,0.01174,0.0038818130116785,b,-48.93800999999999,-0.3495572142857142,-3.02436,-0.00058,0.01519,12.377870000000003,0.0884133571428571,0.00041,0.59138,64.83,85.93,-0.1680856907777771,3,3,3,20.916289999999996,10.170449999999999,8.454820000000002,8.454820000000002,5.545979999999999,2.6892300000000002,2.1656999999999993,2.1656999999999993,2.795573278313429
exp_stable_Te2Pd_mp-782,mp-782,Te2Pd,,exp_stable,False,0.0,3,164.0,P-3m1,0.01444,0.0041071616498047,c,-28.461079999999995,-0.527057037037037,-3.51581,-0.00574,0.00281,5.26657,0.097529074074074,0.00258,0.58162,33.78,27.02,-0.34445980000000515,3,3,2,11.7077,11.72292,2.13638,2.13638,2.3165599999999995,2.3165199999999997,0.5170300000000001,0.5170300000000001,0.6076494463580228
exp_stable_Te2Ru_mp-267,mp-267,Te2Ru,covalent,exp_stable,False,0.0,6,58.0,Pnnm,0.00434,0.0018571691436053,b,-38.187260000000016,-0.3182271666666668,-2.33689,-0.0008,0.00267,9.5867,0.0798891666666666,0.00048,0.49757,80.91,108.41,-0.40611876333333896,3,3,3,12.820730000000003,11.329189999999999,6.961009999999998,6.961009999999998,3.5166899999999996,3.13935,1.8256399999999997,1.8256399999999997,2.9787495346379154
exp_stable_TeO2_mp-8377,mp-8377,TeO2,covalent,exp_stable,False,0.0,12,19.0,P2_12_12_1,4e-05,5.974857798384399e-06,b,-83.50709000000013,-0.2319641388888892,-6.69472,0.00206,0.0002,12.421100000000008,0.0345030555555555,3e-05,0.87422,73.38,92.02,-1.4950600038888868,3,3,3,11.76599999999998,7.768339999999999,7.097750000000001,7.097750000000001,2.122579999999999,1.4504599999999999,1.3063799999999999,1.3063799999999999,1.0602011734620718
exp_stable_Ti3In_mp-866046,mp-866046,Ti3In,metallic,exp_stable,False,0.0,8,194.0,P6_3/mmc,0.00501,0.0042029143561823,c,-52.90306000000003,-0.2066525781250001,-1.19203,-0.0037,0.00716,17.341609999999996,0.0677406640624999,0.00225,0.32116,182.45,750.96,-0.12506459416666527,3,3,3,14.65557,14.615119999999992,14.670189999999998,14.615119999999992,5.081329999999999,5.07545,5.18628,5.07545,12.260698136791854
exp_stable_Ti3Pt_mp-2339,mp-2339,Ti3Pt,metallic,exp_stable,False,0.0,8,223.0,Pm-3n,0.00178,0.0010014797144094,a,-66.48618,-0.2391589208633093,-1.77737,-0.00178,0.0052899999999999,18.77892,0.067550071942446,0.0026,0.44821,101.52,674.81,-0.6843641187500005,3,3,3,17.877589999999994,17.903389999999987,17.882910000000003,17.877589999999994,5.4921299999999995,5.493050000000001,5.4927,5.4921299999999995,10.058451532320223
exp_stable_TiBe12_mp-1104067,mp-1104067,TiBe12,metallic,exp_stable,False,0.0,13,139.0,I4/mmm,0.00024,8.842970943471309e-05,b,-145.06691000000004,-0.1903765223097113,-2.71402,0.04817,0.00037,19.3008,0.0253291338582677,0.0003,0.27472,163.34,801.18,-0.14771482794871815,3,3,3,45.758449999999996,31.31901,31.31051,31.31051,6.3508,4.518649999999997,4.518619999999999,4.518619999999999,11.53658042313616
exp_stable_TiNi_mp-1048,mp-1048,TiNi,metallic,exp_stable,False,0.0,4,11.0,P2_1/m,0.00391,0.0042722902097902,b,-22.015110000000007,-0.1467674,-0.9152,-0.00195,0.00224,8.109679999999999,0.0540645333333333,0.00111,0.30214,79.64,479.81,-0.3958550266666663,3,3,3,11.821049999999996,7.17324,4.956269999999996,4.956269999999996,4.407769999999999,2.9492399999999988,1.9674099999999992,1.9674099999999992,5.415504807692304
exp_stable_TiO_mp-1071163,mp-1071163,TiO,,exp_stable,False,0.0,6,189.0,P-62m,0.0006399999999999,0.0002007270081325,a,-48.93890999999994,-0.1456515178571427,-3.18841,-4e-05,0.00019,10.267770000000024,0.0305588392857143,8e-05,0.48618,112.39,989.45,-2.9079562791666667,3,3,3,20.650309999999998,11.83274,11.84232,11.83274,4.87562,2.863769999999999,2.8667,2.863769999999999,3.7111726534542293
exp_stable_TiSi2_mp-1077503,mp-1077503,TiSi2,metallic,exp_stable,False,0.0,6,63.0,Cmcm,0.00618,0.0016878328553871,b,-57.76688000000004,-0.2489951724137933,-3.6615,0.00235,0.00494,12.465140000000025,0.053729051724138,0.0008,0.55503,59.28,175.02,-0.5380357655555557,3,3,3,22.79334,24.19354999999998,8.674529999999999,8.674529999999999,5.291919999999999,5.32258,2.1440699999999993,2.1440699999999993,2.3691192134371155
exp_stable_TlCl_mp-571079,mp-571079,TlCl,,exp_stable,False,0.0,4,63.0,Cmcm,0.00717,0.0043309131763654,b,-15.684240000000004,-0.290448888888889,-1.65554,-0.00079,0.00278,3.0910600000000006,0.0572418518518518,0.00049,0.32443,41.2,35.69,-1.3258213141666677,3,3,3,5.527939999999999,5.45439,2.8976599999999992,2.8976599999999992,1.0906399999999998,1.0787499999999999,0.5733400000000001,0.5733400000000001,1.750280875122316
exp_stable_VNi2_mp-11531,mp-11531,VNi2,metallic,exp_stable,False,0.0,3,71.0,Immm,0.0038799999999999,0.0027656601944515,a,-17.33766,-0.1111388461538461,-1.40292,-0.00171,0.00213,6.24173,0.0400110897435897,0.00105,0.47686,60.86,544.18,-0.21683060000000154,3,3,3,10.94734,6.460260000000001,4.876199999999997,4.876199999999997,4.084620000000001,2.5759899999999996,1.8783699999999988,1.8783699999999988,3.4757505773672035
exp_stable_WO2_mp-1524394,mp-1524394,WO2,,exp_stable,False,0.0,12,14.0,P2_1/c,0.00022,3.374476380966113e-05,c,-166.84879999999973,-0.3022623188405792,-6.51953,3e-05,9e-05,22.39253000000001,0.0405661775362319,4e-05,1.22207,2.0,,-2.0675175558333336,3,3,3,33.15852999999998,33.02449,33.705949999999945,33.02449,4.61863,4.617679999999999,5.2194499999999975,4.617679999999999,5.065470977202344
exp_stable_Zr2Au_mp-2348,mp-2348,Zr2Au,metallic,exp_stable,False,0.0,3,139.0,I4/mmm,0.03057,0.0130973496825274,a,-43.8732,-0.5553569620253164,-2.33406,-0.01458,0.0142,8.116499999999995,0.1027405063291138,0.0068,0.43747,57.2,190.24,-0.468447070000001,3,3,3,22.38274,22.40144,7.827469999999999,7.827469999999999,4.27228,4.27175,1.5190299999999999,1.5190299999999999,3.3535855976281668
exp_stable_Zr5Pb3_mp-681992,mp-681992,Zr5Pb3,metallic,exp_stable,False,0.0,16,193.0,P6_3/mcm,2e-05,7.767623767375204e-06,c,-149.6521599999999,-0.4300349425287353,-2.57479,0.00269,0.01337,33.83459000000002,0.0972258333333333,0.00611,0.46729,448.82,2430.18,-0.37525825500000565,3,3,3,27.785849999999993,27.769510000000004,37.02409999999999,27.769510000000004,6.93052,6.929170000000001,9.841849999999997,6.929170000000001,10.78515529421817
exp_stable_ZrMo2_mp-2049,mp-2049,ZrMo2,metallic,exp_stable,False,0.0,6,227.0,Fd-3m,0.0105,0.0062070310883585,a,-53.60926000000001,-0.3191027380952381,-1.69163,-0.0105,0.00809,15.79480000000001,0.0940166666666667,0.00809,0.46745,158.44,524.43,-0.1390927483333352,3,3,3,17.90115999999999,17.88463,17.879139999999996,17.879139999999996,5.567489999999998,5.564589999999999,5.56465,5.564589999999999,10.5691788393443
extension_Ag_mp-124,mp-124,Ag,,extension,False,0.0021267149999992,1,225.0,Fm-3m,0.05491,0.0433735130096841,a,-17.216119999999997,-0.3188170370370369,-1.26598,-0.01534,0.01232,2.30986,0.0427751851851851,0.00324,0.15482,0.0,,0.0021267149999992796,3,3,3,9.298099999999998,9.255999999999998,9.24346,9.24346,1.3076400000000001,1.3079399999999999,1.3080599999999998,1.3076400000000001,7.301426562820898
extension_Al_mp-134,mp-134,Al,,extension,False,0.0,1,225.0,Fm-3m,0.01797,0.0126589412137649,b,-18.333559999999995,-0.3395103703703703,-1.41955,0.00902,0.01048,3.1837800000000014,0.0589588888888889,0.00524,0.22704,0.0,,0.0,3,3,3,9.525459999999999,9.527000000000001,9.526140000000002,9.525459999999999,1.6717799999999996,1.67178,1.6717799999999996,1.6717799999999996,6.710196893381704
extension_As_mp-158,mp-158,As,,extension,False,0.0,4,64.0,Cmce,0.00116,0.000291121545755,b,-25.922940000000036,-0.2445560377358493,-3.98459,0.00449,0.00093,6.18613,0.058359716981132,0.00081,0.88745,0.0,,0.0,2,2,2,9.534329999999999,5.25511,0.5952399999999998,0.5952399999999998,2.428269999999999,1.3652299999999997,0.17699,0.17699,0.14938550766829203
extension_Au_mp-81,mp-81,Au,,extension,False,0.0,1,225.0,Fm-3m,0.07499,0.0403237081249664,c,-25.295960000000004,-0.4684437037037038,-1.8597,0.12034,0.01434,2.8393400000000004,0.0525803703703703,0.00502,0.19657,0.0,,0.0,3,3,3,17.610700000000005,12.177300000000002,14.7222,12.177300000000002,1.5760399999999999,1.57544,1.5760999999999998,1.57544,6.547991611550252
extension_B_mp-160,mp-160,B,covalent,extension,False,0.0,12,166.0,R-3m,0.0,0.0,a,-190.43456,-0.2188902988505746,-7.84673,0.06607,0.00022,21.97090999999996,0.0252539195402298,4e-05,0.87572,1.0,,0.0,3,3,3,25.18914,25.189820000000005,25.187689999999996,25.187689999999996,3.2919599999999956,3.292259999999999,3.2920099999999968,3.2919599999999956,3.209960072539771
extension_Ba5P4_exp_mp-17566,mp-17566,Ba5P4,,extension,False,3.472888887223746e-05,36,62.0,Pnma,0.00587,0.0016801767763504,a,-94.94394000000013,-0.2327057352941179,-3.49368,0.00402,0.00281,20.521410000000007,0.0502975735294117,0.00136,0.90476,9.0,,-1.0102398348412531,3,3,0,16.776879999999995,18.606319999999997,8.137689999999997,8.137689999999997,3.5389999999999997,3.512070000000001,1.51874,1.51874,2.3292602642485853
extension_BaCl2_exp_mp-23199,mp-23199,BaCl2,ionic,extension,False,0.0067857724999997,12,62.0,Pnma,0.01227,0.0241430876392113,a,-21.61289000000001,-0.1149621808510639,-0.50822,-0.00626,0.00166,2.9256100000000003,0.0155617553191489,0.0008,0.08075,1.0,,-2.9614528075,3,3,3,8.26307,4.198909999999999,3.2598499999999992,3.2598499999999992,1.0406099999999998,0.56953,0.44297,0.44297,6.414249734367005
extension_BaF3_exp_mp-1080821,mp-1080821,BaF3,ionic,extension,False,0.0,8,11.0,P2_1/m,0.0007,0.00088753645239,a,-14.691979999999996,-0.0699618095238095,-0.7887,-0.0003,0.0004,2.5647700000000007,0.0122131904761904,9e-05,0.22815,1.0,,-3.19264289375,3,3,3,5.006309999999999,5.05886,1.8154800000000002,1.8154800000000002,0.4653799999999999,1.3276000000000001,0.19446,0.19446,2.3018638265500195
extension_BaF3_theo_mp-1183303,mp-1183303,BaF3,,extension,True,0.0612079274999999,4,139.0,I4/mmm,0.0001,0.0001894836570345,c,-9.82046,-0.0701461428571428,-0.52775,0.00011,0.00211,1.1522700000000003,0.0082305,0.00074,0.03688,0.0,,-3.13143496625,3,3,3,4.165110000000001,4.165790000000001,5.962099999999998,4.165110000000001,0.53535,0.53536,0.684,0.53535,7.8922027475130285
extension_BaN2_exp_mp-1102371,mp-1102371,BaN2,,extension,False,2.056778179166667,12,9.0,Cc,0.00149,0.0018955778331891,c,-28.62074000000001,-0.1289222522522523,-0.78604,-0.00013,0.00251,10.080540000000004,0.0454078378378378,0.00082,0.64153,4.0,,1.3050746108333324,3,3,3,6.381679999999999,5.793609999999998,5.90698,5.793609999999998,2.33115,2.2383199999999994,2.0252,2.0252,7.370629993384559
extension_BaO_exp_mp-1008500,mp-1008500,BaO,ionic,extension,False,0.0188882974999984,4,194.0,P6_3/mmc,0.00952,0.0129096999037196,c,-17.00565000000001,-0.1977401162790698,-0.73743,-0.00476,0.00257,2.0618399999999992,0.0239748837209302,0.00128,0.07896,0.0,,-2.804754410000002,3,3,3,9.77099,9.770969999999998,2.7596700000000003,2.7596700000000003,1.0675599999999998,1.0675599999999994,0.39573,0.39573,3.7422806232455965
extension_BaO_theo_mp-1950989,mp-1950989,BaO,ionic,extension,True,0.0434359774999997,4,194.0,P6_3/mmc,0.00107,0.0014099168544359,c,-11.842460000000006,-0.1233589583333334,-0.75891,0.00107,0.00063,1.8097600000000005,0.0188516666666666,0.00031,0.131,0.0,,-2.7802067300000006,3,3,3,4.29965,4.323349999999997,3.484439999999999,3.484439999999999,0.61965,0.62766,0.39158,0.39158,4.591374471281179
extension_BaS3_exp_mp-556296,mp-556296,BaS3,,extension,False,0.0435679643749988,16,18.0,P2_12_12,0.00314,0.0005915699399575,a,-64.10555,-0.2374279629629629,-5.30791,-0.00117,0.00088,11.688519999999995,0.0432908148148147,0.00029,0.92338,2.0,,-1.3907245862499997,1,3,0,7.62386,4.934539999999997,2.9877900000000004,2.9877900000000004,1.70054,0.7634999999999998,0.5818300000000001,0.5818300000000001,0.5628938697151987
extension_Ba_mp-122,mp-122,Ba,,extension,False,0.0,2,229.0,Im-3m,0.01108,0.3586921333764972,a,-0.3680999999999998,-0.0184049999999999,-0.03089,-0.01108,4e-05,0.0262799999999999,0.0013139999999999,4e-05,0.00395,0.0,,0.0,3,3,3,0.23001,0.23001,0.09071,0.09071,0.017360000000000004,0.017360000000000004,0.008660000000000001,0.008660000000000001,2.9365490449983813
extension_Be3N2_exp_mp-18337,mp-18337,Be3N2,,extension,False,0.0,40,206.0,Ia-3,0.00038,7.021836062302165e-05,a,-579.9519500000011,-0.2150359473489066,-5.41169,0.07109,,,,,,8.0,,-1.2173527985000014,3,3,3,86.78188999999993,86.7894,86.77865999999999,86.77865999999999,0.0,0.0,0.0,0.0,16.035408532269955
extension_Be3N2_theo_mp-1017550,mp-1017550,Be3N2,,extension,True,0.2080862134999996,5,164.0,P-3m1,0.0,0.0,a,-74.84738000000013,-0.1724594009216593,-5.37853,0.03613,4e-05,7.65780000000001,0.0176447004608295,2e-05,0.51422,0.0,,-1.009266585000001,3,3,3,29.696080000000002,29.696099999999994,12.917209999999992,12.917209999999992,3.049549999999999,3.0495400000000004,1.3046499999999985,1.3046499999999985,2.401624607467095
extension_Be3P2_exp_mp-567841,mp-567841,Be3P2,,extension,False,0.0,40,206.0,Ia-3,0.0009299999999999,0.0002202956225127,a,-437.5150499999998,-0.3284647522522521,-4.2216,0.14584,0.0005,67.34107000000013,0.0505563588588589,0.00014,0.6237,8.0,,-0.23136165360714217,3,3,3,62.26793999999998,62.25565999999999,62.25712999999999,62.25565999999999,9.825800000000001,9.825959999999995,9.8255,9.8255,14.746934811445897
extension_Be3P2_theo_mp-1084771,mp-1084771,Be3P2,,extension,True,0.1567252367499998,10,224.0,Pn-3m,0.00017,4.508996774741131e-05,b,-109.69421999999992,-0.3047061666666665,-3.77024,0.12509,0.00027,16.71280000000002,0.0464244444444445,0.00027,0.55047,1.0,,-0.0746364168571425,3,3,3,27.99407,28.00524,28.000159999999997,27.99407,4.336759999999998,4.33673,4.336639999999998,4.336639999999998,7.425010078933967
extension_BeCl2_exp_mp-23267,mp-23267,BeCl2,ionic,extension,False,0.0087075158333336,6,72.0,Ibam,0.00059,0.0001045028322038,a,-49.38797,-0.4185421186440678,-5.64578,-0.00026,0.00018,6.454809999999992,0.0547017796610168,9e-05,0.71758,0.0,,-1.837467066666666,1,1,1,13.402859999999993,0.4468899999999995,0.40391999999999995,0.40391999999999995,1.73735,0.07035999999999998,0.06439,0.06439,0.07154370166744009
extension_BeCl2_theo_mp-1172909,mp-1172909,BeCl2,ionic,extension,True,3.1687985972222217,36,217.0,I-43m,,,,-22.68998,-0.9454158333333336,-0.95007,-0.9352,,8.87272,0.3696966666666666,0.36187,0.3729,78.0,,1.322624014722222,0,0,0,0.0,0.0,0.0,0.0,0.0,0.0,0.0,0.0,0.0
extension_BeF2_exp_mp-15951,mp-15951,BeF2,ionic,extension,False,0.0003967061111112,9,152.0,P3_121,4e-05,5.826767294937851e-06,c,-89.65170999999981,-0.2263932070707066,-6.86487,-1e-05,0.0,7.040119999999992,0.0177780808080807,0.0,0.52888,1.0,,-3.550195442777778,3,3,3,16.502039999999997,16.501279999999998,16.254969999999997,16.254969999999997,1.30759,1.3075800000000002,1.2844700000000002,1.2844700000000002,2.367848189404897
extension_BeF2_theo_mp-975644,mp-975644,BeF2,,extension,True,2.518145377222223,3,191.0,P6/mmm,0.0,0.0,a,-18.38502000000005,-0.1021390000000003,-1.6978,0.07175,0.00014,2.640630000000001,0.0146701666666666,7e-05,0.1548,0.0,,-1.0324467716666665,3,3,3,5.7750499999999985,5.7750499999999985,10.806880000000001,5.7750499999999985,0.9654200000000001,0.9654200000000001,1.3650400000000003,0.9654200000000001,3.4014901637413115
extension_BeO_exp_mp-7599,mp-7599,BeO,ionic,extension,False,0.0153466312500007,8,136.0,P4_2/mnm,8e-05,1.2859834236736693e-05,a,-111.50482000000018,-0.1935847569444447,-6.22092,0.00031,4e-05,9.89417999999998,0.0171773958333332,1e-05,0.55096,0.0,,-3.087509171249999,3,3,3,35.749779999999994,15.584709999999996,15.585539999999995,15.584709999999996,3.1499099999999984,1.4029399999999999,1.4030099999999974,1.4029399999999999,2.5052098403451573
extension_BeO_theo_mp-1778,mp-1778,BeO,ionic,extension,True,0.0069736675000005,2,216.0,F-43m,0.00031,5.297397610702794e-05,a,-31.181719999999984,-0.1771688636363635,-5.85193,0.00028,8e-05,2.7295300000000062,0.0155086931818182,3e-05,0.52335,0.0,,-3.095882134999999,3,3,3,9.962239999999998,9.962149999999998,9.96226,9.962149999999998,0.8643099999999997,0.8642899999999999,0.86431,0.8642899999999999,1.7023699873375104
extension_Be_mp-87,mp-87,Be,,extension,False,0.0,4,194.0,P6_3/mmc,8e-05,3.896983247843264e-05,b,-53.361990000000034,-0.1607288855421687,-2.05287,0.04971,0.00106,6.561309999999997,0.0197629819277108,0.00047,0.21294,0.0,,0.0,3,3,3,14.358509999999999,13.403589999999994,32.80909,13.403589999999994,1.7894999999999985,1.674649999999998,3.8234400000000006,1.674649999999998,6.529195711369933
extension_Br_mp-23154,mp-23154,Br,,extension,False,0.0,4,64.0,Cmce,0.00017,4.807393205173886e-05,b,-8.652459999999998,-0.1395558064516128,-3.53622,0.00153,0.00013,2.3324800000000003,0.0376206451612903,3e-05,0.78268,0.0,,0.0,0,2,0,0.82936,0.017559999999999992,0.77716,0.017559999999999992,0.39301999999999976,0.00736,0.37254,0.00736,0.004965754393109024
extension_CMcarbon_mp-1080826,mp-1080826,C,covalent,extension,True,0.3009154999999985,8,12.0,C2/m,1e-05,9.70023367862932e-07,a,-157.5588399999997,-0.221290505617977,-10.30903,0.02676,0.0,15.967550000000012,0.0224263342696629,0.0,0.97876,0.0,,0.30091549999999856,3,3,3,50.73789,30.378689999999978,19.296099999999992,19.296099999999992,5.296309999999997,3.181369999999997,2.1394399999999956,2.1394399999999956,1.871766790861991
extension_CWcarbon_mp-1190171,mp-1190171,C,covalent,extension,True,0.2926701068749988,16,62.0,Pnma,1e-05,9.76566314712167e-07,a,-315.30823999999944,-0.2388698787878783,-10.23996,0.02211,0.0,31.92527000000004,0.0241858106060606,0.0,0.97346,1.0,,0.29267010687499884,3,3,3,84.10242999999994,61.759080000000004,19.462049999999962,19.462049999999962,8.614719999999998,6.368340000000002,2.140209999999998,2.140209999999998,1.900598244524389
extension_Ca3N2_exp_mp-1047,mp-1047,Ca3N2,,extension,False,0.0166976637499995,10,167.0,R-3c,0.00444,0.0066444188378253,c,-22.53052,-0.0958745531914893,-0.66823,0.00462,0.00046,5.737849999999997,0.0244163829787233,0.00012,0.20174,2.0,,-0.9430230205000001,3,3,3,6.607879999999999,6.606270000000002,6.606490000000001,6.606270000000002,1.6279700000000001,1.6267099999999997,1.62824,1.6267099999999997,9.886221809855892
extension_Ca3N2_mp-844,mp-844,Ca3N2,,extension,False,0.0,40,206.0,Ia-3,0.00376,0.0056985238398351,b,-92.14831999999991,-0.1023870222222221,-0.65982,0.00719,0.00184,23.397629999999992,0.0259973666666666,0.0003,0.19785,25.0,,-0.95972068425,3,3,3,14.756969999999997,14.769639999999994,14.753630000000001,14.753630000000001,3.695839999999999,3.7015599999999997,3.69495,3.69495,22.36008305295384
extension_Ca3N2_theo_mp-1013524,mp-1013524,Ca3N2,,extension,True,0.5111703895000002,5,221.0,Pm-3m,0.00091,0.0016508834947933,a,-11.256669999999996,-0.0804047857142856,-0.55122,0.00919,0.00042,2.8293599999999994,0.0202097142857142,0.00042,0.12404,0.0,,-0.4485502947499995,3,3,3,3.418049999999999,3.41811,3.418519999999998,3.418049999999999,0.8877200000000001,0.8876999999999999,0.8878999999999999,0.8876999999999999,6.200881680635679
extension_CaCl2_exp_mp-23214,mp-23214,CaCl2,ionic,extension,False,0.0011452108333331,6,58.0,Pnnm,0.00202,0.0025419996224753,a,-10.438640000000005,-0.1087358333333333,-0.79465,-0.0005,0.00058,1.4820000000000004,0.0154375,0.00011,0.10914,0.0,,-2.8042218233333327,3,3,3,3.8376599999999996,1.971409999999999,1.9653299999999994,1.9653299999999994,0.53687,0.28800999999999977,0.2857699999999999,0.2857699999999999,2.4732020386333597
extension_CaCl2_theo_mp-1120739,mp-1120739,CaCl2,ionic,extension,True,0.0421854308333342,3,225.0,Fm-3m,0.00367,0.0063906108518492,a,-5.516469999999999,-0.0672740243902439,-0.57428,-0.00038,0.00068,0.8042700000000005,0.0098081707317073,0.00011,0.08215,0.0,,-2.7631816033333325,3,3,3,1.6295199999999999,1.6306699999999996,1.62909,1.62909,0.24182,0.24205999999999997,0.24165,0.24165,2.8367521069861388
extension_CaF2_exp_mp-10464,mp-10464,CaF2,ionic,extension,False,0.0346417016666666,12,62.0,Pnma,0.00012,0.0001669007913879,b,-26.831320000000016,-0.0563683193277311,-0.71899,-0.00012,2e-05,2.5965700000000056,0.0054549789915966,2e-05,0.07303,1.0,,-4.187573868333334,3,3,3,9.995009999999994,5.14494,4.2023699999999975,4.2023699999999975,0.9242600000000001,0.5025999999999999,0.42088999999999976,0.42088999999999976,5.844823989207079
extension_CaF2_theo_mp-554355,mp-554355,CaF2,ionic,extension,True,0.2402514599999996,3,123.0,P4/mmm,0.00172,0.0026417238784192,b,-6.8316199999999965,-0.0599264912280701,-0.65109,-0.00057,0.00028,0.6644700000000006,0.0058286842105263,8e-05,0.05911,0.0,,-3.98196411,3,3,3,1.6769000000000003,1.6807099999999995,3.8471999999999995,1.6769000000000003,0.18558999999999998,0.1855899999999999,0.35603,0.1855899999999999,2.5755271928612027
extension_CaN_mp-1058549,mp-1058549,CaN,,extension,False,0.3981682884374997,2,225.0,Fm-3m,0.00562,0.0080299479910841,a,-6.872879999999995,-0.0928767567567566,-0.69988,0.00575,0.00184,1.68454,0.022764054054054,0.00088,0.12253,0.0,,-0.4413817726562499,3,3,3,3.51201,3.5000100000000005,3.526549999999997,3.5000100000000005,0.9821300000000001,0.97856,0.98634,0.97856,5.000871577984799
extension_CaO_exp_mp-1079707,mp-1079707,CaO,ionic,extension,False,0.2097698550000002,8,64.0,Cmce,0.00063,0.0009885919625904,a,-19.296999999999997,-0.098454081632653,-0.63727,-0.00029,0.00018,2.6712200000000017,0.0136286734693877,8e-05,0.11022,1.0,,-3.0962495374999994,2,2,2,8.57237,8.571629999999999,0.0,0.0,1.1617100000000002,1.1613299999999995,0.0,0.0,0.0
extension_CaO_mp-2605,mp-2605,CaO,ionic,extension,False,0.0,2,225.0,Fm-3m,0.00215,0.0030232296529613,c,-7.3447,-0.0602024590163934,-0.71116,0.00833,0.00018,1.01516,0.0083209836065573,9e-05,0.11597,0.0,,-3.3060193924999997,3,3,3,3.799949999999998,3.77951,3.8026299999999997,3.77951,0.53331,0.5266500000000001,0.5324500000000001,0.5266500000000001,5.314570560773947
extension_CaO_theo_mp-1181903,mp-1181903,CaO,,extension,True,2.72813205125,8,227.0,Fd-3m,0.00042,0.000759150474469,a,-13.021759999999995,-0.0493248484848484,-0.55325,0.0036,0.00089,3.60035,0.0136376893939393,0.00054,0.07314,1.0,,-0.5778873412500003,3,3,3,3.9049699999999983,3.905459999999998,3.9057300000000006,3.9049699999999983,1.2984900000000001,1.29826,1.29862,1.29826,7.0582376863985505
extension_Ca_mp-21,mp-21,Ca,,extension,False,0.0056160399999996,1,229.0,Im-3m,0.03023,0.9872632266492488,a,-0.28664,-0.0204742857142857,-0.03062,-0.00703,0.00253,0.0246,0.0017571428571428,0.00071,0.00253,0.0,,0.0056160399999996,3,3,3,0.14998,0.15088000000000001,0.14995999999999998,0.14995999999999998,0.013060000000000002,0.013040000000000003,0.012980000000000002,0.012980000000000002,4.897452645329849
extension_Cd_mp-94,mp-94,Cd,,extension,False,0.0,2,194.0,P6_3/mmc,0.00073,0.000358805227743,c,-29.253199999999996,-0.4570812499999999,-2.03453,0.02917,0.00341,4.67245,0.0730070312499999,0.00178,0.3,0.0,,0.0,3,3,3,18.69375,18.69134,2.5475899999999996,2.5475899999999996,2.9296499999999996,2.9290700000000003,0.48285,0.48285,1.2521761782819616
extension_Cdiamond_mp-66,mp-66,C,covalent,extension,False,0.1122649000000013,2,227.0,Fd-3m,2e-05,2.0703526535192373e-06,a,-40.173910000000085,-0.1702284322033901,-9.66019,0.01191,2e-05,4.022079999999991,0.0170427118644067,1e-05,0.94974,0.0,,0.11226490000000133,3,3,3,11.00551,11.005519999999999,11.005519999999999,11.00551,1.10902,1.1090200000000001,1.1090199999999997,1.1090199999999997,1.1392643415916248
extension_Cgraphite_mp-48,mp-48,C,,extension,False,0.0031218549999998,4,194.0,P6_3/mmc,0.00037,3.203274612403772e-05,b,-73.19410000000005,-0.3452551886792455,-11.55068,0.03449,4e-05,7.874950000000007,0.0371459905660377,2e-05,1.21988,0.0,,0.00312185499999984,2,2,2,26.232979999999998,26.27077,0.045219999999999996,0.045219999999999996,2.94194,2.9418499999999996,0.005719999999999999,0.005719999999999999,0.003914921026294556
extension_Cl_mp-22848,mp-22848,Cl2,,extension,False,0.0,4,64.0,Cmce,0.00011,1.973862472029472e-05,b,-11.78474,-0.1683534285714285,-5.57283,0.00036,0.0001599999999999,2.12168,0.0303097142857142,1e-05,0.92543,0.0,,0.0,0,0,0,0.32947000000000004,0.01924,0.31514,0.01924,0.1374899999999999,0.008960000000000001,0.13114,0.008960000000000001,0.003452464905622458
extension_Clonsdaleite_mp-47,mp-47,C,covalent,extension,False,0.1394772175000014,4,194.0,P6_3/mmc,0.0,0.0,c,-80.51609000000008,-0.2261687921348316,-9.88643,0.11157,2e-05,8.019040000000006,0.0225253932584269,1e-05,0.95325,0.0,,0.13947721750000142,3,3,3,21.89594999999996,21.89595,10.397109999999989,10.397109999999989,2.1549799999999992,2.155,1.0829600000000001,1.0829600000000001,1.0516546417665413
extension_Co_mp-102,mp-102,Co,,extension,False,0.0,1,225.0,Fm-3m,0.00217,0.0010733063275612,b,-24.582079999999998,-0.3151548717948717,-2.02179,0.00445,0.00445,3.80966,0.0488417948717948,0.00209,0.27076,1.0,,0.0,3,3,3,13.05204,13.07478,13.030999999999995,13.030999999999995,2.11098,2.1144199999999995,2.1114399999999995,2.11098,6.445278688686755
extension_Cr_mp-90,mp-90,Cr,,extension,False,0.0,2,229.0,Im-3m,0.03186,0.0291531317198151,c,-15.026429999999998,-0.1565253124999999,-1.09285,-0.01523,0.03286,6.537260000000002,0.0680964583333333,0.01427,0.47202,1.0,,0.0,3,3,3,7.30706,7.34372,7.367749999999992,7.30706,3.3530599999999966,3.3561399999999995,3.362239999999998,3.3530599999999966,6.686242393741137
extension_Cs2S_exp_mp-1077814,mp-1077814,Cs2S,,extension,False,0.066724820000001,6,194.0,P6_3/mmc,0.02068,0.0195924245151632,a,-21.89212,-0.2606204761904762,-1.05551,-0.02068,0.00695,2.847340000000001,0.0338969047619047,0.0064,0.08502,1.0,,-1.1257135284374986,3,3,3,8.280489999999999,8.275509999999997,5.0573,5.0573,1.10192,1.10033,0.6477699999999996,0.6477699999999996,4.791333099639037
extension_CsCl_exp_mp-573697,mp-573697,CsCl,ionic,extension,False,0.00714125,2,225.0,Fm-3m,0.01441,0.0415022608795829,b,-5.69615,-0.1898716666666667,-0.34721,-0.01439,0.00295,0.6934600000000003,0.0231153333333333,0.00295,0.06004,0.0,,-2.2486625248275875,3,3,3,2.8464199999999997,2.8463700000000003,2.84859,2.8463700000000003,0.34614,0.34608,0.3468,0.34608,8.197834163762565
extension_CsF_exp_mp-8455,mp-8455,CsF,ionic,extension,False,0.1087716699999994,2,221.0,Pm-3m,0.00931,0.0061278623567587,b,-12.221400000000006,-0.277759090909091,-1.51929,-0.00289,0.00124,1.0625099999999998,0.0241479545454545,0.00048,0.12375,0.0,,-2.7259756223275873,3,3,3,4.860010000000001,4.886849999999999,4.86942,4.860010000000001,0.42958,0.43369,0.43103999999999987,0.42958,3.1988692086435115
extension_CsN3_exp_mp-510557,mp-510557,CsN3,,extension,False,0.0,8,140.0,I4/mcm,0.00172,9.675820630537228e-05,a,-82.18242,-0.5955247826086956,-17.77627,0.00032,0.00018,10.155359999999998,0.0735895652173913,6e-05,1.88969,1.0,,-0.21685479031249955,0,0,0,3.2383099999999994,3.859439999999999,3.86611,3.2383099999999994,0.4283799999999999,0.43674,0.43668,0.4283799999999999,0.18217038782601747
extension_CsN3_theo_mp-1225892,mp-1225892,CsN3,,extension,True,0.0112978124999987,4,123.0,P4/mmm,0.00107,6.0857141557123815e-05,b,-43.586810000000014,-0.4636894680851065,-17.58216,-0.00029,0.00016,5.327189999999998,0.0566722340425531,7e-05,1.89843,0.0,,-0.20555697781250082,0,2,0,3.6500100000000004,1.2767699999999997,3.6513299999999984,1.2767699999999997,0.36759000000000003,0.18182000000000004,0.36801000000000006,0.18182000000000004,0.07261735759428875
extension_CsO2_exp_mp-1441,mp-1441,CsO2,,extension,False,0.0348599883333324,3,139.0,I4/mmm,0.00365,0.0003184252171834,b,-19.10988,-0.2729982857142857,-11.46266,-0.0022199999999999,0.00113,2.00157,0.0285938571428571,0.00083,1.0941999999999998,1.0,,-0.9756556932183914,0,2,0,3.84998,3.8485299999999993,3.45904,3.45904,0.45798999999999995,0.4570699999999999,0.5021099999999997,0.4570699999999999,0.30176590773869244
extension_CsO2_theo_mp-1096936,mp-1096936,CsO2,,extension,True,0.0940473483333335,3,65.0,Cmmm,0.00598,0.0005409003911125,b,-21.23299000000001,-0.2468952325581397,-11.05564,-0.0012,0.00336,2.24129,0.0260615116279069,0.00084,1.12984,0.0,,-0.916468333218391,0,3,0,4.628619999999999,4.628310000000001,3.7241600000000004,3.7241600000000004,0.5185199999999999,0.5184799999999999,0.38911999999999974,0.38911999999999974,0.3368561204959641
extension_CsP7_exp_mp-1201790,mp-1201790,CsP7,,extension,False,0.0,32,57.0,Pbcm,0.00106,0.0001795834003947,c,-214.53208000000015,-0.4584018803418807,-5.90255,0.04955,0.0005,44.19276000000001,0.0944289743589743,0.00025,1.12104,7.0,,-0.24634146729166595,1,2,1,3.284699999999999,3.102319999999998,15.569250000000004,3.102319999999998,0.63069,0.59265,3.1599699999999977,0.59265,0.5255897874647395
extension_CsP7_theo_mp-1213206,mp-1213206,CsP7,,extension,True,8.425187500016307e-05,32,29.0,Pca2_1,0.00122,0.0002065108468975,c,-215.5276700000002,-0.4490159791666671,-5.90768,0.05009,0.00056,44.21252000000002,0.0921094166666667,0.00028,1.12077,7.0,,-0.2462572154166658,1,2,1,3.3557499999999996,3.2218699999999996,15.70147999999999,3.2218699999999996,0.6389600000000001,0.6093899999999999,3.160790000000001,0.6093899999999999,0.5453697559786582
extension_Cs_mp-1,mp-1,Cs,,extension,False,0.0193414500000024,1,229.0,Im-3m,0.12297,0.9992686494392978,a,-0.984,-0.123,-0.12306,-0.12297,0.05562,0.44502,0.0556275,0.05562,0.05563,0.0,,0.019341450000002425,3,3,3,0.49206,0.4921,0.49208,0.49206,0.22250000000000003,0.22252,0.22252,0.22250000000000003,3.998537298878596
extension_Cu_mp-30,mp-30,Cu,,extension,False,0.0,1,225.0,Fm-3m,0.00324,0.0125338491295938,a,-3.84102,-0.0492438461538461,-0.2585,-0.00153,0.00223,0.94402,0.0121028205128205,0.00101,0.048,0.0,,0.0,3,3,3,2.11032,2.1453,2.1042,2.1042,0.5669599999999999,0.5779199999999998,0.56584,0.56584,8.140038684719535
extension_F_mp-561203,mp-561203,F2,,extension,False,0.0030982875,4,15.0,C2/c,0.0,0.0,a,-14.178399999999993,-0.0897367088607594,-6.95357,7e-05,0.0,2.052400000000001,0.0129898734177215,0.0,0.97312,0.0,,0.0030982875000000742,0,0,0,0.13803,0.13803,0.12972999999999996,0.12972999999999996,0.05439000000000001,0.054389999999999966,0.049120000000000004,0.049120000000000004,0.01865660373017025
extension_Fe_mp-13,mp-13,Fe,,extension,False,0.0,2,229.0,Im-3m,0.0258,0.034711010655473,a,-12.854139999999996,-0.1285413999999999,-0.7432799999999999,-0.00689,0.01522,3.81742,0.0381742,0.00605,0.19935,1.0,,0.0,3,3,3,7.397039999999995,7.355469999999999,3.10832,3.10832,2.26232,2.2498399999999985,1.0614400000000004,1.0614400000000004,4.181896458938758
extension_Ga_mp-142,mp-142,Ga,,extension,False,0.0,4,64.0,Cmce,0.00322,0.0007325807317616,c,-38.36347,-0.4169942391304347,-4.39542,0.01903,0.0043,6.664060000000001,0.0724354347826087,0.00152,0.72686,0.0,,0.0,3,3,3,14.811839999999986,14.81363,10.653229999999997,10.653229999999997,2.5994599999999988,2.60011,1.8863499999999997,1.8863499999999997,2.423711499697412
extension_Ge_mp-32,mp-32,Ge,,extension,False,0.0,2,227.0,Fd-3m,0.00237,0.0005102216557876,a,-18.56921,-0.3571001923076923,-4.64504,0.00237,0.0016,3.740359999999998,0.0719299999999999,0.00023,0.89558,0.0,,0.0,3,3,3,4.71508,4.71508,4.71508,4.71508,0.9783799999999998,0.9783799999999998,0.9783799999999998,0.9783799999999998,1.01507844927062
extension_H_mp-730101,mp-730101,H2,,extension,False,0.0,8,19.0,P2_12_12_1,4e-05,7.809205491433302e-06,b,-20.530240000000003,-0.2851422222222222,-5.12216,0.00011,0.0,3.9900499999999983,0.055417361111111,0.0,0.99544,0.0,,0.0,0,0,0,0.012240000000000001,0.015960000000000002,0.012640000000000002,0.012240000000000001,0.0022999999999999987,0.00306,0.0024,0.0022999999999999987,0.0023896168803785906
extension_Hf_mp-103,mp-103,Hf,,extension,False,0.0,2,194.0,P6_3/mmc,0.03898,0.0310221882660045,b,-23.007400000000004,-0.3027289473684211,-1.25652,-0.01691,0.01639,6.623269999999999,0.0871482894736841,0.00734,0.33102,0.0,,0.0,3,3,3,13.017499999999997,13.004050000000001,5.050050000000001,5.050050000000001,3.8666599999999978,3.8682799999999995,1.64285,1.64285,4.0190764969916914
extension_Hg_mp-10861,mp-10861,Hg,,extension,False,0.0029604591666583,3,191.0,P6/mmm,0.01281,0.0068957721003843,a,-26.57485000000001,-0.4662254385964914,-1.85766,-0.01133,0.00876,4.742559999999997,0.0832028070175438,0.00876,0.28934,0.0,,0.0029604591666630617,3,3,3,7.049899999999999,7.046950000000002,16.021490000000004,7.046950000000002,1.40076,1.4005999999999998,2.8164499999999997,1.4005999999999998,3.7934552070884884
extension_I_mp-23153,mp-23153,I,,extension,False,0.0,4,64.0,Cmce,1e-05,3.974831367779223e-06,b,-6.61754,-0.1378654166666666,-2.51583,0.00225,0.0001,1.95572,0.0407441666666666,3e-05,0.6896,0.0,,0.0,2,2,0,0.8572999999999998,0.0094,0.7634799999999998,0.0094,0.3010999999999999,0.00428,0.27421999999999996,0.00428,0.003736341485712469
extension_In_mp-1055994,mp-1055994,In,,extension,False,0.004489730000003,1,139.0,I4/mmm,0.00836,0.0057683417397484,c,-13.941680000000003,-0.3319447619047619,-1.44929,0.00471,0.00671,2.799299999999999,0.0666499999999999,0.0026,0.26491,0.0,,0.004489730000003078,3,3,3,7.1873,7.187299999999999,10.0113,7.187299999999999,1.4716200000000004,1.4716200000000002,1.9599600000000001,1.4716200000000002,4.959186912212186
extension_Ir_mp-101,mp-101,Ir,,extension,False,0.0,1,225.0,Fm-3m,0.0591,0.0243878283691104,a,-32.207919999999994,-0.5964429629629628,-2.42334,-0.02771,0.0285899999999999,5.209859999999999,0.0964788888888888,0.01428,0.34748,0.0,,0.0,3,3,3,17.29758,17.242620000000006,17.247999999999998,17.242620000000006,2.8299600000000003,2.83304,2.8314399999999997,2.8299600000000003,7.115229394141972
extension_K2O_exp_mp-971,mp-971,K2O,ionic,extension,False,0.0,6,225.0,Fm-3m,0.01448,0.0162483027929575,a,-19.187779999999982,-0.1370555714285713,-0.89117,-0.00195,0.0016,2.576209999999999,0.0184014999999999,0.00063,0.10334,0.0,,-1.2338780364999995,3,3,3,4.00057,6.25867,6.447429999999999,4.00057,0.6122899999999998,0.7762899999999993,0.8042799999999996,0.6122899999999998,4.489121043123085
extension_K2O_theo_mp-1223784,mp-1223784,K2O,,extension,True,0.1999645533333338,3,123.0,P4/mmm,0.00013,0.0002868997175141,c,-6.209509999999999,-0.1034918333333333,-0.45312,0.00013,0.00214,1.30213,0.0217021666666666,0.00095,0.16735,0.0,,-1.0339134831666659,3,3,3,2.6685699999999986,2.65,1.7467700000000002,1.7467700000000002,0.49234,0.48379999999999995,0.31903000000000004,0.31903000000000004,3.85498322740113
extension_K2S_exp_mp-1022,mp-1022,K2S,,extension,False,0.0,3,225.0,Fm-3m,0.01248,0.0261646190615958,b,-7.042090000000001,-0.1408418,-0.47698,-0.01248,0.00079,1.3410000000000004,0.02682,0.00079,0.12213,0.0,,-1.2478866567708333,3,3,3,2.6455900000000003,2.65438,2.6532199999999997,2.6455900000000003,0.42819,0.42954,0.42638,0.42638,5.54654283198457
extension_KCl_exp_mp-23289,mp-23289,KCl,ionic,extension,False,0.07764382,2,221.0,Pm-3m,0.02297,0.0563224873108893,a,-5.438439999999996,-0.1236009090909089,-0.40783,-0.00969,0.00695,0.6375600000000006,0.01449,0.00061,0.05103,0.0,,-2.1701050336249996,3,3,3,2.3348400000000002,2.33484,2.33484,2.33484,0.29291999999999985,0.29291999999999985,0.29291999999999985,0.29291999999999985,5.72503248902729
extension_KF3_exp_mp-1544557,mp-1544557,KF3,ionic,extension,False,0.0124910390624997,32,19.0,P2_12_12_1,6e-05,5.951377247884781e-05,a,-55.986050000000006,-0.0613882127192982,-1.00817,0.00042,0.00029,12.932649999999992,0.0141805372807017,0.00011,0.39852,13.0,,-1.458083969375,3,3,3,9.04617,8.285449999999997,6.017109999999999,6.017109999999999,1.55037,1.5877399999999995,1.2513899999999996,1.2513899999999996,5.9683485920033315
extension_KF3_theo_mp-2749823,mp-2749823,KF3,ionic,extension,True,0.0119280090625002,32,4.0,P2_1,5e-05,4.95564695971059e-05,a,-56.00615999999997,-0.0603514655172413,-1.00895,0.00069,0.00025,12.941669999999975,0.0139457650862068,6e-05,0.40221,14.0,,-1.4586469993749995,3,3,3,8.978759999999994,8.254699999999998,6.027669999999999,6.027669999999999,1.60572,1.4960299999999997,1.3578799999999998,1.3578799999999998,5.9742009019277456
extension_KN3_theo_mp-636056,mp-636056,KN3,,extension,True,1.0369771337499998,8,140.0,I4/mcm,0.00635,0.0002774497171542,c,-52.48231,-0.4951161320754716,-22.88703,-0.00018,0.00068,8.330769999999998,0.0785921698113207,3e-05,2.87156,1.0,,0.8158647999999982,0,0,0,1.9620099999999998,1.9624700000000002,1.9972399999999997,1.9620099999999998,1.0567300000000002,1.0555499999999995,0.87261,0.87261,0.08572584559901393
extension_KP_exp_mp-1058315,mp-1058315,KP,,extension,False,1.008041285,2,166.0,R-3m,0.05068,0.111637332863405,c,-4.51068,-0.1187021052631578,-0.45397,-0.00592,0.00492,1.81269,0.0477023684210526,0.00076,0.12907,0.0,,0.47145372788690576,3,3,3,2.3029699999999997,2.3029699999999997,2.1455699999999998,2.1455699999999998,0.9697899999999997,0.9697899999999997,0.72451,0.72451,4.726237416569377
extension_KP_theo_mp-1057787,mp-1057787,KP,,extension,True,1.0092306499999992,2,71.0,Immm,0.06124,0.1298337856173677,a,-4.557309999999999,-0.1199292105263157,-0.47168,-0.00597,0.00517,1.84747,0.0486176315789473,0.00076,0.14888,0.0,,0.472643092886905,3,3,3,2.2348399999999997,2.3405199999999997,2.13408,2.13408,0.8278999999999996,1.0214699999999999,1.04223,0.8278999999999996,4.524423337856174
extension_Li2O_exp_mp-1960,mp-1960,Li2O,ionic,extension,False,0.0,3,225.0,Fm-3m,0.00013,6.323664612286395e-05,a,-29.24318,-0.1329235454545454,-2.05577,-5e-05,9e-05,2.676589999999996,0.0121663181818181,4e-05,0.24102,0.0,,-2.0615979138888885,3,3,3,11.341829999999995,11.31815,11.320089999999997,11.31815,0.90978,0.90788,0.9078900000000002,0.90788,5.505552663965327
extension_Li2O_theo_mp-755894,mp-755894,Li2O,ionic,extension,True,0.0843597108333336,12,62.0,Pnma,1e-05,3.615446634199956e-06,c,-112.31121999999996,-0.1425269289340101,-2.76591,0.00246,7e-05,10.30116000000001,0.013072538071066,2e-05,0.27921,1.0,,-1.9772382030555544,3,3,3,22.68378999999997,39.09941,16.26974999999998,16.26974999999998,2.0497599999999996,3.5100999999999987,1.50689,1.50689,5.882241287677466
extension_Li2S_exp_mp-1125,mp-1125,Li2S,,extension,False,0.0615092883333332,12,62.0,Pnma,5e-05,1.7412320261324105e-05,a,-99.73446999999996,-0.2570476030927834,-2.87153,0.05017,0.00041,13.277449999999996,0.0342202319587628,0.0002,0.36794,1.0,,-1.4419439997222228,3,3,3,32.848690000000005,20.035909999999998,15.347890000000001,15.347890000000001,4.50754,2.564649999999998,1.97691,1.97691,5.344847520311472
extension_Li2S_theo_mp-557142,mp-557142,Li2S,,extension,True,0.1749633300000002,6,194.0,P6_3/mmc,0.00166,0.0006064569397306,c,-47.79552999999999,-0.3063816025641025,-2.73721,0.03666,0.00059,6.653440000000001,0.0426502564102564,0.00028,0.39,0.0,,-1.3284899580555554,3,3,3,13.090879999999997,13.089390000000002,8.564790000000002,8.564790000000002,1.8486099999999994,1.8489399999999985,1.05036,1.05036,3.1290218872501567
extension_Li3N_exp_mp-2341,mp-2341,Li3N,,extension,False,0.00392716125,8,194.0,P6_3/mmc,9e-05,3.082487361801817e-05,b,-77.58891999999999,-0.1716569026548672,-2.91972,0.03192,0.00079,8.167920000000002,0.0180706194690265,0.0002,0.34235,1.0,,-0.4785742609375001,3,3,3,30.24449000000002,30.41010000000003,13.579369999999994,13.579369999999994,2.8387699999999985,2.836919999999999,1.2778899999999997,1.2778899999999997,4.650915156247858
extension_LiCl_exp_mp-22905,mp-22905,LiCl,ionic,extension,False,0.0243146387499999,8,225.0,Fm-3m,0.00784,0.0038078585652532,c,-60.74971000000001,-0.2449585080645161,-2.0589,-0.0039,0.00094,7.4218199999999985,0.029926693548387,0.00094,0.25583,0.0,,-2.1164624016666664,3,3,3,12.17408,12.175589999999998,12.140399999999996,12.140399999999996,1.476679999999999,1.4766699999999997,1.4767099999999995,1.4766699999999997,5.896546699694009
extension_LiCl_theo_mp-1185319,mp-1185319,LiCl,ionic,extension,True,0.0038527562499997,4,186.0,P6_3mc,0.00259,0.0008688651078533,c,-29.16462,-0.3314161363636363,-2.9809,-0.00129,0.0008,3.65092,0.0414877272727272,0.0004,0.38801,0.0,,-2.1369242841666667,3,3,3,8.926079999999995,8.92671,4.052790000000001,4.052790000000001,1.0778499999999998,1.07769,0.5088399999999998,0.5088399999999998,1.3595860310644439
extension_LiF_exp_mp-1138,mp-1138,LiF,ionic,extension,False,0.0,2,225.0,Fm-3m,0.00017,8.768898265305598e-05,c,-19.11450000000001,-0.1309212328767124,-1.93867,5e-05,0.0001,1.4086500000000004,0.0096482876712328,4e-05,0.16973,0.0,,-3.164395454166666,3,3,3,9.813359999999987,9.812859999999986,9.806249999999993,9.806249999999993,0.7188999999999991,0.7186700000000001,0.71786,0.71786,5.058235800832526
extension_LiF_theo_mp-1009009,mp-1009009,LiF,ionic,extension,True,0.2875420599999998,2,221.0,Pm-3m,5e-05,3.713716985056003e-05,a,-19.20591999999998,-0.1143209523809522,-1.34636,-1e-05,6.000000000000001e-05,1.430429999999999,0.0085144642857142,2e-05,0.12405,0.0,,-2.876853394166666,3,3,3,9.337299999999999,9.341699999999989,9.332589999999989,9.332589999999989,0.70007,0.7001699999999995,0.7000099999999997,0.7000099999999997,6.9317195995127525
extension_LiP5_exp_mp-2412,mp-2412,LiP5,,extension,False,0.0076949386904754,24,33.0,Pna2_1,0.0005,9.171737108664908e-05,a,-205.47677000000004,-0.3379552138157895,-5.45153,0.00055,0.00077,38.30113999999999,0.0629952960526315,0.00019,0.98036,3.0,,-0.23905247275793565,3,3,3,31.878420000000006,23.61873999999999,19.57904000000001,19.57904000000001,6.29982,4.571519999999999,3.7681400000000003,3.7681400000000003,3.591476154400693
extension_LiP5_theo_mp-32760,mp-32760,LiP5,,extension,True,0.0963066060119057,24,33.0,Pna2_1,0.00053,0.0001015829693276,a,-204.63416000000004,-0.3602714084507042,-5.21741,0.00136,0.001,38.77958,0.0682739084507042,0.00039,0.95517,4.0,,-0.1504408054365065,3,3,3,26.57916,24.963250000000002,21.575469999999992,21.575469999999992,5.303669999999997,4.86381,4.05461,4.05461,4.135283598567104
extension_Li_mp-1018134,mp-1018134,Li,,extension,False,0.0,3,166.0,R-3m,0.0157199999999999,0.0208834274327465,b,-19.905619999999992,-0.2236586516853931,-0.75275,0.00562,0.00554,3.0989099999999983,0.034819213483146,0.00245,0.09007,0.0,,0.0,3,3,3,11.575399999999998,11.575500000000002,2.4631999999999996,2.4631999999999996,1.98399,1.9840000000000002,0.47437000000000007,0.47437000000000007,3.2722683493855858
extension_MgCl2_exp_mp-23210,mp-23210,MgCl2,ionic,extension,False,0.0,9,166.0,R-3m,0.00084,0.0008988283130918,a,-19.08868999999996,-0.0935720098039213,-0.93455,-0.00018,0.0002,2.9662400000000093,0.0145403921568627,4e-05,0.13129,0.0,,-2.255453941666667,2,2,2,7.074979999999998,7.074999999999999,0.01908,0.01908,1.1824299999999999,1.1824299999999996,0.0035199999999999997,0.0035199999999999997,0.020416243111658017
extension_MgCl2_theo_mp-569626,mp-569626,MgCl2,ionic,extension,True,0.1991308233333337,6,40.0,Ama2,0.00066,0.0005783791362871,a,-11.267329999999994,-0.0923551639344261,-1.14112,-0.00025,0.00016,1.7825200000000003,0.0146108196721311,0.00015,0.16554,0.0,,-2.0563231183333333,3,3,3,2.5389999999999997,2.5390299999999977,1.3334899999999996,1.3334899999999996,0.43132,0.43134000000000006,0.22508999999999993,0.22508999999999993,1.1685799915872124
extension_MgF2_exp_mp-1072956,mp-1072956,MgF2,ionic,extension,False,0.0024727899999996,6,58.0,Pnnm,0.0005,0.0004781623265466,a,-14.187110000000017,-0.0485859931506849,-1.04567,-8e-05,2e-05,1.333369999999999,0.0045663356164383,1e-05,0.09043,0.0,,-3.814811965,3,3,3,5.156440000000001,2.81553,2.755499999999996,2.755499999999996,0.49079,0.28246,0.27257999999999993,0.27257999999999993,2.635152581598397
extension_MgF2_theo_mp-1062842,mp-1062842,MgF2,ionic,extension,True,0.2636488999999997,3,38.0,Amm2,0.0,0.0,a,-7.157900000000004,-0.0441845679012345,-1.00683,3e-05,0.0,0.7232199999999996,0.0044643209876543,0.0,0.08958,0.0,,-3.553635855,3,3,3,3.2427399999999995,1.4618299999999989,2.04781,1.4618299999999989,0.3354499999999998,0.15491999999999997,0.2230599999999999,0.15491999999999997,1.4519134312644628
extension_MgO_exp_mp-549706,mp-549706,MgO,ionic,extension,False,0.1180419924999993,4,186.0,P6_3mc,0.00039,0.000322986716136,b,-12.254379999999989,-0.0551999099099098,-1.20748,-0.00018,0.0001,1.777399999999999,0.0080063063063063,5e-05,0.15938,0.0,,-2.9202671775000004,3,3,3,3.849179999999999,3.8562500000000006,1.9186899999999967,1.9186899999999967,0.6029399999999998,0.6044299999999999,0.29964,0.29964,1.589003544572164
extension_MgO_theo_mp-1009127,mp-1009127,MgO,ionic,extension,True,0.7484379050000003,2,221.0,Pm-3m,0.00042,0.0006813315164492,a,-6.810360000000003,-0.0405378571428571,-0.61644,0.01231,3.0000000000000004e-05,1.0400999999999996,0.0061910714285714,1e-05,0.08131,0.0,,-2.2898712649999995,3,3,3,3.5375200000000007,3.5375200000000007,3.5375200000000007,3.5375200000000007,0.52574,0.5257400000000001,0.5257400000000001,0.52574,5.738628252546883
extension_MgS_exp_mp-1315,mp-1315,MgS,,extension,False,0.0,2,225.0,Fm-3m,0.00338,0.0045398377478106,b,-5.431719999999999,-0.0734016216216216,-0.74452,0.00038,0.00138,1.0640199999999995,0.0143786486486486,0.00022,0.12379,0.0,,-1.661984376249999,3,3,3,2.89187,2.88625,2.89081,2.88625,0.56963,0.56899,0.56951,0.56899,3.8766587868693927
extension_MgS_theo_mp-13032,mp-13032,MgS,,extension,True,0.0343442349999998,2,216.0,F-43m,0.00892,0.008065537009241,a,-5.2792,-0.1015230769230769,-1.10594,-0.00056,0.0008,1.08753,0.0209140384615384,2e-05,0.20138,0.0,,-1.6276401412499992,3,3,3,1.5537899999999998,1.5575199999999998,1.5520800000000001,1.5520800000000001,0.34639,0.34822,0.34673000000000004,0.34639,1.4034034396079356
extension_Mg_mp-153,mp-153,Mg,,extension,False,0.0,2,194.0,P6_3/mmc,0.0,,a,0.0,0.0,-0.0,-0.0,0.0,0.0,0.0,0.0,0.0,0.0,,0.0,3,3,3,0.0,0.0,0.0,0.0,0.0,0.0,0.0,0.0,
extension_Mn2O7_mp-28338,mp-28338,Mn2O7,,extension,False,0.3346113968981488,72,14.0,P2_1/c,5e-05,6.523701913793193e-06,c,-470.0024700000007,-0.2427698708677689,-7.66436,0.00017,0.0,110.17271000000136,0.0569073915289263,0.0,1.5957,54.0,,-0.8804072191235627,0,0,0,0.7724599999999999,2.1128,1.9367200000000002,0.7724599999999999,0.14472999999999997,0.37181999999999976,0.35897999999999947,0.14472999999999997,0.10078597560657379
extension_MnO2_mp-510408,mp-510408,MnO2,,extension,False,0.0464430447222223,6,136.0,P4_2/mnm,0.00067,0.0002165474578298,a,-41.91523999999996,-0.1277903658536584,-3.09401,0.0004,0.00026,6.517649999999998,0.0198708841463414,8e-05,0.45821,1.0,,-1.7760848793103463,3,3,3,15.583249999999998,7.65671,7.67617,7.65671,2.6205399999999988,1.2444099999999982,1.2456600000000002,1.2444099999999982,2.474688187820983
extension_Mn_mp-35,mp-35,Mn,,extension,False,0.0,29,217.0,I-43m,0.02158,0.0172642762284196,b,-133.80125,-0.1444937904967602,-1.24998,-0.00633,,,,,,95.0,,0.0,3,3,3,27.540950000000002,27.576829999999983,27.576029999999985,27.540950000000002,0.0,0.0,0.0,0.0,22.03311252980048
extension_Mo_mp-129,mp-129,Mo,,extension,False,0.0,1,229.0,Im-3m,0.0702899999999999,0.0433017507977773,c,-17.42796,-0.3004820689655172,-1.62326,-0.02448,0.03388,5.23126,0.0901941379310344,0.01435,0.47503,0.0,,0.0,3,3,3,9.60286,9.670700000000002,9.652840000000003,9.60286,2.9454399999999996,2.953039999999999,2.9501800000000005,2.9454399999999996,5.9157867501201284
extension_N2_mp-1059834,mp-1059834,N2,,extension,True,1.100957405,2,74.0,Imma,0.0002399999999999,1.5060212612551555e-05,b,-32.845670000000034,-0.2566067968750002,-15.93603,0.00153,4e-05,3.446160000000002,0.026923125,2e-05,1.35377,0.0,,1.100957405,1,1,1,0.6659699999999998,16.661069999999995,0.17715,0.17715,0.29925999999999997,1.94197,0.03585000000000001,0.03585000000000001,0.011116319434639619
extension_Na2Cl_theo_mp-1077015,mp-1077015,Na2Cl,,extension,True,0.2391079012068968,6,65.0,Cmmm,0.0014,0.0026169202587012,c,-6.521359999999999,-0.0652135999999999,-0.53498,0.01247,0.00023,1.82592,0.0182591999999999,0.00019,0.11705,0.0,,-1.1609046559195402,3,3,1,1.19467,1.1877399999999998,3.308439999999999,1.1877399999999998,0.3968300000000001,0.39739999999999986,0.8741599999999999,0.3968300000000001,2.220157762907024
extension_Na2O_exp_mp-2352,mp-2352,Na2O,ionic,extension,False,0.0,3,225.0,Fm-3m,3e-05,4.747736912071912e-05,c,-6.54998,-0.0528224193548387,-0.63188,0.00027,0.0001599999999999,1.2641600000000008,0.0101948387096774,5e-05,0.12152,0.0,,-1.4257386859195398,3,3,3,2.09929,2.0883700000000003,2.08204,2.08204,0.4084399999999999,0.40448999999999996,0.40341000000000005,0.40341000000000005,3.294992720136735
extension_Na2O_theo_mp-1975297,mp-1975297,Na2O,ionic,extension,True,0.0981246116666674,6,12.0,C2/m,0.00012,0.0001804782674086,a,-11.56283000000001,-0.0550610952380952,-0.6649,0.00101,7.000000000000001e-05,2.459540000000001,0.0117120952380952,3e-05,0.1459,0.0,,-1.3276140742528726,3,3,2,4.272920000000001,4.2735,0.5307799999999999,0.5307799999999999,0.9064399999999999,0.9072999999999996,0.16522,0.16522,0.7982854564596178
extension_NaN3_exp_mp-22003,mp-22003,NaN3,,extension,False,0.0017140024999999,4,166.0,R-3m,0.00067,3.494752654968808e-05,a,-43.939929999999954,-0.3254809629629626,-19.1716,0.00067,3e-05,5.110529999999999,0.0378557777777777,3e-05,1.88846,1.0,,-0.16524831906250004,0,0,0,2.2308199999999996,2.23082,2.2308099999999995,2.2308099999999995,0.29055999999999993,0.29057000000000005,0.2905600000000001,0.29055999999999993,0.11636013686911888
extension_NaN3_theo_mp-1065265,mp-1065265,NaN3,,extension,True,1.0162235174999994,4,12.0,C2/m,0.00098,4.221806838551644e-05,c,-28.321360000000013,-0.2400115254237289,-23.21281,0.00013,0.00024,4.66749,0.039555,2e-05,2.73222,0.0,,0.8492611959374994,0,0,0,1.7301900000000001,1.72994,2.0864800000000003,1.72994,1.0949799999999998,1.0949199999999994,0.34951000000000004,0.34951000000000004,0.07452522981922481
extension_NaS_exp_mp-409,mp-409,NaS,,extension,False,0.0022865549999995,12,189.0,P-62m,0.0001,1.936280869157757e-05,c,-35.290169999999975,-0.143455975609756,-5.16454,0.00169,0.00012,6.60667000000001,0.0268563821138211,7e-05,0.95824,1.0,,-1.0019840564062494,3,3,0,4.548609999999997,4.548419999999999,6.6758500000000005,4.548419999999999,0.8348,0.83476,1.36617,0.83476,0.8807018630894522
extension_NaS_theo_mp-1180106,mp-1180106,NaS,,extension,True,1.0060650862499996,2,12.0,C2/m,0.00764,0.0077649378500066,c,-2.06408,-0.3440133333333333,-0.98391,0.00764,0.00081,0.6291800000000001,0.1048633333333333,0.00081,0.2104,0.0,,0.001794474843749505,1,1,1,0.0,0.0,1.11073,0.0,0.0,0.0,0.41878,0.0,0.0
extension_Nb_mp-75,mp-75,Nb,,extension,False,0.0,1,229.0,Im-3m,0.04468,0.0281333627176274,a,-17.38376,-0.29972,-1.58815,-0.01802,0.02019,5.057279999999997,0.0871944827586206,0.00676,0.43896,0.0,,0.0,3,3,3,9.716139999999998,9.64396,9.64814,9.64396,2.8204399999999996,2.8179,2.8195399999999995,2.8179,6.072449075968895
extension_Ni_mp-23,mp-23,Ni,,extension,False,0.0,1,225.0,Fm-3m,0.00635,0.0147891096257307,b,-6.553239999999996,-0.0840158974358974,-0.42937,-0.00317,0.00304,1.88354,0.0241479487179487,0.00151,0.0974599999999999,1.0,,0.0,3,3,3,3.601220000000001,3.62394,3.5876800000000006,3.5876800000000006,1.0629600000000001,1.07002,1.0590199999999999,1.0590199999999999,8.35568390898293
extension_O2_mp-1524462,mp-1524462,O2,,extension,False,0.0,8,12.0,C2/m,0.0,0.0,a,-71.70403000000002,-0.2358685197368421,-17.83908,1e-05,0.0,5.986759999999996,0.0196932894736841,0.0,1.48211,1.0,,0.0,0,0,0,0.10616999999999997,0.10576999999999998,0.43834,0.10576999999999998,0.011529999999999995,0.01143,0.05317999999999999,0.01143,0.005929117420853541
extension_Os_mp-49,mp-49,Os,,extension,False,0.0,2,194.0,P6_3/mmc,0.09433,0.0736820727525522,c,-25.311459999999997,-0.2876302272727272,-1.28023,-0.03906,0.02954,6.705170000000001,0.0761951136363636,0.02045,0.28751,0.0,,0.0,3,3,3,14.44107,14.46435,6.08964,6.08964,3.9670900000000007,3.9661499999999994,1.9817199999999981,1.9817199999999981,4.756676534685174
extension_P_mp-568348,mp-568348,P,covalent,extension,False,0.0,84,13.0,P2/c,0.00032,5.874157196117917e-05,a,-660.3750500000002,-0.4299316731770835,-5.44759,0.06778,0.0003899999999999,131.2453100000003,0.0854461653645835,5e-05,0.97124,48.0,,0.0,0,0,0,47.41937999999997,47.977810000000005,2.2245300000000006,2.2245300000000006,10.051709999999996,10.260440000000001,0.61771,0.61771,0.408351215858756
extension_PbN6_mp-667338,mp-667338,PbN6,covalent,extension,False,0.1093108311904735,84,62.0,Pnma,6e-05,3.027316994903512e-06,a,-1093.1588900000029,-0.4616380447635146,-19.81953,0.00057,0.00018,131.02509000000003,0.0553315413851351,3e-05,1.98721,31.0,,0.10931083119047139,0,3,0,35.31847999999998,15.24699999999999,15.096379999999998,15.096379999999998,6.533219999999997,2.8967500000000013,2.87433,2.87433,0.7616921289253579
extension_Pb_mp-20483,mp-20483,Pb,,extension,False,0.0,1,225.0,Fm-3m,0.8519,0.999988261670834,b,-10.23976,-0.5688755555555556,-0.85191,-0.00281,0.19432,2.3451,0.1302833333333333,0.00221,0.19432,0.0,,0.0,3,3,3,5.12832,5.1283,5.128320000000001,5.1283,1.1791800000000001,1.1791800000000003,1.1791800000000003,1.1791800000000001,6.019767346315926
extension_Pd_mp-2,mp-2,Pd,,extension,False,0.0,1,225.0,Fm-3m,0.0842,0.0680310583596596,a,-17.531739999999996,-0.3246618518518517,-1.23767,-0.03529,0.02681,2.644500000000001,0.0489722222222222,0.0133,0.16342,0.0,,0.0,3,3,3,9.226559999999997,9.607540000000002,9.5188,9.226559999999997,1.5018400000000003,1.50178,1.50282,1.50178,7.454781969345623
extension_Pt_mp-126,mp-126,Pt,,extension,False,0.0,1,225.0,Fm-3m,0.06609,0.0363901660105167,a,-24.90826,-0.461264074074074,-1.81615,-0.03146,0.0209099999999999,3.61672,0.0669762962962963,0.0104,0.23733,0.0,,0.0,3,3,3,13.6309,13.680340000000001,13.608099999999997,13.608099999999997,1.9998599999999997,1.99868,2.0021400000000003,1.99868,7.49282823555323
extension_Rb2O_exp_mp-1394,mp-1394,Rb2O,ionic,extension,False,0.0031695866666665,6,225.0,Fm-3m,0.01566,0.011872360749945,b,-24.386649999999992,-0.174190357142857,-1.31903,-0.01192,0.00272,2.8570999999999978,0.0204078571428571,0.0013,0.08916,1.0,,-1.1299987866666665,3,3,3,8.60025,8.41418,4.890809999999998,4.890809999999998,0.9386300000000002,0.91058,0.6514399999999997,0.6514399999999997,3.707883823718944
extension_Rb2O_theo_mp-2023482,mp-2023482,Rb2O,ionic,extension,True,0.0478534288888869,9,164.0,P-3m1,0.0353099999999999,0.0450929059447033,c,-23.23548,-0.1844085714285714,-0.78305,-0.0001,0.00767,3.74815,0.0297472222222222,0.00099,0.13277,4.0,,-1.0192492748611117,3,3,3,11.910809999999996,9.50113,6.036580000000002,6.036580000000002,1.9555399999999998,1.2421899999999995,0.9407799999999995,0.9407799999999995,7.709060724091694
extension_RbCl_exp_mp-23299,mp-23299,RbCl,ionic,extension,False,0.0297740400000012,2,221.0,Pm-3m,0.02461,0.0365534860232302,a,-7.060860000000002,-0.1604740909090909,-0.67326,-0.01224,0.00632,0.7335399999999999,0.0166713636363636,0.00174,0.04775,0.0,,-2.2150984737499986,3,3,3,2.9076,2.90794,2.9076,2.9076,0.32401999999999986,0.32401999999999986,0.32402,0.32401999999999986,4.31868817395954
extension_RbF_exp_mp-2064,mp-2064,RbF,ionic,extension,False,0.051583325000001,2,221.0,Pm-3m,0.00666,0.0048593630294407,a,-11.923230000000004,-0.1419432142857143,-1.37055,-0.00122,0.00112,0.9016299999999986,0.0107336904761904,0.00031,0.08794,0.0,,-2.8214060062499984,3,3,3,4.897740000000001,4.89817,4.897320000000001,4.897320000000001,0.38510000000000005,0.38516999999999985,0.38504,0.38504,3.5732516143154216
extension_RbF_theo_mp-11718,mp-11718,RbF,ionic,extension,True,0.0,2,225.0,Fm-3m,0.01026,0.0226001145424908,b,-7.973859999999996,-0.1594771999999999,-0.45398,-0.00191,0.00166,0.7120100000000003,0.0142402,0.0006,0.04622,0.0,,-2.8729893312499994,3,3,3,4.129389999999997,4.132989999999998,4.132949999999999,4.129389999999997,0.36661999999999983,0.36733,0.36719,0.36661999999999983,9.095973390898271
extension_RbN3_exp_mp-581833,mp-581833,RbN3,,extension,False,0.0193360262500004,4,123.0,P4/mmm,0.00241,0.0001313753858129,c,-44.40729,-0.4189366981132075,-18.34438,-0.00041,0.00016,5.214880000000004,0.0491969811320755,9e-05,1.89701,0.0,,-0.39161828312500013,0,0,0,1.40648,3.227269999999999,3.22755,1.40648,0.20119999999999988,0.31704999999999994,0.31715,0.20119999999999988,0.07667089321089074
extension_RbN3_theo_mp-1219567,mp-1219567,RbN3,,extension,True,0.79660387875,4,38.0,Amm2,0.0030499999999999,0.0002293314124634,b,-35.54414999999996,-0.3117907894736838,-13.29953,-0.00077,0.0011,4.815970000000003,0.042245350877193,0.00028,1.47712,0.0,,0.3856495693749995,0,1,0,3.0057400000000003,1.9187400000000001,1.9187399999999992,1.9187399999999992,0.33751,0.24207000000000004,0.24207,0.24207,0.1442712637213495
extension_RbP_exp_mp-1179688,mp-1179688,RbP,,extension,False,0.9878872979166672,2,12.0,C2/m,0.03528,0.0817063850482873,c,-4.528560000000001,-0.150952,-0.43179,-0.03528,0.00653,1.64473,0.0548243333333333,0.00653,0.12103,0.0,,0.6284900989285722,3,3,3,2.3278199999999987,2.3278199999999987,2.15261,2.15261,0.90469,0.90469,0.6761699999999999,0.6761699999999999,4.985316936473749
extension_RbP_theo_mp-1058499,mp-1058499,RbP,,extension,True,0.9881531929166671,2,71.0,Immm,0.04692,0.1064863147383232,a,-4.570659999999999,-0.1523553333333333,-0.44062,-0.03174,0.00792,1.68496,0.0561653333333333,0.00625,0.1277,0.0,,0.6287559939285723,3,3,3,2.19147,2.3573700000000004,2.1885399999999997,2.1885399999999997,0.7355899999999999,0.94071,0.9148100000000001,0.7355899999999999,4.966955653397484
extension_RbS_exp_mp-558071,mp-558071,RbS,,extension,False,0.0018650299999998,4,71.0,Immm,0.01289,0.002549748783479,a,-11.996629999999998,-0.3157007894736841,-5.0554,-0.0041,0.0038,1.99021,0.052373947368421,0.00166,0.99197,0.0,,-1.1575999733333306,0,3,0,3.09856,1.94568,1.94326,1.94326,0.36149,0.26252,0.26161,0.26161,0.3843929263757566
extension_RbS_theo_mp-1179684,mp-1179684,RbS,,extension,True,0.9974513208333312,2,12.0,C2/m,1.17227,1.999982939229536,c,-1.17227,-0.5861350000000001,-0.58614,-0.58613,0.24514,0.24514,0.12257,0.12257,0.12257,0.0,,-0.16201368249999915,1,1,1,0.0,0.0,0.58613,0.0,0.0,0.0,0.12257,0.0,0.0
extension_Rb_mp-70,mp-70,Rb,,extension,False,0.0092124725,8,229.0,Im-3m,0.02739,0.2040071503053776,a,-4.23886,-0.0756939285714285,-0.13426,-0.0122,0.0143299999999999,2.1648200000000006,0.0386575,0.00538,0.07243,1.0,,0.009212472500000013,3,3,3,1.3345099999999999,1.3752799999999998,1.0393000000000001,1.0393000000000001,0.68557,0.71434,0.5399399999999996,0.5399399999999996,7.740950394756444
extension_Re_mp-8,mp-8,Re,,extension,False,0.0035870224999996,2,194.0,P6_3/mmc,0.07962,0.0557071491541077,b,-28.973449999999985,-0.3292437499999998,-1.42926,-0.03915,0.032,7.6070999999999955,0.0864443181818181,0.01586,0.32764,0.0,,0.003587022499999648,3,3,3,16.625439999999998,16.62314,6.243970000000001,6.243970000000001,4.4096,4.40961,1.95218,1.95218,4.368673299469656
extension_Rh_mp-74,mp-74,Rh,,extension,False,0.0,1,225.0,Fm-3m,0.06064,0.0837222145519812,a,-10.39904,-0.1925748148148148,-0.7243,-0.02893,0.03123,3.0991599999999995,0.0573918518518518,0.01529,0.16574,0.0,,0.0,3,3,3,5.5669400000000016,5.627020000000001,5.64322,5.5669400000000016,1.7168199999999998,1.72996,1.7328400000000002,1.7168199999999998,7.685958856827283
extension_Ru_mp-33,mp-33,Ru,,extension,False,0.0,2,194.0,P6_3/mmc,0.07346,0.0704246956188285,a,-20.65571999999999,-0.2347240909090908,-1.0431,-0.03148,0.03462,6.3555,0.0722215909090909,0.02087,0.26715,0.0,,0.0,3,3,3,11.82095,11.82366,4.971479999999999,4.971479999999999,3.78579,3.7859099999999986,1.93132,1.93132,4.766062697727926
extension_S4N2_cod4031496,,S2N,covalent,extension,,,24,,P4_2nm,0.00036,3.438668012841515e-05,c,-205.73085000000012,-0.3838262126865674,-10.46917,0.01189,0.0002099999999999,31.297100000000004,0.0583901119402985,2e-05,1.26035,2.0,,,0,0,0,0.7106300000000001,0.71611,1.9600699999999998,0.7106300000000001,0.18154999999999988,0.18201999999999988,0.5669699999999995,0.18154999999999988,0.06787835138793238
extension_S4N4_cod7017102,,SN,covalent,extension,,,32,,P2_1/c,0.00013,1.3821244528647716e-05,c,-315.8718599999993,-0.3724904009433953,-9.40581,0.00814,5e-05,45.16185999999997,0.0532569103773584,0.0,1.08614,6.0,,,0,0,0,1.1325499999999993,1.8004899999999995,0.8475999999999997,0.8475999999999997,0.24242999999999987,0.3919099999999998,0.1807399999999999,0.1807399999999999,0.0901145143267831
extension_S_mp-77,mp-77,S,covalent,extension,False,0.0,32,70.0,Fddd,3.0000000000000004e-05,5.012146100717406e-06,c,-195.57897999999983,-0.3601822836095761,-5.98546,0.00156,0.00036,36.31818000000004,0.0668843093922652,7e-05,0.97606,7.0,,0.0,0,0,0,0.7107399999999999,0.7106500000000001,0.7081599999999999,0.7081599999999999,0.19977999999999999,0.20111,0.19934000000000002,0.19934000000000002,0.11831337942280125
extension_Sb_mp-104,mp-104,Sb,,extension,False,0.0,2,166.0,R-3m,0.00377,0.001386523870645,c,-10.310350000000003,-0.2786581081081082,-2.71903,0.00456,0.00329,2.7555599999999987,0.0744745945945945,0.00039,0.7199,0.0,,0.0,3,3,3,4.206859999999999,4.207120000000001,4.2074,4.206859999999999,1.1035000000000001,1.10386,1.1039400000000004,1.1035000000000001,1.5471914616609594
extension_Sc_mp-67,mp-67,Sc,,extension,False,0.0,2,194.0,P6_3/mmc,0.02929,0.0432126997241114,c,-12.923709999999994,-0.2485328846153845,-0.67781,-0.01179,0.01731,4.514800000000001,0.0868230769230769,0.0086,0.23177,0.0,,0.0,3,3,3,7.44869,7.44951,2.5201000000000007,2.5201000000000007,2.59757,2.59779,1.0688000000000002,1.0688000000000002,3.7180035703220677
extension_Se_mp-14,mp-14,Se,covalent,extension,False,0.0010810776041676,3,152.0,P3_121,0.00025,6.020875579810319e-05,a,-13.589999999999996,-0.2516666666666665,-4.15222,0.00087,0.00173,3.44376,0.0637733333333333,0.0011,0.90556,0.0,,0.001081077604167054,1,1,1,0.6936799999999996,0.6935399999999997,4.66104,0.6935399999999997,0.30619,0.30612999999999996,1.2839,0.30612999999999996,0.16702872198486587
extension_Sn_mp-623511,mp-623511,Sn,,extension,False,0.0614070049999995,1,139.0,I4/mmm,0.00296,0.0031023351360415,a,-10.616499999999997,-0.3122499999999999,-0.95412,-0.00029,0.01285,2.54428,0.0748317647058823,0.00431,0.21165,0.0,,0.061407004999999515,3,3,3,5.50126,5.1450000000000005,6.79356,5.1450000000000005,1.3693799999999998,1.26976,1.67434,1.26976,5.392403471261477
extension_Sr3P4_exp_mp-14288,mp-14288,Sr3P4,,extension,False,0.0,14,43.0,Fdd2,0.0038799999999999,0.0008867314803387,c,-49.17343999999999,-0.1848625563909774,-4.37562,-0.00043,0.00034,11.108800000000004,0.0417624060150376,0.00017,0.94112,2.0,,-1.1078930374149658,0,3,0,7.806039999999999,6.7043,4.37631,4.37631,1.5929099999999994,1.5236999999999985,0.9076100000000002,0.9076100000000002,1.000157691938514
extension_Sr3P4_theo_mp-682953,mp-682953,Sr3P4,,extension,True,0.0081151678571433,14,1.0,P1,0.00509,0.0010637519723299,b,-48.72323999999999,-0.1838612830188679,-4.78495,-2e-05,0.00041,11.127559999999995,0.0419907924528301,0.00018,0.98072,5.0,,-1.0997778695578222,0,3,0,7.8125,7.735769999999999,7.733099999999999,7.733099999999999,1.6092899999999997,1.5944999999999996,1.5905199999999995,1.5905199999999995,1.6161297401226762
extension_SrF2_exp_mp-1102240,mp-1102240,SrF2,ionic,extension,False,0.0645727883333329,12,62.0,Pnma,0.00022,0.0003795655699522,a,-22.478839999999977,-0.0769823287671232,-0.57961,-0.00011,2e-05,2.300679999999997,0.0078790410958904,1e-05,0.06307,1.0,,-4.164941925,3,3,3,8.14705,5.201929999999999,2.0496399999999984,2.0496399999999984,0.7846299999999996,0.5553699999999999,0.21266000000000002,0.21266000000000002,3.536239885440207
extension_SrF2_theo_mp-1102911,mp-1102911,SrF2,ionic,extension,True,0.0266591666666657,12,62.0,Pnma,0.00047,0.0007778623680116,b,-27.207599999999974,-0.0708531249999999,-0.60422,-0.00019,6e-05,2.5256899999999938,0.0065773177083333,3e-05,0.0627,1.0,,-4.202855546666667,3,3,3,10.97468,5.346559999999995,4.495190000000001,4.495190000000001,0.9566700000000001,0.49923000000000006,0.42099999999999993,0.42099999999999993,7.439657740558077
extension_SrN_exp_mp-1058586,mp-1058586,SrN,,extension,False,0.4343258274999986,2,225.0,Fm-3m,0.06282,0.1008589548045275,c,-7.50065,-0.150013,-0.62285,0.00869,0.01122,1.75923,0.0351846,0.00166,0.12713,0.0,,-0.23450164187500278,3,3,3,3.8757499999999974,3.878839999999997,3.88583,3.8757499999999974,1.0668799999999998,1.0683999999999991,1.0685099999999994,1.0668799999999998,6.222605763827563
extension_SrO2_exp_mp-726705,mp-726705,SrO2,ionic,extension,False,0.0096023608333313,12,62.0,Pnma,0.00084,0.0001222643354933,b,-49.28526,-0.1432711046511628,-6.87036,0.00514,0.00017,6.43092,0.0186945348837209,8e-05,0.98211,1.0,,-2.1948767725000002,0,3,0,5.9799299999999995,6.378399999999999,3.3097100000000004,3.3097100000000004,0.76352,0.6476199999999999,0.37810999999999984,0.37810999999999984,0.48173749264958465
extension_SrO2_theo_mp-2763179,mp-2763179,SrO2,ionic,extension,True,0.0110303724999996,12,62.0,Pnma,0.00066,9.463600268995668e-05,c,-51.30497000000005,-0.1457527556818183,-6.97409,0.00023,0.00045,6.632460000000004,0.0188422159090909,8e-05,0.98051,1.0,,-2.193448760833332,0,3,0,8.63639,6.3878699999999995,4.1332,4.1332,0.95993,0.6515399999999999,0.5130199999999999,0.5130199999999999,0.5926507974517106
extension_SrS_exp_mp-10627,mp-10627,SrS,,extension,False,0.2996298049999986,2,221.0,Pm-3m,0.00496,0.0106763097851823,c,-6.05104,-0.1375236363636363,-0.46458,-0.00496,0.02014,0.99982,0.0227231818181818,0.00026,0.07758,0.0,,-2.125360496406252,3,3,3,2.6270599999999993,2.6314599999999997,2.6237699999999995,2.6237699999999995,0.46697,0.46781,0.46546,0.46546,5.6476172026346365
extension_Sr_mp-139,mp-139,Sr,,extension,False,0.0,2,194.0,P6_3/mmc,0.01637,0.8839092872570194,a,-0.31373,-0.0174294444444444,-0.01852,-0.01636,0.00084,0.01704,0.0009466666666666,0.00084,0.00102,0.0,,0.0,3,3,3,0.17376999999999998,0.17276999999999998,0.05401,0.05401,0.00952,0.00936,0.00292,0.00292,2.916306695464363
extension_Ta_mp-50,mp-50,Ta,,extension,False,0.0091499126666647,1,229.0,Im-3m,0.0558,0.0317296046309301,b,-19.512719999999995,-0.3364262068965516,-1.75861,-0.0245,0.02062,5.017480000000003,0.086508275862069,0.00891,0.42208,0.0,,0.009149912666664761,3,3,3,10.888320000000002,10.953840000000003,10.905640000000005,10.888320000000002,2.82636,2.8296600000000005,2.83008,2.82636,6.19143528127328
extension_Tc_mp-113,mp-113,Tc,,extension,False,0.0,2,194.0,P6_3/mmc,0.06669,0.0528371547639797,b,-25.051410000000008,-0.2846751136363637,-1.26218,-0.03298,0.03189,7.423640000000002,0.0843595454545454,0.01589,0.33013,0.0,,0.0,3,3,3,14.353439999999994,14.351289999999999,5.382899999999999,5.382899999999999,4.29868,4.29837,1.9138999999999997,1.9138999999999997,4.264764138237018
extension_Te_mp-19,mp-19,Te,covalent,extension,False,0.0,3,152.0,P3_121,0.00096,0.0003524656070669,c,-10.192429999999996,-0.2123422916666665,-2.72367,0.00394,0.00094,3.09719,0.0645247916666666,0.0007,0.75932,0.0,,0.0,3,3,1,1.3596000000000004,1.35998,3.42122,1.3596000000000004,0.45332999999999984,0.4534499999999999,1.0580100000000001,0.45332999999999984,0.4991794160085475
extension_TiO2II_mp-1439,mp-1439,TiO2,,extension,False,0.0045236008333322,12,60.0,Pbcn,0.00017,3.697613516734964e-05,c,-94.47972999999998,-0.1711589311594202,-4.59756,0.00076,0.00014,16.23175999999998,0.0294053623188405,8e-05,0.78382,2.0,,-3.5035318511111115,3,3,3,21.843099999999986,17.823250000000005,12.680270000000002,12.680270000000002,4.10816,3.219089999999999,2.12853,2.12853,2.7580433969322864
extension_TiO2OII_mp-9173,mp-9173,TiO2,,extension,False,0.0574997900000013,12,62.0,Pnma,8e-05,1.784555121561664e-05,c,-94.42192999999985,-0.1748554259259256,-4.48291,0.00039,2e-05,16.49905000000005,0.0305537962962963,0.0,0.74846,2.0,,-3.4505556619444433,3,3,3,34.83843999999998,10.863990000000001,6.4416599999999775,6.4416599999999775,6.435479999999995,2.05039,1.1213299999999995,1.1213299999999995,1.4369371680448586
extension_TiO2baddeleyite_mp-430,mp-430,TiO2,,extension,False,0.0394835008333345,12,14.0,P2_1/c,5e-05,1.0875854298355136e-05,b,-94.71293999999996,-0.1616261774744027,-4.59734,0.00122,6e-05,16.401690000000023,0.0279892320819113,2e-05,0.79776,2.0,,-3.46857195111111,3,3,3,16.69647999999999,17.365620000000003,20.40453,16.69647999999999,3.003729999999997,3.0842499999999986,3.559849999999993,3.003729999999997,3.631769675508009
extension_Ti_mp-46,mp-46,Ti,,extension,False,0.0151696033333319,2,194.0,P6_3/mmc,0.02113,0.0265278963491186,a,-15.26445000000001,-0.1734596590909092,-0.79652,-0.01035,0.01253,6.492620000000001,0.0737797727272727,0.00605,0.32062,0.0,,0.015169603333331949,3,3,3,8.773200000000001,8.77914,3.24933,3.24933,3.8169499999999994,3.8164100000000003,1.61212,1.61212,4.079407924471451
extension_Tl_mp-82,mp-82,Tl,,extension,False,0.0,2,194.0,P6_3/mmc,0.00023,0.000207429586674,c,-18.97884,-0.6778157142857142,-1.10881,-0.00023,0.00257,3.52148,0.1257671428571428,0.00257,0.20394,0.0,,0.0,3,3,3,10.488400000000002,10.490459999999999,3.39456,3.39456,1.9607999999999999,1.96126,0.6619999999999999,0.6619999999999999,3.0614442510439117
extension_V_mp-146,mp-146,V,,extension,False,0.0,1,229.0,Im-3m,0.02421,0.0202819874839779,b,-13.545359999999995,-0.2116462499999999,-1.19367,-0.00744,0.02288,5.096539999999999,0.0796334374999999,0.00833,0.41118,0.0,,0.0,3,3,3,7.59054,7.557520000000001,7.548079999999999,7.548079999999999,2.9014999999999995,2.8971000000000005,2.89304,2.89304,6.3234227215226975
extension_W_mp-91,mp-91,W,,extension,False,0.0,1,229.0,Im-3m,0.0228099999999999,0.0070466699001232,b,-37.57813999999999,-0.6478989655172412,-3.23699,-0.00678,0.02828,6.747459999999999,0.1163355172413793,0.0129,0.6007,0.0,,0.0,3,3,3,20.941019999999995,20.922559999999997,20.96912,20.922559999999997,3.75842,3.7577200000000004,3.7578799999999997,3.7577200000000004,6.463584997173299
extension_Y_mp-112,mp-112,Y,,extension,False,0.0,2,194.0,P6_3/mmc,0.02195,0.0244407576078121,c,-16.30825,-0.5824375,-0.89809,-0.02195,0.02723,4.73478,0.1690992857142857,0.02723,0.25217,0.0,,0.0,3,3,3,9.218349999999997,9.21814,3.0734899999999996,3.0734899999999996,2.6985699999999997,2.69851,1.03898,1.03898,3.42225166742754
extension_Zn_mp-79,mp-79,Zn,,extension,False,0.0,2,194.0,P6_3/mmc,0.00019,6.938231481312423e-05,c,-34.80321,-0.3480321,-2.73845,0.04792,0.00232,4.555360000000001,0.0455536,0.00116,0.26552,0.0,,0.0,3,3,3,22.322920000000003,22.32958999999999,4.26428,4.26428,2.7955699999999983,2.796249999999998,0.6747000000000001,0.6747000000000001,1.557187460059523
extension_Zr_mp-131,mp-131,Zr,,extension,False,0.0,2,194.0,P6_3/mmc,0.04026,0.028923037134421,c,-25.114810000000013,-0.4829771153846156,-1.39197,-0.01413,0.00788,6.412510000000001,0.1233175,0.00745,0.3296,0.0,,0.0,3,3,3,14.171269999999998,14.171750000000003,4.84528,4.84528,3.748129999999998,3.7481399999999967,1.2605,1.2605,3.480879616658405
hull_covalent_Si_mp-149,mp-149,Si,covalent,exp_stable,,0.0,2,227.0,,0.00317,0.0006964721597887,c,-18.610730000000004,-0.29079265625,-4.55151,0.00183,0.00116,3.9409499999999977,0.0615773437499999,8e-05,0.92472,3.0,,0.0,3,3,3,4.855569999999998,4.86214,4.84945,4.84945,1.08582,1.0853499999999998,1.0862899999999998,1.0853499999999998,1.0654595947279033
hull_ionic_NaCl_mp-22862,mp-22862,NaCl,ionic,exp_stable,,0.0,2,225.0,,0.03071,0.0515709751633108,a,-4.445290000000001,-0.0889058,-0.59549,-0.0005,0.00239,0.6578400000000003,0.0131568,0.00018,0.08593,3.0,,-2.100018835689655,3,3,3,2.2703699999999998,2.2670999999999997,2.2719,2.2670999999999997,0.33790000000000003,0.3377899999999999,0.33788,0.3377899999999999,3.807116828158323
hull_metallic_AlNi_mp-1487,mp-1487,AlNi,metallic,exp_stable,,0.0,2,221.0,,0.00419,0.0021032975086717,a,-30.92626,-0.3221485416666667,-1.99211,0.00661,0.00777,5.00504,0.0521358333333333,0.00044,0.2678,4.0,,-0.68490115,3,3,3,14.080169999999988,14.100119999999993,14.107519999999997,14.080169999999988,2.2954799999999995,2.2952299999999997,2.2957799999999997,2.2952299999999997,7.067968134289767
metastable_covalent_C_rhombohedral_mp-169,mp-169,C,covalent,exp_metastable,,0.0007906250000004,2,166.0,,0.00025,2.1299526724516183e-05,c,-37.14289999999995,-0.2857146153846149,-11.73735,0.03749,7.000000000000001e-05,3.941230000000001,0.0303171538461538,3e-05,1.21731,4.0,,0.0007906250000004889,2,2,2,13.367930000000003,13.368190000000002,0.08691999999999998,0.08691999999999998,1.4961600000000002,1.4961599999999977,0.01061,0.01061,0.007405419451579785
metastable_ionic_LiBr_mp-23259,mp-23259,LiBr,ionic,exp_metastable,,0.0098957125000005,2,225.0,,0.09879,0.0484077244596455,c,-16.914780000000004,-0.3382956000000001,-2.04079,0.00502,0.02174,2.2625199999999985,0.0452503999999999,0.00094,0.27903,2.0,,-1.825998821666666,3,3,3,8.541669999999998,8.5436,8.543099999999999,8.541669999999998,1.1421799999999986,1.142179999999999,1.1422,1.1421799999999986,4.185472292592574
metastable_metallic_BeCu_mp-2323,mp-2323,BeCu,metallic,exp_metastable,,0.0050363425000004,2,221.0,,0.00048,0.0002597332323259,b,-27.25569,-0.16223625,-1.84805,0.03161,0.00121,3.7756000000000047,0.0224738095238095,0.0004,0.19864,3.0,,-0.10024430750000057,3,3,3,12.782319999999999,12.772740000000002,12.789279999999998,12.772740000000002,1.7369,1.7368999999999983,1.7381,1.7368999999999983,6.911468845539895
theo_metastable_Al4Si_mp-1228120,mp-1228120,Al4Si,metallic,theo_metastable,True,0.1149143039999991,5,166.0,R-3m,0.08539,0.0298954237839995,a,-85.94116999999999,-1.0610020987654318,-2.85629,0.22694,0.02835,10.01119,0.1235949382716049,0.00488,0.26271,460.81,20.36,0.11491430399999984,3,3,3,53.40343999999999,53.89638,53.571629999999985,53.40343999999999,5.97972,5.97814,5.983839999999999,5.97814,18.696784990319607
theo_metastable_AlSb_mp-1023918,mp-1023918,AlSb,metallic,theo_metastable,True,0.1877947075000001,4,63.0,Cmcm,0.00036,0.0001389055018154,c,-30.311729999999983,-0.3294753260869563,-2.59169,0.00051,0.0041499999999999,6.584500000000002,0.071570652173913,0.00207,0.54286,21.23,19.51,-0.06518077750000018,3,3,3,7.183709999999997,7.17942,6.988049999999998,6.988049999999998,1.6320899999999994,1.6321299999999996,1.6206600000000004,1.6206600000000004,2.696329422114527
theo_metastable_B3Ir2_mp-1228647,mp-1228647,B3Ir2,,theo_metastable,True,0.0608532261666674,10,12.0,C2/m,0.00028,5.710102190435987e-05,a,-159.65771999999993,-0.3375427484143761,-4.90359,0.00788,0.00068,22.48817,0.0475436997885835,0.00029,0.55295,110.42,581.64,-0.1111847268333321,3,3,3,63.45714,23.623970000000007,26.58906,23.623970000000007,9.340189999999998,3.6423699999999983,4.081799999999999,3.6423699999999983,4.817688672992645
theo_metastable_B6Pb_mp-1096825,mp-1096825,B6Pb,covalent,theo_metastable,True,0.115100015000003,7,221.0,Pm-3m,0.00235,0.0003074672678196,b,-90.74389,-0.2274282957393483,-7.64309,0.12769,0.00108,12.135409999999998,0.0304145614035087,0.00016,0.89537,46.61,173.29,0.11510001500000401,3,3,3,13.456579999999999,13.448189999999986,13.42324999999999,13.42324999999999,2.0207999999999973,2.022179999999998,2.020389999999998,2.020389999999998,1.7562595756428343
theo_metastable_BPd5_mp-1228665,mp-1228665,BPd5,,theo_metastable,True,0.1324951308333304,6,139.0,I4/mmm,0.0241699999999999,0.0038194899866784,c,-59.58175,-0.4413462962962963,-6.32807,0.57068,0.01379,9.5344,0.0706251851851851,0.00396,0.69733,795.88,273.61,-0.08821138208333441,3,3,3,33.119069999999994,33.59491999999999,45.91436999999999,33.119069999999994,4.193769999999999,4.19319,5.12931,4.19319,5.233676302569345
theo_metastable_BeAu3_mp-983539,mp-983539,BeAu3,metallic,theo_metastable,True,0.1818313400000017,4,221.0,Pm-3m,0.0241,0.011407906010215,a,-44.17865999999998,-0.3067962499999999,-2.11257,0.00645,0.01207,6.264029999999997,0.0435002083333333,0.00333,0.22365,44.68,259.34,0.08000512375000035,3,3,3,15.175780000000001,15.213419999999998,14.898389999999996,14.898389999999996,2.2722799999999994,2.2729099999999995,2.2711999999999994,2.2711999999999994,7.052258623382892
theo_metastable_BeCl2_mp-1190080,mp-1190080,BeCl2,ionic,theo_metastable,True,0.0187044330555554,18,217.0,I-43m,0.00237,0.0003963621646391,a,-151.16457000000003,-0.5038819000000002,-5.97938,-0.00071,0.00077,19.755570000000024,0.0658519,9e-05,0.75582,191.05,72.97,-1.8274701494444443,3,3,3,13.539299999999994,13.552969999999997,13.532569999999994,13.532569999999994,1.8377500000000007,1.8387300000000002,1.8358100000000004,1.8358100000000004,2.2632062187049486
theo_metastable_CaGe2_mp-643542,mp-643542,CaGe2,metallic,theo_metastable,True,0.0978748566666674,3,12.0,C2/m,0.0130499999999999,0.0036599628114123,c,-14.503799999999996,-0.2014416666666666,-3.56561,0.00158,0.00145,3.66367,0.0508843055555555,0.00046,0.84722,39.4,86.29,-0.4575655433333357,3,3,2,5.519159999999999,5.52119,2.1744399999999993,2.1744399999999993,1.4723199999999999,1.47255,0.5767799999999997,0.5767799999999997,0.6098367460266264
theo_metastable_CoSe2_mp-1390196,mp-1390196,CoSe2,,theo_metastable,True,0.0734303275000005,12,227.0,Fd-3m,0.00084,0.0001938485396743,b,-126.99852,-0.3825256626506024,-4.33328,-0.00031,0.00414,22.933,0.0690753012048192,0.00207,0.70599,179.49,175.53,-0.2722482618749993,3,3,3,18.96759,18.95514,18.94302,18.94302,3.8114600000000003,3.809629999999998,3.808509999999999,3.808509999999999,4.371519957168704
theo_metastable_Cr2C_mp-1226378,mp-1226378,Cr2C,,theo_metastable,True,0.0625401370833369,3,164.0,P-3m1,0.00208,0.0006749849913193,a,-32.547929999999994,-0.1749888709677419,-3.08155,-0.00104,0.00136,8.637399999999998,0.0464376344086021,0.00068,0.52707,49.72,380.9,-0.03604538166666534,3,3,3,15.87142,15.8719,4.7366600000000005,4.7366600000000005,4.752599999999998,4.752049999999999,1.96923,1.96923,1.5371030812415831
theo_metastable_CrMo_mp-1226200,mp-1226200,CrMo,metallic,theo_metastable,True,0.1163164600000001,2,65.0,Cmmm,0.04226,0.0241197655371584,a,-22.2618,-0.2529749999999999,-1.75209,-0.01695,0.02629,7.67825,0.0872528409090909,0.01175,0.4739,48.38,267.87,0.11631646000000018,3,3,3,12.44511,12.47296,4.96055,4.96055,4.306619999999997,4.31239,1.9373699999999998,1.9373699999999998,2.831218715933542
theo_metastable_Ga2Se3_mp-1224809,mp-1224809,Ga2Se3,covalent,theo_metastable,True,0.006252534999998,5,44.0,Imm2,0.01137,0.0020129594221372,c,-39.80488000000002,-0.452328181818182,-5.6484,0.00528,0.00384,7.491699999999996,0.0851329545454545,0.00015,1.00933,88.41,44.07,-0.6946149294375005,3,3,3,5.149279999999998,9.888929999999998,9.903579999999998,5.149279999999998,1.00654,1.9802499999999998,1.9764499999999998,1.00654,0.9116351533177535
theo_metastable_GeS_mp-12910,mp-12910,GeS,covalent,theo_metastable,True,0.0761541225000002,4,63.0,Cmcm,0.00226,0.0005211996817453,c,-25.770290000000003,-0.2260551754385965,-4.33615,-0.00094,0.00121,5.513940000000001,0.0483678947368421,0.0006,0.81988,39.86,93.19,-0.42503283624999977,2,3,2,8.97176,8.88127,1.0712399999999995,1.0712399999999995,2.17695,2.1816500000000003,0.25269,0.25269,0.24704864914728492
theo_metastable_HCl_mp-684609,mp-684609,HCl,,theo_metastable,True,0.0535667225000002,2,44.0,Imm2,0.00025,3.379072458126534e-05,a,-7.493399999999999,-0.1665199999999999,-7.39848,0.00052,8e-05,0.9684899999999996,0.0215219999999999,0.0,0.94799,13.0,3.94,-0.7609282406249998,0,0,0,0.068,0.03018,0.07129999999999997,0.03018,0.012519999999999998,0.008039999999999999,0.013219999999999997,0.008039999999999999,0.004079216271450352
theo_metastable_HfMo_mp-1224314,mp-1224314,HfMo,metallic,theo_metastable,True,0.1990928474999975,2,65.0,Cmmm,0.01999,0.0103367323722257,a,-24.30091,-0.2761467045454545,-1.93388,0.0108,0.01233,6.763840000000002,0.0768618181818182,0.00381,0.50399,33.26,200.19,0.0690783037499898,3,3,3,13.59861,13.64405,6.3191299999999995,6.3191299999999995,3.85528,3.8633399999999996,1.87433,1.87433,3.2675915775539326
theo_metastable_IN2_mp-1097011,mp-1097011,IN2,,theo_metastable,True,0.0729906458333324,6,140.0,I4/mcm,0.00047,2.0277683460183904e-05,a,-48.83377999999999,-0.503441030927835,-23.17819,0.00093,0.00014,6.91818,0.071321443298969,7e-05,2.95065,93.08,20.7,-0.0824328016666674,0,0,0,1.2637899999999997,1.2606699999999997,1.3039400000000003,1.2606699999999997,0.49753999999999965,0.4970699999999999,0.5443500000000001,0.4970699999999999,0.054390355761170295
theo_metastable_InSe2_mp-1232036,mp-1232036,InSe2,,theo_metastable,True,0.1732620276649292,6,129.0,P4/nmm,0.00164,0.00067689158178,a,-37.357900000000015,-0.2964912698412699,-2.42284,-0.00164,0.00492,8.47071,0.0672278571428571,0.00246,0.44849,66.8,71.32,-0.3989775288107656,3,3,3,17.1806,17.18386,2.24485,2.24485,4.147229999999998,4.146779999999999,0.5468,0.5468,0.9265366264383946
theo_metastable_IrCl3_mp-729507,mp-729507,IrCl3,,theo_metastable,True,0.0300886306249994,16,5.0,C2,0.00272,0.0004786844624655,c,-133.85750999999996,-0.4903205494505493,-5.68224,-0.00084,0.0005499999999999,20.60022,0.0754586813186813,0.00016,0.76952,474.25,174.57,-0.9297515512499994,3,3,3,12.31571,13.114469999999992,12.714279999999999,12.31571,2.08317,2.1601399999999997,2.12452,2.08317,2.167404051923185
theo_metastable_K5As4_mp-684799,mp-684799,K5As4,,theo_metastable,True,0.0564372322222226,9,2.0,P-1,0.0088,0.002145985543861,c,-26.33732,-0.2532434615384615,-4.10068,0.00664,0.0023699999999999,6.27493,0.0603358653846153,0.001,1.02701,80.13,28.93,-0.3641723795833336,1,3,0,3.8407799999999996,4.58559,4.39523,3.8407799999999996,0.7786200000000001,0.9816799999999997,1.0084,0.7786200000000001,0.9366202678580138
theo_metastable_KSn3_mp-1185151,mp-1185151,KSn3,metallic,theo_metastable,True,0.0572991608705346,8,194.0,P6_3/mmc,0.02646,0.0136773873398877,c,-35.3986,-0.4022568181818182,-1.93458,0.0268,0.0077,8.92426,0.1014120454545454,0.00445,0.55433,149.6,116.75,-0.12330395556249929,3,3,1,2.89474,2.8917499999999987,10.680339999999998,2.8917499999999987,0.56179,0.5609899999999999,2.6093499999999996,0.5609899999999999,1.494768890405152
theo_metastable_Li3Ag_mp-976408,mp-976408,Li3Ag,metallic,theo_metastable,True,0.0013151149999997,4,139.0,I4/mmm,0.01154,0.0058486052546221,b,-34.50906999999997,-0.221211987179487,-1.97312,0.24047,0.00418,3.76331,0.024123782051282,0.00036,0.13717,48.99,125.56,-0.1210302612499996,3,3,3,15.486559999999999,15.47954,20.05585,15.47954,1.6844799999999998,1.68448,2.11028,1.6844799999999998,7.84520961725592
theo_metastable_LiTl3_mp-1185253,mp-1185253,LiTl3,metallic,theo_metastable,True,0.0466699474999998,4,139.0,I4/mmm,0.0033499999999999,0.0023288309268747,a,-29.33398000000002,-0.2716109259259261,-1.43849,0.0175,0.0028,5.444380000000001,0.0504109259259259,0.0014,0.25083,72.25,137.81,-0.08112993416666825,3,3,3,12.484239999999998,12.479799999999997,15.43898,12.479799999999997,2.28254,2.2824999999999993,2.92403,2.2824999999999993,8.675625134689847
theo_metastable_Mg15B_mp-1023515,mp-1023515,Mg15B,,theo_metastable,True,0.1943297190624999,16,187.0,P-6m2,0.00028,0.0020031478036915,b,-4.3827500000000015,-0.0117185828877005,-0.13978,0.00141,4e-05,0.88487,0.0023659625668449,0.0,0.04087,149.08,144.4,0.17783865718749947,3,3,3,1.3255599999999998,1.3184399999999996,0.4969699999999998,0.4969699999999998,0.3166,0.31614999999999993,0.09579999999999997,0.09579999999999997,3.5553727285734715
theo_metastable_MgF2_mp-560236,mp-560236,MgF2,ionic,theo_metastable,True,0.1076388033333337,6,12.0,C2/m,2e-05,1.5325318191918963e-05,c,-11.834699999999993,-0.0646704918032786,-1.30503,2e-05,0.0,1.164099999999999,0.0063612021857923,0.0,0.11914,88.2,73.02,-3.709645951666666,3,3,3,2.43063,2.429779999999999,1.5479999999999992,1.5479999999999992,0.2565699999999998,0.25647999999999976,0.1587899999999997,0.1587899999999997,1.186179628054527
theo_metastable_MgSn_mp-1094669,mp-1094669,MgSn,metallic,theo_metastable,True,0.0559883787500004,2,221.0,Pm-3m,0.00026,0.0003683189075094,a,-7.845770000000001,-0.1783129545454545,-0.70591,0.00122,0.0001,2.243359999999999,0.0509854545454545,0.0001,0.2238,30.3,42.9,-0.06933570499999853,3,3,3,3.3198899999999996,3.3170399999999995,3.3217399999999997,3.3170399999999995,0.9376399999999999,0.9376599999999999,0.9376599999999999,0.9376399999999999,4.698955957558328
theo_metastable_MgSn_mp-1094801,mp-1094801,MgSn,metallic,theo_metastable,True,0.0211821487499994,2,123.0,P4/mmm,0.00426,0.003332003660511,c,-8.82422,-0.1470703333333333,-1.27851,0.00426,0.00528,2.3915,0.0398583333333333,0.00074,0.31407,20.1,42.69,-0.10414193499999946,3,3,3,4.38162,4.378729999999999,2.0885,2.0885,1.2240000000000002,1.222,0.65947,0.65947,1.633542170182478
theo_metastable_MnN_mp-1009130,mp-1009130,MnN,covalent,theo_metastable,True,0.0150859678124994,2,216.0,F-43m,0.00185,0.0004601211735328,c,-20.357629999999983,-0.1339317763157893,-4.02068,-0.00089,0.00121,5.255659999999997,0.0345767105263157,0.00023,0.67404,30.14,227.44,-0.3115266166163799,3,3,3,6.5708400000000005,6.5703,6.571599999999999,6.5703,2.1310100000000003,2.1309400000000003,2.1311500000000003,2.1309400000000003,1.6341265656555608
theo_metastable_Na2Cl_mp-990084,mp-990084,Na2Cl,,theo_metastable,True,0.1105395928735633,3,166.0,R-3m,0.0375599999999999,0.1064927700595406,a,-3.708499999999998,-0.0975921052631578,-0.3527,0.00114,0.01647,1.00453,0.0264349999999999,0.00037,0.09872,67.91,8.52,-1.2894729642528737,3,3,3,1.5620899999999998,1.5620899999999998,1.5620899999999998,1.5620899999999998,0.45822999999999986,0.45822999999999986,0.45822999999999986,0.45822999999999986,4.428948114544938
theo_metastable_Na3Cl_mp-1064484,mp-1064484,Na3Cl,,theo_metastable,True,0.145649899310345,4,123.0,P4/mmm,0.00255,0.0112245796284884,a,-4.649219999999999,-0.0560146987951807,-0.22718,0.00417,0.0003,1.438379999999999,0.0173298795180722,0.0001,0.05763,27.83,19.02,-0.904359518534483,3,3,3,2.34009,2.3358499999999993,0.46362,0.46362,0.73099,0.73056,0.16981999999999997,0.16981999999999997,2.0407606303371777
theo_metastable_NbRh2_mp-1220414,mp-1220414,NbRh2,metallic,theo_metastable,True,0.1042693575000033,6,6.0,Pm,0.01765,0.0111942665059935,b,-44.72329000000002,-0.2281800510204082,-1.5767,-0.0134,0.0082,13.475230000000002,0.0687511734693877,0.00777,0.44099,134.26,597.73,-0.36841257833333313,3,3,3,26.07434,11.254889999999993,7.469709999999999,7.469709999999999,8.116549999999997,3.7420399999999985,2.4601799999999985,2.4601799999999985,4.737559459630874
theo_metastable_NbS2_mp-774873,mp-774873,NbS2,,theo_metastable,True,0.0576199866666682,6,194.0,P6_3/mmc,0.00012,3.743787652364358e-05,b,-47.23432,-0.3871665573770491,-3.20531,-0.00012,0.00038,10.81549,0.0886515573770491,0.00019,0.64085,135.13,66.26,-1.2909205533333303,2,2,2,34.25006,19.21794,0.04273,0.04273,8.10734,4.8653999999999975,0.01622,0.01622,0.013331003865460751
theo_metastable_PtCl2_mp-1219748,mp-1219748,PtCl2,,theo_metastable,True,0.049022931666665,6,12.0,C2/m,0.00504,0.000945004134393,a,-50.55453,-0.561717,-5.33331,-0.00059,0.00138,7.18231,0.0798034444444444,0.00012,0.72114,87.04,39.45,-0.7323549772222252,1,1,0,26.602259999999998,26.599489999999996,1.4788599999999996,1.4788599999999996,3.75531,3.7548299999999997,0.2956699999999999,0.2956699999999999,0.2772874631326511
theo_metastable_Sc2O3_mp-755313,mp-755313,Sc2O3,,theo_metastable,True,0.0363928947499996,10,167.0,R-3c,0.00051,0.0001563021965055,b,-80.45501000000017,-0.1772136784140973,-3.26291,-0.00025,0.00015,11.736210000000009,0.0258506828193832,7e-05,0.50358,211.83,644.07,-3.9323397459999994,3,3,3,21.372400000000003,19.91418999999999,21.357619999999997,19.91418999999999,3.0809699999999993,2.7069099999999984,3.0787,2.7069099999999984,6.103199291430039
theo_metastable_ScTc3_mp-867262,mp-867262,ScTc3,metallic,theo_metastable,True,0.115368938125,4,225.0,Fm-3m,0.03314,0.0215308051637549,a,-34.260200000000026,-0.2447157142857144,-1.53919,-0.01549,0.0139,10.243740000000006,0.0731695714285714,0.01284,0.45315,75.16,383.12,-0.11340673750000008,3,3,3,14.312029999999991,14.237659999999998,14.28051,14.237659999999998,4.35225,4.34061,4.34147,4.34061,9.250099078086524
theo_metastable_SiAu3_mp-1186998,mp-1186998,SiAu3,metallic,theo_metastable,True,0.1642918674999975,4,225.0,Fm-3m,0.0056799999999999,0.0020615413651178,b,-41.69953999999999,-0.297853857142857,-2.75522,0.92506,0.00832,6.799959999999999,0.0485711428571428,0.00412,0.25809,70.79,229.34,0.16429186749999758,3,3,3,22.898359999999997,22.96325000000001,20.9638,20.9638,2.9591499999999997,2.9483499999999996,2.96758,2.9483499999999996,7.608757195432669
theo_metastable_Sn7Pd5_mp-1219006,mp-1219006,Sn7Pd5,metallic,theo_metastable,True,0.0413911762500056,12,5.0,C2,0.0023,0.0006586917236816,c,-128.96776000000003,-0.5200312903225808,-3.49177,0.38826,0.00933,21.009450000000005,0.0847155241935484,0.00334,0.42417,347.65,931.63,-0.37680645499999815,3,3,3,42.97398000000001,43.23680999999999,17.537809999999997,17.537809999999997,7.227729999999995,7.2194400000000005,3.2035299999999998,3.2035299999999998,5.022613173261697
theo_metastable_SnBr2_mp-978985,mp-978985,SnBr2,covalent,theo_metastable,True,0.0404653999999999,6,136.0,P4_2/mnm,0.0003399999999999,0.0002041502545873,a,-20.712880000000023,-0.2725378947368424,-1.66544,0.00026,0.0016899999999999,4.86656,0.0640336842105263,0.00013,0.36258,75.66,59.93,-1.1328811783333315,3,3,3,3.6605,3.6605,7.2170000000000005,3.6605,0.89065,0.89065,1.79103,0.89065,2.1979176674032086
theo_metastable_Sr3As4_mp-678007,mp-678007,Sr3As4,,theo_metastable,True,0.0062475478571428,14,1.0,P1,0.00447,0.0013294036122899,b,-42.3433,-0.2160372448979591,-3.36241,-0.00067,0.00146,10.90628,0.0556442857142857,0.00032,0.91898,280.56,54.37,-1.126214365714286,3,3,0,7.11514,7.075339999999996,7.104999999999999,7.075339999999996,1.52104,1.5042199999999997,1.51872,1.5042199999999997,2.1042466564160813
theo_metastable_Sr3Sn_mp-1187136,mp-1187136,Sr3Sn,metallic,theo_metastable,True,0.1111230458333345,4,221.0,Pm-3m,0.00794,0.0334132895678155,a,-4.681520000000001,-0.0975316666666666,-0.23763,0.01805,0.00801,1.2946799999999992,0.0269724999999999,0.00801,0.05022,47.38,24.31,-0.4344768354166675,3,3,3,1.736,1.73501,1.7355099999999999,1.73501,0.43105,0.43069999999999997,0.43096,0.43069999999999997,7.301308757311786
theo_metastable_SrTl3_mp-1206636,mp-1206636,SrTl3,metallic,theo_metastable,True,0.0294048162500004,4,221.0,Pm-3m,0.00329,0.002708130978055,b,-19.80244,-0.4125508333333332,-1.21486,-0.00329,0.00348,4.307620000000001,0.0897420833333333,0.00348,0.28713,36.47,45.12,-0.2944864125000066,3,3,3,6.627019999999998,6.578499999999999,6.593780000000001,6.578499999999999,1.44175,1.4311899999999997,1.4337600000000001,1.4311899999999997,5.415027245937803
theo_metastable_Ta4C3_mp-1218000,mp-1218000,Ta4C3,,theo_metastable,True,0.0335005142857127,7,160.0,R3m,0.00144,0.0003701076396385,a,-94.05324,-0.6147270588235293,-3.89076,0.02044,0.00231,16.566650000000003,0.1082787581699346,0.00087,0.58226,1038.96,218.04,-0.6343579470476186,3,3,3,40.051089999999995,40.05114,40.05112,40.051089999999995,7.59459,7.594609999999999,7.59459,7.59459,10.293898878368235
theo_metastable_TaP_mp-1187244,mp-1187244,TaP,,theo_metastable,True,0.0032522499999991,2,187.0,P-6m2,0.03592,0.0130571176194751,a,-24.966360000000005,-0.3044678048780488,-2.75099,0.00042,0.0137,5.541500000000005,0.0675792682926829,0.00023,0.47923,35.34,95.59,-0.9923128176547635,3,3,3,10.48832,10.344799999999998,11.608160000000002,10.344799999999998,2.58484,2.5368400000000007,2.5032799999999993,2.5032799999999993,3.7603917135285836
theo_metastable_TaRe_mp-1217894,mp-1217894,TaRe,metallic,theo_metastable,True,0.1113322329166734,2,65.0,Cmmm,0.06977,0.0362660096473719,b,-28.78317999999998,-0.3270815909090906,-1.92384,-0.03293,0.02542,7.422860000000003,0.0843506818181818,0.01068,0.47782,58.31,353.48,-0.2499425399166597,3,3,3,16.141820000000003,16.133739999999996,6.893549999999999,6.893549999999999,4.21937,4.216209999999999,1.9700999999999997,1.9700999999999997,3.583224176646706
theo_metastable_TcW_mp-1217337,mp-1217337,TcW,metallic,theo_metastable,True,0.1056494374999985,2,65.0,Cmmm,0.0041,0.0009452820052889,c,-42.68046000000001,-0.4850052272727274,-4.33733,-0.00166,0.01594,8.881599999999999,0.1009272727272727,0.00774,0.73997,0.0,,0.10564943749999856,3,3,3,24.35797,24.36405,8.13692,8.13692,5.102149999999999,5.10318,2.08439,2.08439,1.8760205010916855
theo_metastable_TiMo2_mp-1216675,mp-1216675,TiMo2,metallic,theo_metastable,True,0.0613371003703662,3,69.0,Fmmm,0.03772,0.0203714605127429,a,-32.361349999999995,-0.4202772727272726,-1.85161,-0.0072,0.01824,9.913500000000004,0.1287467532467532,0.00591,0.54104,95.12,182.59,-0.058206392222227045,3,3,3,17.81842,17.87447,18.3264,17.81842,5.486629999999996,5.512559999999999,5.69118,5.486629999999996,9.623203590388904
theo_metastable_TiNi_mp-1067248,mp-1067248,TiNi,metallic,theo_metastable,True,0.0020067824999996,4,63.0,Cmcm,0.0052899999999999,0.0057251082251082,b,-21.736069999999984,-0.1449071333333332,-0.924,-0.00264,0.00285,8.078130000000002,0.0538542,0.00142,0.30626,77.16,467.87,-0.39384824416666664,3,3,3,11.705659999999998,7.107659999999999,4.91867,4.91867,4.42809,2.930599999999998,1.99477,1.99477,5.3232359307359305
theo_metastable_TiSi2_mp-570991,mp-570991,TiSi2,metallic,theo_metastable,True,0.1796053866666653,3,71.0,Immm,0.01347,0.007479593536565,b,-30.244960000000003,-0.2520413333333333,-1.8009,2e-05,0.00812,6.84916,0.0570763333333333,0.00048,0.28571,56.67,95.34,-0.3584303788888903,3,3,3,13.106069999999999,16.942059999999998,17.008749999999992,13.106069999999999,3.043079999999999,4.00885,4.236230000000001,3.043079999999999,7.277511244377811
theo_metastable_TiW_mp-1216621,mp-1216621,TiW,metallic,theo_metastable,True,0.0225473416666659,2,65.0,Cmmm,0.00225,0.000514424461912,a,-38.29017000000001,-0.4351155681818183,-4.37382,0.00311,0.0033,8.44408,0.0959554545454545,0.0031,0.80895,0.0,,0.022547341666665943,3,3,3,21.796349999999997,21.799390000000002,6.4513799999999994,6.4513799999999994,4.85923,4.85997,1.68624,1.68624,1.474998971151076
theo_metastable_Tl3Ga_mp-1187539,mp-1187539,Tl3Ga,metallic,theo_metastable,True,0.0972463656250042,4,225.0,Fm-3m,5e-05,3.498240385086302e-05,b,-24.552200000000003,-0.3230552631578948,-1.42929,0.00342,0.00289,4.858509999999999,0.0639277631578947,0.00289,0.24517,48.51,90.81,0.09724636562500422,3,3,3,9.45563,9.461960000000001,9.46029,9.45563,1.9389699999999999,1.9390399999999999,1.93902,1.9389699999999999,6.615613346486717
theo_metastable_Tl4Sn_mp-1216560,mp-1216560,Tl4Sn,metallic,theo_metastable,True,0.045918155999999,5,166.0,R-3m,1.00233,0.4096225520646026,a,-57.75567,-0.9167566666666666,-2.44696,0.02496,0.1927199999999999,9.160240000000002,0.1454006349206349,0.00329,0.23315,1440.11,158.54,0.045918155999999044,3,3,3,34.958499999999994,35.321799999999996,36.410329999999995,34.958499999999994,5.5091,5.51507,5.50071,5.50071,14.286502435675285
theo_metastable_VCo3_mp-1095057,mp-1095057,VCo3,metallic,theo_metastable,True,0.094184105,8,194.0,P6_3/mmc,0.00293,0.0011218016210607,c,-103.88034000000007,-0.2951146022727275,-2.61187,0.00307,0.00577,21.85511,0.0620883806818181,0.00284,0.39146,195.19,1607.68,0.019661535000000896,3,3,3,28.65683,26.09402999999999,26.084619999999997,26.084619999999997,6.8222000000000005,6.289819999999999,6.289849999999998,6.289819999999999,9.986951877390528
theo_metastable_VN_mp-1017532,mp-1017532,VN,,theo_metastable,True,0.1079618424999999,4,194.0,P6_3/mmc,4e-05,1.4822775194085714e-05,a,-43.57257999999995,-0.1462167114093958,-2.69855,9e-05,0.00019,9.380229999999974,0.0314772818791945,9e-05,0.42961,88.27,898.33,-1.2445660768749995,3,3,3,17.75128,17.743949999999998,9.55931999999998,9.55931999999998,4.46477,4.46412,1.9453099999999999,1.9453099999999999,3.5423912842081786
theo_metastable_Y3Co_mp-1189329,mp-1189329,Y3Co,metallic,theo_metastable,True,0.0015564962500009,16,4.0,P2_1,0.01504,0.0038565388077038,a,-150.04215999999997,-0.5770852307692307,-3.89987,-0.00255,0.01044,31.75923,0.1221508846153846,0.00518,0.70792,845.71,2044.48,-0.10440807624999948,3,3,3,19.187789999999996,37.83937999999999,35.51999,19.187789999999996,4.502169999999996,8.230609999999995,7.923239999999999,4.502169999999996,4.92011015751807
theo_metastable_YAg3_mp-1187811,mp-1187811,YAg3,metallic,theo_metastable,True,0.059440931413043,4,225.0,Fm-3m,0.00112,0.0005994690417059,c,-38.97065000000002,-0.2783617857142859,-1.86832,0.00825,0.00699,6.118550000000001,0.0437039285714285,0.00334,0.21272,85.81,458.57,-0.20675142624999765,3,3,3,16.20155,16.046,16.27548,16.046,2.7209099999999995,2.71974,2.72081,2.71974,8.588464502868888
theo_metastable_ZnPb3_mp-1187949,mp-1187949,ZnPb3,metallic,theo_metastable,True,0.1106914774999978,4,225.0,Fm-3m,0.00451,0.0034037735849056,b,-24.815240000000006,-0.3265163157894737,-1.325,-0.0044,0.00498,5.3759500000000005,0.0707361842105263,0.00496,0.25644,52.85,90.32,0.11069147749999786,3,3,3,9.760589999999999,9.76355,9.762780000000001,9.760589999999999,2.17516,2.17505,2.175139999999999,2.17505,7.366483018867924
theo_metastable_Zn_mp-2647117,mp-2647117,Zn,,theo_metastable,True,0.0716624299999999,1,229.0,Im-3m,0.01042,0.005754330934775,b,-19.399560000000005,-0.3344751724137932,-1.81081,0.00812,0.00464,2.7820400000000003,0.0479662068965517,0.00188,0.21815,0.0,,0.07166242999999994,3,3,3,10.898899999999998,10.882499999999999,10.881999999999998,10.881999999999998,1.5995599999999994,1.5978800000000006,1.5978800000000004,1.5978800000000004,6.009465377372556
theo_metastable_Zr3Be_mp-1188016,mp-1188016,Zr3Be,metallic,theo_metastable,True,0.1430290124999995,4,139.0,I4/mmm,0.00105,0.0005574787096226,c,-43.49453999999999,-0.3507624193548386,-1.88348,0.00114,0.00855,9.25935,0.0746721774193548,0.00618,0.38315,93.84,201.64,0.07070107874999909,3,3,3,18.71521999999999,18.717929999999992,22.659099999999995,18.71521999999999,4.131869999999999,4.13232,5.044449999999999,4.131869999999999,9.936511138955545
theo_metastable_Zr3Ge_mp-1188039,mp-1188039,Zr3Ge,metallic,theo_metastable,True,0.1850867584374995,8,194.0,P6_3/mmc,0.00659,0.0032279869900858,c,-80.57463000000006,-0.3873780288461541,-2.04152,-0.00659,0.0061,17.274059999999995,0.0830483653846153,0.00373,0.41363,140.29,528.61,-0.420470967187498,3,3,3,21.054679999999998,21.045889999999993,21.31968,21.045889999999993,4.897089999999998,4.896929999999998,5.08406,4.896929999999998,10.308931580391079
theo_metastable_ZrO2_mp-775909,mp-775909,ZrO2,,theo_metastable,True,0.0626550816666657,6,136.0,P4_2/mnm,0.00012,2.836007846288375e-05,a,-57.65681000000004,-0.3083251871657756,-4.2313,0.02235,0.0003,8.09212,0.0432733689839572,0.0001,0.57951,227.18,165.34,-3.750962673333332,3,3,3,44.177369999999996,10.625250000000001,22.305449999999997,10.625250000000001,6.16578,1.5595499999999989,3.1324799999999997,1.5595499999999989,2.511107697397963
theo_metastable_ZrTi_mp-1215236,mp-1215236,ZrTi,metallic,theo_metastable,True,0.0883353483333309,2,123.0,P4/mmm,0.03154,0.0190064118015716,c,-19.68307,-0.3280511666666666,-1.65944,-0.01361,0.0139999999999999,5.965280000000001,0.0994213333333333,0.0053,0.37775,53.21,238.14,0.0883353483333309,3,3,3,10.019139999999997,10.009679999999996,5.41097,5.41097,3.08145,3.08209,1.7666399999999998,1.7666399999999998,3.2607204840187047
