Automatically generated mesh
    2197
Reciprocal lattice
    0.00000000000000    0.00000000000000    0.00000000000000             1
    0.07692307692308   -0.00000000000000    0.00000000000000             1
    0.15384615384615   -0.00000000000000    0.00000000000000             1
    0.23076923076923   -0.00000000000000    0.00000000000000             1
    0.30769230769231   -0.00000000000000    0.00000000000000             1
    0.38461538461539   -0.00000000000000    0.00000000000000             1
    0.46153846153846   -0.00000000000000    0.00000000000000             1
   -0.46153846153846    0.00000000000000    0.00000000000000             1
   -0.38461538461539    0.00000000000000    0.00000000000000             1
   -0.30769230769231    0.00000000000000    0.00000000000000             1
   -0.23076923076923    0.00000000000000    0.00000000000000             1
   -0.15384615384615    0.00000000000000    0.00000000000000             1
   -0.07692307692308    0.00000000000000    0.00000000000000             1
    0.00000000000000    0.07692307692308    0.00000000000000             1
    0.07692307692308    0.07692307692308    0.00000000000000             1
    0.15384615384615    0.07692307692308    0.00000000000000             1
    0.23076923076923    0.07692307692308    0.00000000000000             1
    0.30769230769231    0.07692307692308    0.00000000000000             1
    0.38461538461539    0.07692307692308    0.00000000000000             1
    0.46153846153846    0.07692307692308    0.00000000000000             1
   -0.46153846153846    0.07692307692308    0.00000000000000             1
   -0.38461538461539    0.07692307692308    0.00000000000000             1
   -0.30769230769231    0.07692307692308    0.00000000000000             1
   -0.23076923076923    0.07692307692308    0.00000000000000             1
   -0.15384615384615    0.07692307692308    0.00000000000000             1
   -0.07692307692308    0.07692307692308    0.00000000000000             1
    0.00000000000000    0.15384615384615    0.00000000000000             1
    0.07692307692308    0.15384615384615    0.00000000000000             1
    0.15384615384615    0.15384615384615    0.00000000000000             1
    0.23076923076923    0.15384615384615    0.00000000000000             1
    0.30769230769231    0.15384615384615    0.00000000000000             1
    0.38461538461539    0.15384615384615    0.00000000000000             1
    0.46153846153846    0.15384615384615    0.00000000000000             1
   -0.46153846153846    0.15384615384615    0.00000000000000             1
   -0.38461538461539    0.15384615384615    0.00000000000000             1
   -0.30769230769231    0.15384615384615    0.00000000000000             1
   -0.23076923076923    0.15384615384615    0.00000000000000             1
   -0.15384615384615    0.15384615384615    0.00000000000000             1
   -0.07692307692308    0.15384615384615    0.00000000000000             1
    0.00000000000000    0.23076923076923    0.00000000000000             1
    0.07692307692308    0.23076923076923    0.00000000000000             1
    0.15384615384615    0.23076923076923    0.00000000000000             1
    0.23076923076923    0.23076923076923    0.00000000000000             1
    0.30769230769231    0.23076923076923    0.00000000000000             1
    0.38461538461539    0.23076923076923    0.00000000000000             1
    0.46153846153846    0.23076923076923    0.00000000000000             1
   -0.46153846153846    0.23076923076923    0.00000000000000             1
   -0.38461538461539    0.23076923076923    0.00000000000000             1
   -0.30769230769231    0.23076923076923    0.00000000000000             1
   -0.23076923076923    0.23076923076923    0.00000000000000             1
   -0.15384615384615    0.23076923076923    0.00000000000000             1
   -0.07692307692308    0.23076923076923    0.00000000000000             1
    0.00000000000000    0.30769230769231    0.00000000000000             1
    0.07692307692308    0.30769230769231    0.00000000000000             1
    0.15384615384615    0.30769230769231    0.00000000000000             1
    0.23076923076923    0.30769230769231    0.00000000000000             1
    0.30769230769231    0.30769230769231    0.00000000000000             1
    0.38461538461539    0.30769230769231    0.00000000000000             1
    0.46153846153846    0.30769230769231    0.00000000000000             1
   -0.46153846153846    0.30769230769231    0.00000000000000             1
   -0.38461538461539    0.30769230769231    0.00000000000000             1
   -0.30769230769231    0.30769230769231    0.00000000000000             1
   -0.23076923076923    0.30769230769231    0.00000000000000             1
   -0.15384615384615    0.30769230769231    0.00000000000000             1
   -0.07692307692308    0.30769230769231    0.00000000000000             1
    0.00000000000000    0.38461538461539    0.00000000000000             1
    0.07692307692308    0.38461538461539    0.00000000000000             1
    0.15384615384615    0.38461538461539    0.00000000000000             1
    0.23076923076923    0.38461538461539    0.00000000000000             1
    0.30769230769231    0.38461538461539    0.00000000000000             1
    0.38461538461539    0.38461538461539    0.00000000000000             1
    0.46153846153846    0.38461538461539    0.00000000000000             1
   -0.46153846153846    0.38461538461539    0.00000000000000             1
   -0.38461538461539    0.38461538461539    0.00000000000000             1
   -0.30769230769231    0.38461538461539    0.00000000000000             1
   -0.23076923076923    0.38461538461539    0.00000000000000             1
   -0.15384615384615    0.38461538461539    0.00000000000000             1
   -0.07692307692308    0.38461538461539    0.00000000000000             1
    0.00000000000000    0.46153846153846    0.00000000000000             1
    0.07692307692308    0.46153846153846    0.00000000000000             1
    0.15384615384615    0.46153846153846    0.00000000000000             1
    0.23076923076923    0.46153846153846    0.00000000000000             1
    0.30769230769231    0.46153846153846    0.00000000000000             1
    0.38461538461539    0.46153846153846    0.00000000000000             1
    0.46153846153846    0.46153846153846    0.00000000000000             1
   -0.46153846153846    0.46153846153846    0.00000000000000             1
   -0.38461538461539    0.46153846153846    0.00000000000000             1
   -0.30769230769231    0.46153846153846    0.00000000000000             1
   -0.23076923076923    0.46153846153846    0.00000000000000             1
   -0.15384615384615    0.46153846153846    0.00000000000000             1
   -0.07692307692308    0.46153846153846    0.00000000000000             1
    0.00000000000000   -0.46153846153846    0.00000000000000             1
    0.07692307692308   -0.46153846153846    0.00000000000000             1
    0.15384615384615   -0.46153846153846    0.00000000000000             1
    0.23076923076923   -0.46153846153846    0.00000000000000             1
    0.30769230769231   -0.46153846153846    0.00000000000000             1
    0.38461538461539   -0.46153846153846    0.00000000000000             1
    0.46153846153846   -0.46153846153846    0.00000000000000             1
   -0.46153846153846   -0.46153846153846    0.00000000000000             1
   -0.38461538461539   -0.46153846153846    0.00000000000000             1
   -0.30769230769231   -0.46153846153846    0.00000000000000             1
   -0.23076923076923   -0.46153846153846    0.00000000000000             1
   -0.15384615384615   -0.46153846153846    0.00000000000000             1
   -0.07692307692308   -0.46153846153846    0.00000000000000             1
    0.00000000000000   -0.38461538461539    0.00000000000000             1
    0.07692307692308   -0.38461538461539    0.00000000000000             1
    0.15384615384615   -0.38461538461539    0.00000000000000             1
    0.23076923076923   -0.38461538461539    0.00000000000000             1
    0.30769230769231   -0.38461538461539    0.00000000000000             1
    0.38461538461539   -0.38461538461539    0.00000000000000             1
    0.46153846153846   -0.38461538461539    0.00000000000000             1
   -0.46153846153846   -0.38461538461539    0.00000000000000             1
   -0.38461538461539   -0.38461538461539    0.00000000000000             1
   -0.30769230769231   -0.38461538461539    0.00000000000000             1
   -0.23076923076923   -0.38461538461539    0.00000000000000             1
   -0.15384615384615   -0.38461538461539    0.00000000000000             1
   -0.07692307692308   -0.38461538461539    0.00000000000000             1
    0.00000000000000   -0.30769230769231    0.00000000000000             1
    0.07692307692308   -0.30769230769231    0.00000000000000             1
    0.15384615384615   -0.30769230769231    0.00000000000000             1
    0.23076923076923   -0.30769230769231    0.00000000000000             1
    0.30769230769231   -0.30769230769231    0.00000000000000             1
    0.38461538461539   -0.30769230769231    0.00000000000000             1
    0.46153846153846   -0.30769230769231    0.00000000000000             1
   -0.46153846153846   -0.30769230769231    0.00000000000000             1
   -0.38461538461539   -0.30769230769231    0.00000000000000             1
   -0.30769230769231   -0.30769230769231    0.00000000000000             1
   -0.23076923076923   -0.30769230769231    0.00000000000000             1
   -0.15384615384615   -0.30769230769231    0.00000000000000             1
   -0.07692307692308   -0.30769230769231    0.00000000000000             1
    0.00000000000000   -0.23076923076923    0.00000000000000             1
    0.07692307692308   -0.23076923076923    0.00000000000000             1
    0.15384615384615   -0.23076923076923    0.00000000000000             1
    0.23076923076923   -0.23076923076923    0.00000000000000             1
    0.30769230769231   -0.23076923076923    0.00000000000000             1
    0.38461538461539   -0.23076923076923    0.00000000000000             1
    0.46153846153846   -0.23076923076923    0.00000000000000             1
   -0.46153846153846   -0.23076923076923    0.00000000000000             1
   -0.38461538461539   -0.23076923076923    0.00000000000000             1
   -0.30769230769231   -0.23076923076923    0.00000000000000             1
   -0.23076923076923   -0.23076923076923    0.00000000000000             1
   -0.15384615384615   -0.23076923076923    0.00000000000000             1
   -0.07692307692308   -0.23076923076923    0.00000000000000             1
    0.00000000000000   -0.15384615384615    0.00000000000000             1
    0.07692307692308   -0.15384615384615    0.00000000000000             1
    0.15384615384615   -0.15384615384615    0.00000000000000             1
    0.23076923076923   -0.15384615384615    0.00000000000000             1
    0.30769230769231   -0.15384615384615    0.00000000000000             1
    0.38461538461539   -0.15384615384615    0.00000000000000             1
    0.46153846153846   -0.15384615384615    0.00000000000000             1
   -0.46153846153846   -0.15384615384615    0.00000000000000             1
   -0.38461538461539   -0.15384615384615    0.00000000000000             1
   -0.30769230769231   -0.15384615384615    0.00000000000000             1
   -0.23076923076923   -0.15384615384615    0.00000000000000             1
   -0.15384615384615   -0.15384615384615    0.00000000000000             1
   -0.07692307692308   -0.15384615384615    0.00000000000000             1
    0.00000000000000   -0.07692307692308    0.00000000000000             1
    0.07692307692308   -0.07692307692308    0.00000000000000             1
    0.15384615384615   -0.07692307692308    0.00000000000000             1
    0.23076923076923   -0.07692307692308    0.00000000000000             1
    0.30769230769231   -0.07692307692308    0.00000000000000             1
    0.38461538461539   -0.07692307692308    0.00000000000000             1
    0.46153846153846   -0.07692307692308    0.00000000000000             1
   -0.46153846153846   -0.07692307692308    0.00000000000000             1
   -0.38461538461539   -0.07692307692308    0.00000000000000             1
   -0.30769230769231   -0.07692307692308    0.00000000000000             1
   -0.23076923076923   -0.07692307692308    0.00000000000000             1
   -0.15384615384615   -0.07692307692308    0.00000000000000             1
   -0.07692307692308   -0.07692307692308    0.00000000000000             1
    0.00000000000000   -0.00000000000000    0.07692307692308             1
    0.07692307692308   -0.00000000000000    0.07692307692308             1
    0.15384615384615   -0.00000000000000    0.07692307692308             1
    0.23076923076923   -0.00000000000000    0.07692307692308             1
    0.30769230769231   -0.00000000000000    0.07692307692308             1
    0.38461538461539   -0.00000000000000    0.07692307692308             1
    0.46153846153846   -0.00000000000000    0.07692307692308             1
   -0.46153846153846    0.00000000000000    0.07692307692308             1
   -0.38461538461539    0.00000000000000    0.07692307692308             1
   -0.30769230769231    0.00000000000000    0.07692307692308             1
   -0.23076923076923    0.00000000000000    0.07692307692308             1
   -0.15384615384615    0.00000000000000    0.07692307692308             1
   -0.07692307692308    0.00000000000000    0.07692307692308             1
    0.00000000000000    0.07692307692308    0.07692307692308             1
    0.07692307692308    0.07692307692308    0.07692307692308             1
    0.15384615384615    0.07692307692308    0.07692307692308             1
    0.23076923076923    0.07692307692308    0.07692307692308             1
    0.30769230769231    0.07692307692308    0.07692307692308             1
    0.38461538461539    0.07692307692308    0.07692307692308             1
    0.46153846153846    0.07692307692308    0.07692307692308             1
   -0.46153846153846    0.07692307692308    0.07692307692308             1
   -0.38461538461539    0.07692307692308    0.07692307692308             1
   -0.30769230769231    0.07692307692308    0.07692307692308             1
   -0.23076923076923    0.07692307692308    0.07692307692308             1
   -0.15384615384615    0.07692307692308    0.07692307692308             1
   -0.07692307692308    0.07692307692308    0.07692307692308             1
    0.00000000000000    0.15384615384615    0.07692307692308             1
    0.07692307692308    0.15384615384615    0.07692307692308             1
    0.15384615384615    0.15384615384615    0.07692307692308             1
    0.23076923076923    0.15384615384615    0.07692307692308             1
    0.30769230769231    0.15384615384615    0.07692307692308             1
    0.38461538461539    0.15384615384615    0.07692307692308             1
    0.46153846153846    0.15384615384615    0.07692307692308             1
   -0.46153846153846    0.15384615384615    0.07692307692308             1
   -0.38461538461539    0.15384615384615    0.07692307692308             1
   -0.30769230769231    0.15384615384615    0.07692307692308             1
   -0.23076923076923    0.15384615384615    0.07692307692308             1
   -0.15384615384615    0.15384615384615    0.07692307692308             1
   -0.07692307692308    0.15384615384615    0.07692307692308             1
    0.00000000000000    0.23076923076923    0.07692307692308             1
    0.07692307692308    0.23076923076923    0.07692307692308             1
    0.15384615384615    0.23076923076923    0.07692307692308             1
    0.23076923076923    0.23076923076923    0.07692307692308             1
    0.30769230769231    0.23076923076923    0.07692307692308             1
    0.38461538461539    0.23076923076923    0.07692307692308             1
    0.46153846153846    0.23076923076923    0.07692307692308             1
   -0.46153846153846    0.23076923076923    0.07692307692308             1
   -0.38461538461539    0.23076923076923    0.07692307692308             1
   -0.30769230769231    0.23076923076923    0.07692307692308             1
   -0.23076923076923    0.23076923076923    0.07692307692308             1
   -0.15384615384615    0.23076923076923    0.07692307692308             1
   -0.07692307692308    0.23076923076923    0.07692307692308             1
    0.00000000000000    0.30769230769231    0.07692307692308             1
    0.07692307692308    0.30769230769231    0.07692307692308             1
    0.15384615384615    0.30769230769231    0.07692307692308             1
    0.23076923076923    0.30769230769231    0.07692307692308             1
    0.30769230769231    0.30769230769231    0.07692307692308             1
    0.38461538461539    0.30769230769231    0.07692307692308             1
    0.46153846153846    0.30769230769231    0.07692307692308             1
   -0.46153846153846    0.30769230769231    0.07692307692308             1
   -0.38461538461539    0.30769230769231    0.07692307692308             1
   -0.30769230769231    0.30769230769231    0.07692307692308             1
   -0.23076923076923    0.30769230769231    0.07692307692308             1
   -0.15384615384615    0.30769230769231    0.07692307692308             1
   -0.07692307692308    0.30769230769231    0.07692307692308             1
    0.00000000000000    0.38461538461539    0.07692307692308             1
    0.07692307692308    0.38461538461539    0.07692307692308             1
    0.15384615384615    0.38461538461539    0.07692307692308             1
    0.23076923076923    0.38461538461539    0.07692307692308             1
    0.30769230769231    0.38461538461539    0.07692307692308             1
    0.38461538461539    0.38461538461539    0.07692307692308             1
    0.46153846153846    0.38461538461539    0.07692307692308             1
   -0.46153846153846    0.38461538461539    0.07692307692308             1
   -0.38461538461539    0.38461538461539    0.07692307692308             1
   -0.30769230769231    0.38461538461539    0.07692307692308             1
   -0.23076923076923    0.38461538461539    0.07692307692308             1
   -0.15384615384615    0.38461538461539    0.07692307692308             1
   -0.07692307692308    0.38461538461539    0.07692307692308             1
    0.00000000000000    0.46153846153846    0.07692307692308             1
    0.07692307692308    0.46153846153846    0.07692307692308             1
    0.15384615384615    0.46153846153846    0.07692307692308             1
    0.23076923076923    0.46153846153846    0.07692307692308             1
    0.30769230769231    0.46153846153846    0.07692307692308             1
    0.38461538461539    0.46153846153846    0.07692307692308             1
    0.46153846153846    0.46153846153846    0.07692307692308             1
   -0.46153846153846    0.46153846153846    0.07692307692308             1
   -0.38461538461539    0.46153846153846    0.07692307692308             1
   -0.30769230769231    0.46153846153846    0.07692307692308             1
   -0.23076923076923    0.46153846153846    0.07692307692308             1
   -0.15384615384615    0.46153846153846    0.07692307692308             1
   -0.07692307692308    0.46153846153846    0.07692307692308             1
    0.00000000000000   -0.46153846153846    0.07692307692308             1
    0.07692307692308   -0.46153846153846    0.07692307692308             1
    0.15384615384615   -0.46153846153846    0.07692307692308             1
    0.23076923076923   -0.46153846153846    0.07692307692308             1
    0.30769230769231   -0.46153846153846    0.07692307692308             1
    0.38461538461539   -0.46153846153846    0.07692307692308             1
    0.46153846153846   -0.46153846153846    0.07692307692308             1
   -0.46153846153846   -0.46153846153846    0.07692307692308             1
   -0.38461538461539   -0.46153846153846    0.07692307692308             1
   -0.30769230769231   -0.46153846153846    0.07692307692308             1
   -0.23076923076923   -0.46153846153846    0.07692307692308             1
   -0.15384615384615   -0.46153846153846    0.07692307692308             1
   -0.07692307692308   -0.46153846153846    0.07692307692308             1
    0.00000000000000   -0.38461538461539    0.07692307692308             1
    0.07692307692308   -0.38461538461539    0.07692307692308             1
    0.15384615384615   -0.38461538461539    0.07692307692308             1
    0.23076923076923   -0.38461538461539    0.07692307692308             1
    0.30769230769231   -0.38461538461539    0.07692307692308             1
    0.38461538461539   -0.38461538461539    0.07692307692308             1
    0.46153846153846   -0.38461538461539    0.07692307692308             1
   -0.46153846153846   -0.38461538461539    0.07692307692308             1
   -0.38461538461539   -0.38461538461539    0.07692307692308             1
   -0.30769230769231   -0.38461538461539    0.07692307692308             1
   -0.23076923076923   -0.38461538461539    0.07692307692308             1
   -0.15384615384615   -0.38461538461539    0.07692307692308             1
   -0.07692307692308   -0.38461538461539    0.07692307692308             1
    0.00000000000000   -0.30769230769231    0.07692307692308             1
    0.07692307692308   -0.30769230769231    0.07692307692308             1
    0.15384615384615   -0.30769230769231    0.07692307692308             1
    0.23076923076923   -0.30769230769231    0.07692307692308             1
    0.30769230769231   -0.30769230769231    0.07692307692308             1
    0.38461538461539   -0.30769230769231    0.07692307692308             1
    0.46153846153846   -0.30769230769231    0.07692307692308             1
   -0.46153846153846   -0.30769230769231    0.07692307692308             1
   -0.38461538461539   -0.30769230769231    0.07692307692308             1
   -0.30769230769231   -0.30769230769231    0.07692307692308             1
   -0.23076923076923   -0.30769230769231    0.07692307692308             1
   -0.15384615384615   -0.30769230769231    0.07692307692308             1
   -0.07692307692308   -0.30769230769231    0.07692307692308             1
    0.00000000000000   -0.23076923076923    0.07692307692308             1
    0.07692307692308   -0.23076923076923    0.07692307692308             1
    0.15384615384615   -0.23076923076923    0.07692307692308             1
    0.23076923076923   -0.23076923076923    0.07692307692308             1
    0.30769230769231   -0.23076923076923    0.07692307692308             1
    0.38461538461539   -0.23076923076923    0.07692307692308             1
    0.46153846153846   -0.23076923076923    0.07692307692308             1
   -0.46153846153846   -0.23076923076923    0.07692307692308             1
   -0.38461538461539   -0.23076923076923    0.07692307692308             1
   -0.30769230769231   -0.23076923076923    0.07692307692308             1
   -0.23076923076923   -0.23076923076923    0.07692307692308             1
   -0.15384615384615   -0.23076923076923    0.07692307692308             1
   -0.07692307692308   -0.23076923076923    0.07692307692308             1
    0.00000000000000   -0.15384615384615    0.07692307692308             1
    0.07692307692308   -0.15384615384615    0.07692307692308             1
    0.15384615384615   -0.15384615384615    0.07692307692308             1
    0.23076923076923   -0.15384615384615    0.07692307692308             1
    0.30769230769231   -0.15384615384615    0.07692307692308             1
    0.38461538461539   -0.15384615384615    0.07692307692308             1
    0.46153846153846   -0.15384615384615    0.07692307692308             1
   -0.46153846153846   -0.15384615384615    0.07692307692308             1
   -0.38461538461539   -0.15384615384615    0.07692307692308             1
   -0.30769230769231   -0.15384615384615    0.07692307692308             1
   -0.23076923076923   -0.15384615384615    0.07692307692308             1
   -0.15384615384615   -0.15384615384615    0.07692307692308             1
   -0.07692307692308   -0.15384615384615    0.07692307692308             1
    0.00000000000000   -0.07692307692308    0.07692307692308             1
    0.07692307692308   -0.07692307692308    0.07692307692308             1
    0.15384615384615   -0.07692307692308    0.07692307692308             1
    0.23076923076923   -0.07692307692308    0.07692307692308             1
    0.30769230769231   -0.07692307692308    0.07692307692308             1
    0.38461538461539   -0.07692307692308    0.07692307692308             1
    0.46153846153846   -0.07692307692308    0.07692307692308             1
   -0.46153846153846   -0.07692307692308    0.07692307692308             1
   -0.38461538461539   -0.07692307692308    0.07692307692308             1
   -0.30769230769231   -0.07692307692308    0.07692307692308             1
   -0.23076923076923   -0.07692307692308    0.07692307692308             1
   -0.15384615384615   -0.07692307692308    0.07692307692308             1
   -0.07692307692308   -0.07692307692308    0.07692307692308             1
    0.00000000000000   -0.00000000000000    0.15384615384615             1
    0.07692307692308   -0.00000000000000    0.15384615384615             1
    0.15384615384615   -0.00000000000000    0.15384615384615             1
    0.23076923076923   -0.00000000000000    0.15384615384615             1
    0.30769230769231   -0.00000000000000    0.15384615384615             1
    0.38461538461539   -0.00000000000000    0.15384615384615             1
    0.46153846153846   -0.00000000000000    0.15384615384615             1
   -0.46153846153846    0.00000000000000    0.15384615384615             1
   -0.38461538461539   -0.00000000000000    0.15384615384615             1
   -0.30769230769231    0.00000000000000    0.15384615384615             1
   -0.23076923076923   -0.00000000000000    0.15384615384615             1
   -0.15384615384615    0.00000000000000    0.15384615384615             1
   -0.07692307692308   -0.00000000000000    0.15384615384615             1
    0.00000000000000    0.07692307692308    0.15384615384615             1
    0.07692307692308    0.07692307692308    0.15384615384615             1
    0.15384615384615    0.07692307692308    0.15384615384615             1
    0.23076923076923    0.07692307692308    0.15384615384615             1
    0.30769230769231    0.07692307692308    0.15384615384615             1
    0.38461538461539    0.07692307692308    0.15384615384615             1
    0.46153846153846    0.07692307692308    0.15384615384615             1
   -0.46153846153846    0.07692307692308    0.15384615384615             1
   -0.38461538461539    0.07692307692308    0.15384615384615             1
   -0.30769230769231    0.07692307692308    0.15384615384615             1
   -0.23076923076923    0.07692307692308    0.15384615384615             1
   -0.15384615384615    0.07692307692308    0.15384615384615             1
   -0.07692307692308    0.07692307692308    0.15384615384615             1
    0.00000000000000    0.15384615384615    0.15384615384615             1
    0.07692307692308    0.15384615384615    0.15384615384615             1
    0.15384615384615    0.15384615384615    0.15384615384615             1
    0.23076923076923    0.15384615384615    0.15384615384615             1
    0.30769230769231    0.15384615384615    0.15384615384615             1
    0.38461538461539    0.15384615384615    0.15384615384615             1
    0.46153846153846    0.15384615384615    0.15384615384615             1
   -0.46153846153846    0.15384615384615    0.15384615384615             1
   -0.38461538461539    0.15384615384615    0.15384615384615             1
   -0.30769230769231    0.15384615384615    0.15384615384615             1
   -0.23076923076923    0.15384615384615    0.15384615384615             1
   -0.15384615384615    0.15384615384615    0.15384615384615             1
   -0.07692307692308    0.15384615384615    0.15384615384615             1
    0.00000000000000    0.23076923076923    0.15384615384615             1
    0.07692307692308    0.23076923076923    0.15384615384615             1
    0.15384615384615    0.23076923076923    0.15384615384615             1
    0.23076923076923    0.23076923076923    0.15384615384615             1
    0.30769230769231    0.23076923076923    0.15384615384615             1
    0.38461538461539    0.23076923076923    0.15384615384615             1
    0.46153846153846    0.23076923076923    0.15384615384615             1
   -0.46153846153846    0.23076923076923    0.15384615384615             1
   -0.38461538461539    0.23076923076923    0.15384615384615             1
   -0.30769230769231    0.23076923076923    0.15384615384615             1
   -0.23076923076923    0.23076923076923    0.15384615384615             1
   -0.15384615384615    0.23076923076923    0.15384615384615             1
   -0.07692307692308    0.23076923076923    0.15384615384615             1
    0.00000000000000    0.30769230769231    0.15384615384615             1
    0.07692307692308    0.30769230769231    0.15384615384615             1
    0.15384615384615    0.30769230769231    0.15384615384615             1
    0.23076923076923    0.30769230769231    0.15384615384615             1
    0.30769230769231    0.30769230769231    0.15384615384615             1
    0.38461538461539    0.30769230769231    0.15384615384615             1
    0.46153846153846    0.30769230769231    0.15384615384615             1
   -0.46153846153846    0.30769230769231    0.15384615384615             1
   -0.38461538461539    0.30769230769231    0.15384615384615             1
   -0.30769230769231    0.30769230769231    0.15384615384615             1
   -0.23076923076923    0.30769230769231    0.15384615384615             1
   -0.15384615384615    0.30769230769231    0.15384615384615             1
   -0.07692307692308    0.30769230769231    0.15384615384615             1
    0.00000000000000    0.38461538461539    0.15384615384615             1
    0.07692307692308    0.38461538461539    0.15384615384615             1
    0.15384615384615    0.38461538461539    0.15384615384615             1
    0.23076923076923    0.38461538461539    0.15384615384615             1
    0.30769230769231    0.38461538461539    0.15384615384615             1
    0.38461538461539    0.38461538461539    0.15384615384615             1
    0.46153846153846    0.38461538461539    0.15384615384615             1
   -0.46153846153846    0.38461538461539    0.15384615384615             1
   -0.38461538461539    0.38461538461539    0.15384615384615             1
   -0.30769230769231    0.38461538461539    0.15384615384615             1
   -0.23076923076923    0.38461538461539    0.15384615384615             1
   -0.15384615384615    0.38461538461539    0.15384615384615             1
   -0.07692307692308    0.38461538461539    0.15384615384615             1
    0.00000000000000    0.46153846153846    0.15384615384615             1
    0.07692307692308    0.46153846153846    0.15384615384615             1
    0.15384615384615    0.46153846153846    0.15384615384615             1
    0.23076923076923    0.46153846153846    0.15384615384615             1
    0.30769230769231    0.46153846153846    0.15384615384615             1
    0.38461538461539    0.46153846153846    0.15384615384615             1
    0.46153846153846    0.46153846153846    0.15384615384615             1
   -0.46153846153846    0.46153846153846    0.15384615384615             1
   -0.38461538461539    0.46153846153846    0.15384615384615             1
   -0.30769230769231    0.46153846153846    0.15384615384615             1
   -0.23076923076923    0.46153846153846    0.15384615384615             1
   -0.15384615384615    0.46153846153846    0.15384615384615             1
   -0.07692307692308    0.46153846153846    0.15384615384615             1
    0.00000000000000   -0.46153846153846    0.15384615384615             1
    0.07692307692308   -0.46153846153846    0.15384615384615             1
    0.15384615384615   -0.46153846153846    0.15384615384615             1
    0.23076923076923   -0.46153846153846    0.15384615384615             1
    0.30769230769231   -0.46153846153846    0.15384615384615             1
    0.38461538461539   -0.46153846153846    0.15384615384615             1
    0.46153846153846   -0.46153846153846    0.15384615384615             1
   -0.46153846153846   -0.46153846153846    0.15384615384615             1
   -0.38461538461539   -0.46153846153846    0.15384615384615             1
   -0.30769230769231   -0.46153846153846    0.15384615384615             1
   -0.23076923076923   -0.46153846153846    0.15384615384615             1
   -0.15384615384615   -0.46153846153846    0.15384615384615             1
   -0.07692307692308   -0.46153846153846    0.15384615384615             1
    0.00000000000000   -0.38461538461539    0.15384615384615             1
    0.07692307692308   -0.38461538461539    0.15384615384615             1
    0.15384615384615   -0.38461538461539    0.15384615384615             1
    0.23076923076923   -0.38461538461539    0.15384615384615             1
    0.30769230769231   -0.38461538461539    0.15384615384615             1
    0.38461538461539   -0.38461538461539    0.15384615384615             1
    0.46153846153846   -0.38461538461539    0.15384615384615             1
   -0.46153846153846   -0.38461538461539    0.15384615384615             1
   -0.38461538461539   -0.38461538461539    0.15384615384615             1
   -0.30769230769231   -0.38461538461539    0.15384615384615             1
   -0.23076923076923   -0.38461538461539    0.15384615384615             1
   -0.15384615384615   -0.38461538461539    0.15384615384615             1
   -0.07692307692308   -0.38461538461539    0.15384615384615             1
    0.00000000000000   -0.30769230769231    0.15384615384615             1
    0.07692307692308   -0.30769230769231    0.15384615384615             1
    0.15384615384615   -0.30769230769231    0.15384615384615             1
    0.23076923076923   -0.30769230769231    0.15384615384615             1
    0.30769230769231   -0.30769230769231    0.15384615384615             1
    0.38461538461539   -0.30769230769231    0.15384615384615             1
    0.46153846153846   -0.30769230769231    0.15384615384615             1
   -0.46153846153846   -0.30769230769231    0.15384615384615             1
   -0.38461538461539   -0.30769230769231    0.15384615384615             1
   -0.30769230769231   -0.30769230769231    0.15384615384615             1
   -0.23076923076923   -0.30769230769231    0.15384615384615             1
   -0.15384615384615   -0.30769230769231    0.15384615384615             1
   -0.07692307692308   -0.30769230769231    0.15384615384615             1
    0.00000000000000   -0.23076923076923    0.15384615384615             1
    0.07692307692308   -0.23076923076923    0.15384615384615             1
    0.15384615384615   -0.23076923076923    0.15384615384615             1
    0.23076923076923   -0.23076923076923    0.15384615384615             1
    0.30769230769231   -0.23076923076923    0.15384615384615             1
    0.38461538461539   -0.23076923076923    0.15384615384615             1
    0.46153846153846   -0.23076923076923    0.15384615384615             1
   -0.46153846153846   -0.23076923076923    0.15384615384615             1
   -0.38461538461539   -0.23076923076923    0.15384615384615             1
   -0.30769230769231   -0.23076923076923    0.15384615384615             1
   -0.23076923076923   -0.23076923076923    0.15384615384615             1
   -0.15384615384615   -0.23076923076923    0.15384615384615             1
   -0.07692307692308   -0.23076923076923    0.15384615384615             1
    0.00000000000000   -0.15384615384615    0.15384615384615             1
    0.07692307692308   -0.15384615384615    0.15384615384615             1
    0.15384615384615   -0.15384615384615    0.15384615384615             1
    0.23076923076923   -0.15384615384615    0.15384615384615             1
    0.30769230769231   -0.15384615384615    0.15384615384615             1
    0.38461538461539   -0.15384615384615    0.15384615384615             1
    0.46153846153846   -0.15384615384615    0.15384615384615             1
   -0.46153846153846   -0.15384615384615    0.15384615384615             1
   -0.38461538461539   -0.15384615384615    0.15384615384615             1
   -0.30769230769231   -0.15384615384615    0.15384615384615             1
   -0.23076923076923   -0.15384615384615    0.15384615384615             1
   -0.15384615384615   -0.15384615384615    0.15384615384615             1
   -0.07692307692308   -0.15384615384615    0.15384615384615             1
    0.00000000000000   -0.07692307692308    0.15384615384615             1
    0.07692307692308   -0.07692307692308    0.15384615384615             1
    0.15384615384615   -0.07692307692308    0.15384615384615             1
    0.23076923076923   -0.07692307692308    0.15384615384615             1
    0.30769230769231   -0.07692307692308    0.15384615384615             1
    0.38461538461539   -0.07692307692308    0.15384615384615             1
    0.46153846153846   -0.07692307692308    0.15384615384615             1
   -0.46153846153846   -0.07692307692308    0.15384615384615             1
   -0.38461538461539   -0.07692307692308    0.15384615384615             1
   -0.30769230769231   -0.07692307692308    0.15384615384615             1
   -0.23076923076923   -0.07692307692308    0.15384615384615             1
   -0.15384615384615   -0.07692307692308    0.15384615384615             1
   -0.07692307692308   -0.07692307692308    0.15384615384615             1
    0.00000000000000   -0.00000000000000    0.23076923076923             1
    0.07692307692308   -0.00000000000000    0.23076923076923             1
    0.15384615384615   -0.00000000000000    0.23076923076923             1
    0.23076923076923   -0.00000000000000    0.23076923076923             1
    0.30769230769231   -0.00000000000000    0.23076923076923             1
    0.38461538461539   -0.00000000000000    0.23076923076923             1
    0.46153846153846   -0.00000000000000    0.23076923076923             1
   -0.46153846153846   -0.00000000000000    0.23076923076923             1
   -0.38461538461539   -0.00000000000000    0.23076923076923             1
   -0.30769230769231    0.00000000000000    0.23076923076923             1
   -0.23076923076923    0.00000000000000    0.23076923076923             1
   -0.15384615384615    0.00000000000000    0.23076923076923             1
   -0.07692307692308   -0.00000000000000    0.23076923076923             1
    0.00000000000000    0.07692307692308    0.23076923076923             1
    0.07692307692308    0.07692307692308    0.23076923076923             1
    0.15384615384615    0.07692307692308    0.23076923076923             1
    0.23076923076923    0.07692307692308    0.23076923076923             1
    0.30769230769231    0.07692307692308    0.23076923076923             1
    0.38461538461539    0.07692307692308    0.23076923076923             1
    0.46153846153846    0.07692307692308    0.23076923076923             1
   -0.46153846153846    0.07692307692308    0.23076923076923             1
   -0.38461538461539    0.07692307692308    0.23076923076923             1
   -0.30769230769231    0.07692307692308    0.23076923076923             1
   -0.23076923076923    0.07692307692308    0.23076923076923             1
   -0.15384615384615    0.07692307692308    0.23076923076923             1
   -0.07692307692308    0.07692307692308    0.23076923076923             1
    0.00000000000000    0.15384615384615    0.23076923076923             1
    0.07692307692308    0.15384615384615    0.23076923076923             1
    0.15384615384615    0.15384615384615    0.23076923076923             1
    0.23076923076923    0.15384615384615    0.23076923076923             1
    0.30769230769231    0.15384615384615    0.23076923076923             1
    0.38461538461539    0.15384615384615    0.23076923076923             1
    0.46153846153846    0.15384615384615    0.23076923076923             1
   -0.46153846153846    0.15384615384615    0.23076923076923             1
   -0.38461538461539    0.15384615384615    0.23076923076923             1
   -0.30769230769231    0.15384615384615    0.23076923076923             1
   -0.23076923076923    0.15384615384615    0.23076923076923             1
   -0.15384615384615    0.15384615384615    0.23076923076923             1
   -0.07692307692308    0.15384615384615    0.23076923076923             1
    0.00000000000000    0.23076923076923    0.23076923076923             1
    0.07692307692308    0.23076923076923    0.23076923076923             1
    0.15384615384615    0.23076923076923    0.23076923076923             1
    0.23076923076923    0.23076923076923    0.23076923076923             1
    0.30769230769231    0.23076923076923    0.23076923076923             1
    0.38461538461539    0.23076923076923    0.23076923076923             1
    0.46153846153846    0.23076923076923    0.23076923076923             1
   -0.46153846153846    0.23076923076923    0.23076923076923             1
   -0.38461538461539    0.23076923076923    0.23076923076923             1
   -0.30769230769231    0.23076923076923    0.23076923076923             1
   -0.23076923076923    0.23076923076923    0.23076923076923             1
   -0.15384615384615    0.23076923076923    0.23076923076923             1
   -0.07692307692308    0.23076923076923    0.23076923076923             1
    0.00000000000000    0.30769230769231    0.23076923076923             1
    0.07692307692308    0.30769230769231    0.23076923076923             1
    0.15384615384615    0.30769230769231    0.23076923076923             1
    0.23076923076923    0.30769230769231    0.23076923076923             1
    0.30769230769231    0.30769230769231    0.23076923076923             1
    0.38461538461539    0.30769230769231    0.23076923076923             1
    0.46153846153846    0.30769230769231    0.23076923076923             1
   -0.46153846153846    0.30769230769231    0.23076923076923             1
   -0.38461538461539    0.30769230769231    0.23076923076923             1
   -0.30769230769231    0.30769230769231    0.23076923076923             1
   -0.23076923076923    0.30769230769231    0.23076923076923             1
   -0.15384615384615    0.30769230769231    0.23076923076923             1
   -0.07692307692308    0.30769230769231    0.23076923076923             1
    0.00000000000000    0.38461538461539    0.23076923076923             1
    0.07692307692308    0.38461538461539    0.23076923076923             1
    0.15384615384615    0.38461538461539    0.23076923076923             1
    0.23076923076923    0.38461538461539    0.23076923076923             1
    0.30769230769231    0.38461538461539    0.23076923076923             1
    0.38461538461539    0.38461538461539    0.23076923076923             1
    0.46153846153846    0.38461538461539    0.23076923076923             1
   -0.46153846153846    0.38461538461539    0.23076923076923             1
   -0.38461538461539    0.38461538461539    0.23076923076923             1
   -0.30769230769231    0.38461538461539    0.23076923076923             1
   -0.23076923076923    0.38461538461539    0.23076923076923             1
   -0.15384615384615    0.38461538461539    0.23076923076923             1
   -0.07692307692308    0.38461538461539    0.23076923076923             1
    0.00000000000000    0.46153846153846    0.23076923076923             1
    0.07692307692308    0.46153846153846    0.23076923076923             1
    0.15384615384615    0.46153846153846    0.23076923076923             1
    0.23076923076923    0.46153846153846    0.23076923076923             1
    0.30769230769231    0.46153846153846    0.23076923076923             1
    0.38461538461539    0.46153846153846    0.23076923076923             1
    0.46153846153846    0.46153846153846    0.23076923076923             1
   -0.46153846153846    0.46153846153846    0.23076923076923             1
   -0.38461538461539    0.46153846153846    0.23076923076923             1
   -0.30769230769231    0.46153846153846    0.23076923076923             1
   -0.23076923076923    0.46153846153846    0.23076923076923             1
   -0.15384615384615    0.46153846153846    0.23076923076923             1
   -0.07692307692308    0.46153846153846    0.23076923076923             1
    0.00000000000000   -0.46153846153846    0.23076923076923             1
    0.07692307692308   -0.46153846153846    0.23076923076923             1
    0.15384615384615   -0.46153846153846    0.23076923076923             1
    0.23076923076923   -0.46153846153846    0.23076923076923             1
    0.30769230769231   -0.46153846153846    0.23076923076923             1
    0.38461538461539   -0.46153846153846    0.23076923076923             1
    0.46153846153846   -0.46153846153846    0.23076923076923             1
   -0.46153846153846   -0.46153846153846    0.23076923076923             1
   -0.38461538461539   -0.46153846153846    0.23076923076923             1
   -0.30769230769231   -0.46153846153846    0.23076923076923             1
   -0.23076923076923   -0.46153846153846    0.23076923076923             1
   -0.15384615384615   -0.46153846153846    0.23076923076923             1
   -0.07692307692308   -0.46153846153846    0.23076923076923             1
    0.00000000000000   -0.38461538461539    0.23076923076923             1
    0.07692307692308   -0.38461538461539    0.23076923076923             1
    0.15384615384615   -0.38461538461539    0.23076923076923             1
    0.23076923076923   -0.38461538461539    0.23076923076923             1
    0.30769230769231   -0.38461538461539    0.23076923076923             1
    0.38461538461539   -0.38461538461539    0.23076923076923             1
    0.46153846153846   -0.38461538461539    0.23076923076923             1
   -0.46153846153846   -0.38461538461539    0.23076923076923             1
   -0.38461538461539   -0.38461538461539    0.23076923076923             1
   -0.30769230769231   -0.38461538461539    0.23076923076923             1
   -0.23076923076923   -0.38461538461539    0.23076923076923             1
   -0.15384615384615   -0.38461538461539    0.23076923076923             1
   -0.07692307692308   -0.38461538461539    0.23076923076923             1
    0.00000000000000   -0.30769230769231    0.23076923076923             1
    0.07692307692308   -0.30769230769231    0.23076923076923             1
    0.15384615384615   -0.30769230769231    0.23076923076923             1
    0.23076923076923   -0.30769230769231    0.23076923076923             1
    0.30769230769231   -0.30769230769231    0.23076923076923             1
    0.38461538461539   -0.30769230769231    0.23076923076923             1
    0.46153846153846   -0.30769230769231    0.23076923076923             1
   -0.46153846153846   -0.30769230769231    0.23076923076923             1
   -0.38461538461539   -0.30769230769231    0.23076923076923             1
   -0.30769230769231   -0.30769230769231    0.23076923076923             1
   -0.23076923076923   -0.30769230769231    0.23076923076923             1
   -0.15384615384615   -0.30769230769231    0.23076923076923             1
   -0.07692307692308   -0.30769230769231    0.23076923076923             1
    0.00000000000000   -0.23076923076923    0.23076923076923             1
    0.07692307692308   -0.23076923076923    0.23076923076923             1
    0.15384615384615   -0.23076923076923    0.23076923076923             1
    0.23076923076923   -0.23076923076923    0.23076923076923             1
    0.30769230769231   -0.23076923076923    0.23076923076923             1
    0.38461538461539   -0.23076923076923    0.23076923076923             1
    0.46153846153846   -0.23076923076923    0.23076923076923             1
   -0.46153846153846   -0.23076923076923    0.23076923076923             1
   -0.38461538461539   -0.23076923076923    0.23076923076923             1
   -0.30769230769231   -0.23076923076923    0.23076923076923             1
   -0.23076923076923   -0.23076923076923    0.23076923076923             1
   -0.15384615384615   -0.23076923076923    0.23076923076923             1
   -0.07692307692308   -0.23076923076923    0.23076923076923             1
    0.00000000000000   -0.15384615384615    0.23076923076923             1
    0.07692307692308   -0.15384615384615    0.23076923076923             1
    0.15384615384615   -0.15384615384615    0.23076923076923             1
    0.23076923076923   -0.15384615384615    0.23076923076923             1
    0.30769230769231   -0.15384615384615    0.23076923076923             1
    0.38461538461539   -0.15384615384615    0.23076923076923             1
    0.46153846153846   -0.15384615384615    0.23076923076923             1
   -0.46153846153846   -0.15384615384615    0.23076923076923             1
   -0.38461538461539   -0.15384615384615    0.23076923076923             1
   -0.30769230769231   -0.15384615384615    0.23076923076923             1
   -0.23076923076923   -0.15384615384615    0.23076923076923             1
   -0.15384615384615   -0.15384615384615    0.23076923076923             1
   -0.07692307692308   -0.15384615384615    0.23076923076923             1
    0.00000000000000   -0.07692307692308    0.23076923076923             1
    0.07692307692308   -0.07692307692308    0.23076923076923             1
    0.15384615384615   -0.07692307692308    0.23076923076923             1
    0.23076923076923   -0.07692307692308    0.23076923076923             1
    0.30769230769231   -0.07692307692308    0.23076923076923             1
    0.38461538461539   -0.07692307692308    0.23076923076923             1
    0.46153846153846   -0.07692307692308    0.23076923076923             1
   -0.46153846153846   -0.07692307692308    0.23076923076923             1
   -0.38461538461539   -0.07692307692308    0.23076923076923             1
   -0.30769230769231   -0.07692307692308    0.23076923076923             1
   -0.23076923076923   -0.07692307692308    0.23076923076923             1
   -0.15384615384615   -0.07692307692308    0.23076923076923             1
   -0.07692307692308   -0.07692307692308    0.23076923076923             1
    0.00000000000000   -0.00000000000000    0.30769230769231             1
    0.07692307692308   -0.00000000000000    0.30769230769231             1
    0.15384615384615   -0.00000000000000    0.30769230769231             1
    0.23076923076923   -0.00000000000000    0.30769230769231             1
    0.30769230769231   -0.00000000000000    0.30769230769231             1
    0.38461538461539   -0.00000000000000    0.30769230769231             1
    0.46153846153846   -0.00000000000000    0.30769230769231             1
   -0.46153846153846    0.00000000000000    0.30769230769231             1
   -0.38461538461539   -0.00000000000000    0.30769230769231             1
   -0.30769230769231    0.00000000000000    0.30769230769231             1
   -0.23076923076923   -0.00000000000000    0.30769230769231             1
   -0.15384615384615    0.00000000000000    0.30769230769231             1
   -0.07692307692308   -0.00000000000000    0.30769230769231             1
    0.00000000000000    0.07692307692308    0.30769230769231             1
    0.07692307692308    0.07692307692308    0.30769230769231             1
    0.15384615384615    0.07692307692308    0.30769230769231             1
    0.23076923076923    0.07692307692308    0.30769230769231             1
    0.30769230769231    0.07692307692308    0.30769230769231             1
    0.38461538461539    0.07692307692308    0.30769230769231             1
    0.46153846153846    0.07692307692308    0.30769230769231             1
   -0.46153846153846    0.07692307692308    0.30769230769231             1
   -0.38461538461539    0.07692307692308    0.30769230769231             1
   -0.30769230769231    0.07692307692308    0.30769230769231             1
   -0.23076923076923    0.07692307692308    0.30769230769231             1
   -0.15384615384615    0.07692307692308    0.30769230769231             1
   -0.07692307692308    0.07692307692308    0.30769230769231             1
    0.00000000000000    0.15384615384615    0.30769230769231             1
    0.07692307692308    0.15384615384615    0.30769230769231             1
    0.15384615384615    0.15384615384615    0.30769230769231             1
    0.23076923076923    0.15384615384615    0.30769230769231             1
    0.30769230769231    0.15384615384615    0.30769230769231             1
    0.38461538461539    0.15384615384615    0.30769230769231             1
    0.46153846153846    0.15384615384615    0.30769230769231             1
   -0.46153846153846    0.15384615384615    0.30769230769231             1
   -0.38461538461539    0.15384615384615    0.30769230769231             1
   -0.30769230769231    0.15384615384615    0.30769230769231             1
   -0.23076923076923    0.15384615384615    0.30769230769231             1
   -0.15384615384615    0.15384615384615    0.30769230769231             1
   -0.07692307692308    0.15384615384615    0.30769230769231             1
    0.00000000000000    0.23076923076923    0.30769230769231             1
    0.07692307692308    0.23076923076923    0.30769230769231             1
    0.15384615384615    0.23076923076923    0.30769230769231             1
    0.23076923076923    0.23076923076923    0.30769230769231             1
    0.30769230769231    0.23076923076923    0.30769230769231             1
    0.38461538461539    0.23076923076923    0.30769230769231             1
    0.46153846153846    0.23076923076923    0.30769230769231             1
   -0.46153846153846    0.23076923076923    0.30769230769231             1
   -0.38461538461539    0.23076923076923    0.30769230769231             1
   -0.30769230769231    0.23076923076923    0.30769230769231             1
   -0.23076923076923    0.23076923076923    0.30769230769231             1
   -0.15384615384615    0.23076923076923    0.30769230769231             1
   -0.07692307692308    0.23076923076923    0.30769230769231             1
    0.00000000000000    0.30769230769231    0.30769230769231             1
    0.07692307692308    0.30769230769231    0.30769230769231             1
    0.15384615384615    0.30769230769231    0.30769230769231             1
    0.23076923076923    0.30769230769231    0.30769230769231             1
    0.30769230769231    0.30769230769231    0.30769230769231             1
    0.38461538461539    0.30769230769231    0.30769230769231             1
    0.46153846153846    0.30769230769231    0.30769230769231             1
   -0.46153846153846    0.30769230769231    0.30769230769231             1
   -0.38461538461539    0.30769230769231    0.30769230769231             1
   -0.30769230769231    0.30769230769231    0.30769230769231             1
   -0.23076923076923    0.30769230769231    0.30769230769231             1
   -0.15384615384615    0.30769230769231    0.30769230769231             1
   -0.07692307692308    0.30769230769231    0.30769230769231             1
    0.00000000000000    0.38461538461539    0.30769230769231             1
    0.07692307692308    0.38461538461539    0.30769230769231             1
    0.15384615384615    0.38461538461539    0.30769230769231             1
    0.23076923076923    0.38461538461539    0.30769230769231             1
    0.30769230769231    0.38461538461539    0.30769230769231             1
    0.38461538461539    0.38461538461539    0.30769230769231             1
    0.46153846153846    0.38461538461539    0.30769230769231             1
   -0.46153846153846    0.38461538461539    0.30769230769231             1
   -0.38461538461539    0.38461538461539    0.30769230769231             1
   -0.30769230769231    0.38461538461539    0.30769230769231             1
   -0.23076923076923    0.38461538461539    0.30769230769231             1
   -0.15384615384615    0.38461538461539    0.30769230769231             1
   -0.07692307692308    0.38461538461539    0.30769230769231             1
    0.00000000000000    0.46153846153846    0.30769230769231             1
    0.07692307692308    0.46153846153846    0.30769230769231             1
    0.15384615384615    0.46153846153846    0.30769230769231             1
    0.23076923076923    0.46153846153846    0.30769230769231             1
    0.30769230769231    0.46153846153846    0.30769230769231             1
    0.38461538461539    0.46153846153846    0.30769230769231             1
    0.46153846153846    0.46153846153846    0.30769230769231             1
   -0.46153846153846    0.46153846153846    0.30769230769231             1
   -0.38461538461539    0.46153846153846    0.30769230769231             1
   -0.30769230769231    0.46153846153846    0.30769230769231             1
   -0.23076923076923    0.46153846153846    0.30769230769231             1
   -0.15384615384615    0.46153846153846    0.30769230769231             1
   -0.07692307692308    0.46153846153846    0.30769230769231             1
    0.00000000000000   -0.46153846153846    0.30769230769231             1
    0.07692307692308   -0.46153846153846    0.30769230769231             1
    0.15384615384615   -0.46153846153846    0.30769230769231             1
    0.23076923076923   -0.46153846153846    0.30769230769231             1
    0.30769230769231   -0.46153846153846    0.30769230769231             1
    0.38461538461539   -0.46153846153846    0.30769230769231             1
    0.46153846153846   -0.46153846153846    0.30769230769231             1
   -0.46153846153846   -0.46153846153846    0.30769230769231             1
   -0.38461538461539   -0.46153846153846    0.30769230769231             1
   -0.30769230769231   -0.46153846153846    0.30769230769231             1
   -0.23076923076923   -0.46153846153846    0.30769230769231             1
   -0.15384615384615   -0.46153846153846    0.30769230769231             1
   -0.07692307692308   -0.46153846153846    0.30769230769231             1
    0.00000000000000   -0.38461538461539    0.30769230769231             1
    0.07692307692308   -0.38461538461539    0.30769230769231             1
    0.15384615384615   -0.38461538461539    0.30769230769231             1
    0.23076923076923   -0.38461538461539    0.30769230769231             1
    0.30769230769231   -0.38461538461539    0.30769230769231             1
    0.38461538461539   -0.38461538461539    0.30769230769231             1
    0.46153846153846   -0.38461538461539    0.30769230769231             1
   -0.46153846153846   -0.38461538461539    0.30769230769231             1
   -0.38461538461539   -0.38461538461539    0.30769230769231             1
   -0.30769230769231   -0.38461538461539    0.30769230769231             1
   -0.23076923076923   -0.38461538461539    0.30769230769231             1
   -0.15384615384615   -0.38461538461539    0.30769230769231             1
   -0.07692307692308   -0.38461538461539    0.30769230769231             1
    0.00000000000000   -0.30769230769231    0.30769230769231             1
    0.07692307692308   -0.30769230769231    0.30769230769231             1
    0.15384615384615   -0.30769230769231    0.30769230769231             1
    0.23076923076923   -0.30769230769231    0.30769230769231             1
    0.30769230769231   -0.30769230769231    0.30769230769231             1
    0.38461538461539   -0.30769230769231    0.30769230769231             1
    0.46153846153846   -0.30769230769231    0.30769230769231             1
   -0.46153846153846   -0.30769230769231    0.30769230769231             1
   -0.38461538461539   -0.30769230769231    0.30769230769231             1
   -0.30769230769231   -0.30769230769231    0.30769230769231             1
   -0.23076923076923   -0.30769230769231    0.30769230769231             1
   -0.15384615384615   -0.30769230769231    0.30769230769231             1
   -0.07692307692308   -0.30769230769231    0.30769230769231             1
    0.00000000000000   -0.23076923076923    0.30769230769231             1
    0.07692307692308   -0.23076923076923    0.30769230769231             1
    0.15384615384615   -0.23076923076923    0.30769230769231             1
    0.23076923076923   -0.23076923076923    0.30769230769231             1
    0.30769230769231   -0.23076923076923    0.30769230769231             1
    0.38461538461539   -0.23076923076923    0.30769230769231             1
    0.46153846153846   -0.23076923076923    0.30769230769231             1
   -0.46153846153846   -0.23076923076923    0.30769230769231             1
   -0.38461538461539   -0.23076923076923    0.30769230769231             1
   -0.30769230769231   -0.23076923076923    0.30769230769231             1
   -0.23076923076923   -0.23076923076923    0.30769230769231             1
   -0.15384615384615   -0.23076923076923    0.30769230769231             1
   -0.07692307692308   -0.23076923076923    0.30769230769231             1
    0.00000000000000   -0.15384615384615    0.30769230769231             1
    0.07692307692308   -0.15384615384615    0.30769230769231             1
    0.15384615384615   -0.15384615384615    0.30769230769231             1
    0.23076923076923   -0.15384615384615    0.30769230769231             1
    0.30769230769231   -0.15384615384615    0.30769230769231             1
    0.38461538461539   -0.15384615384615    0.30769230769231             1
    0.46153846153846   -0.15384615384615    0.30769230769231             1
   -0.46153846153846   -0.15384615384615    0.30769230769231             1
   -0.38461538461539   -0.15384615384615    0.30769230769231             1
   -0.30769230769231   -0.15384615384615    0.30769230769231             1
   -0.23076923076923   -0.15384615384615    0.30769230769231             1
   -0.15384615384615   -0.15384615384615    0.30769230769231             1
   -0.07692307692308   -0.15384615384615    0.30769230769231             1
    0.00000000000000   -0.07692307692308    0.30769230769231             1
    0.07692307692308   -0.07692307692308    0.30769230769231             1
    0.15384615384615   -0.07692307692308    0.30769230769231             1
    0.23076923076923   -0.07692307692308    0.30769230769231             1
    0.30769230769231   -0.07692307692308    0.30769230769231             1
    0.38461538461539   -0.07692307692308    0.30769230769231             1
    0.46153846153846   -0.07692307692308    0.30769230769231             1
   -0.46153846153846   -0.07692307692308    0.30769230769231             1
   -0.38461538461539   -0.07692307692308    0.30769230769231             1
   -0.30769230769231   -0.07692307692308    0.30769230769231             1
   -0.23076923076923   -0.07692307692308    0.30769230769231             1
   -0.15384615384615   -0.07692307692308    0.30769230769231             1
   -0.07692307692308   -0.07692307692308    0.30769230769231             1
   -0.00000000000000   -0.00000000000000    0.38461538461539             1
    0.07692307692308   -0.00000000000000    0.38461538461539             1
    0.15384615384615   -0.00000000000000    0.38461538461539             1
    0.23076923076923   -0.00000000000000    0.38461538461539             1
    0.30769230769231   -0.00000000000000    0.38461538461539             1
    0.38461538461539   -0.00000000000000    0.38461538461539             1
    0.46153846153846   -0.00000000000000    0.38461538461539             1
   -0.46153846153846   -0.00000000000000    0.38461538461539             1
   -0.38461538461539   -0.00000000000000    0.38461538461539             1
   -0.30769230769231    0.00000000000000    0.38461538461539             1
   -0.23076923076923    0.00000000000000    0.38461538461539             1
   -0.15384615384615   -0.00000000000000    0.38461538461539             1
   -0.07692307692308   -0.00000000000000    0.38461538461539             1
   -0.00000000000000    0.07692307692308    0.38461538461539             1
    0.07692307692308    0.07692307692308    0.38461538461539             1
    0.15384615384615    0.07692307692308    0.38461538461539             1
    0.23076923076923    0.07692307692308    0.38461538461539             1
    0.30769230769231    0.07692307692308    0.38461538461539             1
    0.38461538461539    0.07692307692308    0.38461538461539             1
    0.46153846153846    0.07692307692308    0.38461538461539             1
   -0.46153846153846    0.07692307692308    0.38461538461539             1
   -0.38461538461539    0.07692307692308    0.38461538461539             1
   -0.30769230769231    0.07692307692308    0.38461538461539             1
   -0.23076923076923    0.07692307692308    0.38461538461539             1
   -0.15384615384615    0.07692307692308    0.38461538461539             1
   -0.07692307692308    0.07692307692308    0.38461538461539             1
   -0.00000000000000    0.15384615384615    0.38461538461539             1
    0.07692307692308    0.15384615384615    0.38461538461539             1
    0.15384615384615    0.15384615384615    0.38461538461539             1
    0.23076923076923    0.15384615384615    0.38461538461539             1
    0.30769230769231    0.15384615384615    0.38461538461539             1
    0.38461538461539    0.15384615384615    0.38461538461539             1
    0.46153846153846    0.15384615384615    0.38461538461539             1
   -0.46153846153846    0.15384615384615    0.38461538461539             1
   -0.38461538461539    0.15384615384615    0.38461538461539             1
   -0.30769230769231    0.15384615384615    0.38461538461539             1
   -0.23076923076923    0.15384615384615    0.38461538461539             1
   -0.15384615384615    0.15384615384615    0.38461538461539             1
   -0.07692307692308    0.15384615384615    0.38461538461539             1
   -0.00000000000000    0.23076923076923    0.38461538461539             1
    0.07692307692308    0.23076923076923    0.38461538461539             1
    0.15384615384615    0.23076923076923    0.38461538461539             1
    0.23076923076923    0.23076923076923    0.38461538461539             1
    0.30769230769231    0.23076923076923    0.38461538461539             1
    0.38461538461539    0.23076923076923    0.38461538461539             1
    0.46153846153846    0.23076923076923    0.38461538461539             1
   -0.46153846153846    0.23076923076923    0.38461538461539             1
   -0.38461538461539    0.23076923076923    0.38461538461539             1
   -0.30769230769231    0.23076923076923    0.38461538461539             1
   -0.23076923076923    0.23076923076923    0.38461538461539             1
   -0.15384615384615    0.23076923076923    0.38461538461539             1
   -0.07692307692308    0.23076923076923    0.38461538461539             1
   -0.00000000000000    0.30769230769231    0.38461538461539             1
    0.07692307692308    0.30769230769231    0.38461538461539             1
    0.15384615384615    0.30769230769231    0.38461538461539             1
    0.23076923076923    0.30769230769231    0.38461538461539             1
    0.30769230769231    0.30769230769231    0.38461538461539             1
    0.38461538461539    0.30769230769231    0.38461538461539             1
    0.46153846153846    0.30769230769231    0.38461538461539             1
   -0.46153846153846    0.30769230769231    0.38461538461539             1
   -0.38461538461539    0.30769230769231    0.38461538461539             1
   -0.30769230769231    0.30769230769231    0.38461538461539             1
   -0.23076923076923    0.30769230769231    0.38461538461539             1
   -0.15384615384615    0.30769230769231    0.38461538461539             1
   -0.07692307692308    0.30769230769231    0.38461538461539             1
   -0.00000000000000    0.38461538461539    0.38461538461539             1
    0.07692307692308    0.38461538461539    0.38461538461539             1
    0.15384615384615    0.38461538461539    0.38461538461539             1
    0.23076923076923    0.38461538461539    0.38461538461539             1
    0.30769230769231    0.38461538461539    0.38461538461539             1
    0.38461538461539    0.38461538461539    0.38461538461539             1
    0.46153846153846    0.38461538461539    0.38461538461539             1
   -0.46153846153846    0.38461538461539    0.38461538461539             1
   -0.38461538461539    0.38461538461539    0.38461538461539             1
   -0.30769230769231    0.38461538461539    0.38461538461539             1
   -0.23076923076923    0.38461538461539    0.38461538461539             1
   -0.15384615384615    0.38461538461539    0.38461538461539             1
   -0.07692307692308    0.38461538461539    0.38461538461539             1
   -0.00000000000000    0.46153846153846    0.38461538461539             1
    0.07692307692308    0.46153846153846    0.38461538461539             1
    0.15384615384615    0.46153846153846    0.38461538461539             1
    0.23076923076923    0.46153846153846    0.38461538461539             1
    0.30769230769231    0.46153846153846    0.38461538461539             1
    0.38461538461539    0.46153846153846    0.38461538461539             1
    0.46153846153846    0.46153846153846    0.38461538461539             1
   -0.46153846153846    0.46153846153846    0.38461538461539             1
   -0.38461538461539    0.46153846153846    0.38461538461539             1
   -0.30769230769231    0.46153846153846    0.38461538461539             1
   -0.23076923076923    0.46153846153846    0.38461538461539             1
   -0.15384615384615    0.46153846153846    0.38461538461539             1
   -0.07692307692308    0.46153846153846    0.38461538461539             1
   -0.00000000000000   -0.46153846153846    0.38461538461539             1
    0.07692307692308   -0.46153846153846    0.38461538461539             1
    0.15384615384615   -0.46153846153846    0.38461538461539             1
    0.23076923076923   -0.46153846153846    0.38461538461539             1
    0.30769230769231   -0.46153846153846    0.38461538461539             1
    0.38461538461539   -0.46153846153846    0.38461538461539             1
    0.46153846153846   -0.46153846153846    0.38461538461539             1
   -0.46153846153846   -0.46153846153846    0.38461538461539             1
   -0.38461538461539   -0.46153846153846    0.38461538461539             1
   -0.30769230769231   -0.46153846153846    0.38461538461539             1
   -0.23076923076923   -0.46153846153846    0.38461538461539             1
   -0.15384615384615   -0.46153846153846    0.38461538461539             1
   -0.07692307692308   -0.46153846153846    0.38461538461539             1
   -0.00000000000000   -0.38461538461539    0.38461538461539             1
    0.07692307692308   -0.38461538461539    0.38461538461539             1
    0.15384615384615   -0.38461538461539    0.38461538461539             1
    0.23076923076923   -0.38461538461539    0.38461538461539             1
    0.30769230769231   -0.38461538461539    0.38461538461539             1
    0.38461538461539   -0.38461538461539    0.38461538461539             1
    0.46153846153846   -0.38461538461539    0.38461538461539             1
   -0.46153846153846   -0.38461538461539    0.38461538461539             1
   -0.38461538461539   -0.38461538461539    0.38461538461539             1
   -0.30769230769231   -0.38461538461539    0.38461538461539             1
   -0.23076923076923   -0.38461538461539    0.38461538461539             1
   -0.15384615384615   -0.38461538461539    0.38461538461539             1
   -0.07692307692308   -0.38461538461539    0.38461538461539             1
   -0.00000000000000   -0.30769230769231    0.38461538461539             1
    0.07692307692308   -0.30769230769231    0.38461538461539             1
    0.15384615384615   -0.30769230769231    0.38461538461539             1
    0.23076923076923   -0.30769230769231    0.38461538461539             1
    0.30769230769231   -0.30769230769231    0.38461538461539             1
    0.38461538461539   -0.30769230769231    0.38461538461539             1
    0.46153846153846   -0.30769230769231    0.38461538461539             1
   -0.46153846153846   -0.30769230769231    0.38461538461539             1
   -0.38461538461539   -0.30769230769231    0.38461538461539             1
   -0.30769230769231   -0.30769230769231    0.38461538461539             1
   -0.23076923076923   -0.30769230769231    0.38461538461539             1
   -0.15384615384615   -0.30769230769231    0.38461538461539             1
   -0.07692307692308   -0.30769230769231    0.38461538461539             1
   -0.00000000000000   -0.23076923076923    0.38461538461539             1
    0.07692307692308   -0.23076923076923    0.38461538461539             1
    0.15384615384615   -0.23076923076923    0.38461538461539             1
    0.23076923076923   -0.23076923076923    0.38461538461539             1
    0.30769230769231   -0.23076923076923    0.38461538461539             1
    0.38461538461539   -0.23076923076923    0.38461538461539             1
    0.46153846153846   -0.23076923076923    0.38461538461539             1
   -0.46153846153846   -0.23076923076923    0.38461538461539             1
   -0.38461538461539   -0.23076923076923    0.38461538461539             1
   -0.30769230769231   -0.23076923076923    0.38461538461539             1
   -0.23076923076923   -0.23076923076923    0.38461538461539             1
   -0.15384615384615   -0.23076923076923    0.38461538461539             1
   -0.07692307692308   -0.23076923076923    0.38461538461539             1
   -0.00000000000000   -0.15384615384615    0.38461538461539             1
    0.07692307692308   -0.15384615384615    0.38461538461539             1
    0.15384615384615   -0.15384615384615    0.38461538461539             1
    0.23076923076923   -0.15384615384615    0.38461538461539             1
    0.30769230769231   -0.15384615384615    0.38461538461539             1
    0.38461538461539   -0.15384615384615    0.38461538461539             1
    0.46153846153846   -0.15384615384615    0.38461538461539             1
   -0.46153846153846   -0.15384615384615    0.38461538461539             1
   -0.38461538461539   -0.15384615384615    0.38461538461539             1
   -0.30769230769231   -0.15384615384615    0.38461538461539             1
   -0.23076923076923   -0.15384615384615    0.38461538461539             1
   -0.15384615384615   -0.15384615384615    0.38461538461539             1
   -0.07692307692308   -0.15384615384615    0.38461538461539             1
   -0.00000000000000   -0.07692307692308    0.38461538461539             1
    0.07692307692308   -0.07692307692308    0.38461538461539             1
    0.15384615384615   -0.07692307692308    0.38461538461539             1
    0.23076923076923   -0.07692307692308    0.38461538461539             1
    0.30769230769231   -0.07692307692308    0.38461538461539             1
    0.38461538461539   -0.07692307692308    0.38461538461539             1
    0.46153846153846   -0.07692307692308    0.38461538461539             1
   -0.46153846153846   -0.07692307692308    0.38461538461539             1
   -0.38461538461539   -0.07692307692308    0.38461538461539             1
   -0.30769230769231   -0.07692307692308    0.38461538461539             1
   -0.23076923076923   -0.07692307692308    0.38461538461539             1
   -0.15384615384615   -0.07692307692308    0.38461538461539             1
   -0.07692307692308   -0.07692307692308    0.38461538461539             1
    0.00000000000000   -0.00000000000000    0.46153846153846             1
    0.07692307692308   -0.00000000000000    0.46153846153846             1
    0.15384615384615   -0.00000000000000    0.46153846153846             1
    0.23076923076923   -0.00000000000000    0.46153846153846             1
    0.30769230769231   -0.00000000000000    0.46153846153846             1
    0.38461538461539   -0.00000000000000    0.46153846153846             1
    0.46153846153846   -0.00000000000000    0.46153846153846             1
   -0.46153846153846   -0.00000000000000    0.46153846153846             1
   -0.38461538461539   -0.00000000000000    0.46153846153846             1
   -0.30769230769231   -0.00000000000000    0.46153846153846             1
   -0.23076923076923   -0.00000000000000    0.46153846153846             1
   -0.15384615384615   -0.00000000000000    0.46153846153846             1
   -0.07692307692308   -0.00000000000000    0.46153846153846             1
    0.00000000000000    0.07692307692308    0.46153846153846             1
    0.07692307692308    0.07692307692308    0.46153846153846             1
    0.15384615384615    0.07692307692308    0.46153846153846             1
    0.23076923076923    0.07692307692308    0.46153846153846             1
    0.30769230769231    0.07692307692308    0.46153846153846             1
    0.38461538461539    0.07692307692308    0.46153846153846             1
    0.46153846153846    0.07692307692308    0.46153846153846             1
   -0.46153846153846    0.07692307692308    0.46153846153846             1
   -0.38461538461539    0.07692307692308    0.46153846153846             1
   -0.30769230769231    0.07692307692308    0.46153846153846             1
   -0.23076923076923    0.07692307692308    0.46153846153846             1
   -0.15384615384615    0.07692307692308    0.46153846153846             1
   -0.07692307692308    0.07692307692308    0.46153846153846             1
    0.00000000000000    0.15384615384615    0.46153846153846             1
    0.07692307692308    0.15384615384615    0.46153846153846             1
    0.15384615384615    0.15384615384615    0.46153846153846             1
    0.23076923076923    0.15384615384615    0.46153846153846             1
    0.30769230769231    0.15384615384615    0.46153846153846             1
    0.38461538461539    0.15384615384615    0.46153846153846             1
    0.46153846153846    0.15384615384615    0.46153846153846             1
   -0.46153846153846    0.15384615384615    0.46153846153846             1
   -0.38461538461539    0.15384615384615    0.46153846153846             1
   -0.30769230769231    0.15384615384615    0.46153846153846             1
   -0.23076923076923    0.15384615384615    0.46153846153846             1
   -0.15384615384615    0.15384615384615    0.46153846153846             1
   -0.07692307692308    0.15384615384615    0.46153846153846             1
    0.00000000000000    0.23076923076923    0.46153846153846             1
    0.07692307692308    0.23076923076923    0.46153846153846             1
    0.15384615384615    0.23076923076923    0.46153846153846             1
    0.23076923076923    0.23076923076923    0.46153846153846             1
    0.30769230769231    0.23076923076923    0.46153846153846             1
    0.38461538461539    0.23076923076923    0.46153846153846             1
    0.46153846153846    0.23076923076923    0.46153846153846             1
   -0.46153846153846    0.23076923076923    0.46153846153846             1
   -0.38461538461539    0.23076923076923    0.46153846153846             1
   -0.30769230769231    0.23076923076923    0.46153846153846             1
   -0.23076923076923    0.23076923076923    0.46153846153846             1
   -0.15384615384615    0.23076923076923    0.46153846153846             1
   -0.07692307692308    0.23076923076923    0.46153846153846             1
    0.00000000000000    0.30769230769231    0.46153846153846             1
    0.07692307692308    0.30769230769231    0.46153846153846             1
    0.15384615384615    0.30769230769231    0.46153846153846             1
    0.23076923076923    0.30769230769231    0.46153846153846             1
    0.30769230769231    0.30769230769231    0.46153846153846             1
    0.38461538461539    0.30769230769231    0.46153846153846             1
    0.46153846153846    0.30769230769231    0.46153846153846             1
   -0.46153846153846    0.30769230769231    0.46153846153846             1
   -0.38461538461539    0.30769230769231    0.46153846153846             1
   -0.30769230769231    0.30769230769231    0.46153846153846             1
   -0.23076923076923    0.30769230769231    0.46153846153846             1
   -0.15384615384615    0.30769230769231    0.46153846153846             1
   -0.07692307692308    0.30769230769231    0.46153846153846             1
    0.00000000000000    0.38461538461539    0.46153846153846             1
    0.07692307692308    0.38461538461539    0.46153846153846             1
    0.15384615384615    0.38461538461539    0.46153846153846             1
    0.23076923076923    0.38461538461539    0.46153846153846             1
    0.30769230769231    0.38461538461539    0.46153846153846             1
    0.38461538461539    0.38461538461539    0.46153846153846             1
    0.46153846153846    0.38461538461539    0.46153846153846             1
   -0.46153846153846    0.38461538461539    0.46153846153846             1
   -0.38461538461539    0.38461538461539    0.46153846153846             1
   -0.30769230769231    0.38461538461539    0.46153846153846             1
   -0.23076923076923    0.38461538461539    0.46153846153846             1
   -0.15384615384615    0.38461538461539    0.46153846153846             1
   -0.07692307692308    0.38461538461539    0.46153846153846             1
    0.00000000000000    0.46153846153846    0.46153846153846             1
    0.07692307692308    0.46153846153846    0.46153846153846             1
    0.15384615384615    0.46153846153846    0.46153846153846             1
    0.23076923076923    0.46153846153846    0.46153846153846             1
    0.30769230769231    0.46153846153846    0.46153846153846             1
    0.38461538461539    0.46153846153846    0.46153846153846             1
    0.46153846153846    0.46153846153846    0.46153846153846             1
   -0.46153846153846    0.46153846153846    0.46153846153846             1
   -0.38461538461539    0.46153846153846    0.46153846153846             1
   -0.30769230769231    0.46153846153846    0.46153846153846             1
   -0.23076923076923    0.46153846153846    0.46153846153846             1
   -0.15384615384615    0.46153846153846    0.46153846153846             1
   -0.07692307692308    0.46153846153846    0.46153846153846             1
    0.00000000000000   -0.46153846153846    0.46153846153846             1
    0.07692307692308   -0.46153846153846    0.46153846153846             1
    0.15384615384615   -0.46153846153846    0.46153846153846             1
    0.23076923076923   -0.46153846153846    0.46153846153846             1
    0.30769230769231   -0.46153846153846    0.46153846153846             1
    0.38461538461539   -0.46153846153846    0.46153846153846             1
    0.46153846153846   -0.46153846153846    0.46153846153846             1
   -0.46153846153846   -0.46153846153846    0.46153846153846             1
   -0.38461538461539   -0.46153846153846    0.46153846153846             1
   -0.30769230769231   -0.46153846153846    0.46153846153846             1
   -0.23076923076923   -0.46153846153846    0.46153846153846             1
   -0.15384615384615   -0.46153846153846    0.46153846153846             1
   -0.07692307692308   -0.46153846153846    0.46153846153846             1
    0.00000000000000   -0.38461538461539    0.46153846153846             1
    0.07692307692308   -0.38461538461539    0.46153846153846             1
    0.15384615384615   -0.38461538461539    0.46153846153846             1
    0.23076923076923   -0.38461538461539    0.46153846153846             1
    0.30769230769231   -0.38461538461539    0.46153846153846             1
    0.38461538461539   -0.38461538461539    0.46153846153846             1
    0.46153846153846   -0.38461538461539    0.46153846153846             1
   -0.46153846153846   -0.38461538461539    0.46153846153846             1
   -0.38461538461539   -0.38461538461539    0.46153846153846             1
   -0.30769230769231   -0.38461538461539    0.46153846153846             1
   -0.23076923076923   -0.38461538461539    0.46153846153846             1
   -0.15384615384615   -0.38461538461539    0.46153846153846             1
   -0.07692307692308   -0.38461538461539    0.46153846153846             1
    0.00000000000000   -0.30769230769231    0.46153846153846             1
    0.07692307692308   -0.30769230769231    0.46153846153846             1
    0.15384615384615   -0.30769230769231    0.46153846153846             1
    0.23076923076923   -0.30769230769231    0.46153846153846             1
    0.30769230769231   -0.30769230769231    0.46153846153846             1
    0.38461538461539   -0.30769230769231    0.46153846153846             1
    0.46153846153846   -0.30769230769231    0.46153846153846             1
   -0.46153846153846   -0.30769230769231    0.46153846153846             1
   -0.38461538461539   -0.30769230769231    0.46153846153846             1
   -0.30769230769231   -0.30769230769231    0.46153846153846             1
   -0.23076923076923   -0.30769230769231    0.46153846153846             1
   -0.15384615384615   -0.30769230769231    0.46153846153846             1
   -0.07692307692308   -0.30769230769231    0.46153846153846             1
    0.00000000000000   -0.23076923076923    0.46153846153846             1
    0.07692307692308   -0.23076923076923    0.46153846153846             1
    0.15384615384615   -0.23076923076923    0.46153846153846             1
    0.23076923076923   -0.23076923076923    0.46153846153846             1
    0.30769230769231   -0.23076923076923    0.46153846153846             1
    0.38461538461539   -0.23076923076923    0.46153846153846             1
    0.46153846153846   -0.23076923076923    0.46153846153846             1
   -0.46153846153846   -0.23076923076923    0.46153846153846             1
   -0.38461538461539   -0.23076923076923    0.46153846153846             1
   -0.30769230769231   -0.23076923076923    0.46153846153846             1
   -0.23076923076923   -0.23076923076923    0.46153846153846             1
   -0.15384615384615   -0.23076923076923    0.46153846153846             1
   -0.07692307692308   -0.23076923076923    0.46153846153846             1
    0.00000000000000   -0.15384615384615    0.46153846153846             1
    0.07692307692308   -0.15384615384615    0.46153846153846             1
    0.15384615384615   -0.15384615384615    0.46153846153846             1
    0.23076923076923   -0.15384615384615    0.46153846153846             1
    0.30769230769231   -0.15384615384615    0.46153846153846             1
    0.38461538461539   -0.15384615384615    0.46153846153846             1
    0.46153846153846   -0.15384615384615    0.46153846153846             1
   -0.46153846153846   -0.15384615384615    0.46153846153846             1
   -0.38461538461539   -0.15384615384615    0.46153846153846             1
   -0.30769230769231   -0.15384615384615    0.46153846153846             1
   -0.23076923076923   -0.15384615384615    0.46153846153846             1
   -0.15384615384615   -0.15384615384615    0.46153846153846             1
   -0.07692307692308   -0.15384615384615    0.46153846153846             1
    0.00000000000000   -0.07692307692308    0.46153846153846             1
    0.07692307692308   -0.07692307692308    0.46153846153846             1
    0.15384615384615   -0.07692307692308    0.46153846153846             1
    0.23076923076923   -0.07692307692308    0.46153846153846             1
    0.30769230769231   -0.07692307692308    0.46153846153846             1
    0.38461538461539   -0.07692307692308    0.46153846153846             1
    0.46153846153846   -0.07692307692308    0.46153846153846             1
   -0.46153846153846   -0.07692307692308    0.46153846153846             1
   -0.38461538461539   -0.07692307692308    0.46153846153846             1
   -0.30769230769231   -0.07692307692308    0.46153846153846             1
   -0.23076923076923   -0.07692307692308    0.46153846153846             1
   -0.15384615384615   -0.07692307692308    0.46153846153846             1
   -0.07692307692308   -0.07692307692308    0.46153846153846             1
    0.00000000000000    0.00000000000000   -0.46153846153846             1
    0.07692307692308    0.00000000000000   -0.46153846153846             1
    0.15384615384615    0.00000000000000   -0.46153846153846             1
    0.23076923076923    0.00000000000000   -0.46153846153846             1
    0.30769230769231    0.00000000000000   -0.46153846153846             1
    0.38461538461539    0.00000000000000   -0.46153846153846             1
    0.46153846153846    0.00000000000000   -0.46153846153846             1
   -0.46153846153846    0.00000000000000   -0.46153846153846             1
   -0.38461538461539    0.00000000000000   -0.46153846153846             1
   -0.30769230769231    0.00000000000000   -0.46153846153846             1
   -0.23076923076923    0.00000000000000   -0.46153846153846             1
   -0.15384615384615    0.00000000000000   -0.46153846153846             1
   -0.07692307692308    0.00000000000000   -0.46153846153846             1
    0.00000000000000    0.07692307692308   -0.46153846153846             1
    0.07692307692308    0.07692307692308   -0.46153846153846             1
    0.15384615384615    0.07692307692308   -0.46153846153846             1
    0.23076923076923    0.07692307692308   -0.46153846153846             1
    0.30769230769231    0.07692307692308   -0.46153846153846             1
    0.38461538461539    0.07692307692308   -0.46153846153846             1
    0.46153846153846    0.07692307692308   -0.46153846153846             1
   -0.46153846153846    0.07692307692308   -0.46153846153846             1
   -0.38461538461539    0.07692307692308   -0.46153846153846             1
   -0.30769230769231    0.07692307692308   -0.46153846153846             1
   -0.23076923076923    0.07692307692308   -0.46153846153846             1
   -0.15384615384615    0.07692307692308   -0.46153846153846             1
   -0.07692307692308    0.07692307692308   -0.46153846153846             1
    0.00000000000000    0.15384615384615   -0.46153846153846             1
    0.07692307692308    0.15384615384615   -0.46153846153846             1
    0.15384615384615    0.15384615384615   -0.46153846153846             1
    0.23076923076923    0.15384615384615   -0.46153846153846             1
    0.30769230769231    0.15384615384615   -0.46153846153846             1
    0.38461538461539    0.15384615384615   -0.46153846153846             1
    0.46153846153846    0.15384615384615   -0.46153846153846             1
   -0.46153846153846    0.15384615384615   -0.46153846153846             1
   -0.38461538461539    0.15384615384615   -0.46153846153846             1
   -0.30769230769231    0.15384615384615   -0.46153846153846             1
   -0.23076923076923    0.15384615384615   -0.46153846153846             1
   -0.15384615384615    0.15384615384615   -0.46153846153846             1
   -0.07692307692308    0.15384615384615   -0.46153846153846             1
    0.00000000000000    0.23076923076923   -0.46153846153846             1
    0.07692307692308    0.23076923076923   -0.46153846153846             1
    0.15384615384615    0.23076923076923   -0.46153846153846             1
    0.23076923076923    0.23076923076923   -0.46153846153846             1
    0.30769230769231    0.23076923076923   -0.46153846153846             1
    0.38461538461539    0.23076923076923   -0.46153846153846             1
    0.46153846153846    0.23076923076923   -0.46153846153846             1
   -0.46153846153846    0.23076923076923   -0.46153846153846             1
   -0.38461538461539    0.23076923076923   -0.46153846153846             1
   -0.30769230769231    0.23076923076923   -0.46153846153846             1
   -0.23076923076923    0.23076923076923   -0.46153846153846             1
   -0.15384615384615    0.23076923076923   -0.46153846153846             1
   -0.07692307692308    0.23076923076923   -0.46153846153846             1
    0.00000000000000    0.30769230769231   -0.46153846153846             1
    0.07692307692308    0.30769230769231   -0.46153846153846             1
    0.15384615384615    0.30769230769231   -0.46153846153846             1
    0.23076923076923    0.30769230769231   -0.46153846153846             1
    0.30769230769231    0.30769230769231   -0.46153846153846             1
    0.38461538461539    0.30769230769231   -0.46153846153846             1
    0.46153846153846    0.30769230769231   -0.46153846153846             1
   -0.46153846153846    0.30769230769231   -0.46153846153846             1
   -0.38461538461539    0.30769230769231   -0.46153846153846             1
   -0.30769230769231    0.30769230769231   -0.46153846153846             1
   -0.23076923076923    0.30769230769231   -0.46153846153846             1
   -0.15384615384615    0.30769230769231   -0.46153846153846             1
   -0.07692307692308    0.30769230769231   -0.46153846153846             1
    0.00000000000000    0.38461538461539   -0.46153846153846             1
    0.07692307692308    0.38461538461539   -0.46153846153846             1
    0.15384615384615    0.38461538461539   -0.46153846153846             1
    0.23076923076923    0.38461538461539   -0.46153846153846             1
    0.30769230769231    0.38461538461539   -0.46153846153846             1
    0.38461538461539    0.38461538461539   -0.46153846153846             1
    0.46153846153846    0.38461538461539   -0.46153846153846             1
   -0.46153846153846    0.38461538461539   -0.46153846153846             1
   -0.38461538461539    0.38461538461539   -0.46153846153846             1
   -0.30769230769231    0.38461538461539   -0.46153846153846             1
   -0.23076923076923    0.38461538461539   -0.46153846153846             1
   -0.15384615384615    0.38461538461539   -0.46153846153846             1
   -0.07692307692308    0.38461538461539   -0.46153846153846             1
    0.00000000000000    0.46153846153846   -0.46153846153846             1
    0.07692307692308    0.46153846153846   -0.46153846153846             1
    0.15384615384615    0.46153846153846   -0.46153846153846             1
    0.23076923076923    0.46153846153846   -0.46153846153846             1
    0.30769230769231    0.46153846153846   -0.46153846153846             1
    0.38461538461539    0.46153846153846   -0.46153846153846             1
    0.46153846153846    0.46153846153846   -0.46153846153846             1
   -0.46153846153846    0.46153846153846   -0.46153846153846             1
   -0.38461538461539    0.46153846153846   -0.46153846153846             1
   -0.30769230769231    0.46153846153846   -0.46153846153846             1
   -0.23076923076923    0.46153846153846   -0.46153846153846             1
   -0.15384615384615    0.46153846153846   -0.46153846153846             1
   -0.07692307692308    0.46153846153846   -0.46153846153846             1
    0.00000000000000   -0.46153846153846   -0.46153846153846             1
    0.07692307692308   -0.46153846153846   -0.46153846153846             1
    0.15384615384615   -0.46153846153846   -0.46153846153846             1
    0.23076923076923   -0.46153846153846   -0.46153846153846             1
    0.30769230769231   -0.46153846153846   -0.46153846153846             1
    0.38461538461539   -0.46153846153846   -0.46153846153846             1
    0.46153846153846   -0.46153846153846   -0.46153846153846             1
   -0.46153846153846   -0.46153846153846   -0.46153846153846             1
   -0.38461538461539   -0.46153846153846   -0.46153846153846             1
   -0.30769230769231   -0.46153846153846   -0.46153846153846             1
   -0.23076923076923   -0.46153846153846   -0.46153846153846             1
   -0.15384615384615   -0.46153846153846   -0.46153846153846             1
   -0.07692307692308   -0.46153846153846   -0.46153846153846             1
    0.00000000000000   -0.38461538461539   -0.46153846153846             1
    0.07692307692308   -0.38461538461539   -0.46153846153846             1
    0.15384615384615   -0.38461538461539   -0.46153846153846             1
    0.23076923076923   -0.38461538461539   -0.46153846153846             1
    0.30769230769231   -0.38461538461539   -0.46153846153846             1
    0.38461538461539   -0.38461538461539   -0.46153846153846             1
    0.46153846153846   -0.38461538461539   -0.46153846153846             1
   -0.46153846153846   -0.38461538461539   -0.46153846153846             1
   -0.38461538461539   -0.38461538461539   -0.46153846153846             1
   -0.30769230769231   -0.38461538461539   -0.46153846153846             1
   -0.23076923076923   -0.38461538461539   -0.46153846153846             1
   -0.15384615384615   -0.38461538461539   -0.46153846153846             1
   -0.07692307692308   -0.38461538461539   -0.46153846153846             1
    0.00000000000000   -0.30769230769231   -0.46153846153846             1
    0.07692307692308   -0.30769230769231   -0.46153846153846             1
    0.15384615384615   -0.30769230769231   -0.46153846153846             1
    0.23076923076923   -0.30769230769231   -0.46153846153846             1
    0.30769230769231   -0.30769230769231   -0.46153846153846             1
    0.38461538461539   -0.30769230769231   -0.46153846153846             1
    0.46153846153846   -0.30769230769231   -0.46153846153846             1
   -0.46153846153846   -0.30769230769231   -0.46153846153846             1
   -0.38461538461539   -0.30769230769231   -0.46153846153846             1
   -0.30769230769231   -0.30769230769231   -0.46153846153846             1
   -0.23076923076923   -0.30769230769231   -0.46153846153846             1
   -0.15384615384615   -0.30769230769231   -0.46153846153846             1
   -0.07692307692308   -0.30769230769231   -0.46153846153846             1
    0.00000000000000   -0.23076923076923   -0.46153846153846             1
    0.07692307692308   -0.23076923076923   -0.46153846153846             1
    0.15384615384615   -0.23076923076923   -0.46153846153846             1
    0.23076923076923   -0.23076923076923   -0.46153846153846             1
    0.30769230769231   -0.23076923076923   -0.46153846153846             1
    0.38461538461539   -0.23076923076923   -0.46153846153846             1
    0.46153846153846   -0.23076923076923   -0.46153846153846             1
   -0.46153846153846   -0.23076923076923   -0.46153846153846             1
   -0.38461538461539   -0.23076923076923   -0.46153846153846             1
   -0.30769230769231   -0.23076923076923   -0.46153846153846             1
   -0.23076923076923   -0.23076923076923   -0.46153846153846             1
   -0.15384615384615   -0.23076923076923   -0.46153846153846             1
   -0.07692307692308   -0.23076923076923   -0.46153846153846             1
    0.00000000000000   -0.15384615384615   -0.46153846153846             1
    0.07692307692308   -0.15384615384615   -0.46153846153846             1
    0.15384615384615   -0.15384615384615   -0.46153846153846             1
    0.23076923076923   -0.15384615384615   -0.46153846153846             1
    0.30769230769231   -0.15384615384615   -0.46153846153846             1
    0.38461538461539   -0.15384615384615   -0.46153846153846             1
    0.46153846153846   -0.15384615384615   -0.46153846153846             1
   -0.46153846153846   -0.15384615384615   -0.46153846153846             1
   -0.38461538461539   -0.15384615384615   -0.46153846153846             1
   -0.30769230769231   -0.15384615384615   -0.46153846153846             1
   -0.23076923076923   -0.15384615384615   -0.46153846153846             1
   -0.15384615384615   -0.15384615384615   -0.46153846153846             1
   -0.07692307692308   -0.15384615384615   -0.46153846153846             1
    0.00000000000000   -0.07692307692308   -0.46153846153846             1
    0.07692307692308   -0.07692307692308   -0.46153846153846             1
    0.15384615384615   -0.07692307692308   -0.46153846153846             1
    0.23076923076923   -0.07692307692308   -0.46153846153846             1
    0.30769230769231   -0.07692307692308   -0.46153846153846             1
    0.38461538461539   -0.07692307692308   -0.46153846153846             1
    0.46153846153846   -0.07692307692308   -0.46153846153846             1
   -0.46153846153846   -0.07692307692308   -0.46153846153846             1
   -0.38461538461539   -0.07692307692308   -0.46153846153846             1
   -0.30769230769231   -0.07692307692308   -0.46153846153846             1
   -0.23076923076923   -0.07692307692308   -0.46153846153846             1
   -0.15384615384615   -0.07692307692308   -0.46153846153846             1
   -0.07692307692308   -0.07692307692308   -0.46153846153846             1
    0.00000000000000    0.00000000000000   -0.38461538461539             1
    0.07692307692308    0.00000000000000   -0.38461538461539             1
    0.15384615384615    0.00000000000000   -0.38461538461539             1
    0.23076923076923    0.00000000000000   -0.38461538461539             1
    0.30769230769231    0.00000000000000   -0.38461538461539             1
    0.38461538461539    0.00000000000000   -0.38461538461539             1
    0.46153846153846    0.00000000000000   -0.38461538461539             1
   -0.46153846153846    0.00000000000000   -0.38461538461539             1
   -0.38461538461539    0.00000000000000   -0.38461538461539             1
   -0.30769230769231    0.00000000000000   -0.38461538461539             1
   -0.23076923076923    0.00000000000000   -0.38461538461539             1
   -0.15384615384615    0.00000000000000   -0.38461538461539             1
   -0.07692307692308    0.00000000000000   -0.38461538461539             1
    0.00000000000000    0.07692307692308   -0.38461538461539             1
    0.07692307692308    0.07692307692308   -0.38461538461539             1
    0.15384615384615    0.07692307692308   -0.38461538461539             1
    0.23076923076923    0.07692307692308   -0.38461538461539             1
    0.30769230769231    0.07692307692308   -0.38461538461539             1
    0.38461538461539    0.07692307692308   -0.38461538461539             1
    0.46153846153846    0.07692307692308   -0.38461538461539             1
   -0.46153846153846    0.07692307692308   -0.38461538461539             1
   -0.38461538461539    0.07692307692308   -0.38461538461539             1
   -0.30769230769231    0.07692307692308   -0.38461538461539             1
   -0.23076923076923    0.07692307692308   -0.38461538461539             1
   -0.15384615384615    0.07692307692308   -0.38461538461539             1
   -0.07692307692308    0.07692307692308   -0.38461538461539             1
    0.00000000000000    0.15384615384615   -0.38461538461539             1
    0.07692307692308    0.15384615384615   -0.38461538461539             1
    0.15384615384615    0.15384615384615   -0.38461538461539             1
    0.23076923076923    0.15384615384615   -0.38461538461539             1
    0.30769230769231    0.15384615384615   -0.38461538461539             1
    0.38461538461539    0.15384615384615   -0.38461538461539             1
    0.46153846153846    0.15384615384615   -0.38461538461539             1
   -0.46153846153846    0.15384615384615   -0.38461538461539             1
   -0.38461538461539    0.15384615384615   -0.38461538461539             1
   -0.30769230769231    0.15384615384615   -0.38461538461539             1
   -0.23076923076923    0.15384615384615   -0.38461538461539             1
   -0.15384615384615    0.15384615384615   -0.38461538461539             1
   -0.07692307692308    0.15384615384615   -0.38461538461539             1
    0.00000000000000    0.23076923076923   -0.38461538461539             1
    0.07692307692308    0.23076923076923   -0.38461538461539             1
    0.15384615384615    0.23076923076923   -0.38461538461539             1
    0.23076923076923    0.23076923076923   -0.38461538461539             1
    0.30769230769231    0.23076923076923   -0.38461538461539             1
    0.38461538461539    0.23076923076923   -0.38461538461539             1
    0.46153846153846    0.23076923076923   -0.38461538461539             1
   -0.46153846153846    0.23076923076923   -0.38461538461539             1
   -0.38461538461539    0.23076923076923   -0.38461538461539             1
   -0.30769230769231    0.23076923076923   -0.38461538461539             1
   -0.23076923076923    0.23076923076923   -0.38461538461539             1
   -0.15384615384615    0.23076923076923   -0.38461538461539             1
   -0.07692307692308    0.23076923076923   -0.38461538461539             1
    0.00000000000000    0.30769230769231   -0.38461538461539             1
    0.07692307692308    0.30769230769231   -0.38461538461539             1
    0.15384615384615    0.30769230769231   -0.38461538461539             1
    0.23076923076923    0.30769230769231   -0.38461538461539             1
    0.30769230769231    0.30769230769231   -0.38461538461539             1
    0.38461538461539    0.30769230769231   -0.38461538461539             1
    0.46153846153846    0.30769230769231   -0.38461538461539             1
   -0.46153846153846    0.30769230769231   -0.38461538461539             1
   -0.38461538461539    0.30769230769231   -0.38461538461539             1
   -0.30769230769231    0.30769230769231   -0.38461538461539             1
   -0.23076923076923    0.30769230769231   -0.38461538461539             1
   -0.15384615384615    0.30769230769231   -0.38461538461539             1
   -0.07692307692308    0.30769230769231   -0.38461538461539             1
    0.00000000000000    0.38461538461539   -0.38461538461539             1
    0.07692307692308    0.38461538461539   -0.38461538461539             1
    0.15384615384615    0.38461538461539   -0.38461538461539             1
    0.23076923076923    0.38461538461539   -0.38461538461539             1
    0.30769230769231    0.38461538461539   -0.38461538461539             1
    0.38461538461539    0.38461538461539   -0.38461538461539             1
    0.46153846153846    0.38461538461539   -0.38461538461539             1
   -0.46153846153846    0.38461538461539   -0.38461538461539             1
   -0.38461538461539    0.38461538461539   -0.38461538461539             1
   -0.30769230769231    0.38461538461539   -0.38461538461539             1
   -0.23076923076923    0.38461538461539   -0.38461538461539             1
   -0.15384615384615    0.38461538461539   -0.38461538461539             1
   -0.07692307692308    0.38461538461539   -0.38461538461539             1
    0.00000000000000    0.46153846153846   -0.38461538461539             1
    0.07692307692308    0.46153846153846   -0.38461538461539             1
    0.15384615384615    0.46153846153846   -0.38461538461539             1
    0.23076923076923    0.46153846153846   -0.38461538461539             1
    0.30769230769231    0.46153846153846   -0.38461538461539             1
    0.38461538461539    0.46153846153846   -0.38461538461539             1
    0.46153846153846    0.46153846153846   -0.38461538461539             1
   -0.46153846153846    0.46153846153846   -0.38461538461539             1
   -0.38461538461539    0.46153846153846   -0.38461538461539             1
   -0.30769230769231    0.46153846153846   -0.38461538461539             1
   -0.23076923076923    0.46153846153846   -0.38461538461539             1
   -0.15384615384615    0.46153846153846   -0.38461538461539             1
   -0.07692307692308    0.46153846153846   -0.38461538461539             1
    0.00000000000000   -0.46153846153846   -0.38461538461539             1
    0.07692307692308   -0.46153846153846   -0.38461538461539             1
    0.15384615384615   -0.46153846153846   -0.38461538461539             1
    0.23076923076923   -0.46153846153846   -0.38461538461539             1
    0.30769230769231   -0.46153846153846   -0.38461538461539             1
    0.38461538461539   -0.46153846153846   -0.38461538461539             1
    0.46153846153846   -0.46153846153846   -0.38461538461539             1
   -0.46153846153846   -0.46153846153846   -0.38461538461539             1
   -0.38461538461539   -0.46153846153846   -0.38461538461539             1
   -0.30769230769231   -0.46153846153846   -0.38461538461539             1
   -0.23076923076923   -0.46153846153846   -0.38461538461539             1
   -0.15384615384615   -0.46153846153846   -0.38461538461539             1
   -0.07692307692308   -0.46153846153846   -0.38461538461539             1
    0.00000000000000   -0.38461538461539   -0.38461538461539             1
    0.07692307692308   -0.38461538461539   -0.38461538461539             1
    0.15384615384615   -0.38461538461539   -0.38461538461539             1
    0.23076923076923   -0.38461538461539   -0.38461538461539             1
    0.30769230769231   -0.38461538461539   -0.38461538461539             1
    0.38461538461539   -0.38461538461539   -0.38461538461539             1
    0.46153846153846   -0.38461538461539   -0.38461538461539             1
   -0.46153846153846   -0.38461538461539   -0.38461538461539             1
   -0.38461538461539   -0.38461538461539   -0.38461538461539             1
   -0.30769230769231   -0.38461538461539   -0.38461538461539             1
   -0.23076923076923   -0.38461538461539   -0.38461538461539             1
   -0.15384615384615   -0.38461538461539   -0.38461538461539             1
   -0.07692307692308   -0.38461538461539   -0.38461538461539             1
    0.00000000000000   -0.30769230769231   -0.38461538461539             1
    0.07692307692308   -0.30769230769231   -0.38461538461539             1
    0.15384615384615   -0.30769230769231   -0.38461538461539             1
    0.23076923076923   -0.30769230769231   -0.38461538461539             1
    0.30769230769231   -0.30769230769231   -0.38461538461539             1
    0.38461538461539   -0.30769230769231   -0.38461538461539             1
    0.46153846153846   -0.30769230769231   -0.38461538461539             1
   -0.46153846153846   -0.30769230769231   -0.38461538461539             1
   -0.38461538461539   -0.30769230769231   -0.38461538461539             1
   -0.30769230769231   -0.30769230769231   -0.38461538461539             1
   -0.23076923076923   -0.30769230769231   -0.38461538461539             1
   -0.15384615384615   -0.30769230769231   -0.38461538461539             1
   -0.07692307692308   -0.30769230769231   -0.38461538461539             1
    0.00000000000000   -0.23076923076923   -0.38461538461539             1
    0.07692307692308   -0.23076923076923   -0.38461538461539             1
    0.15384615384615   -0.23076923076923   -0.38461538461539             1
    0.23076923076923   -0.23076923076923   -0.38461538461539             1
    0.30769230769231   -0.23076923076923   -0.38461538461539             1
    0.38461538461539   -0.23076923076923   -0.38461538461539             1
    0.46153846153846   -0.23076923076923   -0.38461538461539             1
   -0.46153846153846   -0.23076923076923   -0.38461538461539             1
   -0.38461538461539   -0.23076923076923   -0.38461538461539             1
   -0.30769230769231   -0.23076923076923   -0.38461538461539             1
   -0.23076923076923   -0.23076923076923   -0.38461538461539             1
   -0.15384615384615   -0.23076923076923   -0.38461538461539             1
   -0.07692307692308   -0.23076923076923   -0.38461538461539             1
    0.00000000000000   -0.15384615384615   -0.38461538461539             1
    0.07692307692308   -0.15384615384615   -0.38461538461539             1
    0.15384615384615   -0.15384615384615   -0.38461538461539             1
    0.23076923076923   -0.15384615384615   -0.38461538461539             1
    0.30769230769231   -0.15384615384615   -0.38461538461539             1
    0.38461538461539   -0.15384615384615   -0.38461538461539             1
    0.46153846153846   -0.15384615384615   -0.38461538461539             1
   -0.46153846153846   -0.15384615384615   -0.38461538461539             1
   -0.38461538461539   -0.15384615384615   -0.38461538461539             1
   -0.30769230769231   -0.15384615384615   -0.38461538461539             1
   -0.23076923076923   -0.15384615384615   -0.38461538461539             1
   -0.15384615384615   -0.15384615384615   -0.38461538461539             1
   -0.07692307692308   -0.15384615384615   -0.38461538461539             1
    0.00000000000000   -0.07692307692308   -0.38461538461539             1
    0.07692307692308   -0.07692307692308   -0.38461538461539             1
    0.15384615384615   -0.07692307692308   -0.38461538461539             1
    0.23076923076923   -0.07692307692308   -0.38461538461539             1
    0.30769230769231   -0.07692307692308   -0.38461538461539             1
    0.38461538461539   -0.07692307692308   -0.38461538461539             1
    0.46153846153846   -0.07692307692308   -0.38461538461539             1
   -0.46153846153846   -0.07692307692308   -0.38461538461539             1
   -0.38461538461539   -0.07692307692308   -0.38461538461539             1
   -0.30769230769231   -0.07692307692308   -0.38461538461539             1
   -0.23076923076923   -0.07692307692308   -0.38461538461539             1
   -0.15384615384615   -0.07692307692308   -0.38461538461539             1
   -0.07692307692308   -0.07692307692308   -0.38461538461539             1
    0.00000000000000    0.00000000000000   -0.30769230769231             1
    0.07692307692308    0.00000000000000   -0.30769230769231             1
    0.15384615384615    0.00000000000000   -0.30769230769231             1
    0.23076923076923    0.00000000000000   -0.30769230769231             1
    0.30769230769231    0.00000000000000   -0.30769230769231             1
    0.38461538461539    0.00000000000000   -0.30769230769231             1
    0.46153846153846    0.00000000000000   -0.30769230769231             1
   -0.46153846153846    0.00000000000000   -0.30769230769231             1
   -0.38461538461539    0.00000000000000   -0.30769230769231             1
   -0.30769230769231    0.00000000000000   -0.30769230769231             1
   -0.23076923076923    0.00000000000000   -0.30769230769231             1
   -0.15384615384615    0.00000000000000   -0.30769230769231             1
   -0.07692307692308    0.00000000000000   -0.30769230769231             1
    0.00000000000000    0.07692307692308   -0.30769230769231             1
    0.07692307692308    0.07692307692308   -0.30769230769231             1
    0.15384615384615    0.07692307692308   -0.30769230769231             1
    0.23076923076923    0.07692307692308   -0.30769230769231             1
    0.30769230769231    0.07692307692308   -0.30769230769231             1
    0.38461538461539    0.07692307692308   -0.30769230769231             1
    0.46153846153846    0.07692307692308   -0.30769230769231             1
   -0.46153846153846    0.07692307692308   -0.30769230769231             1
   -0.38461538461539    0.07692307692308   -0.30769230769231             1
   -0.30769230769231    0.07692307692308   -0.30769230769231             1
   -0.23076923076923    0.07692307692308   -0.30769230769231             1
   -0.15384615384615    0.07692307692308   -0.30769230769231             1
   -0.07692307692308    0.07692307692308   -0.30769230769231             1
    0.00000000000000    0.15384615384615   -0.30769230769231             1
    0.07692307692308    0.15384615384615   -0.30769230769231             1
    0.15384615384615    0.15384615384615   -0.30769230769231             1
    0.23076923076923    0.15384615384615   -0.30769230769231             1
    0.30769230769231    0.15384615384615   -0.30769230769231             1
    0.38461538461539    0.15384615384615   -0.30769230769231             1
    0.46153846153846    0.15384615384615   -0.30769230769231             1
   -0.46153846153846    0.15384615384615   -0.30769230769231             1
   -0.38461538461539    0.15384615384615   -0.30769230769231             1
   -0.30769230769231    0.15384615384615   -0.30769230769231             1
   -0.23076923076923    0.15384615384615   -0.30769230769231             1
   -0.15384615384615    0.15384615384615   -0.30769230769231             1
   -0.07692307692308    0.15384615384615   -0.30769230769231             1
    0.00000000000000    0.23076923076923   -0.30769230769231             1
    0.07692307692308    0.23076923076923   -0.30769230769231             1
    0.15384615384615    0.23076923076923   -0.30769230769231             1
    0.23076923076923    0.23076923076923   -0.30769230769231             1
    0.30769230769231    0.23076923076923   -0.30769230769231             1
    0.38461538461539    0.23076923076923   -0.30769230769231             1
    0.46153846153846    0.23076923076923   -0.30769230769231             1
   -0.46153846153846    0.23076923076923   -0.30769230769231             1
   -0.38461538461539    0.23076923076923   -0.30769230769231             1
   -0.30769230769231    0.23076923076923   -0.30769230769231             1
   -0.23076923076923    0.23076923076923   -0.30769230769231             1
   -0.15384615384615    0.23076923076923   -0.30769230769231             1
   -0.07692307692308    0.23076923076923   -0.30769230769231             1
    0.00000000000000    0.30769230769231   -0.30769230769231             1
    0.07692307692308    0.30769230769231   -0.30769230769231             1
    0.15384615384615    0.30769230769231   -0.30769230769231             1
    0.23076923076923    0.30769230769231   -0.30769230769231             1
    0.30769230769231    0.30769230769231   -0.30769230769231             1
    0.38461538461539    0.30769230769231   -0.30769230769231             1
    0.46153846153846    0.30769230769231   -0.30769230769231             1
   -0.46153846153846    0.30769230769231   -0.30769230769231             1
   -0.38461538461539    0.30769230769231   -0.30769230769231             1
   -0.30769230769231    0.30769230769231   -0.30769230769231             1
   -0.23076923076923    0.30769230769231   -0.30769230769231             1
   -0.15384615384615    0.30769230769231   -0.30769230769231             1
   -0.07692307692308    0.30769230769231   -0.30769230769231             1
    0.00000000000000    0.38461538461539   -0.30769230769231             1
    0.07692307692308    0.38461538461539   -0.30769230769231             1
    0.15384615384615    0.38461538461539   -0.30769230769231             1
    0.23076923076923    0.38461538461539   -0.30769230769231             1
    0.30769230769231    0.38461538461539   -0.30769230769231             1
    0.38461538461539    0.38461538461539   -0.30769230769231             1
    0.46153846153846    0.38461538461539   -0.30769230769231             1
   -0.46153846153846    0.38461538461539   -0.30769230769231             1
   -0.38461538461539    0.38461538461539   -0.30769230769231             1
   -0.30769230769231    0.38461538461539   -0.30769230769231             1
   -0.23076923076923    0.38461538461539   -0.30769230769231             1
   -0.15384615384615    0.38461538461539   -0.30769230769231             1
   -0.07692307692308    0.38461538461539   -0.30769230769231             1
    0.00000000000000    0.46153846153846   -0.30769230769231             1
    0.07692307692308    0.46153846153846   -0.30769230769231             1
    0.15384615384615    0.46153846153846   -0.30769230769231             1
    0.23076923076923    0.46153846153846   -0.30769230769231             1
    0.30769230769231    0.46153846153846   -0.30769230769231             1
    0.38461538461539    0.46153846153846   -0.30769230769231             1
    0.46153846153846    0.46153846153846   -0.30769230769231             1
   -0.46153846153846    0.46153846153846   -0.30769230769231             1
   -0.38461538461539    0.46153846153846   -0.30769230769231             1
   -0.30769230769231    0.46153846153846   -0.30769230769231             1
   -0.23076923076923    0.46153846153846   -0.30769230769231             1
   -0.15384615384615    0.46153846153846   -0.30769230769231             1
   -0.07692307692308    0.46153846153846   -0.30769230769231             1
    0.00000000000000   -0.46153846153846   -0.30769230769231             1
    0.07692307692308   -0.46153846153846   -0.30769230769231             1
    0.15384615384615   -0.46153846153846   -0.30769230769231             1
    0.23076923076923   -0.46153846153846   -0.30769230769231             1
    0.30769230769231   -0.46153846153846   -0.30769230769231             1
    0.38461538461539   -0.46153846153846   -0.30769230769231             1
    0.46153846153846   -0.46153846153846   -0.30769230769231             1
   -0.46153846153846   -0.46153846153846   -0.30769230769231             1
   -0.38461538461539   -0.46153846153846   -0.30769230769231             1
   -0.30769230769231   -0.46153846153846   -0.30769230769231             1
   -0.23076923076923   -0.46153846153846   -0.30769230769231             1
   -0.15384615384615   -0.46153846153846   -0.30769230769231             1
   -0.07692307692308   -0.46153846153846   -0.30769230769231             1
    0.00000000000000   -0.38461538461539   -0.30769230769231             1
    0.07692307692308   -0.38461538461539   -0.30769230769231             1
    0.15384615384615   -0.38461538461539   -0.30769230769231             1
    0.23076923076923   -0.38461538461539   -0.30769230769231             1
    0.30769230769231   -0.38461538461539   -0.30769230769231             1
    0.38461538461539   -0.38461538461539   -0.30769230769231             1
    0.46153846153846   -0.38461538461539   -0.30769230769231             1
   -0.46153846153846   -0.38461538461539   -0.30769230769231             1
   -0.38461538461539   -0.38461538461539   -0.30769230769231             1
   -0.30769230769231   -0.38461538461539   -0.30769230769231             1
   -0.23076923076923   -0.38461538461539   -0.30769230769231             1
   -0.15384615384615   -0.38461538461539   -0.30769230769231             1
   -0.07692307692308   -0.38461538461539   -0.30769230769231             1
    0.00000000000000   -0.30769230769231   -0.30769230769231             1
    0.07692307692308   -0.30769230769231   -0.30769230769231             1
    0.15384615384615   -0.30769230769231   -0.30769230769231             1
    0.23076923076923   -0.30769230769231   -0.30769230769231             1
    0.30769230769231   -0.30769230769231   -0.30769230769231             1
    0.38461538461539   -0.30769230769231   -0.30769230769231             1
    0.46153846153846   -0.30769230769231   -0.30769230769231             1
   -0.46153846153846   -0.30769230769231   -0.30769230769231             1
   -0.38461538461539   -0.30769230769231   -0.30769230769231             1
   -0.30769230769231   -0.30769230769231   -0.30769230769231             1
   -0.23076923076923   -0.30769230769231   -0.30769230769231             1
   -0.15384615384615   -0.30769230769231   -0.30769230769231             1
   -0.07692307692308   -0.30769230769231   -0.30769230769231             1
    0.00000000000000   -0.23076923076923   -0.30769230769231             1
    0.07692307692308   -0.23076923076923   -0.30769230769231             1
    0.15384615384615   -0.23076923076923   -0.30769230769231             1
    0.23076923076923   -0.23076923076923   -0.30769230769231             1
    0.30769230769231   -0.23076923076923   -0.30769230769231             1
    0.38461538461539   -0.23076923076923   -0.30769230769231             1
    0.46153846153846   -0.23076923076923   -0.30769230769231             1
   -0.46153846153846   -0.23076923076923   -0.30769230769231             1
   -0.38461538461539   -0.23076923076923   -0.30769230769231             1
   -0.30769230769231   -0.23076923076923   -0.30769230769231             1
   -0.23076923076923   -0.23076923076923   -0.30769230769231             1
   -0.15384615384615   -0.23076923076923   -0.30769230769231             1
   -0.07692307692308   -0.23076923076923   -0.30769230769231             1
    0.00000000000000   -0.15384615384615   -0.30769230769231             1
    0.07692307692308   -0.15384615384615   -0.30769230769231             1
    0.15384615384615   -0.15384615384615   -0.30769230769231             1
    0.23076923076923   -0.15384615384615   -0.30769230769231             1
    0.30769230769231   -0.15384615384615   -0.30769230769231             1
    0.38461538461539   -0.15384615384615   -0.30769230769231             1
    0.46153846153846   -0.15384615384615   -0.30769230769231             1
   -0.46153846153846   -0.15384615384615   -0.30769230769231             1
   -0.38461538461539   -0.15384615384615   -0.30769230769231             1
   -0.30769230769231   -0.15384615384615   -0.30769230769231             1
   -0.23076923076923   -0.15384615384615   -0.30769230769231             1
   -0.15384615384615   -0.15384615384615   -0.30769230769231             1
   -0.07692307692308   -0.15384615384615   -0.30769230769231             1
    0.00000000000000   -0.07692307692308   -0.30769230769231             1
    0.07692307692308   -0.07692307692308   -0.30769230769231             1
    0.15384615384615   -0.07692307692308   -0.30769230769231             1
    0.23076923076923   -0.07692307692308   -0.30769230769231             1
    0.30769230769231   -0.07692307692308   -0.30769230769231             1
    0.38461538461539   -0.07692307692308   -0.30769230769231             1
    0.46153846153846   -0.07692307692308   -0.30769230769231             1
   -0.46153846153846   -0.07692307692308   -0.30769230769231             1
   -0.38461538461539   -0.07692307692308   -0.30769230769231             1
   -0.30769230769231   -0.07692307692308   -0.30769230769231             1
   -0.23076923076923   -0.07692307692308   -0.30769230769231             1
   -0.15384615384615   -0.07692307692308   -0.30769230769231             1
   -0.07692307692308   -0.07692307692308   -0.30769230769231             1
   -0.00000000000000    0.00000000000000   -0.23076923076923             1
    0.07692307692308    0.00000000000000   -0.23076923076923             1
    0.15384615384615    0.00000000000000   -0.23076923076923             1
    0.23076923076923    0.00000000000000   -0.23076923076923             1
    0.30769230769231    0.00000000000000   -0.23076923076923             1
    0.38461538461539    0.00000000000000   -0.23076923076923             1
    0.46153846153846    0.00000000000000   -0.23076923076923             1
   -0.46153846153846    0.00000000000000   -0.23076923076923             1
   -0.38461538461539    0.00000000000000   -0.23076923076923             1
   -0.30769230769231    0.00000000000000   -0.23076923076923             1
   -0.23076923076923    0.00000000000000   -0.23076923076923             1
   -0.15384615384615    0.00000000000000   -0.23076923076923             1
   -0.07692307692308    0.00000000000000   -0.23076923076923             1
   -0.00000000000000    0.07692307692308   -0.23076923076923             1
    0.07692307692308    0.07692307692308   -0.23076923076923             1
    0.15384615384615    0.07692307692308   -0.23076923076923             1
    0.23076923076923    0.07692307692308   -0.23076923076923             1
    0.30769230769231    0.07692307692308   -0.23076923076923             1
    0.38461538461539    0.07692307692308   -0.23076923076923             1
    0.46153846153846    0.07692307692308   -0.23076923076923             1
   -0.46153846153846    0.07692307692308   -0.23076923076923             1
   -0.38461538461539    0.07692307692308   -0.23076923076923             1
   -0.30769230769231    0.07692307692308   -0.23076923076923             1
   -0.23076923076923    0.07692307692308   -0.23076923076923             1
   -0.15384615384615    0.07692307692308   -0.23076923076923             1
   -0.07692307692308    0.07692307692308   -0.23076923076923             1
   -0.00000000000000    0.15384615384615   -0.23076923076923             1
    0.07692307692308    0.15384615384615   -0.23076923076923             1
    0.15384615384615    0.15384615384615   -0.23076923076923             1
    0.23076923076923    0.15384615384615   -0.23076923076923             1
    0.30769230769231    0.15384615384615   -0.23076923076923             1
    0.38461538461539    0.15384615384615   -0.23076923076923             1
    0.46153846153846    0.15384615384615   -0.23076923076923             1
   -0.46153846153846    0.15384615384615   -0.23076923076923             1
   -0.38461538461539    0.15384615384615   -0.23076923076923             1
   -0.30769230769231    0.15384615384615   -0.23076923076923             1
   -0.23076923076923    0.15384615384615   -0.23076923076923             1
   -0.15384615384615    0.15384615384615   -0.23076923076923             1
   -0.07692307692308    0.15384615384615   -0.23076923076923             1
   -0.00000000000000    0.23076923076923   -0.23076923076923             1
    0.07692307692308    0.23076923076923   -0.23076923076923             1
    0.15384615384615    0.23076923076923   -0.23076923076923             1
    0.23076923076923    0.23076923076923   -0.23076923076923             1
    0.30769230769231    0.23076923076923   -0.23076923076923             1
    0.38461538461539    0.23076923076923   -0.23076923076923             1
    0.46153846153846    0.23076923076923   -0.23076923076923             1
   -0.46153846153846    0.23076923076923   -0.23076923076923             1
   -0.38461538461539    0.23076923076923   -0.23076923076923             1
   -0.30769230769231    0.23076923076923   -0.23076923076923             1
   -0.23076923076923    0.23076923076923   -0.23076923076923             1
   -0.15384615384615    0.23076923076923   -0.23076923076923             1
   -0.07692307692308    0.23076923076923   -0.23076923076923             1
   -0.00000000000000    0.30769230769231   -0.23076923076923             1
    0.07692307692308    0.30769230769231   -0.23076923076923             1
    0.15384615384615    0.30769230769231   -0.23076923076923             1
    0.23076923076923    0.30769230769231   -0.23076923076923             1
    0.30769230769231    0.30769230769231   -0.23076923076923             1
    0.38461538461539    0.30769230769231   -0.23076923076923             1
    0.46153846153846    0.30769230769231   -0.23076923076923             1
   -0.46153846153846    0.30769230769231   -0.23076923076923             1
   -0.38461538461539    0.30769230769231   -0.23076923076923             1
   -0.30769230769231    0.30769230769231   -0.23076923076923             1
   -0.23076923076923    0.30769230769231   -0.23076923076923             1
   -0.15384615384615    0.30769230769231   -0.23076923076923             1
   -0.07692307692308    0.30769230769231   -0.23076923076923             1
   -0.00000000000000    0.38461538461539   -0.23076923076923             1
    0.07692307692308    0.38461538461539   -0.23076923076923             1
    0.15384615384615    0.38461538461539   -0.23076923076923             1
    0.23076923076923    0.38461538461539   -0.23076923076923             1
    0.30769230769231    0.38461538461539   -0.23076923076923             1
    0.38461538461539    0.38461538461539   -0.23076923076923             1
    0.46153846153846    0.38461538461539   -0.23076923076923             1
   -0.46153846153846    0.38461538461539   -0.23076923076923             1
   -0.38461538461539    0.38461538461539   -0.23076923076923             1
   -0.30769230769231    0.38461538461539   -0.23076923076923             1
   -0.23076923076923    0.38461538461539   -0.23076923076923             1
   -0.15384615384615    0.38461538461539   -0.23076923076923             1
   -0.07692307692308    0.38461538461539   -0.23076923076923             1
   -0.00000000000000    0.46153846153846   -0.23076923076923             1
    0.07692307692308    0.46153846153846   -0.23076923076923             1
    0.15384615384615    0.46153846153846   -0.23076923076923             1
    0.23076923076923    0.46153846153846   -0.23076923076923             1
    0.30769230769231    0.46153846153846   -0.23076923076923             1
    0.38461538461539    0.46153846153846   -0.23076923076923             1
    0.46153846153846    0.46153846153846   -0.23076923076923             1
   -0.46153846153846    0.46153846153846   -0.23076923076923             1
   -0.38461538461539    0.46153846153846   -0.23076923076923             1
   -0.30769230769231    0.46153846153846   -0.23076923076923             1
   -0.23076923076923    0.46153846153846   -0.23076923076923             1
   -0.15384615384615    0.46153846153846   -0.23076923076923             1
   -0.07692307692308    0.46153846153846   -0.23076923076923             1
   -0.00000000000000   -0.46153846153846   -0.23076923076923             1
    0.07692307692308   -0.46153846153846   -0.23076923076923             1
    0.15384615384615   -0.46153846153846   -0.23076923076923             1
    0.23076923076923   -0.46153846153846   -0.23076923076923             1
    0.30769230769231   -0.46153846153846   -0.23076923076923             1
    0.38461538461539   -0.46153846153846   -0.23076923076923             1
    0.46153846153846   -0.46153846153846   -0.23076923076923             1
   -0.46153846153846   -0.46153846153846   -0.23076923076923             1
   -0.38461538461539   -0.46153846153846   -0.23076923076923             1
   -0.30769230769231   -0.46153846153846   -0.23076923076923             1
   -0.23076923076923   -0.46153846153846   -0.23076923076923             1
   -0.15384615384615   -0.46153846153846   -0.23076923076923             1
   -0.07692307692308   -0.46153846153846   -0.23076923076923             1
   -0.00000000000000   -0.38461538461539   -0.23076923076923             1
    0.07692307692308   -0.38461538461539   -0.23076923076923             1
    0.15384615384615   -0.38461538461539   -0.23076923076923             1
    0.23076923076923   -0.38461538461539   -0.23076923076923             1
    0.30769230769231   -0.38461538461539   -0.23076923076923             1
    0.38461538461539   -0.38461538461539   -0.23076923076923             1
    0.46153846153846   -0.38461538461539   -0.23076923076923             1
   -0.46153846153846   -0.38461538461539   -0.23076923076923             1
   -0.38461538461539   -0.38461538461539   -0.23076923076923             1
   -0.30769230769231   -0.38461538461539   -0.23076923076923             1
   -0.23076923076923   -0.38461538461539   -0.23076923076923             1
   -0.15384615384615   -0.38461538461539   -0.23076923076923             1
   -0.07692307692308   -0.38461538461539   -0.23076923076923             1
   -0.00000000000000   -0.30769230769231   -0.23076923076923             1
    0.07692307692308   -0.30769230769231   -0.23076923076923             1
    0.15384615384615   -0.30769230769231   -0.23076923076923             1
    0.23076923076923   -0.30769230769231   -0.23076923076923             1
    0.30769230769231   -0.30769230769231   -0.23076923076923             1
    0.38461538461539   -0.30769230769231   -0.23076923076923             1
    0.46153846153846   -0.30769230769231   -0.23076923076923             1
   -0.46153846153846   -0.30769230769231   -0.23076923076923             1
   -0.38461538461539   -0.30769230769231   -0.23076923076923             1
   -0.30769230769231   -0.30769230769231   -0.23076923076923             1
   -0.23076923076923   -0.30769230769231   -0.23076923076923             1
   -0.15384615384615   -0.30769230769231   -0.23076923076923             1
   -0.07692307692308   -0.30769230769231   -0.23076923076923             1
   -0.00000000000000   -0.23076923076923   -0.23076923076923             1
    0.07692307692308   -0.23076923076923   -0.23076923076923             1
    0.15384615384615   -0.23076923076923   -0.23076923076923             1
    0.23076923076923   -0.23076923076923   -0.23076923076923             1
    0.30769230769231   -0.23076923076923   -0.23076923076923             1
    0.38461538461539   -0.23076923076923   -0.23076923076923             1
    0.46153846153846   -0.23076923076923   -0.23076923076923             1
   -0.46153846153846   -0.23076923076923   -0.23076923076923             1
   -0.38461538461539   -0.23076923076923   -0.23076923076923             1
   -0.30769230769231   -0.23076923076923   -0.23076923076923             1
   -0.23076923076923   -0.23076923076923   -0.23076923076923             1
   -0.15384615384615   -0.23076923076923   -0.23076923076923             1
   -0.07692307692308   -0.23076923076923   -0.23076923076923             1
   -0.00000000000000   -0.15384615384615   -0.23076923076923             1
    0.07692307692308   -0.15384615384615   -0.23076923076923             1
    0.15384615384615   -0.15384615384615   -0.23076923076923             1
    0.23076923076923   -0.15384615384615   -0.23076923076923             1
    0.30769230769231   -0.15384615384615   -0.23076923076923             1
    0.38461538461539   -0.15384615384615   -0.23076923076923             1
    0.46153846153846   -0.15384615384615   -0.23076923076923             1
   -0.46153846153846   -0.15384615384615   -0.23076923076923             1
   -0.38461538461539   -0.15384615384615   -0.23076923076923             1
   -0.30769230769231   -0.15384615384615   -0.23076923076923             1
   -0.23076923076923   -0.15384615384615   -0.23076923076923             1
   -0.15384615384615   -0.15384615384615   -0.23076923076923             1
   -0.07692307692308   -0.15384615384615   -0.23076923076923             1
   -0.00000000000000   -0.07692307692308   -0.23076923076923             1
    0.07692307692308   -0.07692307692308   -0.23076923076923             1
    0.15384615384615   -0.07692307692308   -0.23076923076923             1
    0.23076923076923   -0.07692307692308   -0.23076923076923             1
    0.30769230769231   -0.07692307692308   -0.23076923076923             1
    0.38461538461539   -0.07692307692308   -0.23076923076923             1
    0.46153846153846   -0.07692307692308   -0.23076923076923             1
   -0.46153846153846   -0.07692307692308   -0.23076923076923             1
   -0.38461538461539   -0.07692307692308   -0.23076923076923             1
   -0.30769230769231   -0.07692307692308   -0.23076923076923             1
   -0.23076923076923   -0.07692307692308   -0.23076923076923             1
   -0.15384615384615   -0.07692307692308   -0.23076923076923             1
   -0.07692307692308   -0.07692307692308   -0.23076923076923             1
    0.00000000000000    0.00000000000000   -0.15384615384615             1
    0.07692307692308    0.00000000000000   -0.15384615384615             1
    0.15384615384615    0.00000000000000   -0.15384615384615             1
    0.23076923076923    0.00000000000000   -0.15384615384615             1
    0.30769230769231   -0.00000000000000   -0.15384615384615             1
    0.38461538461539    0.00000000000000   -0.15384615384615             1
    0.46153846153846    0.00000000000000   -0.15384615384615             1
   -0.46153846153846    0.00000000000000   -0.15384615384615             1
   -0.38461538461539    0.00000000000000   -0.15384615384615             1
   -0.30769230769231    0.00000000000000   -0.15384615384615             1
   -0.23076923076923    0.00000000000000   -0.15384615384615             1
   -0.15384615384615    0.00000000000000   -0.15384615384615             1
   -0.07692307692308    0.00000000000000   -0.15384615384615             1
    0.00000000000000    0.07692307692308   -0.15384615384615             1
    0.07692307692308    0.07692307692308   -0.15384615384615             1
    0.15384615384615    0.07692307692308   -0.15384615384615             1
    0.23076923076923    0.07692307692308   -0.15384615384615             1
    0.30769230769231    0.07692307692308   -0.15384615384615             1
    0.38461538461539    0.07692307692308   -0.15384615384615             1
    0.46153846153846    0.07692307692308   -0.15384615384615             1
   -0.46153846153846    0.07692307692308   -0.15384615384615             1
   -0.38461538461539    0.07692307692308   -0.15384615384615             1
   -0.30769230769231    0.07692307692308   -0.15384615384615             1
   -0.23076923076923    0.07692307692308   -0.15384615384615             1
   -0.15384615384615    0.07692307692308   -0.15384615384615             1
   -0.07692307692308    0.07692307692308   -0.15384615384615             1
    0.00000000000000    0.15384615384615   -0.15384615384615             1
    0.07692307692308    0.15384615384615   -0.15384615384615             1
    0.15384615384615    0.15384615384615   -0.15384615384615             1
    0.23076923076923    0.15384615384615   -0.15384615384615             1
    0.30769230769231    0.15384615384615   -0.15384615384615             1
    0.38461538461539    0.15384615384615   -0.15384615384615             1
    0.46153846153846    0.15384615384615   -0.15384615384615             1
   -0.46153846153846    0.15384615384615   -0.15384615384615             1
   -0.38461538461539    0.15384615384615   -0.15384615384615             1
   -0.30769230769231    0.15384615384615   -0.15384615384615             1
   -0.23076923076923    0.15384615384615   -0.15384615384615             1
   -0.15384615384615    0.15384615384615   -0.15384615384615             1
   -0.07692307692308    0.15384615384615   -0.15384615384615             1
    0.00000000000000    0.23076923076923   -0.15384615384615             1
    0.07692307692308    0.23076923076923   -0.15384615384615             1
    0.15384615384615    0.23076923076923   -0.15384615384615             1
    0.23076923076923    0.23076923076923   -0.15384615384615             1
    0.30769230769231    0.23076923076923   -0.15384615384615             1
    0.38461538461539    0.23076923076923   -0.15384615384615             1
    0.46153846153846    0.23076923076923   -0.15384615384615             1
   -0.46153846153846    0.23076923076923   -0.15384615384615             1
   -0.38461538461539    0.23076923076923   -0.15384615384615             1
   -0.30769230769231    0.23076923076923   -0.15384615384615             1
   -0.23076923076923    0.23076923076923   -0.15384615384615             1
   -0.15384615384615    0.23076923076923   -0.15384615384615             1
   -0.07692307692308    0.23076923076923   -0.15384615384615             1
    0.00000000000000    0.30769230769231   -0.15384615384615             1
    0.07692307692308    0.30769230769231   -0.15384615384615             1
    0.15384615384615    0.30769230769231   -0.15384615384615             1
    0.23076923076923    0.30769230769231   -0.15384615384615             1
    0.30769230769231    0.30769230769231   -0.15384615384615             1
    0.38461538461539    0.30769230769231   -0.15384615384615             1
    0.46153846153846    0.30769230769231   -0.15384615384615             1
   -0.46153846153846    0.30769230769231   -0.15384615384615             1
   -0.38461538461539    0.30769230769231   -0.15384615384615             1
   -0.30769230769231    0.30769230769231   -0.15384615384615             1
   -0.23076923076923    0.30769230769231   -0.15384615384615             1
   -0.15384615384615    0.30769230769231   -0.15384615384615             1
   -0.07692307692308    0.30769230769231   -0.15384615384615             1
    0.00000000000000    0.38461538461539   -0.15384615384615             1
    0.07692307692308    0.38461538461539   -0.15384615384615             1
    0.15384615384615    0.38461538461539   -0.15384615384615             1
    0.23076923076923    0.38461538461539   -0.15384615384615             1
    0.30769230769231    0.38461538461539   -0.15384615384615             1
    0.38461538461539    0.38461538461539   -0.15384615384615             1
    0.46153846153846    0.38461538461539   -0.15384615384615             1
   -0.46153846153846    0.38461538461539   -0.15384615384615             1
   -0.38461538461539    0.38461538461539   -0.15384615384615             1
   -0.30769230769231    0.38461538461539   -0.15384615384615             1
   -0.23076923076923    0.38461538461539   -0.15384615384615             1
   -0.15384615384615    0.38461538461539   -0.15384615384615             1
   -0.07692307692308    0.38461538461539   -0.15384615384615             1
    0.00000000000000    0.46153846153846   -0.15384615384615             1
    0.07692307692308    0.46153846153846   -0.15384615384615             1
    0.15384615384615    0.46153846153846   -0.15384615384615             1
    0.23076923076923    0.46153846153846   -0.15384615384615             1
    0.30769230769231    0.46153846153846   -0.15384615384615             1
    0.38461538461539    0.46153846153846   -0.15384615384615             1
    0.46153846153846    0.46153846153846   -0.15384615384615             1
   -0.46153846153846    0.46153846153846   -0.15384615384615             1
   -0.38461538461539    0.46153846153846   -0.15384615384615             1
   -0.30769230769231    0.46153846153846   -0.15384615384615             1
   -0.23076923076923    0.46153846153846   -0.15384615384615             1
   -0.15384615384615    0.46153846153846   -0.15384615384615             1
   -0.07692307692308    0.46153846153846   -0.15384615384615             1
    0.00000000000000   -0.46153846153846   -0.15384615384615             1
    0.07692307692308   -0.46153846153846   -0.15384615384615             1
    0.15384615384615   -0.46153846153846   -0.15384615384615             1
    0.23076923076923   -0.46153846153846   -0.15384615384615             1
    0.30769230769231   -0.46153846153846   -0.15384615384615             1
    0.38461538461539   -0.46153846153846   -0.15384615384615             1
    0.46153846153846   -0.46153846153846   -0.15384615384615             1
   -0.46153846153846   -0.46153846153846   -0.15384615384615             1
   -0.38461538461539   -0.46153846153846   -0.15384615384615             1
   -0.30769230769231   -0.46153846153846   -0.15384615384615             1
   -0.23076923076923   -0.46153846153846   -0.15384615384615             1
   -0.15384615384615   -0.46153846153846   -0.15384615384615             1
   -0.07692307692308   -0.46153846153846   -0.15384615384615             1
    0.00000000000000   -0.38461538461539   -0.15384615384615             1
    0.07692307692308   -0.38461538461539   -0.15384615384615             1
    0.15384615384615   -0.38461538461539   -0.15384615384615             1
    0.23076923076923   -0.38461538461539   -0.15384615384615             1
    0.30769230769231   -0.38461538461539   -0.15384615384615             1
    0.38461538461539   -0.38461538461539   -0.15384615384615             1
    0.46153846153846   -0.38461538461539   -0.15384615384615             1
   -0.46153846153846   -0.38461538461539   -0.15384615384615             1
   -0.38461538461539   -0.38461538461539   -0.15384615384615             1
   -0.30769230769231   -0.38461538461539   -0.15384615384615             1
   -0.23076923076923   -0.38461538461539   -0.15384615384615             1
   -0.15384615384615   -0.38461538461539   -0.15384615384615             1
   -0.07692307692308   -0.38461538461539   -0.15384615384615             1
    0.00000000000000   -0.30769230769231   -0.15384615384615             1
    0.07692307692308   -0.30769230769231   -0.15384615384615             1
    0.15384615384615   -0.30769230769231   -0.15384615384615             1
    0.23076923076923   -0.30769230769231   -0.15384615384615             1
    0.30769230769231   -0.30769230769231   -0.15384615384615             1
    0.38461538461539   -0.30769230769231   -0.15384615384615             1
    0.46153846153846   -0.30769230769231   -0.15384615384615             1
   -0.46153846153846   -0.30769230769231   -0.15384615384615             1
   -0.38461538461539   -0.30769230769231   -0.15384615384615             1
   -0.30769230769231   -0.30769230769231   -0.15384615384615             1
   -0.23076923076923   -0.30769230769231   -0.15384615384615             1
   -0.15384615384615   -0.30769230769231   -0.15384615384615             1
   -0.07692307692308   -0.30769230769231   -0.15384615384615             1
    0.00000000000000   -0.23076923076923   -0.15384615384615             1
    0.07692307692308   -0.23076923076923   -0.15384615384615             1
    0.15384615384615   -0.23076923076923   -0.15384615384615             1
    0.23076923076923   -0.23076923076923   -0.15384615384615             1
    0.30769230769231   -0.23076923076923   -0.15384615384615             1
    0.38461538461539   -0.23076923076923   -0.15384615384615             1
    0.46153846153846   -0.23076923076923   -0.15384615384615             1
   -0.46153846153846   -0.23076923076923   -0.15384615384615             1
   -0.38461538461539   -0.23076923076923   -0.15384615384615             1
   -0.30769230769231   -0.23076923076923   -0.15384615384615             1
   -0.23076923076923   -0.23076923076923   -0.15384615384615             1
   -0.15384615384615   -0.23076923076923   -0.15384615384615             1
   -0.07692307692308   -0.23076923076923   -0.15384615384615             1
    0.00000000000000   -0.15384615384615   -0.15384615384615             1
    0.07692307692308   -0.15384615384615   -0.15384615384615             1
    0.15384615384615   -0.15384615384615   -0.15384615384615             1
    0.23076923076923   -0.15384615384615   -0.15384615384615             1
    0.30769230769231   -0.15384615384615   -0.15384615384615             1
    0.38461538461539   -0.15384615384615   -0.15384615384615             1
    0.46153846153846   -0.15384615384615   -0.15384615384615             1
   -0.46153846153846   -0.15384615384615   -0.15384615384615             1
   -0.38461538461539   -0.15384615384615   -0.15384615384615             1
   -0.30769230769231   -0.15384615384615   -0.15384615384615             1
   -0.23076923076923   -0.15384615384615   -0.15384615384615             1
   -0.15384615384615   -0.15384615384615   -0.15384615384615             1
   -0.07692307692308   -0.15384615384615   -0.15384615384615             1
    0.00000000000000   -0.07692307692308   -0.15384615384615             1
    0.07692307692308   -0.07692307692308   -0.15384615384615             1
    0.15384615384615   -0.07692307692308   -0.15384615384615             1
    0.23076923076923   -0.07692307692308   -0.15384615384615             1
    0.30769230769231   -0.07692307692308   -0.15384615384615             1
    0.38461538461539   -0.07692307692308   -0.15384615384615             1
    0.46153846153846   -0.07692307692308   -0.15384615384615             1
   -0.46153846153846   -0.07692307692308   -0.15384615384615             1
   -0.38461538461539   -0.07692307692308   -0.15384615384615             1
   -0.30769230769231   -0.07692307692308   -0.15384615384615             1
   -0.23076923076923   -0.07692307692308   -0.15384615384615             1
   -0.15384615384615   -0.07692307692308   -0.15384615384615             1
   -0.07692307692308   -0.07692307692308   -0.15384615384615             1
    0.00000000000000    0.00000000000000   -0.07692307692308             1
    0.07692307692308   -0.00000000000000   -0.07692307692308             1
    0.15384615384615   -0.00000000000000   -0.07692307692308             1
    0.23076923076923   -0.00000000000000   -0.07692307692308             1
    0.30769230769231   -0.00000000000000   -0.07692307692308             1
    0.38461538461539    0.00000000000000   -0.07692307692308             1
    0.46153846153846    0.00000000000000   -0.07692307692308             1
   -0.46153846153846    0.00000000000000   -0.07692307692308             1
   -0.38461538461539    0.00000000000000   -0.07692307692308             1
   -0.30769230769231    0.00000000000000   -0.07692307692308             1
   -0.23076923076923    0.00000000000000   -0.07692307692308             1
   -0.15384615384615    0.00000000000000   -0.07692307692308             1
   -0.07692307692308    0.00000000000000   -0.07692307692308             1
    0.00000000000000    0.07692307692308   -0.07692307692308             1
    0.07692307692308    0.07692307692308   -0.07692307692308             1
    0.15384615384615    0.07692307692308   -0.07692307692308             1
    0.23076923076923    0.07692307692308   -0.07692307692308             1
    0.30769230769231    0.07692307692308   -0.07692307692308             1
    0.38461538461539    0.07692307692308   -0.07692307692308             1
    0.46153846153846    0.07692307692308   -0.07692307692308             1
   -0.46153846153846    0.07692307692308   -0.07692307692308             1
   -0.38461538461539    0.07692307692308   -0.07692307692308             1
   -0.30769230769231    0.07692307692308   -0.07692307692308             1
   -0.23076923076923    0.07692307692308   -0.07692307692308             1
   -0.15384615384615    0.07692307692308   -0.07692307692308             1
   -0.07692307692308    0.07692307692308   -0.07692307692308             1
    0.00000000000000    0.15384615384615   -0.07692307692308             1
    0.07692307692308    0.15384615384615   -0.07692307692308             1
    0.15384615384615    0.15384615384615   -0.07692307692308             1
    0.23076923076923    0.15384615384615   -0.07692307692308             1
    0.30769230769231    0.15384615384615   -0.07692307692308             1
    0.38461538461539    0.15384615384615   -0.07692307692308             1
    0.46153846153846    0.15384615384615   -0.07692307692308             1
   -0.46153846153846    0.15384615384615   -0.07692307692308             1
   -0.38461538461539    0.15384615384615   -0.07692307692308             1
   -0.30769230769231    0.15384615384615   -0.07692307692308             1
   -0.23076923076923    0.15384615384615   -0.07692307692308             1
   -0.15384615384615    0.15384615384615   -0.07692307692308             1
   -0.07692307692308    0.15384615384615   -0.07692307692308             1
    0.00000000000000    0.23076923076923   -0.07692307692308             1
    0.07692307692308    0.23076923076923   -0.07692307692308             1
    0.15384615384615    0.23076923076923   -0.07692307692308             1
    0.23076923076923    0.23076923076923   -0.07692307692308             1
    0.30769230769231    0.23076923076923   -0.07692307692308             1
    0.38461538461539    0.23076923076923   -0.07692307692308             1
    0.46153846153846    0.23076923076923   -0.07692307692308             1
   -0.46153846153846    0.23076923076923   -0.07692307692308             1
   -0.38461538461539    0.23076923076923   -0.07692307692308             1
   -0.30769230769231    0.23076923076923   -0.07692307692308             1
   -0.23076923076923    0.23076923076923   -0.07692307692308             1
   -0.15384615384615    0.23076923076923   -0.07692307692308             1
   -0.07692307692308    0.23076923076923   -0.07692307692308             1
    0.00000000000000    0.30769230769231   -0.07692307692308             1
    0.07692307692308    0.30769230769231   -0.07692307692308             1
    0.15384615384615    0.30769230769231   -0.07692307692308             1
    0.23076923076923    0.30769230769231   -0.07692307692308             1
    0.30769230769231    0.30769230769231   -0.07692307692308             1
    0.38461538461539    0.30769230769231   -0.07692307692308             1
    0.46153846153846    0.30769230769231   -0.07692307692308             1
   -0.46153846153846    0.30769230769231   -0.07692307692308             1
   -0.38461538461539    0.30769230769231   -0.07692307692308             1
   -0.30769230769231    0.30769230769231   -0.07692307692308             1
   -0.23076923076923    0.30769230769231   -0.07692307692308             1
   -0.15384615384615    0.30769230769231   -0.07692307692308             1
   -0.07692307692308    0.30769230769231   -0.07692307692308             1
    0.00000000000000    0.38461538461539   -0.07692307692308             1
    0.07692307692308    0.38461538461539   -0.07692307692308             1
    0.15384615384615    0.38461538461539   -0.07692307692308             1
    0.23076923076923    0.38461538461539   -0.07692307692308             1
    0.30769230769231    0.38461538461539   -0.07692307692308             1
    0.38461538461539    0.38461538461539   -0.07692307692308             1
    0.46153846153846    0.38461538461539   -0.07692307692308             1
   -0.46153846153846    0.38461538461539   -0.07692307692308             1
   -0.38461538461539    0.38461538461539   -0.07692307692308             1
   -0.30769230769231    0.38461538461539   -0.07692307692308             1
   -0.23076923076923    0.38461538461539   -0.07692307692308             1
   -0.15384615384615    0.38461538461539   -0.07692307692308             1
   -0.07692307692308    0.38461538461539   -0.07692307692308             1
    0.00000000000000    0.46153846153846   -0.07692307692308             1
    0.07692307692308    0.46153846153846   -0.07692307692308             1
    0.15384615384615    0.46153846153846   -0.07692307692308             1
    0.23076923076923    0.46153846153846   -0.07692307692308             1
    0.30769230769231    0.46153846153846   -0.07692307692308             1
    0.38461538461539    0.46153846153846   -0.07692307692308             1
    0.46153846153846    0.46153846153846   -0.07692307692308             1
   -0.46153846153846    0.46153846153846   -0.07692307692308             1
   -0.38461538461539    0.46153846153846   -0.07692307692308             1
   -0.30769230769231    0.46153846153846   -0.07692307692308             1
   -0.23076923076923    0.46153846153846   -0.07692307692308             1
   -0.15384615384615    0.46153846153846   -0.07692307692308             1
   -0.07692307692308    0.46153846153846   -0.07692307692308             1
    0.00000000000000   -0.46153846153846   -0.07692307692308             1
    0.07692307692308   -0.46153846153846   -0.07692307692308             1
    0.15384615384615   -0.46153846153846   -0.07692307692308             1
    0.23076923076923   -0.46153846153846   -0.07692307692308             1
    0.30769230769231   -0.46153846153846   -0.07692307692308             1
    0.38461538461539   -0.46153846153846   -0.07692307692308             1
    0.46153846153846   -0.46153846153846   -0.07692307692308             1
   -0.46153846153846   -0.46153846153846   -0.07692307692308             1
   -0.38461538461539   -0.46153846153846   -0.07692307692308             1
   -0.30769230769231   -0.46153846153846   -0.07692307692308             1
   -0.23076923076923   -0.46153846153846   -0.07692307692308             1
   -0.15384615384615   -0.46153846153846   -0.07692307692308             1
   -0.07692307692308   -0.46153846153846   -0.07692307692308             1
    0.00000000000000   -0.38461538461539   -0.07692307692308             1
    0.07692307692308   -0.38461538461539   -0.07692307692308             1
    0.15384615384615   -0.38461538461539   -0.07692307692308             1
    0.23076923076923   -0.38461538461539   -0.07692307692308             1
    0.30769230769231   -0.38461538461539   -0.07692307692308             1
    0.38461538461539   -0.38461538461539   -0.07692307692308             1
    0.46153846153846   -0.38461538461539   -0.07692307692308             1
   -0.46153846153846   -0.38461538461539   -0.07692307692308             1
   -0.38461538461539   -0.38461538461539   -0.07692307692308             1
   -0.30769230769231   -0.38461538461539   -0.07692307692308             1
   -0.23076923076923   -0.38461538461539   -0.07692307692308             1
   -0.15384615384615   -0.38461538461539   -0.07692307692308             1
   -0.07692307692308   -0.38461538461539   -0.07692307692308             1
    0.00000000000000   -0.30769230769231   -0.07692307692308             1
    0.07692307692308   -0.30769230769231   -0.07692307692308             1
    0.15384615384615   -0.30769230769231   -0.07692307692308             1
    0.23076923076923   -0.30769230769231   -0.07692307692308             1
    0.30769230769231   -0.30769230769231   -0.07692307692308             1
    0.38461538461539   -0.30769230769231   -0.07692307692308             1
    0.46153846153846   -0.30769230769231   -0.07692307692308             1
   -0.46153846153846   -0.30769230769231   -0.07692307692308             1
   -0.38461538461539   -0.30769230769231   -0.07692307692308             1
   -0.30769230769231   -0.30769230769231   -0.07692307692308             1
   -0.23076923076923   -0.30769230769231   -0.07692307692308             1
   -0.15384615384615   -0.30769230769231   -0.07692307692308             1
   -0.07692307692308   -0.30769230769231   -0.07692307692308             1
    0.00000000000000   -0.23076923076923   -0.07692307692308             1
    0.07692307692308   -0.23076923076923   -0.07692307692308             1
    0.15384615384615   -0.23076923076923   -0.07692307692308             1
    0.23076923076923   -0.23076923076923   -0.07692307692308             1
    0.30769230769231   -0.23076923076923   -0.07692307692308             1
    0.38461538461539   -0.23076923076923   -0.07692307692308             1
    0.46153846153846   -0.23076923076923   -0.07692307692308             1
   -0.46153846153846   -0.23076923076923   -0.07692307692308             1
   -0.38461538461539   -0.23076923076923   -0.07692307692308             1
   -0.30769230769231   -0.23076923076923   -0.07692307692308             1
   -0.23076923076923   -0.23076923076923   -0.07692307692308             1
   -0.15384615384615   -0.23076923076923   -0.07692307692308             1
   -0.07692307692308   -0.23076923076923   -0.07692307692308             1
    0.00000000000000   -0.15384615384615   -0.07692307692308             1
    0.07692307692308   -0.15384615384615   -0.07692307692308             1
    0.15384615384615   -0.15384615384615   -0.07692307692308             1
    0.23076923076923   -0.15384615384615   -0.07692307692308             1
    0.30769230769231   -0.15384615384615   -0.07692307692308             1
    0.38461538461539   -0.15384615384615   -0.07692307692308             1
    0.46153846153846   -0.15384615384615   -0.07692307692308             1
   -0.46153846153846   -0.15384615384615   -0.07692307692308             1
   -0.38461538461539   -0.15384615384615   -0.07692307692308             1
   -0.30769230769231   -0.15384615384615   -0.07692307692308             1
   -0.23076923076923   -0.15384615384615   -0.07692307692308             1
   -0.15384615384615   -0.15384615384615   -0.07692307692308             1
   -0.07692307692308   -0.15384615384615   -0.07692307692308             1
    0.00000000000000   -0.07692307692308   -0.07692307692308             1
    0.07692307692308   -0.07692307692308   -0.07692307692308             1
    0.15384615384615   -0.07692307692308   -0.07692307692308             1
    0.23076923076923   -0.07692307692308   -0.07692307692308             1
    0.30769230769231   -0.07692307692308   -0.07692307692308             1
    0.38461538461539   -0.07692307692308   -0.07692307692308             1
    0.46153846153846   -0.07692307692308   -0.07692307692308             1
   -0.46153846153846   -0.07692307692308   -0.07692307692308             1
   -0.38461538461539   -0.07692307692308   -0.07692307692308             1
   -0.30769230769231   -0.07692307692308   -0.07692307692308             1
   -0.23076923076923   -0.07692307692308   -0.07692307692308             1
   -0.15384615384615   -0.07692307692308   -0.07692307692308             1
   -0.07692307692308   -0.07692307692308   -0.07692307692308             1
Tetrahedra
     13182    0.00007586102261
         1       184       197       198       367
         1       184       185       198       367
         1       184       185       354       367
         1       184       197       366       367
         1       184       353       366       367
         1       184       353       354       367
         1       185       198       199       368
         1       185       186       199       368
         1       185       186       355       368
         1       185       198       367       368
         1       185       354       367       368
         1       185       354       355       368
         1       186       199       200       369
         1       186       187       200       369
         1       186       187       356       369
         1       186       199       368       369
         1       186       355       368       369
         1       186       355       356       369
         1       187       200       201       370
         1       187       188       201       370
         1       187       188       357       370
         1       187       200       369       370
         1       187       356       369       370
         1       187       356       357       370
         1       188       201       202       371
         1       188       189       202       371
         1       188       189       358       371
         1       188       201       370       371
         1       188       357       370       371
         1       188       357       358       371
         1       189       202       203       372
         1       189       190       203       372
         1       189       190       359       372
         1       189       202       371       372
         1       189       358       371       372
         1       189       358       359       372
         1       190       203       204       373
         1       190       191       204       373
         1       190       191       360       373
         1       190       203       372       373
         1       190       359       372       373
         1       190       359       360       373
         1       191       204       205       374
         1       191       192       205       374
         1       191       192       361       374
         1       191       204       373       374
         1       191       360       373       374
         1       191       360       361       374
         1       192       205       206       375
         1       192       193       206       375
         1       192       193       362       375
         1       192       205       374       375
         1       192       361       374       375
         1       192       361       362       375
         1       193       206       207       376
         1       193       194       207       376
         1       193       194       363       376
         1       193       206       375       376
         1       193       362       375       376
         1       193       362       363       376
         1       194       207       208       377
         1       194       195       208       377
         1       194       195       364       377
         1       194       207       376       377
         1       194       363       376       377
         1       194       363       364       377
         1       195       196       208       365
         1       183       195       196       365
         1       183       195       352       365
         1       195       208       365       377
         1       195       364       365       377
         1       195       352       364       365
         1       183       196       197       366
         1       183       184       197       366
         1       183       184       353       366
         1       183       196       365       366
         1       183       352       365       366
         1       183       352       353       366
         1       197       210       211       380
         1       197       198       211       380
         1       197       198       367       380
         1       197       210       379       380
         1       197       366       379       380
         1       197       366       367       380
         1       198       211       212       381
         1       198       199       212       381
         1       198       199       368       381
         1       198       211       380       381
         1       198       367       380       381
         1       198       367       368       381
         1       199       212       213       382
         1       199       200       213       382
         1       199       200       369       382
         1       199       212       381       382
         1       199       368       381       382
         1       199       368       369       382
         1       200       213       214       383
         1       200       201       214       383
         1       200       201       370       383
         1       200       213       382       383
         1       200       369       382       383
         1       200       369       370       383
         1       201       214       215       384
         1       201       202       215       384
         1       201       202       371       384
         1       201       214       383       384
         1       201       370       383       384
         1       201       370       371       384
         1       202       215       216       385
         1       202       203       216       385
         1       202       203       372       385
         1       202       215       384       385
         1       202       371       384       385
         1       202       371       372       385
         1       203       216       217       386
         1       203       204       217       386
         1       203       204       373       386
         1       203       216       385       386
         1       203       372       385       386
         1       203       372       373       386
         1       204       217       218       387
         1       204       205       218       387
         1       204       205       374       387
         1       204       217       386       387
         1       204       373       386       387
         1       204       373       374       387
         1       205       218       219       388
         1       205       206       219       388
         1       205       206       375       388
         1       205       218       387       388
         1       205       374       387       388
         1       205       374       375       388
         1       206       219       220       389
         1       206       207       220       389
         1       206       207       376       389
         1       206       219       388       389
         1       206       375       388       389
         1       206       375       376       389
         1       207       220       221       390
         1       207       208       221       390
         1       207       208       377       390
         1       207       220       389       390
         1       207       376       389       390
         1       207       376       377       390
         1       208       209       221       378
         1       196       208       209       378
         1       196       208       365       378
         1       208       221       378       390
         1       208       377       378       390
         1       208       365       377       378
         1       196       209       210       379
         1       196       197       210       379
         1       196       197       366       379
         1       196       209       378       379
         1       196       365       378       379
         1       196       365       366       379
         1       210       223       224       393
         1       210       211       224       393
         1       210       211       380       393
         1       210       223       392       393
         1       210       379       392       393
         1       210       379       380       393
         1       211       224       225       394
         1       211       212       225       394
         1       211       212       381       394
         1       211       224       393       394
         1       211       380       393       394
         1       211       380       381       394
         1       212       225       226       395
         1       212       213       226       395
         1       212       213       382       395
         1       212       225       394       395
         1       212       381       394       395
         1       212       381       382       395
         1       213       226       227       396
         1       213       214       227       396
         1       213       214       383       396
         1       213       226       395       396
         1       213       382       395       396
         1       213       382       383       396
         1       214       227       228       397
         1       214       215       228       397
         1       214       215       384       397
         1       214       227       396       397
         1       214       383       396       397
         1       214       383       384       397
         1       215       228       229       398
         1       215       216       229       398
         1       215       216       385       398
         1       215       228       397       398
         1       215       384       397       398
         1       215       384       385       398
         1       216       229       230       399
         1       216       217       230       399
         1       216       217       386       399
         1       216       229       398       399
         1       216       385       398       399
         1       216       385       386       399
         1       217       230       231       400
         1       217       218       231       400
         1       217       218       387       400
         1       217       230       399       400
         1       217       386       399       400
         1       217       386       387       400
         1       218       231       232       401
         1       218       219       232       401
         1       218       219       388       401
         1       218       231       400       401
         1       218       387       400       401
         1       218       387       388       401
         1       219       232       233       402
         1       219       220       233       402
         1       219       220       389       402
         1       219       232       401       402
         1       219       388       401       402
         1       219       388       389       402
         1       220       233       234       403
         1       220       221       234       403
         1       220       221       390       403
         1       220       233       402       403
         1       220       389       402       403
         1       220       389       390       403
         1       221       222       234       391
         1       209       221       222       391
         1       209       221       378       391
         1       221       234       391       403
         1       221       390       391       403
         1       221       378       390       391
         1       209       222       223       392
         1       209       210       223       392
         1       209       210       379       392
         1       209       222       391       392
         1       209       378       391       392
         1       209       378       379       392
         1       223       236       237       406
         1       223       224       237       406
         1       223       224       393       406
         1       223       236       405       406
         1       223       392       405       406
         1       223       392       393       406
         1       224       237       238       407
         1       224       225       238       407
         1       224       225       394       407
         1       224       237       406       407
         1       224       393       406       407
         1       224       393       394       407
         1       225       238       239       408
         1       225       226       239       408
         1       225       226       395       408
         1       225       238       407       408
         1       225       394       407       408
         1       225       394       395       408
         1       226       239       240       409
         1       226       227       240       409
         1       226       227       396       409
         1       226       239       408       409
         1       226       395       408       409
         1       226       395       396       409
         1       227       240       241       410
         1       227       228       241       410
         1       227       228       397       410
         1       227       240       409       410
         1       227       396       409       410
         1       227       396       397       410
         1       228       241       242       411
         1       228       229       242       411
         1       228       229       398       411
         1       228       241       410       411
         1       228       397       410       411
         1       228       397       398       411
         1       229       242       243       412
         1       229       230       243       412
         1       229       230       399       412
         1       229       242       411       412
         1       229       398       411       412
         1       229       398       399       412
         1       230       243       244       413
         1       230       231       244       413
         1       230       231       400       413
         1       230       243       412       413
         1       230       399       412       413
         1       230       399       400       413
         1       231       244       245       414
         1       231       232       245       414
         1       231       232       401       414
         1       231       244       413       414
         1       231       400       413       414
         1       231       400       401       414
         1       232       245       246       415
         1       232       233       246       415
         1       232       233       402       415
         1       232       245       414       415
         1       232       401       414       415
         1       232       401       402       415
         1       233       246       247       416
         1       233       234       247       416
         1       233       234       403       416
         1       233       246       415       416
         1       233       402       415       416
         1       233       402       403       416
         1       234       235       247       404
         1       222       234       235       404
         1       222       234       391       404
         1       234       247       404       416
         1       234       403       404       416
         1       234       391       403       404
         1       222       235       236       405
         1       222       223       236       405
         1       222       223       392       405
         1       222       235       404       405
         1       222       391       404       405
         1       222       391       392       405
         1       236       249       250       419
         1       236       237       250       419
         1       236       237       406       419
         1       236       249       418       419
         1       236       405       418       419
         1       236       405       406       419
         1       237       250       251       420
         1       237       238       251       420
         1       237       238       407       420
         1       237       250       419       420
         1       237       406       419       420
         1       237       406       407       420
         1       238       251       252       421
         1       238       239       252       421
         1       238       239       408       421
         1       238       251       420       421
         1       238       407       420       421
         1       238       407       408       421
         1       239       252       253       422
         1       239       240       253       422
         1       239       240       409       422
         1       239       252       421       422
         1       239       408       421       422
         1       239       408       409       422
         1       240       253       254       423
         1       240       241       254       423
         1       240       241       410       423
         1       240       253       422       423
         1       240       409       422       423
         1       240       409       410       423
         1       241       254       255       424
         1       241       242       255       424
         1       241       242       411       424
         1       241       254       423       424
         1       241       410       423       424
         1       241       410       411       424
         1       242       255       256       425
         1       242       243       256       425
         1       242       243       412       425
         1       242       255       424       425
         1       242       411       424       425
         1       242       411       412       425
         1       243       256       257       426
         1       243       244       257       426
         1       243       244       413       426
         1       243       256       425       426
         1       243       412       425       426
         1       243       412       413       426
         1       244       257       258       427
         1       244       245       258       427
         1       244       245       414       427
         1       244       257       426       427
         1       244       413       426       427
         1       244       413       414       427
         1       245       258       259       428
         1       245       246       259       428
         1       245       246       415       428
         1       245       258       427       428
         1       245       414       427       428
         1       245       414       415       428
         1       246       259       260       429
         1       246       247       260       429
         1       246       247       416       429
         1       246       259       428       429
         1       246       415       428       429
         1       246       415       416       429
         1       247       248       260       417
         1       235       247       248       417
         1       235       247       404       417
         1       247       260       417       429
         1       247       416       417       429
         1       247       404       416       417
         1       235       248       249       418
         1       235       236       249       418
         1       235       236       405       418
         1       235       248       417       418
         1       235       404       417       418
         1       235       404       405       418
         1       249       262       263       432
         1       249       250       263       432
         1       249       250       419       432
         1       249       262       431       432
         1       249       418       431       432
         1       249       418       419       432
         1       250       263       264       433
         1       250       251       264       433
         1       250       251       420       433
         1       250       263       432       433
         1       250       419       432       433
         1       250       419       420       433
         1       251       264       265       434
         1       251       252       265       434
         1       251       252       421       434
         1       251       264       433       434
         1       251       420       433       434
         1       251       420       421       434
         1       252       265       266       435
         1       252       253       266       435
         1       252       253       422       435
         1       252       265       434       435
         1       252       421       434       435
         1       252       421       422       435
         1       253       266       267       436
         1       253       254       267       436
         1       253       254       423       436
         1       253       266       435       436
         1       253       422       435       436
         1       253       422       423       436
         1       254       267       268       437
         1       254       255       268       437
         1       254       255       424       437
         1       254       267       436       437
         1       254       423       436       437
         1       254       423       424       437
         1       255       268       269       438
         1       255       256       269       438
         1       255       256       425       438
         1       255       268       437       438
         1       255       424       437       438
         1       255       424       425       438
         1       256       269       270       439
         1       256       257       270       439
         1       256       257       426       439
         1       256       269       438       439
         1       256       425       438       439
         1       256       425       426       439
         1       257       270       271       440
         1       257       258       271       440
         1       257       258       427       440
         1       257       270       439       440
         1       257       426       439       440
         1       257       426       427       440
         1       258       271       272       441
         1       258       259       272       441
         1       258       259       428       441
         1       258       271       440       441
         1       258       427       440       441
         1       258       427       428       441
         1       259       272       273       442
         1       259       260       273       442
         1       259       260       429       442
         1       259       272       441       442
         1       259       428       441       442
         1       259       428       429       442
         1       260       261       273       430
         1       248       260       261       430
         1       248       260       417       430
         1       260       273       430       442
         1       260       429       430       442
         1       260       417       429       430
         1       248       261       262       431
         1       248       249       262       431
         1       248       249       418       431
         1       248       261       430       431
         1       248       417       430       431
         1       248       417       418       431
         1       262       275       276       445
         1       262       263       276       445
         1       262       263       432       445
         1       262       275       444       445
         1       262       431       444       445
         1       262       431       432       445
         1       263       276       277       446
         1       263       264       277       446
         1       263       264       433       446
         1       263       276       445       446
         1       263       432       445       446
         1       263       432       433       446
         1       264       277       278       447
         1       264       265       278       447
         1       264       265       434       447
         1       264       277       446       447
         1       264       433       446       447
         1       264       433       434       447
         1       265       278       279       448
         1       265       266       279       448
         1       265       266       435       448
         1       265       278       447       448
         1       265       434       447       448
         1       265       434       435       448
         1       266       279       280       449
         1       266       267       280       449
         1       266       267       436       449
         1       266       279       448       449
         1       266       435       448       449
         1       266       435       436       449
         1       267       280       281       450
         1       267       268       281       450
         1       267       268       437       450
         1       267       280       449       450
         1       267       436       449       450
         1       267       436       437       450
         1       268       281       282       451
         1       268       269       282       451
         1       268       269       438       451
         1       268       281       450       451
         1       268       437       450       451
         1       268       437       438       451
         1       269       282       283       452
         1       269       270       283       452
         1       269       270       439       452
         1       269       282       451       452
         1       269       438       451       452
         1       269       438       439       452
         1       270       283       284       453
         1       270       271       284       453
         1       270       271       440       453
         1       270       283       452       453
         1       270       439       452       453
         1       270       439       440       453
         1       271       284       285       454
         1       271       272       285       454
         1       271       272       441       454
         1       271       284       453       454
         1       271       440       453       454
         1       271       440       441       454
         1       272       285       286       455
         1       272       273       286       455
         1       272       273       442       455
         1       272       285       454       455
         1       272       441       454       455
         1       272       441       442       455
         1       273       274       286       443
         1       261       273       274       443
         1       261       273       430       443
         1       273       286       443       455
         1       273       442       443       455
         1       273       430       442       443
         1       261       274       275       444
         1       261       262       275       444
         1       261       262       431       444
         1       261       274       443       444
         1       261       430       443       444
         1       261       430       431       444
         1       275       288       289       458
         1       275       276       289       458
         1       275       276       445       458
         1       275       288       457       458
         1       275       444       457       458
         1       275       444       445       458
         1       276       289       290       459
         1       276       277       290       459
         1       276       277       446       459
         1       276       289       458       459
         1       276       445       458       459
         1       276       445       446       459
         1       277       290       291       460
         1       277       278       291       460
         1       277       278       447       460
         1       277       290       459       460
         1       277       446       459       460
         1       277       446       447       460
         1       278       291       292       461
         1       278       279       292       461
         1       278       279       448       461
         1       278       291       460       461
         1       278       447       460       461
         1       278       447       448       461
         1       279       292       293       462
         1       279       280       293       462
         1       279       280       449       462
         1       279       292       461       462
         1       279       448       461       462
         1       279       448       449       462
         1       280       293       294       463
         1       280       281       294       463
         1       280       281       450       463
         1       280       293       462       463
         1       280       449       462       463
         1       280       449       450       463
         1       281       294       295       464
         1       281       282       295       464
         1       281       282       451       464
         1       281       294       463       464
         1       281       450       463       464
         1       281       450       451       464
         1       282       295       296       465
         1       282       283       296       465
         1       282       283       452       465
         1       282       295       464       465
         1       282       451       464       465
         1       282       451       452       465
         1       283       296       297       466
         1       283       284       297       466
         1       283       284       453       466
         1       283       296       465       466
         1       283       452       465       466
         1       283       452       453       466
         1       284       297       298       467
         1       284       285       298       467
         1       284       285       454       467
         1       284       297       466       467
         1       284       453       466       467
         1       284       453       454       467
         1       285       298       299       468
         1       285       286       299       468
         1       285       286       455       468
         1       285       298       467       468
         1       285       454       467       468
         1       285       454       455       468
         1       286       287       299       456
         1       274       286       287       456
         1       274       286       443       456
         1       286       299       456       468
         1       286       455       456       468
         1       286       443       455       456
         1       274       287       288       457
         1       274       275       288       457
         1       274       275       444       457
         1       274       287       456       457
         1       274       443       456       457
         1       274       443       444       457
         1       288       301       302       471
         1       288       289       302       471
         1       288       289       458       471
         1       288       301       470       471
         1       288       457       470       471
         1       288       457       458       471
         1       289       302       303       472
         1       289       290       303       472
         1       289       290       459       472
         1       289       302       471       472
         1       289       458       471       472
         1       289       458       459       472
         1       290       303       304       473
         1       290       291       304       473
         1       290       291       460       473
         1       290       303       472       473
         1       290       459       472       473
         1       290       459       460       473
         1       291       304       305       474
         1       291       292       305       474
         1       291       292       461       474
         1       291       304       473       474
         1       291       460       473       474
         1       291       460       461       474
         1       292       305       306       475
         1       292       293       306       475
         1       292       293       462       475
         1       292       305       474       475
         1       292       461       474       475
         1       292       461       462       475
         1       293       306       307       476
         1       293       294       307       476
         1       293       294       463       476
         1       293       306       475       476
         1       293       462       475       476
         1       293       462       463       476
         1       294       307       308       477
         1       294       295       308       477
         1       294       295       464       477
         1       294       307       476       477
         1       294       463       476       477
         1       294       463       464       477
         1       295       308       309       478
         1       295       296       309       478
         1       295       296       465       478
         1       295       308       477       478
         1       295       464       477       478
         1       295       464       465       478
         1       296       309       310       479
         1       296       297       310       479
         1       296       297       466       479
         1       296       309       478       479
         1       296       465       478       479
         1       296       465       466       479
         1       297       310       311       480
         1       297       298       311       480
         1       297       298       467       480
         1       297       310       479       480
         1       297       466       479       480
         1       297       466       467       480
         1       298       311       312       481
         1       298       299       312       481
         1       298       299       468       481
         1       298       311       480       481
         1       298       467       480       481
         1       298       467       468       481
         1       299       300       312       469
         1       287       299       300       469
         1       287       299       456       469
         1       299       312       469       481
         1       299       468       469       481
         1       299       456       468       469
         1       287       300       301       470
         1       287       288       301       470
         1       287       288       457       470
         1       287       300       469       470
         1       287       456       469       470
         1       287       456       457       470
         1       301       314       315       484
         1       301       302       315       484
         1       301       302       471       484
         1       301       314       483       484
         1       301       470       483       484
         1       301       470       471       484
         1       302       315       316       485
         1       302       303       316       485
         1       302       303       472       485
         1       302       315       484       485
         1       302       471       484       485
         1       302       471       472       485
         1       303       316       317       486
         1       303       304       317       486
         1       303       304       473       486
         1       303       316       485       486
         1       303       472       485       486
         1       303       472       473       486
         1       304       317       318       487
         1       304       305       318       487
         1       304       305       474       487
         1       304       317       486       487
         1       304       473       486       487
         1       304       473       474       487
         1       305       318       319       488
         1       305       306       319       488
         1       305       306       475       488
         1       305       318       487       488
         1       305       474       487       488
         1       305       474       475       488
         1       306       319       320       489
         1       306       307       320       489
         1       306       307       476       489
         1       306       319       488       489
         1       306       475       488       489
         1       306       475       476       489
         1       307       320       321       490
         1       307       308       321       490
         1       307       308       477       490
         1       307       320       489       490
         1       307       476       489       490
         1       307       476       477       490
         1       308       321       322       491
         1       308       309       322       491
         1       308       309       478       491
         1       308       321       490       491
         1       308       477       490       491
         1       308       477       478       491
         1       309       322       323       492
         1       309       310       323       492
         1       309       310       479       492
         1       309       322       491       492
         1       309       478       491       492
         1       309       478       479       492
         1       310       323       324       493
         1       310       311       324       493
         1       310       311       480       493
         1       310       323       492       493
         1       310       479       492       493
         1       310       479       480       493
         1       311       324       325       494
         1       311       312       325       494
         1       311       312       481       494
         1       311       324       493       494
         1       311       480       493       494
         1       311       480       481       494
         1       312       313       325       482
         1       300       312       313       482
         1       300       312       469       482
         1       312       325       482       494
         1       312       481       482       494
         1       312       469       481       482
         1       300       313       314       483
         1       300       301       314       483
         1       300       301       470       483
         1       300       313       482       483
         1       300       469       482       483
         1       300       469       470       483
         1       314       327       328       497
         1       314       315       328       497
         1       314       315       484       497
         1       314       327       496       497
         1       314       483       496       497
         1       314       483       484       497
         1       315       328       329       498
         1       315       316       329       498
         1       315       316       485       498
         1       315       328       497       498
         1       315       484       497       498
         1       315       484       485       498
         1       316       329       330       499
         1       316       317       330       499
         1       316       317       486       499
         1       316       329       498       499
         1       316       485       498       499
         1       316       485       486       499
         1       317       330       331       500
         1       317       318       331       500
         1       317       318       487       500
         1       317       330       499       500
         1       317       486       499       500
         1       317       486       487       500
         1       318       331       332       501
         1       318       319       332       501
         1       318       319       488       501
         1       318       331       500       501
         1       318       487       500       501
         1       318       487       488       501
         1       319       332       333       502
         1       319       320       333       502
         1       319       320       489       502
         1       319       332       501       502
         1       319       488       501       502
         1       319       488       489       502
         1       320       333       334       503
         1       320       321       334       503
         1       320       321       490       503
         1       320       333       502       503
         1       320       489       502       503
         1       320       489       490       503
         1       321       334       335       504
         1       321       322       335       504
         1       321       322       491       504
         1       321       334       503       504
         1       321       490       503       504
         1       321       490       491       504
         1       322       335       336       505
         1       322       323       336       505
         1       322       323       492       505
         1       322       335       504       505
         1       322       491       504       505
         1       322       491       492       505
         1       323       336       337       506
         1       323       324       337       506
         1       323       324       493       506
         1       323       336       505       506
         1       323       492       505       506
         1       323       492       493       506
         1       324       337       338       507
         1       324       325       338       507
         1       324       325       494       507
         1       324       337       506       507
         1       324       493       506       507
         1       324       493       494       507
         1       325       326       338       495
         1       313       325       326       495
         1       313       325       482       495
         1       325       338       495       507
         1       325       494       495       507
         1       325       482       494       495
         1       313       326       327       496
         1       313       314       327       496
         1       313       314       483       496
         1       313       326       495       496
         1       313       482       495       496
         1       313       482       483       496
         1       171       172       327       341
         1       172       327       328       341
         1       327       328       341       497
         1       171       327       340       341
         1       327       340       341       496
         1       327       341       496       497
         1       172       173       328       342
         1       173       328       329       342
         1       328       329       342       498
         1       172       328       341       342
         1       328       341       342       497
         1       328       342       497       498
         1       173       174       329       343
         1       174       329       330       343
         1       329       330       343       499
         1       173       329       342       343
         1       329       342       343       498
         1       329       343       498       499
         1       174       175       330       344
         1       175       330       331       344
         1       330       331       344       500
         1       174       330       343       344
         1       330       343       344       499
         1       330       344       499       500
         1       175       176       331       345
         1       176       331       332       345
         1       331       332       345       501
         1       175       331       344       345
         1       331       344       345       500
         1       331       345       500       501
         1       176       177       332       346
         1       177       332       333       346
         1       332       333       346       502
         1       176       332       345       346
         1       332       345       346       501
         1       332       346       501       502
         1       177       178       333       347
         1       178       333       334       347
         1       333       334       347       503
         1       177       333       346       347
         1       333       346       347       502
         1       333       347       502       503
         1       178       179       334       348
         1       179       334       335       348
         1       334       335       348       504
         1       178       334       347       348
         1       334       347       348       503
         1       334       348       503       504
         1       179       180       335       349
         1       180       335       336       349
         1       335       336       349       505
         1       179       335       348       349
         1       335       348       349       504
         1       335       349       504       505
         1       180       181       336       350
         1       181       336       337       350
         1       336       337       350       506
         1       180       336       349       350
         1       336       349       350       505
         1       336       350       505       506
         1       181       182       337       351
         1       182       337       338       351
         1       337       338       351       507
         1       181       337       350       351
         1       337       350       351       506
         1       337       351       506       507
         1       170       182       338       339
         1       170       326       338       339
         1       326       338       339       495
         1       182       338       339       351
         1       338       339       351       507
         1       338       339       495       507
         1       170       171       326       340
         1       171       326       327       340
         1       326       327       340       496
         1       170       326       339       340
         1       326       339       340       495
         1       326       340       495       496
         1       171       184       185       354
         1       171       172       185       354
         1       171       172       341       354
         1       171       184       353       354
         1       171       340       353       354
         1       171       340       341       354
         1       172       185       186       355
         1       172       173       186       355
         1       172       173       342       355
         1       172       185       354       355
         1       172       341       354       355
         1       172       341       342       355
         1       173       186       187       356
         1       173       174       187       356
         1       173       174       343       356
         1       173       186       355       356
         1       173       342       355       356
         1       173       342       343       356
         1       174       187       188       357
         1       174       175       188       357
         1       174       175       344       357
         1       174       187       356       357
         1       174       343       356       357
         1       174       343       344       357
         1       175       188       189       358
         1       175       176       189       358
         1       175       176       345       358
         1       175       188       357       358
         1       175       344       357       358
         1       175       344       345       358
         1       176       189       190       359
         1       176       177       190       359
         1       176       177       346       359
         1       176       189       358       359
         1       176       345       358       359
         1       176       345       346       359
         1       177       190       191       360
         1       177       178       191       360
         1       177       178       347       360
         1       177       190       359       360
         1       177       346       359       360
         1       177       346       347       360
         1       178       191       192       361
         1       178       179       192       361
         1       178       179       348       361
         1       178       191       360       361
         1       178       347       360       361
         1       178       347       348       361
         1       179       192       193       362
         1       179       180       193       362
         1       179       180       349       362
         1       179       192       361       362
         1       179       348       361       362
         1       179       348       349       362
         1       180       193       194       363
         1       180       181       194       363
         1       180       181       350       363
         1       180       193       362       363
         1       180       349       362       363
         1       180       349       350       363
         1       181       194       195       364
         1       181       182       195       364
         1       181       182       351       364
         1       181       194       363       364
         1       181       350       363       364
         1       181       350       351       364
         1       182       183       195       352
         1       170       182       183       352
         1       170       182       339       352
         1       182       195       352       364
         1       182       351       352       364
         1       182       339       351       352
         1       170       183       184       353
         1       170       171       184       353
         1       170       171       340       353
         1       170       183       352       353
         1       170       339       352       353
         1       170       339       340       353
         1       353       366       367       536
         1       353       354       367       536
         1       353       354       523       536
         1       353       366       535       536
         1       353       522       535       536
         1       353       522       523       536
         1       354       367       368       537
         1       354       355       368       537
         1       354       355       524       537
         1       354       367       536       537
         1       354       523       536       537
         1       354       523       524       537
         1       355       368       369       538
         1       355       356       369       538
         1       355       356       525       538
         1       355       368       537       538
         1       355       524       537       538
         1       355       524       525       538
         1       356       369       370       539
         1       356       357       370       539
         1       356       357       526       539
         1       356       369       538       539
         1       356       525       538       539
         1       356       525       526       539
         1       357       370       371       540
         1       357       358       371       540
         1       357       358       527       540
         1       357       370       539       540
         1       357       526       539       540
         1       357       526       527       540
         1       358       371       372       541
         1       358       359       372       541
         1       358       359       528       541
         1       358       371       540       541
         1       358       527       540       541
         1       358       527       528       541
         1       359       372       373       542
         1       359       360       373       542
         1       359       360       529       542
         1       359       372       541       542
         1       359       528       541       542
         1       359       528       529       542
         1       360       373       374       543
         1       360       361       374       543
         1       360       361       530       543
         1       360       373       542       543
         1       360       529       542       543
         1       360       529       530       543
         1       361       374       375       544
         1       361       362       375       544
         1       361       362       531       544
         1       361       374       543       544
         1       361       530       543       544
         1       361       530       531       544
         1       362       375       376       545
         1       362       363       376       545
         1       362       363       532       545
         1       362       375       544       545
         1       362       531       544       545
         1       362       531       532       545
         1       363       376       377       546
         1       363       364       377       546
         1       363       364       533       546
         1       363       376       545       546
         1       363       532       545       546
         1       363       532       533       546
         1       364       365       377       534
         1       352       364       365       534
         1       352       364       521       534
         1       364       377       534       546
         1       364       533       534       546
         1       364       521       533       534
         1       352       365       366       535
         1       352       353       366       535
         1       352       353       522       535
         1       352       365       534       535
         1       352       521       534       535
         1       352       521       522       535
         1       366       379       380       549
         1       366       367       380       549
         1       366       367       536       549
         1       366       379       548       549
         1       366       535       548       549
         1       366       535       536       549
         1       367       380       381       550
         1       367       368       381       550
         1       367       368       537       550
         1       367       380       549       550
         1       367       536       549       550
         1       367       536       537       550
         1       368       381       382       551
         1       368       369       382       551
         1       368       369       538       551
         1       368       381       550       551
         1       368       537       550       551
         1       368       537       538       551
         1       369       382       383       552
         1       369       370       383       552
         1       369       370       539       552
         1       369       382       551       552
         1       369       538       551       552
         1       369       538       539       552
         1       370       383       384       553
         1       370       371       384       553
         1       370       371       540       553
         1       370       383       552       553
         1       370       539       552       553
         1       370       539       540       553
         1       371       384       385       554
         1       371       372       385       554
         1       371       372       541       554
         1       371       384       553       554
         1       371       540       553       554
         1       371       540       541       554
         1       372       385       386       555
         1       372       373       386       555
         1       372       373       542       555
         1       372       385       554       555
         1       372       541       554       555
         1       372       541       542       555
         1       373       386       387       556
         1       373       374       387       556
         1       373       374       543       556
         1       373       386       555       556
         1       373       542       555       556
         1       373       542       543       556
         1       374       387       388       557
         1       374       375       388       557
         1       374       375       544       557
         1       374       387       556       557
         1       374       543       556       557
         1       374       543       544       557
         1       375       388       389       558
         1       375       376       389       558
         1       375       376       545       558
         1       375       388       557       558
         1       375       544       557       558
         1       375       544       545       558
         1       376       389       390       559
         1       376       377       390       559
         1       376       377       546       559
         1       376       389       558       559
         1       376       545       558       559
         1       376       545       546       559
         1       377       378       390       547
         1       365       377       378       547
         1       365       377       534       547
         1       377       390       547       559
         1       377       546       547       559
         1       377       534       546       547
         1       365       378       379       548
         1       365       366       379       548
         1       365       366       535       548
         1       365       378       547       548
         1       365       534       547       548
         1       365       534       535       548
         1       379       392       393       562
         1       379       380       393       562
         1       379       380       549       562
         1       379       392       561       562
         1       379       548       561       562
         1       379       548       549       562
         1       380       393       394       563
         1       380       381       394       563
         1       380       381       550       563
         1       380       393       562       563
         1       380       549       562       563
         1       380       549       550       563
         1       381       394       395       564
         1       381       382       395       564
         1       381       382       551       564
         1       381       394       563       564
         1       381       550       563       564
         1       381       550       551       564
         1       382       395       396       565
         1       382       383       396       565
         1       382       383       552       565
         1       382       395       564       565
         1       382       551       564       565
         1       382       551       552       565
         1       383       396       397       566
         1       383       384       397       566
         1       383       384       553       566
         1       383       396       565       566
         1       383       552       565       566
         1       383       552       553       566
         1       384       397       398       567
         1       384       385       398       567
         1       384       385       554       567
         1       384       397       566       567
         1       384       553       566       567
         1       384       553       554       567
         1       385       398       399       568
         1       385       386       399       568
         1       385       386       555       568
         1       385       398       567       568
         1       385       554       567       568
         1       385       554       555       568
         1       386       399       400       569
         1       386       387       400       569
         1       386       387       556       569
         1       386       399       568       569
         1       386       555       568       569
         1       386       555       556       569
         1       387       400       401       570
         1       387       388       401       570
         1       387       388       557       570
         1       387       400       569       570
         1       387       556       569       570
         1       387       556       557       570
         1       388       401       402       571
         1       388       389       402       571
         1       388       389       558       571
         1       388       401       570       571
         1       388       557       570       571
         1       388       557       558       571
         1       389       402       403       572
         1       389       390       403       572
         1       389       390       559       572
         1       389       402       571       572
         1       389       558       571       572
         1       389       558       559       572
         1       390       391       403       560
         1       378       390       391       560
         1       378       390       547       560
         1       390       403       560       572
         1       390       559       560       572
         1       390       547       559       560
         1       378       391       392       561
         1       378       379       392       561
         1       378       379       548       561
         1       378       391       560       561
         1       378       547       560       561
         1       378       547       548       561
         1       392       405       406       575
         1       392       393       406       575
         1       392       393       562       575
         1       392       405       574       575
         1       392       561       574       575
         1       392       561       562       575
         1       393       406       407       576
         1       393       394       407       576
         1       393       394       563       576
         1       393       406       575       576
         1       393       562       575       576
         1       393       562       563       576
         1       394       407       408       577
         1       394       395       408       577
         1       394       395       564       577
         1       394       407       576       577
         1       394       563       576       577
         1       394       563       564       577
         1       395       408       409       578
         1       395       396       409       578
         1       395       396       565       578
         1       395       408       577       578
         1       395       564       577       578
         1       395       564       565       578
         1       396       409       410       579
         1       396       397       410       579
         1       396       397       566       579
         1       396       409       578       579
         1       396       565       578       579
         1       396       565       566       579
         1       397       410       411       580
         1       397       398       411       580
         1       397       398       567       580
         1       397       410       579       580
         1       397       566       579       580
         1       397       566       567       580
         1       398       411       412       581
         1       398       399       412       581
         1       398       399       568       581
         1       398       411       580       581
         1       398       567       580       581
         1       398       567       568       581
         1       399       412       413       582
         1       399       400       413       582
         1       399       400       569       582
         1       399       412       581       582
         1       399       568       581       582
         1       399       568       569       582
         1       400       413       414       583
         1       400       401       414       583
         1       400       401       570       583
         1       400       413       582       583
         1       400       569       582       583
         1       400       569       570       583
         1       401       414       415       584
         1       401       402       415       584
         1       401       402       571       584
         1       401       414       583       584
         1       401       570       583       584
         1       401       570       571       584
         1       402       415       416       585
         1       402       403       416       585
         1       402       403       572       585
         1       402       415       584       585
         1       402       571       584       585
         1       402       571       572       585
         1       403       404       416       573
         1       391       403       404       573
         1       391       403       560       573
         1       403       416       573       585
         1       403       572       573       585
         1       403       560       572       573
         1       391       404       405       574
         1       391       392       405       574
         1       391       392       561       574
         1       391       404       573       574
         1       391       560       573       574
         1       391       560       561       574
         1       405       418       419       588
         1       405       406       419       588
         1       405       406       575       588
         1       405       418       587       588
         1       405       574       587       588
         1       405       574       575       588
         1       406       419       420       589
         1       406       407       420       589
         1       406       407       576       589
         1       406       419       588       589
         1       406       575       588       589
         1       406       575       576       589
         1       407       420       421       590
         1       407       408       421       590
         1       407       408       577       590
         1       407       420       589       590
         1       407       576       589       590
         1       407       576       577       590
         1       408       421       422       591
         1       408       409       422       591
         1       408       409       578       591
         1       408       421       590       591
         1       408       577       590       591
         1       408       577       578       591
         1       409       422       423       592
         1       409       410       423       592
         1       409       410       579       592
         1       409       422       591       592
         1       409       578       591       592
         1       409       578       579       592
         1       410       423       424       593
         1       410       411       424       593
         1       410       411       580       593
         1       410       423       592       593
         1       410       579       592       593
         1       410       579       580       593
         1       411       424       425       594
         1       411       412       425       594
         1       411       412       581       594
         1       411       424       593       594
         1       411       580       593       594
         1       411       580       581       594
         1       412       425       426       595
         1       412       413       426       595
         1       412       413       582       595
         1       412       425       594       595
         1       412       581       594       595
         1       412       581       582       595
         1       413       426       427       596
         1       413       414       427       596
         1       413       414       583       596
         1       413       426       595       596
         1       413       582       595       596
         1       413       582       583       596
         1       414       427       428       597
         1       414       415       428       597
         1       414       415       584       597
         1       414       427       596       597
         1       414       583       596       597
         1       414       583       584       597
         1       415       428       429       598
         1       415       416       429       598
         1       415       416       585       598
         1       415       428       597       598
         1       415       584       597       598
         1       415       584       585       598
         1       416       417       429       586
         1       404       416       417       586
         1       404       416       573       586
         1       416       429       586       598
         1       416       585       586       598
         1       416       573       585       586
         1       404       417       418       587
         1       404       405       418       587
         1       404       405       574       587
         1       404       417       586       587
         1       404       573       586       587
         1       404       573       574       587
         1       418       431       432       601
         1       418       419       432       601
         1       418       419       588       601
         1       418       431       600       601
         1       418       587       600       601
         1       418       587       588       601
         1       419       432       433       602
         1       419       420       433       602
         1       419       420       589       602
         1       419       432       601       602
         1       419       588       601       602
         1       419       588       589       602
         1       420       433       434       603
         1       420       421       434       603
         1       420       421       590       603
         1       420       433       602       603
         1       420       589       602       603
         1       420       589       590       603
         1       421       434       435       604
         1       421       422       435       604
         1       421       422       591       604
         1       421       434       603       604
         1       421       590       603       604
         1       421       590       591       604
         1       422       435       436       605
         1       422       423       436       605
         1       422       423       592       605
         1       422       435       604       605
         1       422       591       604       605
         1       422       591       592       605
         1       423       436       437       606
         1       423       424       437       606
         1       423       424       593       606
         1       423       436       605       606
         1       423       592       605       606
         1       423       592       593       606
         1       424       437       438       607
         1       424       425       438       607
         1       424       425       594       607
         1       424       437       606       607
         1       424       593       606       607
         1       424       593       594       607
         1       425       438       439       608
         1       425       426       439       608
         1       425       426       595       608
         1       425       438       607       608
         1       425       594       607       608
         1       425       594       595       608
         1       426       439       440       609
         1       426       427       440       609
         1       426       427       596       609
         1       426       439       608       609
         1       426       595       608       609
         1       426       595       596       609
         1       427       440       441       610
         1       427       428       441       610
         1       427       428       597       610
         1       427       440       609       610
         1       427       596       609       610
         1       427       596       597       610
         1       428       441       442       611
         1       428       429       442       611
         1       428       429       598       611
         1       428       441       610       611
         1       428       597       610       611
         1       428       597       598       611
         1       429       430       442       599
         1       417       429       430       599
         1       417       429       586       599
         1       429       442       599       611
         1       429       598       599       611
         1       429       586       598       599
         1       417       430       431       600
         1       417       418       431       600
         1       417       418       587       600
         1       417       430       599       600
         1       417       586       599       600
         1       417       586       587       600
         1       431       444       445       614
         1       431       432       445       614
         1       431       432       601       614
         1       431       444       613       614
         1       431       600       613       614
         1       431       600       601       614
         1       432       445       446       615
         1       432       433       446       615
         1       432       433       602       615
         1       432       445       614       615
         1       432       601       614       615
         1       432       601       602       615
         1       433       446       447       616
         1       433       434       447       616
         1       433       434       603       616
         1       433       446       615       616
         1       433       602       615       616
         1       433       602       603       616
         1       434       447       448       617
         1       434       435       448       617
         1       434       435       604       617
         1       434       447       616       617
         1       434       603       616       617
         1       434       603       604       617
         1       435       448       449       618
         1       435       436       449       618
         1       435       436       605       618
         1       435       448       617       618
         1       435       604       617       618
         1       435       604       605       618
         1       436       449       450       619
         1       436       437       450       619
         1       436       437       606       619
         1       436       449       618       619
         1       436       605       618       619
         1       436       605       606       619
         1       437       450       451       620
         1       437       438       451       620
         1       437       438       607       620
         1       437       450       619       620
         1       437       606       619       620
         1       437       606       607       620
         1       438       451       452       621
         1       438       439       452       621
         1       438       439       608       621
         1       438       451       620       621
         1       438       607       620       621
         1       438       607       608       621
         1       439       452       453       622
         1       439       440       453       622
         1       439       440       609       622
         1       439       452       621       622
         1       439       608       621       622
         1       439       608       609       622
         1       440       453       454       623
         1       440       441       454       623
         1       440       441       610       623
         1       440       453       622       623
         1       440       609       622       623
         1       440       609       610       623
         1       441       454       455       624
         1       441       442       455       624
         1       441       442       611       624
         1       441       454       623       624
         1       441       610       623       624
         1       441       610       611       624
         1       442       443       455       612
         1       430       442       443       612
         1       430       442       599       612
         1       442       455       612       624
         1       442       611       612       624
         1       442       599       611       612
         1       430       443       444       613
         1       430       431       444       613
         1       430       431       600       613
         1       430       443       612       613
         1       430       599       612       613
         1       430       599       600       613
         1       444       457       458       627
         1       444       445       458       627
         1       444       445       614       627
         1       444       457       626       627
         1       444       613       626       627
         1       444       613       614       627
         1       445       458       459       628
         1       445       446       459       628
         1       445       446       615       628
         1       445       458       627       628
         1       445       614       627       628
         1       445       614       615       628
         1       446       459       460       629
         1       446       447       460       629
         1       446       447       616       629
         1       446       459       628       629
         1       446       615       628       629
         1       446       615       616       629
         1       447       460       461       630
         1       447       448       461       630
         1       447       448       617       630
         1       447       460       629       630
         1       447       616       629       630
         1       447       616       617       630
         1       448       461       462       631
         1       448       449       462       631
         1       448       449       618       631
         1       448       461       630       631
         1       448       617       630       631
         1       448       617       618       631
         1       449       462       463       632
         1       449       450       463       632
         1       449       450       619       632
         1       449       462       631       632
         1       449       618       631       632
         1       449       618       619       632
         1       450       463       464       633
         1       450       451       464       633
         1       450       451       620       633
         1       450       463       632       633
         1       450       619       632       633
         1       450       619       620       633
         1       451       464       465       634
         1       451       452       465       634
         1       451       452       621       634
         1       451       464       633       634
         1       451       620       633       634
         1       451       620       621       634
         1       452       465       466       635
         1       452       453       466       635
         1       452       453       622       635
         1       452       465       634       635
         1       452       621       634       635
         1       452       621       622       635
         1       453       466       467       636
         1       453       454       467       636
         1       453       454       623       636
         1       453       466       635       636
         1       453       622       635       636
         1       453       622       623       636
         1       454       467       468       637
         1       454       455       468       637
         1       454       455       624       637
         1       454       467       636       637
         1       454       623       636       637
         1       454       623       624       637
         1       455       456       468       625
         1       443       455       456       625
         1       443       455       612       625
         1       455       468       625       637
         1       455       624       625       637
         1       455       612       624       625
         1       443       456       457       626
         1       443       444       457       626
         1       443       444       613       626
         1       443       456       625       626
         1       443       612       625       626
         1       443       612       613       626
         1       457       470       471       640
         1       457       458       471       640
         1       457       458       627       640
         1       457       470       639       640
         1       457       626       639       640
         1       457       626       627       640
         1       458       471       472       641
         1       458       459       472       641
         1       458       459       628       641
         1       458       471       640       641
         1       458       627       640       641
         1       458       627       628       641
         1       459       472       473       642
         1       459       460       473       642
         1       459       460       629       642
         1       459       472       641       642
         1       459       628       641       642
         1       459       628       629       642
         1       460       473       474       643
         1       460       461       474       643
         1       460       461       630       643
         1       460       473       642       643
         1       460       629       642       643
         1       460       629       630       643
         1       461       474       475       644
         1       461       462       475       644
         1       461       462       631       644
         1       461       474       643       644
         1       461       630       643       644
         1       461       630       631       644
         1       462       475       476       645
         1       462       463       476       645
         1       462       463       632       645
         1       462       475       644       645
         1       462       631       644       645
         1       462       631       632       645
         1       463       476       477       646
         1       463       464       477       646
         1       463       464       633       646
         1       463       476       645       646
         1       463       632       645       646
         1       463       632       633       646
         1       464       477       478       647
         1       464       465       478       647
         1       464       465       634       647
         1       464       477       646       647
         1       464       633       646       647
         1       464       633       634       647
         1       465       478       479       648
         1       465       466       479       648
         1       465       466       635       648
         1       465       478       647       648
         1       465       634       647       648
         1       465       634       635       648
         1       466       479       480       649
         1       466       467       480       649
         1       466       467       636       649
         1       466       479       648       649
         1       466       635       648       649
         1       466       635       636       649
         1       467       480       481       650
         1       467       468       481       650
         1       467       468       637       650
         1       467       480       649       650
         1       467       636       649       650
         1       467       636       637       650
         1       468       469       481       638
         1       456       468       469       638
         1       456       468       625       638
         1       468       481       638       650
         1       468       637       638       650
         1       468       625       637       638
         1       456       469       470       639
         1       456       457       470       639
         1       456       457       626       639
         1       456       469       638       639
         1       456       625       638       639
         1       456       625       626       639
         1       470       483       484       653
         1       470       471       484       653
         1       470       471       640       653
         1       470       483       652       653
         1       470       639       652       653
         1       470       639       640       653
         1       471       484       485       654
         1       471       472       485       654
         1       471       472       641       654
         1       471       484       653       654
         1       471       640       653       654
         1       471       640       641       654
         1       472       485       486       655
         1       472       473       486       655
         1       472       473       642       655
         1       472       485       654       655
         1       472       641       654       655
         1       472       641       642       655
         1       473       486       487       656
         1       473       474       487       656
         1       473       474       643       656
         1       473       486       655       656
         1       473       642       655       656
         1       473       642       643       656
         1       474       487       488       657
         1       474       475       488       657
         1       474       475       644       657
         1       474       487       656       657
         1       474       643       656       657
         1       474       643       644       657
         1       475       488       489       658
         1       475       476       489       658
         1       475       476       645       658
         1       475       488       657       658
         1       475       644       657       658
         1       475       644       645       658
         1       476       489       490       659
         1       476       477       490       659
         1       476       477       646       659
         1       476       489       658       659
         1       476       645       658       659
         1       476       645       646       659
         1       477       490       491       660
         1       477       478       491       660
         1       477       478       647       660
         1       477       490       659       660
         1       477       646       659       660
         1       477       646       647       660
         1       478       491       492       661
         1       478       479       492       661
         1       478       479       648       661
         1       478       491       660       661
         1       478       647       660       661
         1       478       647       648       661
         1       479       492       493       662
         1       479       480       493       662
         1       479       480       649       662
         1       479       492       661       662
         1       479       648       661       662
         1       479       648       649       662
         1       480       493       494       663
         1       480       481       494       663
         1       480       481       650       663
         1       480       493       662       663
         1       480       649       662       663
         1       480       649       650       663
         1       481       482       494       651
         1       469       481       482       651
         1       469       481       638       651
         1       481       494       651       663
         1       481       650       651       663
         1       481       638       650       651
         1       469       482       483       652
         1       469       470       483       652
         1       469       470       639       652
         1       469       482       651       652
         1       469       638       651       652
         1       469       638       639       652
         1       483       496       497       666
         1       483       484       497       666
         1       483       484       653       666
         1       483       496       665       666
         1       483       652       665       666
         1       483       652       653       666
         1       484       497       498       667
         1       484       485       498       667
         1       484       485       654       667
         1       484       497       666       667
         1       484       653       666       667
         1       484       653       654       667
         1       485       498       499       668
         1       485       486       499       668
         1       485       486       655       668
         1       485       498       667       668
         1       485       654       667       668
         1       485       654       655       668
         1       486       499       500       669
         1       486       487       500       669
         1       486       487       656       669
         1       486       499       668       669
         1       486       655       668       669
         1       486       655       656       669
         1       487       500       501       670
         1       487       488       501       670
         1       487       488       657       670
         1       487       500       669       670
         1       487       656       669       670
         1       487       656       657       670
         1       488       501       502       671
         1       488       489       502       671
         1       488       489       658       671
         1       488       501       670       671
         1       488       657       670       671
         1       488       657       658       671
         1       489       502       503       672
         1       489       490       503       672
         1       489       490       659       672
         1       489       502       671       672
         1       489       658       671       672
         1       489       658       659       672
         1       490       503       504       673
         1       490       491       504       673
         1       490       491       660       673
         1       490       503       672       673
         1       490       659       672       673
         1       490       659       660       673
         1       491       504       505       674
         1       491       492       505       674
         1       491       492       661       674
         1       491       504       673       674
         1       491       660       673       674
         1       491       660       661       674
         1       492       505       506       675
         1       492       493       506       675
         1       492       493       662       675
         1       492       505       674       675
         1       492       661       674       675
         1       492       661       662       675
         1       493       506       507       676
         1       493       494       507       676
         1       493       494       663       676
         1       493       506       675       676
         1       493       662       675       676
         1       493       662       663       676
         1       494       495       507       664
         1       482       494       495       664
         1       482       494       651       664
         1       494       507       664       676
         1       494       663       664       676
         1       494       651       663       664
         1       482       495       496       665
         1       482       483       496       665
         1       482       483       652       665
         1       482       495       664       665
         1       482       651       664       665
         1       482       651       652       665
         1       340       341       496       510
         1       341       496       497       510
         1       496       497       510       666
         1       340       496       509       510
         1       496       509       510       665
         1       496       510       665       666
         1       341       342       497       511
         1       342       497       498       511
         1       497       498       511       667
         1       341       497       510       511
         1       497       510       511       666
         1       497       511       666       667
         1       342       343       498       512
         1       343       498       499       512
         1       498       499       512       668
         1       342       498       511       512
         1       498       511       512       667
         1       498       512       667       668
         1       343       344       499       513
         1       344       499       500       513
         1       499       500       513       669
         1       343       499       512       513
         1       499       512       513       668
         1       499       513       668       669
         1       344       345       500       514
         1       345       500       501       514
         1       500       501       514       670
         1       344       500       513       514
         1       500       513       514       669
         1       500       514       669       670
         1       345       346       501       515
         1       346       501       502       515
         1       501       502       515       671
         1       345       501       514       515
         1       501       514       515       670
         1       501       515       670       671
         1       346       347       502       516
         1       347       502       503       516
         1       502       503       516       672
         1       346       502       515       516
         1       502       515       516       671
         1       502       516       671       672
         1       347       348       503       517
         1       348       503       504       517
         1       503       504       517       673
         1       347       503       516       517
         1       503       516       517       672
         1       503       517       672       673
         1       348       349       504       518
         1       349       504       505       518
         1       504       505       518       674
         1       348       504       517       518
         1       504       517       518       673
         1       504       518       673       674
         1       349       350       505       519
         1       350       505       506       519
         1       505       506       519       675
         1       349       505       518       519
         1       505       518       519       674
         1       505       519       674       675
         1       350       351       506       520
         1       351       506       507       520
         1       506       507       520       676
         1       350       506       519       520
         1       506       519       520       675
         1       506       520       675       676
         1       339       351       507       508
         1       339       495       507       508
         1       495       507       508       664
         1       351       507       508       520
         1       507       508       520       676
         1       507       508       664       676
         1       339       340       495       509
         1       340       495       496       509
         1       495       496       509       665
         1       339       495       508       509
         1       495       508       509       664
         1       495       509       664       665
         1       340       353       354       523
         1       340       341       354       523
         1       340       341       510       523
         1       340       353       522       523
         1       340       509       522       523
         1       340       509       510       523
         1       341       354       355       524
         1       341       342       355       524
         1       341       342       511       524
         1       341       354       523       524
         1       341       510       523       524
         1       341       510       511       524
         1       342       355       356       525
         1       342       343       356       525
         1       342       343       512       525
         1       342       355       524       525
         1       342       511       524       525
         1       342       511       512       525
         1       343       356       357       526
         1       343       344       357       526
         1       343       344       513       526
         1       343       356       525       526
         1       343       512       525       526
         1       343       512       513       526
         1       344       357       358       527
         1       344       345       358       527
         1       344       345       514       527
         1       344       357       526       527
         1       344       513       526       527
         1       344       513       514       527
         1       345       358       359       528
         1       345       346       359       528
         1       345       346       515       528
         1       345       358       527       528
         1       345       514       527       528
         1       345       514       515       528
         1       346       359       360       529
         1       346       347       360       529
         1       346       347       516       529
         1       346       359       528       529
         1       346       515       528       529
         1       346       515       516       529
         1       347       360       361       530
         1       347       348       361       530
         1       347       348       517       530
         1       347       360       529       530
         1       347       516       529       530
         1       347       516       517       530
         1       348       361       362       531
         1       348       349       362       531
         1       348       349       518       531
         1       348       361       530       531
         1       348       517       530       531
         1       348       517       518       531
         1       349       362       363       532
         1       349       350       363       532
         1       349       350       519       532
         1       349       362       531       532
         1       349       518       531       532
         1       349       518       519       532
         1       350       363       364       533
         1       350       351       364       533
         1       350       351       520       533
         1       350       363       532       533
         1       350       519       532       533
         1       350       519       520       533
         1       351       352       364       521
         1       339       351       352       521
         1       339       351       508       521
         1       351       364       521       533
         1       351       520       521       533
         1       351       508       520       521
         1       339       352       353       522
         1       339       340       353       522
         1       339       340       509       522
         1       339       352       521       522
         1       339       508       521       522
         1       339       508       509       522
         1       522       535       536       705
         1       522       523       536       705
         1       522       523       692       705
         1       522       535       704       705
         1       522       691       704       705
         1       522       691       692       705
         1       523       536       537       706
         1       523       524       537       706
         1       523       524       693       706
         1       523       536       705       706
         1       523       692       705       706
         1       523       692       693       706
         1       524       537       538       707
         1       524       525       538       707
         1       524       525       694       707
         1       524       537       706       707
         1       524       693       706       707
         1       524       693       694       707
         1       525       538       539       708
         1       525       526       539       708
         1       525       526       695       708
         1       525       538       707       708
         1       525       694       707       708
         1       525       694       695       708
         1       526       539       540       709
         1       526       527       540       709
         1       526       527       696       709
         1       526       539       708       709
         1       526       695       708       709
         1       526       695       696       709
         1       527       540       541       710
         1       527       528       541       710
         1       527       528       697       710
         1       527       540       709       710
         1       527       696       709       710
         1       527       696       697       710
         1       528       541       542       711
         1       528       529       542       711
         1       528       529       698       711
         1       528       541       710       711
         1       528       697       710       711
         1       528       697       698       711
         1       529       542       543       712
         1       529       530       543       712
         1       529       530       699       712
         1       529       542       711       712
         1       529       698       711       712
         1       529       698       699       712
         1       530       543       544       713
         1       530       531       544       713
         1       530       531       700       713
         1       530       543       712       713
         1       530       699       712       713
         1       530       699       700       713
         1       531       544       545       714
         1       531       532       545       714
         1       531       532       701       714
         1       531       544       713       714
         1       531       700       713       714
         1       531       700       701       714
         1       532       545       546       715
         1       532       533       546       715
         1       532       533       702       715
         1       532       545       714       715
         1       532       701       714       715
         1       532       701       702       715
         1       533       534       546       703
         1       521       533       534       703
         1       521       533       690       703
         1       533       546       703       715
         1       533       702       703       715
         1       533       690       702       703
         1       521       534       535       704
         1       521       522       535       704
         1       521       522       691       704
         1       521       534       703       704
         1       521       690       703       704
         1       521       690       691       704
         1       535       548       549       718
         1       535       536       549       718
         1       535       536       705       718
         1       535       548       717       718
         1       535       704       717       718
         1       535       704       705       718
         1       536       549       550       719
         1       536       537       550       719
         1       536       537       706       719
         1       536       549       718       719
         1       536       705       718       719
         1       536       705       706       719
         1       537       550       551       720
         1       537       538       551       720
         1       537       538       707       720
         1       537       550       719       720
         1       537       706       719       720
         1       537       706       707       720
         1       538       551       552       721
         1       538       539       552       721
         1       538       539       708       721
         1       538       551       720       721
         1       538       707       720       721
         1       538       707       708       721
         1       539       552       553       722
         1       539       540       553       722
         1       539       540       709       722
         1       539       552       721       722
         1       539       708       721       722
         1       539       708       709       722
         1       540       553       554       723
         1       540       541       554       723
         1       540       541       710       723
         1       540       553       722       723
         1       540       709       722       723
         1       540       709       710       723
         1       541       554       555       724
         1       541       542       555       724
         1       541       542       711       724
         1       541       554       723       724
         1       541       710       723       724
         1       541       710       711       724
         1       542       555       556       725
         1       542       543       556       725
         1       542       543       712       725
         1       542       555       724       725
         1       542       711       724       725
         1       542       711       712       725
         1       543       556       557       726
         1       543       544       557       726
         1       543       544       713       726
         1       543       556       725       726
         1       543       712       725       726
         1       543       712       713       726
         1       544       557       558       727
         1       544       545       558       727
         1       544       545       714       727
         1       544       557       726       727
         1       544       713       726       727
         1       544       713       714       727
         1       545       558       559       728
         1       545       546       559       728
         1       545       546       715       728
         1       545       558       727       728
         1       545       714       727       728
         1       545       714       715       728
         1       546       547       559       716
         1       534       546       547       716
         1       534       546       703       716
         1       546       559       716       728
         1       546       715       716       728
         1       546       703       715       716
         1       534       547       548       717
         1       534       535       548       717
         1       534       535       704       717
         1       534       547       716       717
         1       534       703       716       717
         1       534       703       704       717
         1       548       561       562       731
         1       548       549       562       731
         1       548       549       718       731
         1       548       561       730       731
         1       548       717       730       731
         1       548       717       718       731
         1       549       562       563       732
         1       549       550       563       732
         1       549       550       719       732
         1       549       562       731       732
         1       549       718       731       732
         1       549       718       719       732
         1       550       563       564       733
         1       550       551       564       733
         1       550       551       720       733
         1       550       563       732       733
         1       550       719       732       733
         1       550       719       720       733
         1       551       564       565       734
         1       551       552       565       734
         1       551       552       721       734
         1       551       564       733       734
         1       551       720       733       734
         1       551       720       721       734
         1       552       565       566       735
         1       552       553       566       735
         1       552       553       722       735
         1       552       565       734       735
         1       552       721       734       735
         1       552       721       722       735
         1       553       566       567       736
         1       553       554       567       736
         1       553       554       723       736
         1       553       566       735       736
         1       553       722       735       736
         1       553       722       723       736
         1       554       567       568       737
         1       554       555       568       737
         1       554       555       724       737
         1       554       567       736       737
         1       554       723       736       737
         1       554       723       724       737
         1       555       568       569       738
         1       555       556       569       738
         1       555       556       725       738
         1       555       568       737       738
         1       555       724       737       738
         1       555       724       725       738
         1       556       569       570       739
         1       556       557       570       739
         1       556       557       726       739
         1       556       569       738       739
         1       556       725       738       739
         1       556       725       726       739
         1       557       570       571       740
         1       557       558       571       740
         1       557       558       727       740
         1       557       570       739       740
         1       557       726       739       740
         1       557       726       727       740
         1       558       571       572       741
         1       558       559       572       741
         1       558       559       728       741
         1       558       571       740       741
         1       558       727       740       741
         1       558       727       728       741
         1       559       560       572       729
         1       547       559       560       729
         1       547       559       716       729
         1       559       572       729       741
         1       559       728       729       741
         1       559       716       728       729
         1       547       560       561       730
         1       547       548       561       730
         1       547       548       717       730
         1       547       560       729       730
         1       547       716       729       730
         1       547       716       717       730
         1       561       574       575       744
         1       561       562       575       744
         1       561       562       731       744
         1       561       574       743       744
         1       561       730       743       744
         1       561       730       731       744
         1       562       575       576       745
         1       562       563       576       745
         1       562       563       732       745
         1       562       575       744       745
         1       562       731       744       745
         1       562       731       732       745
         1       563       576       577       746
         1       563       564       577       746
         1       563       564       733       746
         1       563       576       745       746
         1       563       732       745       746
         1       563       732       733       746
         1       564       577       578       747
         1       564       565       578       747
         1       564       565       734       747
         1       564       577       746       747
         1       564       733       746       747
         1       564       733       734       747
         1       565       578       579       748
         1       565       566       579       748
         1       565       566       735       748
         1       565       578       747       748
         1       565       734       747       748
         1       565       734       735       748
         1       566       579       580       749
         1       566       567       580       749
         1       566       567       736       749
         1       566       579       748       749
         1       566       735       748       749
         1       566       735       736       749
         1       567       580       581       750
         1       567       568       581       750
         1       567       568       737       750
         1       567       580       749       750
         1       567       736       749       750
         1       567       736       737       750
         1       568       581       582       751
         1       568       569       582       751
         1       568       569       738       751
         1       568       581       750       751
         1       568       737       750       751
         1       568       737       738       751
         1       569       582       583       752
         1       569       570       583       752
         1       569       570       739       752
         1       569       582       751       752
         1       569       738       751       752
         1       569       738       739       752
         1       570       583       584       753
         1       570       571       584       753
         1       570       571       740       753
         1       570       583       752       753
         1       570       739       752       753
         1       570       739       740       753
         1       571       584       585       754
         1       571       572       585       754
         1       571       572       741       754
         1       571       584       753       754
         1       571       740       753       754
         1       571       740       741       754
         1       572       573       585       742
         1       560       572       573       742
         1       560       572       729       742
         1       572       585       742       754
         1       572       741       742       754
         1       572       729       741       742
         1       560       573       574       743
         1       560       561       574       743
         1       560       561       730       743
         1       560       573       742       743
         1       560       729       742       743
         1       560       729       730       743
         1       574       587       588       757
         1       574       575       588       757
         1       574       575       744       757
         1       574       587       756       757
         1       574       743       756       757
         1       574       743       744       757
         1       575       588       589       758
         1       575       576       589       758
         1       575       576       745       758
         1       575       588       757       758
         1       575       744       757       758
         1       575       744       745       758
         1       576       589       590       759
         1       576       577       590       759
         1       576       577       746       759
         1       576       589       758       759
         1       576       745       758       759
         1       576       745       746       759
         1       577       590       591       760
         1       577       578       591       760
         1       577       578       747       760
         1       577       590       759       760
         1       577       746       759       760
         1       577       746       747       760
         1       578       591       592       761
         1       578       579       592       761
         1       578       579       748       761
         1       578       591       760       761
         1       578       747       760       761
         1       578       747       748       761
         1       579       592       593       762
         1       579       580       593       762
         1       579       580       749       762
         1       579       592       761       762
         1       579       748       761       762
         1       579       748       749       762
         1       580       593       594       763
         1       580       581       594       763
         1       580       581       750       763
         1       580       593       762       763
         1       580       749       762       763
         1       580       749       750       763
         1       581       594       595       764
         1       581       582       595       764
         1       581       582       751       764
         1       581       594       763       764
         1       581       750       763       764
         1       581       750       751       764
         1       582       595       596       765
         1       582       583       596       765
         1       582       583       752       765
         1       582       595       764       765
         1       582       751       764       765
         1       582       751       752       765
         1       583       596       597       766
         1       583       584       597       766
         1       583       584       753       766
         1       583       596       765       766
         1       583       752       765       766
         1       583       752       753       766
         1       584       597       598       767
         1       584       585       598       767
         1       584       585       754       767
         1       584       597       766       767
         1       584       753       766       767
         1       584       753       754       767
         1       585       586       598       755
         1       573       585       586       755
         1       573       585       742       755
         1       585       598       755       767
         1       585       754       755       767
         1       585       742       754       755
         1       573       586       587       756
         1       573       574       587       756
         1       573       574       743       756
         1       573       586       755       756
         1       573       742       755       756
         1       573       742       743       756
         1       587       600       601       770
         1       587       588       601       770
         1       587       588       757       770
         1       587       600       769       770
         1       587       756       769       770
         1       587       756       757       770
         1       588       601       602       771
         1       588       589       602       771
         1       588       589       758       771
         1       588       601       770       771
         1       588       757       770       771
         1       588       757       758       771
         1       589       602       603       772
         1       589       590       603       772
         1       589       590       759       772
         1       589       602       771       772
         1       589       758       771       772
         1       589       758       759       772
         1       590       603       604       773
         1       590       591       604       773
         1       590       591       760       773
         1       590       603       772       773
         1       590       759       772       773
         1       590       759       760       773
         1       591       604       605       774
         1       591       592       605       774
         1       591       592       761       774
         1       591       604       773       774
         1       591       760       773       774
         1       591       760       761       774
         1       592       605       606       775
         1       592       593       606       775
         1       592       593       762       775
         1       592       605       774       775
         1       592       761       774       775
         1       592       761       762       775
         1       593       606       607       776
         1       593       594       607       776
         1       593       594       763       776
         1       593       606       775       776
         1       593       762       775       776
         1       593       762       763       776
         1       594       607       608       777
         1       594       595       608       777
         1       594       595       764       777
         1       594       607       776       777
         1       594       763       776       777
         1       594       763       764       777
         1       595       608       609       778
         1       595       596       609       778
         1       595       596       765       778
         1       595       608       777       778
         1       595       764       777       778
         1       595       764       765       778
         1       596       609       610       779
         1       596       597       610       779
         1       596       597       766       779
         1       596       609       778       779
         1       596       765       778       779
         1       596       765       766       779
         1       597       610       611       780
         1       597       598       611       780
         1       597       598       767       780
         1       597       610       779       780
         1       597       766       779       780
         1       597       766       767       780
         1       598       599       611       768
         1       586       598       599       768
         1       586       598       755       768
         1       598       611       768       780
         1       598       767       768       780
         1       598       755       767       768
         1       586       599       600       769
         1       586       587       600       769
         1       586       587       756       769
         1       586       599       768       769
         1       586       755       768       769
         1       586       755       756       769
         1       600       613       614       783
         1       600       601       614       783
         1       600       601       770       783
         1       600       613       782       783
         1       600       769       782       783
         1       600       769       770       783
         1       601       614       615       784
         1       601       602       615       784
         1       601       602       771       784
         1       601       614       783       784
         1       601       770       783       784
         1       601       770       771       784
         1       602       615       616       785
         1       602       603       616       785
         1       602       603       772       785
         1       602       615       784       785
         1       602       771       784       785
         1       602       771       772       785
         1       603       616       617       786
         1       603       604       617       786
         1       603       604       773       786
         1       603       616       785       786
         1       603       772       785       786
         1       603       772       773       786
         1       604       617       618       787
         1       604       605       618       787
         1       604       605       774       787
         1       604       617       786       787
         1       604       773       786       787
         1       604       773       774       787
         1       605       618       619       788
         1       605       606       619       788
         1       605       606       775       788
         1       605       618       787       788
         1       605       774       787       788
         1       605       774       775       788
         1       606       619       620       789
         1       606       607       620       789
         1       606       607       776       789
         1       606       619       788       789
         1       606       775       788       789
         1       606       775       776       789
         1       607       620       621       790
         1       607       608       621       790
         1       607       608       777       790
         1       607       620       789       790
         1       607       776       789       790
         1       607       776       777       790
         1       608       621       622       791
         1       608       609       622       791
         1       608       609       778       791
         1       608       621       790       791
         1       608       777       790       791
         1       608       777       778       791
         1       609       622       623       792
         1       609       610       623       792
         1       609       610       779       792
         1       609       622       791       792
         1       609       778       791       792
         1       609       778       779       792
         1       610       623       624       793
         1       610       611       624       793
         1       610       611       780       793
         1       610       623       792       793
         1       610       779       792       793
         1       610       779       780       793
         1       611       612       624       781
         1       599       611       612       781
         1       599       611       768       781
         1       611       624       781       793
         1       611       780       781       793
         1       611       768       780       781
         1       599       612       613       782
         1       599       600       613       782
         1       599       600       769       782
         1       599       612       781       782
         1       599       768       781       782
         1       599       768       769       782
         1       613       626       627       796
         1       613       614       627       796
         1       613       614       783       796
         1       613       626       795       796
         1       613       782       795       796
         1       613       782       783       796
         1       614       627       628       797
         1       614       615       628       797
         1       614       615       784       797
         1       614       627       796       797
         1       614       783       796       797
         1       614       783       784       797
         1       615       628       629       798
         1       615       616       629       798
         1       615       616       785       798
         1       615       628       797       798
         1       615       784       797       798
         1       615       784       785       798
         1       616       629       630       799
         1       616       617       630       799
         1       616       617       786       799
         1       616       629       798       799
         1       616       785       798       799
         1       616       785       786       799
         1       617       630       631       800
         1       617       618       631       800
         1       617       618       787       800
         1       617       630       799       800
         1       617       786       799       800
         1       617       786       787       800
         1       618       631       632       801
         1       618       619       632       801
         1       618       619       788       801
         1       618       631       800       801
         1       618       787       800       801
         1       618       787       788       801
         1       619       632       633       802
         1       619       620       633       802
         1       619       620       789       802
         1       619       632       801       802
         1       619       788       801       802
         1       619       788       789       802
         1       620       633       634       803
         1       620       621       634       803
         1       620       621       790       803
         1       620       633       802       803
         1       620       789       802       803
         1       620       789       790       803
         1       621       634       635       804
         1       621       622       635       804
         1       621       622       791       804
         1       621       634       803       804
         1       621       790       803       804
         1       621       790       791       804
         1       622       635       636       805
         1       622       623       636       805
         1       622       623       792       805
         1       622       635       804       805
         1       622       791       804       805
         1       622       791       792       805
         1       623       636       637       806
         1       623       624       637       806
         1       623       624       793       806
         1       623       636       805       806
         1       623       792       805       806
         1       623       792       793       806
         1       624       625       637       794
         1       612       624       625       794
         1       612       624       781       794
         1       624       637       794       806
         1       624       793       794       806
         1       624       781       793       794
         1       612       625       626       795
         1       612       613       626       795
         1       612       613       782       795
         1       612       625       794       795
         1       612       781       794       795
         1       612       781       782       795
         1       626       639       640       809
         1       626       627       640       809
         1       626       627       796       809
         1       626       639       808       809
         1       626       795       808       809
         1       626       795       796       809
         1       627       640       641       810
         1       627       628       641       810
         1       627       628       797       810
         1       627       640       809       810
         1       627       796       809       810
         1       627       796       797       810
         1       628       641       642       811
         1       628       629       642       811
         1       628       629       798       811
         1       628       641       810       811
         1       628       797       810       811
         1       628       797       798       811
         1       629       642       643       812
         1       629       630       643       812
         1       629       630       799       812
         1       629       642       811       812
         1       629       798       811       812
         1       629       798       799       812
         1       630       643       644       813
         1       630       631       644       813
         1       630       631       800       813
         1       630       643       812       813
         1       630       799       812       813
         1       630       799       800       813
         1       631       644       645       814
         1       631       632       645       814
         1       631       632       801       814
         1       631       644       813       814
         1       631       800       813       814
         1       631       800       801       814
         1       632       645       646       815
         1       632       633       646       815
         1       632       633       802       815
         1       632       645       814       815
         1       632       801       814       815
         1       632       801       802       815
         1       633       646       647       816
         1       633       634       647       816
         1       633       634       803       816
         1       633       646       815       816
         1       633       802       815       816
         1       633       802       803       816
         1       634       647       648       817
         1       634       635       648       817
         1       634       635       804       817
         1       634       647       816       817
         1       634       803       816       817
         1       634       803       804       817
         1       635       648       649       818
         1       635       636       649       818
         1       635       636       805       818
         1       635       648       817       818
         1       635       804       817       818
         1       635       804       805       818
         1       636       649       650       819
         1       636       637       650       819
         1       636       637       806       819
         1       636       649       818       819
         1       636       805       818       819
         1       636       805       806       819
         1       637       638       650       807
         1       625       637       638       807
         1       625       637       794       807
         1       637       650       807       819
         1       637       806       807       819
         1       637       794       806       807
         1       625       638       639       808
         1       625       626       639       808
         1       625       626       795       808
         1       625       638       807       808
         1       625       794       807       808
         1       625       794       795       808
         1       639       652       653       822
         1       639       640       653       822
         1       639       640       809       822
         1       639       652       821       822
         1       639       808       821       822
         1       639       808       809       822
         1       640       653       654       823
         1       640       641       654       823
         1       640       641       810       823
         1       640       653       822       823
         1       640       809       822       823
         1       640       809       810       823
         1       641       654       655       824
         1       641       642       655       824
         1       641       642       811       824
         1       641       654       823       824
         1       641       810       823       824
         1       641       810       811       824
         1       642       655       656       825
         1       642       643       656       825
         1       642       643       812       825
         1       642       655       824       825
         1       642       811       824       825
         1       642       811       812       825
         1       643       656       657       826
         1       643       644       657       826
         1       643       644       813       826
         1       643       656       825       826
         1       643       812       825       826
         1       643       812       813       826
         1       644       657       658       827
         1       644       645       658       827
         1       644       645       814       827
         1       644       657       826       827
         1       644       813       826       827
         1       644       813       814       827
         1       645       658       659       828
         1       645       646       659       828
         1       645       646       815       828
         1       645       658       827       828
         1       645       814       827       828
         1       645       814       815       828
         1       646       659       660       829
         1       646       647       660       829
         1       646       647       816       829
         1       646       659       828       829
         1       646       815       828       829
         1       646       815       816       829
         1       647       660       661       830
         1       647       648       661       830
         1       647       648       817       830
         1       647       660       829       830
         1       647       816       829       830
         1       647       816       817       830
         1       648       661       662       831
         1       648       649       662       831
         1       648       649       818       831
         1       648       661       830       831
         1       648       817       830       831
         1       648       817       818       831
         1       649       662       663       832
         1       649       650       663       832
         1       649       650       819       832
         1       649       662       831       832
         1       649       818       831       832
         1       649       818       819       832
         1       650       651       663       820
         1       638       650       651       820
         1       638       650       807       820
         1       650       663       820       832
         1       650       819       820       832
         1       650       807       819       820
         1       638       651       652       821
         1       638       639       652       821
         1       638       639       808       821
         1       638       651       820       821
         1       638       807       820       821
         1       638       807       808       821
         1       652       665       666       835
         1       652       653       666       835
         1       652       653       822       835
         1       652       665       834       835
         1       652       821       834       835
         1       652       821       822       835
         1       653       666       667       836
         1       653       654       667       836
         1       653       654       823       836
         1       653       666       835       836
         1       653       822       835       836
         1       653       822       823       836
         1       654       667       668       837
         1       654       655       668       837
         1       654       655       824       837
         1       654       667       836       837
         1       654       823       836       837
         1       654       823       824       837
         1       655       668       669       838
         1       655       656       669       838
         1       655       656       825       838
         1       655       668       837       838
         1       655       824       837       838
         1       655       824       825       838
         1       656       669       670       839
         1       656       657       670       839
         1       656       657       826       839
         1       656       669       838       839
         1       656       825       838       839
         1       656       825       826       839
         1       657       670       671       840
         1       657       658       671       840
         1       657       658       827       840
         1       657       670       839       840
         1       657       826       839       840
         1       657       826       827       840
         1       658       671       672       841
         1       658       659       672       841
         1       658       659       828       841
         1       658       671       840       841
         1       658       827       840       841
         1       658       827       828       841
         1       659       672       673       842
         1       659       660       673       842
         1       659       660       829       842
         1       659       672       841       842
         1       659       828       841       842
         1       659       828       829       842
         1       660       673       674       843
         1       660       661       674       843
         1       660       661       830       843
         1       660       673       842       843
         1       660       829       842       843
         1       660       829       830       843
         1       661       674       675       844
         1       661       662       675       844
         1       661       662       831       844
         1       661       674       843       844
         1       661       830       843       844
         1       661       830       831       844
         1       662       675       676       845
         1       662       663       676       845
         1       662       663       832       845
         1       662       675       844       845
         1       662       831       844       845
         1       662       831       832       845
         1       663       664       676       833
         1       651       663       664       833
         1       651       663       820       833
         1       663       676       833       845
         1       663       832       833       845
         1       663       820       832       833
         1       651       664       665       834
         1       651       652       665       834
         1       651       652       821       834
         1       651       664       833       834
         1       651       820       833       834
         1       651       820       821       834
         1       509       510       665       679
         1       510       665       666       679
         1       665       666       679       835
         1       509       665       678       679
         1       665       678       679       834
         1       665       679       834       835
         1       510       511       666       680
         1       511       666       667       680
         1       666       667       680       836
         1       510       666       679       680
         1       666       679       680       835
         1       666       680       835       836
         1       511       512       667       681
         1       512       667       668       681
         1       667       668       681       837
         1       511       667       680       681
         1       667       680       681       836
         1       667       681       836       837
         1       512       513       668       682
         1       513       668       669       682
         1       668       669       682       838
         1       512       668       681       682
         1       668       681       682       837
         1       668       682       837       838
         1       513       514       669       683
         1       514       669       670       683
         1       669       670       683       839
         1       513       669       682       683
         1       669       682       683       838
         1       669       683       838       839
         1       514       515       670       684
         1       515       670       671       684
         1       670       671       684       840
         1       514       670       683       684
         1       670       683       684       839
         1       670       684       839       840
         1       515       516       671       685
         1       516       671       672       685
         1       671       672       685       841
         1       515       671       684       685
         1       671       684       685       840
         1       671       685       840       841
         1       516       517       672       686
         1       517       672       673       686
         1       672       673       686       842
         1       516       672       685       686
         1       672       685       686       841
         1       672       686       841       842
         1       517       518       673       687
         1       518       673       674       687
         1       673       674       687       843
         1       517       673       686       687
         1       673       686       687       842
         1       673       687       842       843
         1       518       519       674       688
         1       519       674       675       688
         1       674       675       688       844
         1       518       674       687       688
         1       674       687       688       843
         1       674       688       843       844
         1       519       520       675       689
         1       520       675       676       689
         1       675       676       689       845
         1       519       675       688       689
         1       675       688       689       844
         1       675       689       844       845
         1       508       520       676       677
         1       508       664       676       677
         1       664       676       677       833
         1       520       676       677       689
         1       676       677       689       845
         1       676       677       833       845
         1       508       509       664       678
         1       509       664       665       678
         1       664       665       678       834
         1       508       664       677       678
         1       664       677       678       833
         1       664       678       833       834
         1       509       522       523       692
         1       509       510       523       692
         1       509       510       679       692
         1       509       522       691       692
         1       509       678       691       692
         1       509       678       679       692
         1       510       523       524       693
         1       510       511       524       693
         1       510       511       680       693
         1       510       523       692       693
         1       510       679       692       693
         1       510       679       680       693
         1       511       524       525       694
         1       511       512       525       694
         1       511       512       681       694
         1       511       524       693       694
         1       511       680       693       694
         1       511       680       681       694
         1       512       525       526       695
         1       512       513       526       695
         1       512       513       682       695
         1       512       525       694       695
         1       512       681       694       695
         1       512       681       682       695
         1       513       526       527       696
         1       513       514       527       696
         1       513       514       683       696
         1       513       526       695       696
         1       513       682       695       696
         1       513       682       683       696
         1       514       527       528       697
         1       514       515       528       697
         1       514       515       684       697
         1       514       527       696       697
         1       514       683       696       697
         1       514       683       684       697
         1       515       528       529       698
         1       515       516       529       698
         1       515       516       685       698
         1       515       528       697       698
         1       515       684       697       698
         1       515       684       685       698
         1       516       529       530       699
         1       516       517       530       699
         1       516       517       686       699
         1       516       529       698       699
         1       516       685       698       699
         1       516       685       686       699
         1       517       530       531       700
         1       517       518       531       700
         1       517       518       687       700
         1       517       530       699       700
         1       517       686       699       700
         1       517       686       687       700
         1       518       531       532       701
         1       518       519       532       701
         1       518       519       688       701
         1       518       531       700       701
         1       518       687       700       701
         1       518       687       688       701
         1       519       532       533       702
         1       519       520       533       702
         1       519       520       689       702
         1       519       532       701       702
         1       519       688       701       702
         1       519       688       689       702
         1       520       521       533       690
         1       508       520       521       690
         1       508       520       677       690
         1       520       533       690       702
         1       520       689       690       702
         1       520       677       689       690
         1       508       521       522       691
         1       508       509       522       691
         1       508       509       678       691
         1       508       521       690       691
         1       508       677       690       691
         1       508       677       678       691
         1       691       704       705       874
         1       691       692       705       874
         1       691       692       861       874
         1       691       704       873       874
         1       691       860       873       874
         1       691       860       861       874
         1       692       705       706       875
         1       692       693       706       875
         1       692       693       862       875
         1       692       705       874       875
         1       692       861       874       875
         1       692       861       862       875
         1       693       706       707       876
         1       693       694       707       876
         1       693       694       863       876
         1       693       706       875       876
         1       693       862       875       876
         1       693       862       863       876
         1       694       707       708       877
         1       694       695       708       877
         1       694       695       864       877
         1       694       707       876       877
         1       694       863       876       877
         1       694       863       864       877
         1       695       708       709       878
         1       695       696       709       878
         1       695       696       865       878
         1       695       708       877       878
         1       695       864       877       878
         1       695       864       865       878
         1       696       709       710       879
         1       696       697       710       879
         1       696       697       866       879
         1       696       709       878       879
         1       696       865       878       879
         1       696       865       866       879
         1       697       710       711       880
         1       697       698       711       880
         1       697       698       867       880
         1       697       710       879       880
         1       697       866       879       880
         1       697       866       867       880
         1       698       711       712       881
         1       698       699       712       881
         1       698       699       868       881
         1       698       711       880       881
         1       698       867       880       881
         1       698       867       868       881
         1       699       712       713       882
         1       699       700       713       882
         1       699       700       869       882
         1       699       712       881       882
         1       699       868       881       882
         1       699       868       869       882
         1       700       713       714       883
         1       700       701       714       883
         1       700       701       870       883
         1       700       713       882       883
         1       700       869       882       883
         1       700       869       870       883
         1       701       714       715       884
         1       701       702       715       884
         1       701       702       871       884
         1       701       714       883       884
         1       701       870       883       884
         1       701       870       871       884
         1       702       703       715       872
         1       690       702       703       872
         1       690       702       859       872
         1       702       715       872       884
         1       702       871       872       884
         1       702       859       871       872
         1       690       703       704       873
         1       690       691       704       873
         1       690       691       860       873
         1       690       703       872       873
         1       690       859       872       873
         1       690       859       860       873
         1       704       717       718       887
         1       704       705       718       887
         1       704       705       874       887
         1       704       717       886       887
         1       704       873       886       887
         1       704       873       874       887
         1       705       718       719       888
         1       705       706       719       888
         1       705       706       875       888
         1       705       718       887       888
         1       705       874       887       888
         1       705       874       875       888
         1       706       719       720       889
         1       706       707       720       889
         1       706       707       876       889
         1       706       719       888       889
         1       706       875       888       889
         1       706       875       876       889
         1       707       720       721       890
         1       707       708       721       890
         1       707       708       877       890
         1       707       720       889       890
         1       707       876       889       890
         1       707       876       877       890
         1       708       721       722       891
         1       708       709       722       891
         1       708       709       878       891
         1       708       721       890       891
         1       708       877       890       891
         1       708       877       878       891
         1       709       722       723       892
         1       709       710       723       892
         1       709       710       879       892
         1       709       722       891       892
         1       709       878       891       892
         1       709       878       879       892
         1       710       723       724       893
         1       710       711       724       893
         1       710       711       880       893
         1       710       723       892       893
         1       710       879       892       893
         1       710       879       880       893
         1       711       724       725       894
         1       711       712       725       894
         1       711       712       881       894
         1       711       724       893       894
         1       711       880       893       894
         1       711       880       881       894
         1       712       725       726       895
         1       712       713       726       895
         1       712       713       882       895
         1       712       725       894       895
         1       712       881       894       895
         1       712       881       882       895
         1       713       726       727       896
         1       713       714       727       896
         1       713       714       883       896
         1       713       726       895       896
         1       713       882       895       896
         1       713       882       883       896
         1       714       727       728       897
         1       714       715       728       897
         1       714       715       884       897
         1       714       727       896       897
         1       714       883       896       897
         1       714       883       884       897
         1       715       716       728       885
         1       703       715       716       885
         1       703       715       872       885
         1       715       728       885       897
         1       715       884       885       897
         1       715       872       884       885
         1       703       716       717       886
         1       703       704       717       886
         1       703       704       873       886
         1       703       716       885       886
         1       703       872       885       886
         1       703       872       873       886
         1       717       730       731       900
         1       717       718       731       900
         1       717       718       887       900
         1       717       730       899       900
         1       717       886       899       900
         1       717       886       887       900
         1       718       731       732       901
         1       718       719       732       901
         1       718       719       888       901
         1       718       731       900       901
         1       718       887       900       901
         1       718       887       888       901
         1       719       732       733       902
         1       719       720       733       902
         1       719       720       889       902
         1       719       732       901       902
         1       719       888       901       902
         1       719       888       889       902
         1       720       733       734       903
         1       720       721       734       903
         1       720       721       890       903
         1       720       733       902       903
         1       720       889       902       903
         1       720       889       890       903
         1       721       734       735       904
         1       721       722       735       904
         1       721       722       891       904
         1       721       734       903       904
         1       721       890       903       904
         1       721       890       891       904
         1       722       735       736       905
         1       722       723       736       905
         1       722       723       892       905
         1       722       735       904       905
         1       722       891       904       905
         1       722       891       892       905
         1       723       736       737       906
         1       723       724       737       906
         1       723       724       893       906
         1       723       736       905       906
         1       723       892       905       906
         1       723       892       893       906
         1       724       737       738       907
         1       724       725       738       907
         1       724       725       894       907
         1       724       737       906       907
         1       724       893       906       907
         1       724       893       894       907
         1       725       738       739       908
         1       725       726       739       908
         1       725       726       895       908
         1       725       738       907       908
         1       725       894       907       908
         1       725       894       895       908
         1       726       739       740       909
         1       726       727       740       909
         1       726       727       896       909
         1       726       739       908       909
         1       726       895       908       909
         1       726       895       896       909
         1       727       740       741       910
         1       727       728       741       910
         1       727       728       897       910
         1       727       740       909       910
         1       727       896       909       910
         1       727       896       897       910
         1       728       729       741       898
         1       716       728       729       898
         1       716       728       885       898
         1       728       741       898       910
         1       728       897       898       910
         1       728       885       897       898
         1       716       729       730       899
         1       716       717       730       899
         1       716       717       886       899
         1       716       729       898       899
         1       716       885       898       899
         1       716       885       886       899
         1       730       743       744       913
         1       730       731       744       913
         1       730       731       900       913
         1       730       743       912       913
         1       730       899       912       913
         1       730       899       900       913
         1       731       744       745       914
         1       731       732       745       914
         1       731       732       901       914
         1       731       744       913       914
         1       731       900       913       914
         1       731       900       901       914
         1       732       745       746       915
         1       732       733       746       915
         1       732       733       902       915
         1       732       745       914       915
         1       732       901       914       915
         1       732       901       902       915
         1       733       746       747       916
         1       733       734       747       916
         1       733       734       903       916
         1       733       746       915       916
         1       733       902       915       916
         1       733       902       903       916
         1       734       747       748       917
         1       734       735       748       917
         1       734       735       904       917
         1       734       747       916       917
         1       734       903       916       917
         1       734       903       904       917
         1       735       748       749       918
         1       735       736       749       918
         1       735       736       905       918
         1       735       748       917       918
         1       735       904       917       918
         1       735       904       905       918
         1       736       749       750       919
         1       736       737       750       919
         1       736       737       906       919
         1       736       749       918       919
         1       736       905       918       919
         1       736       905       906       919
         1       737       750       751       920
         1       737       738       751       920
         1       737       738       907       920
         1       737       750       919       920
         1       737       906       919       920
         1       737       906       907       920
         1       738       751       752       921
         1       738       739       752       921
         1       738       739       908       921
         1       738       751       920       921
         1       738       907       920       921
         1       738       907       908       921
         1       739       752       753       922
         1       739       740       753       922
         1       739       740       909       922
         1       739       752       921       922
         1       739       908       921       922
         1       739       908       909       922
         1       740       753       754       923
         1       740       741       754       923
         1       740       741       910       923
         1       740       753       922       923
         1       740       909       922       923
         1       740       909       910       923
         1       741       742       754       911
         1       729       741       742       911
         1       729       741       898       911
         1       741       754       911       923
         1       741       910       911       923
         1       741       898       910       911
         1       729       742       743       912
         1       729       730       743       912
         1       729       730       899       912
         1       729       742       911       912
         1       729       898       911       912
         1       729       898       899       912
         1       743       756       757       926
         1       743       744       757       926
         1       743       744       913       926
         1       743       756       925       926
         1       743       912       925       926
         1       743       912       913       926
         1       744       757       758       927
         1       744       745       758       927
         1       744       745       914       927
         1       744       757       926       927
         1       744       913       926       927
         1       744       913       914       927
         1       745       758       759       928
         1       745       746       759       928
         1       745       746       915       928
         1       745       758       927       928
         1       745       914       927       928
         1       745       914       915       928
         1       746       759       760       929
         1       746       747       760       929
         1       746       747       916       929
         1       746       759       928       929
         1       746       915       928       929
         1       746       915       916       929
         1       747       760       761       930
         1       747       748       761       930
         1       747       748       917       930
         1       747       760       929       930
         1       747       916       929       930
         1       747       916       917       930
         1       748       761       762       931
         1       748       749       762       931
         1       748       749       918       931
         1       748       761       930       931
         1       748       917       930       931
         1       748       917       918       931
         1       749       762       763       932
         1       749       750       763       932
         1       749       750       919       932
         1       749       762       931       932
         1       749       918       931       932
         1       749       918       919       932
         1       750       763       764       933
         1       750       751       764       933
         1       750       751       920       933
         1       750       763       932       933
         1       750       919       932       933
         1       750       919       920       933
         1       751       764       765       934
         1       751       752       765       934
         1       751       752       921       934
         1       751       764       933       934
         1       751       920       933       934
         1       751       920       921       934
         1       752       765       766       935
         1       752       753       766       935
         1       752       753       922       935
         1       752       765       934       935
         1       752       921       934       935
         1       752       921       922       935
         1       753       766       767       936
         1       753       754       767       936
         1       753       754       923       936
         1       753       766       935       936
         1       753       922       935       936
         1       753       922       923       936
         1       754       755       767       924
         1       742       754       755       924
         1       742       754       911       924
         1       754       767       924       936
         1       754       923       924       936
         1       754       911       923       924
         1       742       755       756       925
         1       742       743       756       925
         1       742       743       912       925
         1       742       755       924       925
         1       742       911       924       925
         1       742       911       912       925
         1       756       769       770       939
         1       756       757       770       939
         1       756       757       926       939
         1       756       769       938       939
         1       756       925       938       939
         1       756       925       926       939
         1       757       770       771       940
         1       757       758       771       940
         1       757       758       927       940
         1       757       770       939       940
         1       757       926       939       940
         1       757       926       927       940
         1       758       771       772       941
         1       758       759       772       941
         1       758       759       928       941
         1       758       771       940       941
         1       758       927       940       941
         1       758       927       928       941
         1       759       772       773       942
         1       759       760       773       942
         1       759       760       929       942
         1       759       772       941       942
         1       759       928       941       942
         1       759       928       929       942
         1       760       773       774       943
         1       760       761       774       943
         1       760       761       930       943
         1       760       773       942       943
         1       760       929       942       943
         1       760       929       930       943
         1       761       774       775       944
         1       761       762       775       944
         1       761       762       931       944
         1       761       774       943       944
         1       761       930       943       944
         1       761       930       931       944
         1       762       775       776       945
         1       762       763       776       945
         1       762       763       932       945
         1       762       775       944       945
         1       762       931       944       945
         1       762       931       932       945
         1       763       776       777       946
         1       763       764       777       946
         1       763       764       933       946
         1       763       776       945       946
         1       763       932       945       946
         1       763       932       933       946
         1       764       777       778       947
         1       764       765       778       947
         1       764       765       934       947
         1       764       777       946       947
         1       764       933       946       947
         1       764       933       934       947
         1       765       778       779       948
         1       765       766       779       948
         1       765       766       935       948
         1       765       778       947       948
         1       765       934       947       948
         1       765       934       935       948
         1       766       779       780       949
         1       766       767       780       949
         1       766       767       936       949
         1       766       779       948       949
         1       766       935       948       949
         1       766       935       936       949
         1       767       768       780       937
         1       755       767       768       937
         1       755       767       924       937
         1       767       780       937       949
         1       767       936       937       949
         1       767       924       936       937
         1       755       768       769       938
         1       755       756       769       938
         1       755       756       925       938
         1       755       768       937       938
         1       755       924       937       938
         1       755       924       925       938
         1       769       782       783       952
         1       769       770       783       952
         1       769       770       939       952
         1       769       782       951       952
         1       769       938       951       952
         1       769       938       939       952
         1       770       783       784       953
         1       770       771       784       953
         1       770       771       940       953
         1       770       783       952       953
         1       770       939       952       953
         1       770       939       940       953
         1       771       784       785       954
         1       771       772       785       954
         1       771       772       941       954
         1       771       784       953       954
         1       771       940       953       954
         1       771       940       941       954
         1       772       785       786       955
         1       772       773       786       955
         1       772       773       942       955
         1       772       785       954       955
         1       772       941       954       955
         1       772       941       942       955
         1       773       786       787       956
         1       773       774       787       956
         1       773       774       943       956
         1       773       786       955       956
         1       773       942       955       956
         1       773       942       943       956
         1       774       787       788       957
         1       774       775       788       957
         1       774       775       944       957
         1       774       787       956       957
         1       774       943       956       957
         1       774       943       944       957
         1       775       788       789       958
         1       775       776       789       958
         1       775       776       945       958
         1       775       788       957       958
         1       775       944       957       958
         1       775       944       945       958
         1       776       789       790       959
         1       776       777       790       959
         1       776       777       946       959
         1       776       789       958       959
         1       776       945       958       959
         1       776       945       946       959
         1       777       790       791       960
         1       777       778       791       960
         1       777       778       947       960
         1       777       790       959       960
         1       777       946       959       960
         1       777       946       947       960
         1       778       791       792       961
         1       778       779       792       961
         1       778       779       948       961
         1       778       791       960       961
         1       778       947       960       961
         1       778       947       948       961
         1       779       792       793       962
         1       779       780       793       962
         1       779       780       949       962
         1       779       792       961       962
         1       779       948       961       962
         1       779       948       949       962
         1       780       781       793       950
         1       768       780       781       950
         1       768       780       937       950
         1       780       793       950       962
         1       780       949       950       962
         1       780       937       949       950
         1       768       781       782       951
         1       768       769       782       951
         1       768       769       938       951
         1       768       781       950       951
         1       768       937       950       951
         1       768       937       938       951
         1       782       795       796       965
         1       782       783       796       965
         1       782       783       952       965
         1       782       795       964       965
         1       782       951       964       965
         1       782       951       952       965
         1       783       796       797       966
         1       783       784       797       966
         1       783       784       953       966
         1       783       796       965       966
         1       783       952       965       966
         1       783       952       953       966
         1       784       797       798       967
         1       784       785       798       967
         1       784       785       954       967
         1       784       797       966       967
         1       784       953       966       967
         1       784       953       954       967
         1       785       798       799       968
         1       785       786       799       968
         1       785       786       955       968
         1       785       798       967       968
         1       785       954       967       968
         1       785       954       955       968
         1       786       799       800       969
         1       786       787       800       969
         1       786       787       956       969
         1       786       799       968       969
         1       786       955       968       969
         1       786       955       956       969
         1       787       800       801       970
         1       787       788       801       970
         1       787       788       957       970
         1       787       800       969       970
         1       787       956       969       970
         1       787       956       957       970
         1       788       801       802       971
         1       788       789       802       971
         1       788       789       958       971
         1       788       801       970       971
         1       788       957       970       971
         1       788       957       958       971
         1       789       802       803       972
         1       789       790       803       972
         1       789       790       959       972
         1       789       802       971       972
         1       789       958       971       972
         1       789       958       959       972
         1       790       803       804       973
         1       790       791       804       973
         1       790       791       960       973
         1       790       803       972       973
         1       790       959       972       973
         1       790       959       960       973
         1       791       804       805       974
         1       791       792       805       974
         1       791       792       961       974
         1       791       804       973       974
         1       791       960       973       974
         1       791       960       961       974
         1       792       805       806       975
         1       792       793       806       975
         1       792       793       962       975
         1       792       805       974       975
         1       792       961       974       975
         1       792       961       962       975
         1       793       794       806       963
         1       781       793       794       963
         1       781       793       950       963
         1       793       806       963       975
         1       793       962       963       975
         1       793       950       962       963
         1       781       794       795       964
         1       781       782       795       964
         1       781       782       951       964
         1       781       794       963       964
         1       781       950       963       964
         1       781       950       951       964
         1       795       808       809       978
         1       795       796       809       978
         1       795       796       965       978
         1       795       808       977       978
         1       795       964       977       978
         1       795       964       965       978
         1       796       809       810       979
         1       796       797       810       979
         1       796       797       966       979
         1       796       809       978       979
         1       796       965       978       979
         1       796       965       966       979
         1       797       810       811       980
         1       797       798       811       980
         1       797       798       967       980
         1       797       810       979       980
         1       797       966       979       980
         1       797       966       967       980
         1       798       811       812       981
         1       798       799       812       981
         1       798       799       968       981
         1       798       811       980       981
         1       798       967       980       981
         1       798       967       968       981
         1       799       812       813       982
         1       799       800       813       982
         1       799       800       969       982
         1       799       812       981       982
         1       799       968       981       982
         1       799       968       969       982
         1       800       813       814       983
         1       800       801       814       983
         1       800       801       970       983
         1       800       813       982       983
         1       800       969       982       983
         1       800       969       970       983
         1       801       814       815       984
         1       801       802       815       984
         1       801       802       971       984
         1       801       814       983       984
         1       801       970       983       984
         1       801       970       971       984
         1       802       815       816       985
         1       802       803       816       985
         1       802       803       972       985
         1       802       815       984       985
         1       802       971       984       985
         1       802       971       972       985
         1       803       816       817       986
         1       803       804       817       986
         1       803       804       973       986
         1       803       816       985       986
         1       803       972       985       986
         1       803       972       973       986
         1       804       817       818       987
         1       804       805       818       987
         1       804       805       974       987
         1       804       817       986       987
         1       804       973       986       987
         1       804       973       974       987
         1       805       818       819       988
         1       805       806       819       988
         1       805       806       975       988
         1       805       818       987       988
         1       805       974       987       988
         1       805       974       975       988
         1       806       807       819       976
         1       794       806       807       976
         1       794       806       963       976
         1       806       819       976       988
         1       806       975       976       988
         1       806       963       975       976
         1       794       807       808       977
         1       794       795       808       977
         1       794       795       964       977
         1       794       807       976       977
         1       794       963       976       977
         1       794       963       964       977
         1       808       821       822       991
         1       808       809       822       991
         1       808       809       978       991
         1       808       821       990       991
         1       808       977       990       991
         1       808       977       978       991
         1       809       822       823       992
         1       809       810       823       992
         1       809       810       979       992
         1       809       822       991       992
         1       809       978       991       992
         1       809       978       979       992
         1       810       823       824       993
         1       810       811       824       993
         1       810       811       980       993
         1       810       823       992       993
         1       810       979       992       993
         1       810       979       980       993
         1       811       824       825       994
         1       811       812       825       994
         1       811       812       981       994
         1       811       824       993       994
         1       811       980       993       994
         1       811       980       981       994
         1       812       825       826       995
         1       812       813       826       995
         1       812       813       982       995
         1       812       825       994       995
         1       812       981       994       995
         1       812       981       982       995
         1       813       826       827       996
         1       813       814       827       996
         1       813       814       983       996
         1       813       826       995       996
         1       813       982       995       996
         1       813       982       983       996
         1       814       827       828       997
         1       814       815       828       997
         1       814       815       984       997
         1       814       827       996       997
         1       814       983       996       997
         1       814       983       984       997
         1       815       828       829       998
         1       815       816       829       998
         1       815       816       985       998
         1       815       828       997       998
         1       815       984       997       998
         1       815       984       985       998
         1       816       829       830       999
         1       816       817       830       999
         1       816       817       986       999
         1       816       829       998       999
         1       816       985       998       999
         1       816       985       986       999
         1       817       830       831      1000
         1       817       818       831      1000
         1       817       818       987      1000
         1       817       830       999      1000
         1       817       986       999      1000
         1       817       986       987      1000
         1       818       831       832      1001
         1       818       819       832      1001
         1       818       819       988      1001
         1       818       831      1000      1001
         1       818       987      1000      1001
         1       818       987       988      1001
         1       819       820       832       989
         1       807       819       820       989
         1       807       819       976       989
         1       819       832       989      1001
         1       819       988       989      1001
         1       819       976       988       989
         1       807       820       821       990
         1       807       808       821       990
         1       807       808       977       990
         1       807       820       989       990
         1       807       976       989       990
         1       807       976       977       990
         1       821       834       835      1004
         1       821       822       835      1004
         1       821       822       991      1004
         1       821       834      1003      1004
         1       821       990      1003      1004
         1       821       990       991      1004
         1       822       835       836      1005
         1       822       823       836      1005
         1       822       823       992      1005
         1       822       835      1004      1005
         1       822       991      1004      1005
         1       822       991       992      1005
         1       823       836       837      1006
         1       823       824       837      1006
         1       823       824       993      1006
         1       823       836      1005      1006
         1       823       992      1005      1006
         1       823       992       993      1006
         1       824       837       838      1007
         1       824       825       838      1007
         1       824       825       994      1007
         1       824       837      1006      1007
         1       824       993      1006      1007
         1       824       993       994      1007
         1       825       838       839      1008
         1       825       826       839      1008
         1       825       826       995      1008
         1       825       838      1007      1008
         1       825       994      1007      1008
         1       825       994       995      1008
         1       826       839       840      1009
         1       826       827       840      1009
         1       826       827       996      1009
         1       826       839      1008      1009
         1       826       995      1008      1009
         1       826       995       996      1009
         1       827       840       841      1010
         1       827       828       841      1010
         1       827       828       997      1010
         1       827       840      1009      1010
         1       827       996      1009      1010
         1       827       996       997      1010
         1       828       841       842      1011
         1       828       829       842      1011
         1       828       829       998      1011
         1       828       841      1010      1011
         1       828       997      1010      1011
         1       828       997       998      1011
         1       829       842       843      1012
         1       829       830       843      1012
         1       829       830       999      1012
         1       829       842      1011      1012
         1       829       998      1011      1012
         1       829       998       999      1012
         1       830       843       844      1013
         1       830       831       844      1013
         1       830       831      1000      1013
         1       830       843      1012      1013
         1       830       999      1012      1013
         1       830       999      1000      1013
         1       831       844       845      1014
         1       831       832       845      1014
         1       831       832      1001      1014
         1       831       844      1013      1014
         1       831      1000      1013      1014
         1       831      1000      1001      1014
         1       832       833       845      1002
         1       820       832       833      1002
         1       820       832       989      1002
         1       832       845      1002      1014
         1       832      1001      1002      1014
         1       832       989      1001      1002
         1       820       833       834      1003
         1       820       821       834      1003
         1       820       821       990      1003
         1       820       833      1002      1003
         1       820       989      1002      1003
         1       820       989       990      1003
         1       678       679       834       848
         1       679       834       835       848
         1       834       835       848      1004
         1       678       834       847       848
         1       834       847       848      1003
         1       834       848      1003      1004
         1       679       680       835       849
         1       680       835       836       849
         1       835       836       849      1005
         1       679       835       848       849
         1       835       848       849      1004
         1       835       849      1004      1005
         1       680       681       836       850
         1       681       836       837       850
         1       836       837       850      1006
         1       680       836       849       850
         1       836       849       850      1005
         1       836       850      1005      1006
         1       681       682       837       851
         1       682       837       838       851
         1       837       838       851      1007
         1       681       837       850       851
         1       837       850       851      1006
         1       837       851      1006      1007
         1       682       683       838       852
         1       683       838       839       852
         1       838       839       852      1008
         1       682       838       851       852
         1       838       851       852      1007
         1       838       852      1007      1008
         1       683       684       839       853
         1       684       839       840       853
         1       839       840       853      1009
         1       683       839       852       853
         1       839       852       853      1008
         1       839       853      1008      1009
         1       684       685       840       854
         1       685       840       841       854
         1       840       841       854      1010
         1       684       840       853       854
         1       840       853       854      1009
         1       840       854      1009      1010
         1       685       686       841       855
         1       686       841       842       855
         1       841       842       855      1011
         1       685       841       854       855
         1       841       854       855      1010
         1       841       855      1010      1011
         1       686       687       842       856
         1       687       842       843       856
         1       842       843       856      1012
         1       686       842       855       856
         1       842       855       856      1011
         1       842       856      1011      1012
         1       687       688       843       857
         1       688       843       844       857
         1       843       844       857      1013
         1       687       843       856       857
         1       843       856       857      1012
         1       843       857      1012      1013
         1       688       689       844       858
         1       689       844       845       858
         1       844       845       858      1014
         1       688       844       857       858
         1       844       857       858      1013
         1       844       858      1013      1014
         1       677       689       845       846
         1       677       833       845       846
         1       833       845       846      1002
         1       689       845       846       858
         1       845       846       858      1014
         1       845       846      1002      1014
         1       677       678       833       847
         1       678       833       834       847
         1       833       834       847      1003
         1       677       833       846       847
         1       833       846       847      1002
         1       833       847      1002      1003
         1       678       691       692       861
         1       678       679       692       861
         1       678       679       848       861
         1       678       691       860       861
         1       678       847       860       861
         1       678       847       848       861
         1       679       692       693       862
         1       679       680       693       862
         1       679       680       849       862
         1       679       692       861       862
         1       679       848       861       862
         1       679       848       849       862
         1       680       693       694       863
         1       680       681       694       863
         1       680       681       850       863
         1       680       693       862       863
         1       680       849       862       863
         1       680       849       850       863
         1       681       694       695       864
         1       681       682       695       864
         1       681       682       851       864
         1       681       694       863       864
         1       681       850       863       864
         1       681       850       851       864
         1       682       695       696       865
         1       682       683       696       865
         1       682       683       852       865
         1       682       695       864       865
         1       682       851       864       865
         1       682       851       852       865
         1       683       696       697       866
         1       683       684       697       866
         1       683       684       853       866
         1       683       696       865       866
         1       683       852       865       866
         1       683       852       853       866
         1       684       697       698       867
         1       684       685       698       867
         1       684       685       854       867
         1       684       697       866       867
         1       684       853       866       867
         1       684       853       854       867
         1       685       698       699       868
         1       685       686       699       868
         1       685       686       855       868
         1       685       698       867       868
         1       685       854       867       868
         1       685       854       855       868
         1       686       699       700       869
         1       686       687       700       869
         1       686       687       856       869
         1       686       699       868       869
         1       686       855       868       869
         1       686       855       856       869
         1       687       700       701       870
         1       687       688       701       870
         1       687       688       857       870
         1       687       700       869       870
         1       687       856       869       870
         1       687       856       857       870
         1       688       701       702       871
         1       688       689       702       871
         1       688       689       858       871
         1       688       701       870       871
         1       688       857       870       871
         1       688       857       858       871
         1       689       690       702       859
         1       677       689       690       859
         1       677       689       846       859
         1       689       702       859       871
         1       689       858       859       871
         1       689       846       858       859
         1       677       690       691       860
         1       677       678       691       860
         1       677       678       847       860
         1       677       690       859       860
         1       677       846       859       860
         1       677       846       847       860
         1       860       873       874      1043
         1       860       861       874      1043
         1       860       861      1030      1043
         1       860       873      1042      1043
         1       860      1029      1042      1043
         1       860      1029      1030      1043
         1       861       874       875      1044
         1       861       862       875      1044
         1       861       862      1031      1044
         1       861       874      1043      1044
         1       861      1030      1043      1044
         1       861      1030      1031      1044
         1       862       875       876      1045
         1       862       863       876      1045
         1       862       863      1032      1045
         1       862       875      1044      1045
         1       862      1031      1044      1045
         1       862      1031      1032      1045
         1       863       876       877      1046
         1       863       864       877      1046
         1       863       864      1033      1046
         1       863       876      1045      1046
         1       863      1032      1045      1046
         1       863      1032      1033      1046
         1       864       877       878      1047
         1       864       865       878      1047
         1       864       865      1034      1047
         1       864       877      1046      1047
         1       864      1033      1046      1047
         1       864      1033      1034      1047
         1       865       878       879      1048
         1       865       866       879      1048
         1       865       866      1035      1048
         1       865       878      1047      1048
         1       865      1034      1047      1048
         1       865      1034      1035      1048
         1       866       879       880      1049
         1       866       867       880      1049
         1       866       867      1036      1049
         1       866       879      1048      1049
         1       866      1035      1048      1049
         1       866      1035      1036      1049
         1       867       880       881      1050
         1       867       868       881      1050
         1       867       868      1037      1050
         1       867       880      1049      1050
         1       867      1036      1049      1050
         1       867      1036      1037      1050
         1       868       881       882      1051
         1       868       869       882      1051
         1       868       869      1038      1051
         1       868       881      1050      1051
         1       868      1037      1050      1051
         1       868      1037      1038      1051
         1       869       882       883      1052
         1       869       870       883      1052
         1       869       870      1039      1052
         1       869       882      1051      1052
         1       869      1038      1051      1052
         1       869      1038      1039      1052
         1       870       883       884      1053
         1       870       871       884      1053
         1       870       871      1040      1053
         1       870       883      1052      1053
         1       870      1039      1052      1053
         1       870      1039      1040      1053
         1       871       872       884      1041
         1       859       871       872      1041
         1       859       871      1028      1041
         1       871       884      1041      1053
         1       871      1040      1041      1053
         1       871      1028      1040      1041
         1       859       872       873      1042
         1       859       860       873      1042
         1       859       860      1029      1042
         1       859       872      1041      1042
         1       859      1028      1041      1042
         1       859      1028      1029      1042
         1       873       886       887      1056
         1       873       874       887      1056
         1       873       874      1043      1056
         1       873       886      1055      1056
         1       873      1042      1055      1056
         1       873      1042      1043      1056
         1       874       887       888      1057
         1       874       875       888      1057
         1       874       875      1044      1057
         1       874       887      1056      1057
         1       874      1043      1056      1057
         1       874      1043      1044      1057
         1       875       888       889      1058
         1       875       876       889      1058
         1       875       876      1045      1058
         1       875       888      1057      1058
         1       875      1044      1057      1058
         1       875      1044      1045      1058
         1       876       889       890      1059
         1       876       877       890      1059
         1       876       877      1046      1059
         1       876       889      1058      1059
         1       876      1045      1058      1059
         1       876      1045      1046      1059
         1       877       890       891      1060
         1       877       878       891      1060
         1       877       878      1047      1060
         1       877       890      1059      1060
         1       877      1046      1059      1060
         1       877      1046      1047      1060
         1       878       891       892      1061
         1       878       879       892      1061
         1       878       879      1048      1061
         1       878       891      1060      1061
         1       878      1047      1060      1061
         1       878      1047      1048      1061
         1       879       892       893      1062
         1       879       880       893      1062
         1       879       880      1049      1062
         1       879       892      1061      1062
         1       879      1048      1061      1062
         1       879      1048      1049      1062
         1       880       893       894      1063
         1       880       881       894      1063
         1       880       881      1050      1063
         1       880       893      1062      1063
         1       880      1049      1062      1063
         1       880      1049      1050      1063
         1       881       894       895      1064
         1       881       882       895      1064
         1       881       882      1051      1064
         1       881       894      1063      1064
         1       881      1050      1063      1064
         1       881      1050      1051      1064
         1       882       895       896      1065
         1       882       883       896      1065
         1       882       883      1052      1065
         1       882       895      1064      1065
         1       882      1051      1064      1065
         1       882      1051      1052      1065
         1       883       896       897      1066
         1       883       884       897      1066
         1       883       884      1053      1066
         1       883       896      1065      1066
         1       883      1052      1065      1066
         1       883      1052      1053      1066
         1       884       885       897      1054
         1       872       884       885      1054
         1       872       884      1041      1054
         1       884       897      1054      1066
         1       884      1053      1054      1066
         1       884      1041      1053      1054
         1       872       885       886      1055
         1       872       873       886      1055
         1       872       873      1042      1055
         1       872       885      1054      1055
         1       872      1041      1054      1055
         1       872      1041      1042      1055
         1       886       899       900      1069
         1       886       887       900      1069
         1       886       887      1056      1069
         1       886       899      1068      1069
         1       886      1055      1068      1069
         1       886      1055      1056      1069
         1       887       900       901      1070
         1       887       888       901      1070
         1       887       888      1057      1070
         1       887       900      1069      1070
         1       887      1056      1069      1070
         1       887      1056      1057      1070
         1       888       901       902      1071
         1       888       889       902      1071
         1       888       889      1058      1071
         1       888       901      1070      1071
         1       888      1057      1070      1071
         1       888      1057      1058      1071
         1       889       902       903      1072
         1       889       890       903      1072
         1       889       890      1059      1072
         1       889       902      1071      1072
         1       889      1058      1071      1072
         1       889      1058      1059      1072
         1       890       903       904      1073
         1       890       891       904      1073
         1       890       891      1060      1073
         1       890       903      1072      1073
         1       890      1059      1072      1073
         1       890      1059      1060      1073
         1       891       904       905      1074
         1       891       892       905      1074
         1       891       892      1061      1074
         1       891       904      1073      1074
         1       891      1060      1073      1074
         1       891      1060      1061      1074
         1       892       905       906      1075
         1       892       893       906      1075
         1       892       893      1062      1075
         1       892       905      1074      1075
         1       892      1061      1074      1075
         1       892      1061      1062      1075
         1       893       906       907      1076
         1       893       894       907      1076
         1       893       894      1063      1076
         1       893       906      1075      1076
         1       893      1062      1075      1076
         1       893      1062      1063      1076
         1       894       907       908      1077
         1       894       895       908      1077
         1       894       895      1064      1077
         1       894       907      1076      1077
         1       894      1063      1076      1077
         1       894      1063      1064      1077
         1       895       908       909      1078
         1       895       896       909      1078
         1       895       896      1065      1078
         1       895       908      1077      1078
         1       895      1064      1077      1078
         1       895      1064      1065      1078
         1       896       909       910      1079
         1       896       897       910      1079
         1       896       897      1066      1079
         1       896       909      1078      1079
         1       896      1065      1078      1079
         1       896      1065      1066      1079
         1       897       898       910      1067
         1       885       897       898      1067
         1       885       897      1054      1067
         1       897       910      1067      1079
         1       897      1066      1067      1079
         1       897      1054      1066      1067
         1       885       898       899      1068
         1       885       886       899      1068
         1       885       886      1055      1068
         1       885       898      1067      1068
         1       885      1054      1067      1068
         1       885      1054      1055      1068
         1       899       912       913      1082
         1       899       900       913      1082
         1       899       900      1069      1082
         1       899       912      1081      1082
         1       899      1068      1081      1082
         1       899      1068      1069      1082
         1       900       913       914      1083
         1       900       901       914      1083
         1       900       901      1070      1083
         1       900       913      1082      1083
         1       900      1069      1082      1083
         1       900      1069      1070      1083
         1       901       914       915      1084
         1       901       902       915      1084
         1       901       902      1071      1084
         1       901       914      1083      1084
         1       901      1070      1083      1084
         1       901      1070      1071      1084
         1       902       915       916      1085
         1       902       903       916      1085
         1       902       903      1072      1085
         1       902       915      1084      1085
         1       902      1071      1084      1085
         1       902      1071      1072      1085
         1       903       916       917      1086
         1       903       904       917      1086
         1       903       904      1073      1086
         1       903       916      1085      1086
         1       903      1072      1085      1086
         1       903      1072      1073      1086
         1       904       917       918      1087
         1       904       905       918      1087
         1       904       905      1074      1087
         1       904       917      1086      1087
         1       904      1073      1086      1087
         1       904      1073      1074      1087
         1       905       918       919      1088
         1       905       906       919      1088
         1       905       906      1075      1088
         1       905       918      1087      1088
         1       905      1074      1087      1088
         1       905      1074      1075      1088
         1       906       919       920      1089
         1       906       907       920      1089
         1       906       907      1076      1089
         1       906       919      1088      1089
         1       906      1075      1088      1089
         1       906      1075      1076      1089
         1       907       920       921      1090
         1       907       908       921      1090
         1       907       908      1077      1090
         1       907       920      1089      1090
         1       907      1076      1089      1090
         1       907      1076      1077      1090
         1       908       921       922      1091
         1       908       909       922      1091
         1       908       909      1078      1091
         1       908       921      1090      1091
         1       908      1077      1090      1091
         1       908      1077      1078      1091
         1       909       922       923      1092
         1       909       910       923      1092
         1       909       910      1079      1092
         1       909       922      1091      1092
         1       909      1078      1091      1092
         1       909      1078      1079      1092
         1       910       911       923      1080
         1       898       910       911      1080
         1       898       910      1067      1080
         1       910       923      1080      1092
         1       910      1079      1080      1092
         1       910      1067      1079      1080
         1       898       911       912      1081
         1       898       899       912      1081
         1       898       899      1068      1081
         1       898       911      1080      1081
         1       898      1067      1080      1081
         1       898      1067      1068      1081
         1       912       925       926      1095
         1       912       913       926      1095
         1       912       913      1082      1095
         1       912       925      1094      1095
         1       912      1081      1094      1095
         1       912      1081      1082      1095
         1       913       926       927      1096
         1       913       914       927      1096
         1       913       914      1083      1096
         1       913       926      1095      1096
         1       913      1082      1095      1096
         1       913      1082      1083      1096
         1       914       927       928      1097
         1       914       915       928      1097
         1       914       915      1084      1097
         1       914       927      1096      1097
         1       914      1083      1096      1097
         1       914      1083      1084      1097
         1       915       928       929      1098
         1       915       916       929      1098
         1       915       916      1085      1098
         1       915       928      1097      1098
         1       915      1084      1097      1098
         1       915      1084      1085      1098
         1       916       929       930      1099
         1       916       917       930      1099
         1       916       917      1086      1099
         1       916       929      1098      1099
         1       916      1085      1098      1099
         1       916      1085      1086      1099
         1       917       930       931      1100
         1       917       918       931      1100
         1       917       918      1087      1100
         1       917       930      1099      1100
         1       917      1086      1099      1100
         1       917      1086      1087      1100
         1       918       931       932      1101
         1       918       919       932      1101
         1       918       919      1088      1101
         1       918       931      1100      1101
         1       918      1087      1100      1101
         1       918      1087      1088      1101
         1       919       932       933      1102
         1       919       920       933      1102
         1       919       920      1089      1102
         1       919       932      1101      1102
         1       919      1088      1101      1102
         1       919      1088      1089      1102
         1       920       933       934      1103
         1       920       921       934      1103
         1       920       921      1090      1103
         1       920       933      1102      1103
         1       920      1089      1102      1103
         1       920      1089      1090      1103
         1       921       934       935      1104
         1       921       922       935      1104
         1       921       922      1091      1104
         1       921       934      1103      1104
         1       921      1090      1103      1104
         1       921      1090      1091      1104
         1       922       935       936      1105
         1       922       923       936      1105
         1       922       923      1092      1105
         1       922       935      1104      1105
         1       922      1091      1104      1105
         1       922      1091      1092      1105
         1       923       924       936      1093
         1       911       923       924      1093
         1       911       923      1080      1093
         1       923       936      1093      1105
         1       923      1092      1093      1105
         1       923      1080      1092      1093
         1       911       924       925      1094
         1       911       912       925      1094
         1       911       912      1081      1094
         1       911       924      1093      1094
         1       911      1080      1093      1094
         1       911      1080      1081      1094
         1       925       938       939      1108
         1       925       926       939      1108
         1       925       926      1095      1108
         1       925       938      1107      1108
         1       925      1094      1107      1108
         1       925      1094      1095      1108
         1       926       939       940      1109
         1       926       927       940      1109
         1       926       927      1096      1109
         1       926       939      1108      1109
         1       926      1095      1108      1109
         1       926      1095      1096      1109
         1       927       940       941      1110
         1       927       928       941      1110
         1       927       928      1097      1110
         1       927       940      1109      1110
         1       927      1096      1109      1110
         1       927      1096      1097      1110
         1       928       941       942      1111
         1       928       929       942      1111
         1       928       929      1098      1111
         1       928       941      1110      1111
         1       928      1097      1110      1111
         1       928      1097      1098      1111
         1       929       942       943      1112
         1       929       930       943      1112
         1       929       930      1099      1112
         1       929       942      1111      1112
         1       929      1098      1111      1112
         1       929      1098      1099      1112
         1       930       943       944      1113
         1       930       931       944      1113
         1       930       931      1100      1113
         1       930       943      1112      1113
         1       930      1099      1112      1113
         1       930      1099      1100      1113
         1       931       944       945      1114
         1       931       932       945      1114
         1       931       932      1101      1114
         1       931       944      1113      1114
         1       931      1100      1113      1114
         1       931      1100      1101      1114
         1       932       945       946      1115
         1       932       933       946      1115
         1       932       933      1102      1115
         1       932       945      1114      1115
         1       932      1101      1114      1115
         1       932      1101      1102      1115
         1       933       946       947      1116
         1       933       934       947      1116
         1       933       934      1103      1116
         1       933       946      1115      1116
         1       933      1102      1115      1116
         1       933      1102      1103      1116
         1       934       947       948      1117
         1       934       935       948      1117
         1       934       935      1104      1117
         1       934       947      1116      1117
         1       934      1103      1116      1117
         1       934      1103      1104      1117
         1       935       948       949      1118
         1       935       936       949      1118
         1       935       936      1105      1118
         1       935       948      1117      1118
         1       935      1104      1117      1118
         1       935      1104      1105      1118
         1       936       937       949      1106
         1       924       936       937      1106
         1       924       936      1093      1106
         1       936       949      1106      1118
         1       936      1105      1106      1118
         1       936      1093      1105      1106
         1       924       937       938      1107
         1       924       925       938      1107
         1       924       925      1094      1107
         1       924       937      1106      1107
         1       924      1093      1106      1107
         1       924      1093      1094      1107
         1       938       951       952      1121
         1       938       939       952      1121
         1       938       939      1108      1121
         1       938       951      1120      1121
         1       938      1107      1120      1121
         1       938      1107      1108      1121
         1       939       952       953      1122
         1       939       940       953      1122
         1       939       940      1109      1122
         1       939       952      1121      1122
         1       939      1108      1121      1122
         1       939      1108      1109      1122
         1       940       953       954      1123
         1       940       941       954      1123
         1       940       941      1110      1123
         1       940       953      1122      1123
         1       940      1109      1122      1123
         1       940      1109      1110      1123
         1       941       954       955      1124
         1       941       942       955      1124
         1       941       942      1111      1124
         1       941       954      1123      1124
         1       941      1110      1123      1124
         1       941      1110      1111      1124
         1       942       955       956      1125
         1       942       943       956      1125
         1       942       943      1112      1125
         1       942       955      1124      1125
         1       942      1111      1124      1125
         1       942      1111      1112      1125
         1       943       956       957      1126
         1       943       944       957      1126
         1       943       944      1113      1126
         1       943       956      1125      1126
         1       943      1112      1125      1126
         1       943      1112      1113      1126
         1       944       957       958      1127
         1       944       945       958      1127
         1       944       945      1114      1127
         1       944       957      1126      1127
         1       944      1113      1126      1127
         1       944      1113      1114      1127
         1       945       958       959      1128
         1       945       946       959      1128
         1       945       946      1115      1128
         1       945       958      1127      1128
         1       945      1114      1127      1128
         1       945      1114      1115      1128
         1       946       959       960      1129
         1       946       947       960      1129
         1       946       947      1116      1129
         1       946       959      1128      1129
         1       946      1115      1128      1129
         1       946      1115      1116      1129
         1       947       960       961      1130
         1       947       948       961      1130
         1       947       948      1117      1130
         1       947       960      1129      1130
         1       947      1116      1129      1130
         1       947      1116      1117      1130
         1       948       961       962      1131
         1       948       949       962      1131
         1       948       949      1118      1131
         1       948       961      1130      1131
         1       948      1117      1130      1131
         1       948      1117      1118      1131
         1       949       950       962      1119
         1       937       949       950      1119
         1       937       949      1106      1119
         1       949       962      1119      1131
         1       949      1118      1119      1131
         1       949      1106      1118      1119
         1       937       950       951      1120
         1       937       938       951      1120
         1       937       938      1107      1120
         1       937       950      1119      1120
         1       937      1106      1119      1120
         1       937      1106      1107      1120
         1       951       964       965      1134
         1       951       952       965      1134
         1       951       952      1121      1134
         1       951       964      1133      1134
         1       951      1120      1133      1134
         1       951      1120      1121      1134
         1       952       965       966      1135
         1       952       953       966      1135
         1       952       953      1122      1135
         1       952       965      1134      1135
         1       952      1121      1134      1135
         1       952      1121      1122      1135
         1       953       966       967      1136
         1       953       954       967      1136
         1       953       954      1123      1136
         1       953       966      1135      1136
         1       953      1122      1135      1136
         1       953      1122      1123      1136
         1       954       967       968      1137
         1       954       955       968      1137
         1       954       955      1124      1137
         1       954       967      1136      1137
         1       954      1123      1136      1137
         1       954      1123      1124      1137
         1       955       968       969      1138
         1       955       956       969      1138
         1       955       956      1125      1138
         1       955       968      1137      1138
         1       955      1124      1137      1138
         1       955      1124      1125      1138
         1       956       969       970      1139
         1       956       957       970      1139
         1       956       957      1126      1139
         1       956       969      1138      1139
         1       956      1125      1138      1139
         1       956      1125      1126      1139
         1       957       970       971      1140
         1       957       958       971      1140
         1       957       958      1127      1140
         1       957       970      1139      1140
         1       957      1126      1139      1140
         1       957      1126      1127      1140
         1       958       971       972      1141
         1       958       959       972      1141
         1       958       959      1128      1141
         1       958       971      1140      1141
         1       958      1127      1140      1141
         1       958      1127      1128      1141
         1       959       972       973      1142
         1       959       960       973      1142
         1       959       960      1129      1142
         1       959       972      1141      1142
         1       959      1128      1141      1142
         1       959      1128      1129      1142
         1       960       973       974      1143
         1       960       961       974      1143
         1       960       961      1130      1143
         1       960       973      1142      1143
         1       960      1129      1142      1143
         1       960      1129      1130      1143
         1       961       974       975      1144
         1       961       962       975      1144
         1       961       962      1131      1144
         1       961       974      1143      1144
         1       961      1130      1143      1144
         1       961      1130      1131      1144
         1       962       963       975      1132
         1       950       962       963      1132
         1       950       962      1119      1132
         1       962       975      1132      1144
         1       962      1131      1132      1144
         1       962      1119      1131      1132
         1       950       963       964      1133
         1       950       951       964      1133
         1       950       951      1120      1133
         1       950       963      1132      1133
         1       950      1119      1132      1133
         1       950      1119      1120      1133
         1       964       977       978      1147
         1       964       965       978      1147
         1       964       965      1134      1147
         1       964       977      1146      1147
         1       964      1133      1146      1147
         1       964      1133      1134      1147
         1       965       978       979      1148
         1       965       966       979      1148
         1       965       966      1135      1148
         1       965       978      1147      1148
         1       965      1134      1147      1148
         1       965      1134      1135      1148
         1       966       979       980      1149
         1       966       967       980      1149
         1       966       967      1136      1149
         1       966       979      1148      1149
         1       966      1135      1148      1149
         1       966      1135      1136      1149
         1       967       980       981      1150
         1       967       968       981      1150
         1       967       968      1137      1150
         1       967       980      1149      1150
         1       967      1136      1149      1150
         1       967      1136      1137      1150
         1       968       981       982      1151
         1       968       969       982      1151
         1       968       969      1138      1151
         1       968       981      1150      1151
         1       968      1137      1150      1151
         1       968      1137      1138      1151
         1       969       982       983      1152
         1       969       970       983      1152
         1       969       970      1139      1152
         1       969       982      1151      1152
         1       969      1138      1151      1152
         1       969      1138      1139      1152
         1       970       983       984      1153
         1       970       971       984      1153
         1       970       971      1140      1153
         1       970       983      1152      1153
         1       970      1139      1152      1153
         1       970      1139      1140      1153
         1       971       984       985      1154
         1       971       972       985      1154
         1       971       972      1141      1154
         1       971       984      1153      1154
         1       971      1140      1153      1154
         1       971      1140      1141      1154
         1       972       985       986      1155
         1       972       973       986      1155
         1       972       973      1142      1155
         1       972       985      1154      1155
         1       972      1141      1154      1155
         1       972      1141      1142      1155
         1       973       986       987      1156
         1       973       974       987      1156
         1       973       974      1143      1156
         1       973       986      1155      1156
         1       973      1142      1155      1156
         1       973      1142      1143      1156
         1       974       987       988      1157
         1       974       975       988      1157
         1       974       975      1144      1157
         1       974       987      1156      1157
         1       974      1143      1156      1157
         1       974      1143      1144      1157
         1       975       976       988      1145
         1       963       975       976      1145
         1       963       975      1132      1145
         1       975       988      1145      1157
         1       975      1144      1145      1157
         1       975      1132      1144      1145
         1       963       976       977      1146
         1       963       964       977      1146
         1       963       964      1133      1146
         1       963       976      1145      1146
         1       963      1132      1145      1146
         1       963      1132      1133      1146
         1       977       990       991      1160
         1       977       978       991      1160
         1       977       978      1147      1160
         1       977       990      1159      1160
         1       977      1146      1159      1160
         1       977      1146      1147      1160
         1       978       991       992      1161
         1       978       979       992      1161
         1       978       979      1148      1161
         1       978       991      1160      1161
         1       978      1147      1160      1161
         1       978      1147      1148      1161
         1       979       992       993      1162
         1       979       980       993      1162
         1       979       980      1149      1162
         1       979       992      1161      1162
         1       979      1148      1161      1162
         1       979      1148      1149      1162
         1       980       993       994      1163
         1       980       981       994      1163
         1       980       981      1150      1163
         1       980       993      1162      1163
         1       980      1149      1162      1163
         1       980      1149      1150      1163
         1       981       994       995      1164
         1       981       982       995      1164
         1       981       982      1151      1164
         1       981       994      1163      1164
         1       981      1150      1163      1164
         1       981      1150      1151      1164
         1       982       995       996      1165
         1       982       983       996      1165
         1       982       983      1152      1165
         1       982       995      1164      1165
         1       982      1151      1164      1165
         1       982      1151      1152      1165
         1       983       996       997      1166
         1       983       984       997      1166
         1       983       984      1153      1166
         1       983       996      1165      1166
         1       983      1152      1165      1166
         1       983      1152      1153      1166
         1       984       997       998      1167
         1       984       985       998      1167
         1       984       985      1154      1167
         1       984       997      1166      1167
         1       984      1153      1166      1167
         1       984      1153      1154      1167
         1       985       998       999      1168
         1       985       986       999      1168
         1       985       986      1155      1168
         1       985       998      1167      1168
         1       985      1154      1167      1168
         1       985      1154      1155      1168
         1       986       999      1000      1169
         1       986       987      1000      1169
         1       986       987      1156      1169
         1       986       999      1168      1169
         1       986      1155      1168      1169
         1       986      1155      1156      1169
         1       987      1000      1001      1170
         1       987       988      1001      1170
         1       987       988      1157      1170
         1       987      1000      1169      1170
         1       987      1156      1169      1170
         1       987      1156      1157      1170
         1       988       989      1001      1158
         1       976       988       989      1158
         1       976       988      1145      1158
         1       988      1001      1158      1170
         1       988      1157      1158      1170
         1       988      1145      1157      1158
         1       976       989       990      1159
         1       976       977       990      1159
         1       976       977      1146      1159
         1       976       989      1158      1159
         1       976      1145      1158      1159
         1       976      1145      1146      1159
         1       990      1003      1004      1173
         1       990       991      1004      1173
         1       990       991      1160      1173
         1       990      1003      1172      1173
         1       990      1159      1172      1173
         1       990      1159      1160      1173
         1       991      1004      1005      1174
         1       991       992      1005      1174
         1       991       992      1161      1174
         1       991      1004      1173      1174
         1       991      1160      1173      1174
         1       991      1160      1161      1174
         1       992      1005      1006      1175
         1       992       993      1006      1175
         1       992       993      1162      1175
         1       992      1005      1174      1175
         1       992      1161      1174      1175
         1       992      1161      1162      1175
         1       993      1006      1007      1176
         1       993       994      1007      1176
         1       993       994      1163      1176
         1       993      1006      1175      1176
         1       993      1162      1175      1176
         1       993      1162      1163      1176
         1       994      1007      1008      1177
         1       994       995      1008      1177
         1       994       995      1164      1177
         1       994      1007      1176      1177
         1       994      1163      1176      1177
         1       994      1163      1164      1177
         1       995      1008      1009      1178
         1       995       996      1009      1178
         1       995       996      1165      1178
         1       995      1008      1177      1178
         1       995      1164      1177      1178
         1       995      1164      1165      1178
         1       996      1009      1010      1179
         1       996       997      1010      1179
         1       996       997      1166      1179
         1       996      1009      1178      1179
         1       996      1165      1178      1179
         1       996      1165      1166      1179
         1       997      1010      1011      1180
         1       997       998      1011      1180
         1       997       998      1167      1180
         1       997      1010      1179      1180
         1       997      1166      1179      1180
         1       997      1166      1167      1180
         1       998      1011      1012      1181
         1       998       999      1012      1181
         1       998       999      1168      1181
         1       998      1011      1180      1181
         1       998      1167      1180      1181
         1       998      1167      1168      1181
         1       999      1012      1013      1182
         1       999      1000      1013      1182
         1       999      1000      1169      1182
         1       999      1012      1181      1182
         1       999      1168      1181      1182
         1       999      1168      1169      1182
         1      1000      1013      1014      1183
         1      1000      1001      1014      1183
         1      1000      1001      1170      1183
         1      1000      1013      1182      1183
         1      1000      1169      1182      1183
         1      1000      1169      1170      1183
         1      1001      1002      1014      1171
         1       989      1001      1002      1171
         1       989      1001      1158      1171
         1      1001      1014      1171      1183
         1      1001      1170      1171      1183
         1      1001      1158      1170      1171
         1       989      1002      1003      1172
         1       989       990      1003      1172
         1       989       990      1159      1172
         1       989      1002      1171      1172
         1       989      1158      1171      1172
         1       989      1158      1159      1172
         1       847       848      1003      1017
         1       848      1003      1004      1017
         1      1003      1004      1017      1173
         1       847      1003      1016      1017
         1      1003      1016      1017      1172
         1      1003      1017      1172      1173
         1       848       849      1004      1018
         1       849      1004      1005      1018
         1      1004      1005      1018      1174
         1       848      1004      1017      1018
         1      1004      1017      1018      1173
         1      1004      1018      1173      1174
         1       849       850      1005      1019
         1       850      1005      1006      1019
         1      1005      1006      1019      1175
         1       849      1005      1018      1019
         1      1005      1018      1019      1174
         1      1005      1019      1174      1175
         1       850       851      1006      1020
         1       851      1006      1007      1020
         1      1006      1007      1020      1176
         1       850      1006      1019      1020
         1      1006      1019      1020      1175
         1      1006      1020      1175      1176
         1       851       852      1007      1021
         1       852      1007      1008      1021
         1      1007      1008      1021      1177
         1       851      1007      1020      1021
         1      1007      1020      1021      1176
         1      1007      1021      1176      1177
         1       852       853      1008      1022
         1       853      1008      1009      1022
         1      1008      1009      1022      1178
         1       852      1008      1021      1022
         1      1008      1021      1022      1177
         1      1008      1022      1177      1178
         1       853       854      1009      1023
         1       854      1009      1010      1023
         1      1009      1010      1023      1179
         1       853      1009      1022      1023
         1      1009      1022      1023      1178
         1      1009      1023      1178      1179
         1       854       855      1010      1024
         1       855      1010      1011      1024
         1      1010      1011      1024      1180
         1       854      1010      1023      1024
         1      1010      1023      1024      1179
         1      1010      1024      1179      1180
         1       855       856      1011      1025
         1       856      1011      1012      1025
         1      1011      1012      1025      1181
         1       855      1011      1024      1025
         1      1011      1024      1025      1180
         1      1011      1025      1180      1181
         1       856       857      1012      1026
         1       857      1012      1013      1026
         1      1012      1013      1026      1182
         1       856      1012      1025      1026
         1      1012      1025      1026      1181
         1      1012      1026      1181      1182
         1       857       858      1013      1027
         1       858      1013      1014      1027
         1      1013      1014      1027      1183
         1       857      1013      1026      1027
         1      1013      1026      1027      1182
         1      1013      1027      1182      1183
         1       846       858      1014      1015
         1       846      1002      1014      1015
         1      1002      1014      1015      1171
         1       858      1014      1015      1027
         1      1014      1015      1027      1183
         1      1014      1015      1171      1183
         1       846       847      1002      1016
         1       847      1002      1003      1016
         1      1002      1003      1016      1172
         1       846      1002      1015      1016
         1      1002      1015      1016      1171
         1      1002      1016      1171      1172
         1       847       860       861      1030
         1       847       848       861      1030
         1       847       848      1017      1030
         1       847       860      1029      1030
         1       847      1016      1029      1030
         1       847      1016      1017      1030
         1       848       861       862      1031
         1       848       849       862      1031
         1       848       849      1018      1031
         1       848       861      1030      1031
         1       848      1017      1030      1031
         1       848      1017      1018      1031
         1       849       862       863      1032
         1       849       850       863      1032
         1       849       850      1019      1032
         1       849       862      1031      1032
         1       849      1018      1031      1032
         1       849      1018      1019      1032
         1       850       863       864      1033
         1       850       851       864      1033
         1       850       851      1020      1033
         1       850       863      1032      1033
         1       850      1019      1032      1033
         1       850      1019      1020      1033
         1       851       864       865      1034
         1       851       852       865      1034
         1       851       852      1021      1034
         1       851       864      1033      1034
         1       851      1020      1033      1034
         1       851      1020      1021      1034
         1       852       865       866      1035
         1       852       853       866      1035
         1       852       853      1022      1035
         1       852       865      1034      1035
         1       852      1021      1034      1035
         1       852      1021      1022      1035
         1       853       866       867      1036
         1       853       854       867      1036
         1       853       854      1023      1036
         1       853       866      1035      1036
         1       853      1022      1035      1036
         1       853      1022      1023      1036
         1       854       867       868      1037
         1       854       855       868      1037
         1       854       855      1024      1037
         1       854       867      1036      1037
         1       854      1023      1036      1037
         1       854      1023      1024      1037
         1       855       868       869      1038
         1       855       856       869      1038
         1       855       856      1025      1038
         1       855       868      1037      1038
         1       855      1024      1037      1038
         1       855      1024      1025      1038
         1       856       869       870      1039
         1       856       857       870      1039
         1       856       857      1026      1039
         1       856       869      1038      1039
         1       856      1025      1038      1039
         1       856      1025      1026      1039
         1       857       870       871      1040
         1       857       858       871      1040
         1       857       858      1027      1040
         1       857       870      1039      1040
         1       857      1026      1039      1040
         1       857      1026      1027      1040
         1       858       859       871      1028
         1       846       858       859      1028
         1       846       858      1015      1028
         1       858       871      1028      1040
         1       858      1027      1028      1040
         1       858      1015      1027      1028
         1       846       859       860      1029
         1       846       847       860      1029
         1       846       847      1016      1029
         1       846       859      1028      1029
         1       846      1015      1028      1029
         1       846      1015      1016      1029
         1      1029      1042      1043      1212
         1      1029      1030      1043      1212
         1      1029      1030      1199      1212
         1      1029      1042      1211      1212
         1      1029      1198      1211      1212
         1      1029      1198      1199      1212
         1      1030      1043      1044      1213
         1      1030      1031      1044      1213
         1      1030      1031      1200      1213
         1      1030      1043      1212      1213
         1      1030      1199      1212      1213
         1      1030      1199      1200      1213
         1      1031      1044      1045      1214
         1      1031      1032      1045      1214
         1      1031      1032      1201      1214
         1      1031      1044      1213      1214
         1      1031      1200      1213      1214
         1      1031      1200      1201      1214
         1      1032      1045      1046      1215
         1      1032      1033      1046      1215
         1      1032      1033      1202      1215
         1      1032      1045      1214      1215
         1      1032      1201      1214      1215
         1      1032      1201      1202      1215
         1      1033      1046      1047      1216
         1      1033      1034      1047      1216
         1      1033      1034      1203      1216
         1      1033      1046      1215      1216
         1      1033      1202      1215      1216
         1      1033      1202      1203      1216
         1      1034      1047      1048      1217
         1      1034      1035      1048      1217
         1      1034      1035      1204      1217
         1      1034      1047      1216      1217
         1      1034      1203      1216      1217
         1      1034      1203      1204      1217
         1      1035      1048      1049      1218
         1      1035      1036      1049      1218
         1      1035      1036      1205      1218
         1      1035      1048      1217      1218
         1      1035      1204      1217      1218
         1      1035      1204      1205      1218
         1      1036      1049      1050      1219
         1      1036      1037      1050      1219
         1      1036      1037      1206      1219
         1      1036      1049      1218      1219
         1      1036      1205      1218      1219
         1      1036      1205      1206      1219
         1      1037      1050      1051      1220
         1      1037      1038      1051      1220
         1      1037      1038      1207      1220
         1      1037      1050      1219      1220
         1      1037      1206      1219      1220
         1      1037      1206      1207      1220
         1      1038      1051      1052      1221
         1      1038      1039      1052      1221
         1      1038      1039      1208      1221
         1      1038      1051      1220      1221
         1      1038      1207      1220      1221
         1      1038      1207      1208      1221
         1      1039      1052      1053      1222
         1      1039      1040      1053      1222
         1      1039      1040      1209      1222
         1      1039      1052      1221      1222
         1      1039      1208      1221      1222
         1      1039      1208      1209      1222
         1      1040      1041      1053      1210
         1      1028      1040      1041      1210
         1      1028      1040      1197      1210
         1      1040      1053      1210      1222
         1      1040      1209      1210      1222
         1      1040      1197      1209      1210
         1      1028      1041      1042      1211
         1      1028      1029      1042      1211
         1      1028      1029      1198      1211
         1      1028      1041      1210      1211
         1      1028      1197      1210      1211
         1      1028      1197      1198      1211
         1      1042      1055      1056      1225
         1      1042      1043      1056      1225
         1      1042      1043      1212      1225
         1      1042      1055      1224      1225
         1      1042      1211      1224      1225
         1      1042      1211      1212      1225
         1      1043      1056      1057      1226
         1      1043      1044      1057      1226
         1      1043      1044      1213      1226
         1      1043      1056      1225      1226
         1      1043      1212      1225      1226
         1      1043      1212      1213      1226
         1      1044      1057      1058      1227
         1      1044      1045      1058      1227
         1      1044      1045      1214      1227
         1      1044      1057      1226      1227
         1      1044      1213      1226      1227
         1      1044      1213      1214      1227
         1      1045      1058      1059      1228
         1      1045      1046      1059      1228
         1      1045      1046      1215      1228
         1      1045      1058      1227      1228
         1      1045      1214      1227      1228
         1      1045      1214      1215      1228
         1      1046      1059      1060      1229
         1      1046      1047      1060      1229
         1      1046      1047      1216      1229
         1      1046      1059      1228      1229
         1      1046      1215      1228      1229
         1      1046      1215      1216      1229
         1      1047      1060      1061      1230
         1      1047      1048      1061      1230
         1      1047      1048      1217      1230
         1      1047      1060      1229      1230
         1      1047      1216      1229      1230
         1      1047      1216      1217      1230
         1      1048      1061      1062      1231
         1      1048      1049      1062      1231
         1      1048      1049      1218      1231
         1      1048      1061      1230      1231
         1      1048      1217      1230      1231
         1      1048      1217      1218      1231
         1      1049      1062      1063      1232
         1      1049      1050      1063      1232
         1      1049      1050      1219      1232
         1      1049      1062      1231      1232
         1      1049      1218      1231      1232
         1      1049      1218      1219      1232
         1      1050      1063      1064      1233
         1      1050      1051      1064      1233
         1      1050      1051      1220      1233
         1      1050      1063      1232      1233
         1      1050      1219      1232      1233
         1      1050      1219      1220      1233
         1      1051      1064      1065      1234
         1      1051      1052      1065      1234
         1      1051      1052      1221      1234
         1      1051      1064      1233      1234
         1      1051      1220      1233      1234
         1      1051      1220      1221      1234
         1      1052      1065      1066      1235
         1      1052      1053      1066      1235
         1      1052      1053      1222      1235
         1      1052      1065      1234      1235
         1      1052      1221      1234      1235
         1      1052      1221      1222      1235
         1      1053      1054      1066      1223
         1      1041      1053      1054      1223
         1      1041      1053      1210      1223
         1      1053      1066      1223      1235
         1      1053      1222      1223      1235
         1      1053      1210      1222      1223
         1      1041      1054      1055      1224
         1      1041      1042      1055      1224
         1      1041      1042      1211      1224
         1      1041      1054      1223      1224
         1      1041      1210      1223      1224
         1      1041      1210      1211      1224
         1      1055      1068      1069      1238
         1      1055      1056      1069      1238
         1      1055      1056      1225      1238
         1      1055      1068      1237      1238
         1      1055      1224      1237      1238
         1      1055      1224      1225      1238
         1      1056      1069      1070      1239
         1      1056      1057      1070      1239
         1      1056      1057      1226      1239
         1      1056      1069      1238      1239
         1      1056      1225      1238      1239
         1      1056      1225      1226      1239
         1      1057      1070      1071      1240
         1      1057      1058      1071      1240
         1      1057      1058      1227      1240
         1      1057      1070      1239      1240
         1      1057      1226      1239      1240
         1      1057      1226      1227      1240
         1      1058      1071      1072      1241
         1      1058      1059      1072      1241
         1      1058      1059      1228      1241
         1      1058      1071      1240      1241
         1      1058      1227      1240      1241
         1      1058      1227      1228      1241
         1      1059      1072      1073      1242
         1      1059      1060      1073      1242
         1      1059      1060      1229      1242
         1      1059      1072      1241      1242
         1      1059      1228      1241      1242
         1      1059      1228      1229      1242
         1      1060      1073      1074      1243
         1      1060      1061      1074      1243
         1      1060      1061      1230      1243
         1      1060      1073      1242      1243
         1      1060      1229      1242      1243
         1      1060      1229      1230      1243
         1      1061      1074      1075      1244
         1      1061      1062      1075      1244
         1      1061      1062      1231      1244
         1      1061      1074      1243      1244
         1      1061      1230      1243      1244
         1      1061      1230      1231      1244
         1      1062      1075      1076      1245
         1      1062      1063      1076      1245
         1      1062      1063      1232      1245
         1      1062      1075      1244      1245
         1      1062      1231      1244      1245
         1      1062      1231      1232      1245
         1      1063      1076      1077      1246
         1      1063      1064      1077      1246
         1      1063      1064      1233      1246
         1      1063      1076      1245      1246
         1      1063      1232      1245      1246
         1      1063      1232      1233      1246
         1      1064      1077      1078      1247
         1      1064      1065      1078      1247
         1      1064      1065      1234      1247
         1      1064      1077      1246      1247
         1      1064      1233      1246      1247
         1      1064      1233      1234      1247
         1      1065      1078      1079      1248
         1      1065      1066      1079      1248
         1      1065      1066      1235      1248
         1      1065      1078      1247      1248
         1      1065      1234      1247      1248
         1      1065      1234      1235      1248
         1      1066      1067      1079      1236
         1      1054      1066      1067      1236
         1      1054      1066      1223      1236
         1      1066      1079      1236      1248
         1      1066      1235      1236      1248
         1      1066      1223      1235      1236
         1      1054      1067      1068      1237
         1      1054      1055      1068      1237
         1      1054      1055      1224      1237
         1      1054      1067      1236      1237
         1      1054      1223      1236      1237
         1      1054      1223      1224      1237
         1      1068      1081      1082      1251
         1      1068      1069      1082      1251
         1      1068      1069      1238      1251
         1      1068      1081      1250      1251
         1      1068      1237      1250      1251
         1      1068      1237      1238      1251
         1      1069      1082      1083      1252
         1      1069      1070      1083      1252
         1      1069      1070      1239      1252
         1      1069      1082      1251      1252
         1      1069      1238      1251      1252
         1      1069      1238      1239      1252
         1      1070      1083      1084      1253
         1      1070      1071      1084      1253
         1      1070      1071      1240      1253
         1      1070      1083      1252      1253
         1      1070      1239      1252      1253
         1      1070      1239      1240      1253
         1      1071      1084      1085      1254
         1      1071      1072      1085      1254
         1      1071      1072      1241      1254
         1      1071      1084      1253      1254
         1      1071      1240      1253      1254
         1      1071      1240      1241      1254
         1      1072      1085      1086      1255
         1      1072      1073      1086      1255
         1      1072      1073      1242      1255
         1      1072      1085      1254      1255
         1      1072      1241      1254      1255
         1      1072      1241      1242      1255
         1      1073      1086      1087      1256
         1      1073      1074      1087      1256
         1      1073      1074      1243      1256
         1      1073      1086      1255      1256
         1      1073      1242      1255      1256
         1      1073      1242      1243      1256
         1      1074      1087      1088      1257
         1      1074      1075      1088      1257
         1      1074      1075      1244      1257
         1      1074      1087      1256      1257
         1      1074      1243      1256      1257
         1      1074      1243      1244      1257
         1      1075      1088      1089      1258
         1      1075      1076      1089      1258
         1      1075      1076      1245      1258
         1      1075      1088      1257      1258
         1      1075      1244      1257      1258
         1      1075      1244      1245      1258
         1      1076      1089      1090      1259
         1      1076      1077      1090      1259
         1      1076      1077      1246      1259
         1      1076      1089      1258      1259
         1      1076      1245      1258      1259
         1      1076      1245      1246      1259
         1      1077      1090      1091      1260
         1      1077      1078      1091      1260
         1      1077      1078      1247      1260
         1      1077      1090      1259      1260
         1      1077      1246      1259      1260
         1      1077      1246      1247      1260
         1      1078      1091      1092      1261
         1      1078      1079      1092      1261
         1      1078      1079      1248      1261
         1      1078      1091      1260      1261
         1      1078      1247      1260      1261
         1      1078      1247      1248      1261
         1      1079      1080      1092      1249
         1      1067      1079      1080      1249
         1      1067      1079      1236      1249
         1      1079      1092      1249      1261
         1      1079      1248      1249      1261
         1      1079      1236      1248      1249
         1      1067      1080      1081      1250
         1      1067      1068      1081      1250
         1      1067      1068      1237      1250
         1      1067      1080      1249      1250
         1      1067      1236      1249      1250
         1      1067      1236      1237      1250
         1      1081      1094      1095      1264
         1      1081      1082      1095      1264
         1      1081      1082      1251      1264
         1      1081      1094      1263      1264
         1      1081      1250      1263      1264
         1      1081      1250      1251      1264
         1      1082      1095      1096      1265
         1      1082      1083      1096      1265
         1      1082      1083      1252      1265
         1      1082      1095      1264      1265
         1      1082      1251      1264      1265
         1      1082      1251      1252      1265
         1      1083      1096      1097      1266
         1      1083      1084      1097      1266
         1      1083      1084      1253      1266
         1      1083      1096      1265      1266
         1      1083      1252      1265      1266
         1      1083      1252      1253      1266
         1      1084      1097      1098      1267
         1      1084      1085      1098      1267
         1      1084      1085      1254      1267
         1      1084      1097      1266      1267
         1      1084      1253      1266      1267
         1      1084      1253      1254      1267
         1      1085      1098      1099      1268
         1      1085      1086      1099      1268
         1      1085      1086      1255      1268
         1      1085      1098      1267      1268
         1      1085      1254      1267      1268
         1      1085      1254      1255      1268
         1      1086      1099      1100      1269
         1      1086      1087      1100      1269
         1      1086      1087      1256      1269
         1      1086      1099      1268      1269
         1      1086      1255      1268      1269
         1      1086      1255      1256      1269
         1      1087      1100      1101      1270
         1      1087      1088      1101      1270
         1      1087      1088      1257      1270
         1      1087      1100      1269      1270
         1      1087      1256      1269      1270
         1      1087      1256      1257      1270
         1      1088      1101      1102      1271
         1      1088      1089      1102      1271
         1      1088      1089      1258      1271
         1      1088      1101      1270      1271
         1      1088      1257      1270      1271
         1      1088      1257      1258      1271
         1      1089      1102      1103      1272
         1      1089      1090      1103      1272
         1      1089      1090      1259      1272
         1      1089      1102      1271      1272
         1      1089      1258      1271      1272
         1      1089      1258      1259      1272
         1      1090      1103      1104      1273
         1      1090      1091      1104      1273
         1      1090      1091      1260      1273
         1      1090      1103      1272      1273
         1      1090      1259      1272      1273
         1      1090      1259      1260      1273
         1      1091      1104      1105      1274
         1      1091      1092      1105      1274
         1      1091      1092      1261      1274
         1      1091      1104      1273      1274
         1      1091      1260      1273      1274
         1      1091      1260      1261      1274
         1      1092      1093      1105      1262
         1      1080      1092      1093      1262
         1      1080      1092      1249      1262
         1      1092      1105      1262      1274
         1      1092      1261      1262      1274
         1      1092      1249      1261      1262
         1      1080      1093      1094      1263
         1      1080      1081      1094      1263
         1      1080      1081      1250      1263
         1      1080      1093      1262      1263
         1      1080      1249      1262      1263
         1      1080      1249      1250      1263
         1      1094      1107      1108      1277
         1      1094      1095      1108      1277
         1      1094      1095      1264      1277
         1      1094      1107      1276      1277
         1      1094      1263      1276      1277
         1      1094      1263      1264      1277
         1      1095      1108      1109      1278
         1      1095      1096      1109      1278
         1      1095      1096      1265      1278
         1      1095      1108      1277      1278
         1      1095      1264      1277      1278
         1      1095      1264      1265      1278
         1      1096      1109      1110      1279
         1      1096      1097      1110      1279
         1      1096      1097      1266      1279
         1      1096      1109      1278      1279
         1      1096      1265      1278      1279
         1      1096      1265      1266      1279
         1      1097      1110      1111      1280
         1      1097      1098      1111      1280
         1      1097      1098      1267      1280
         1      1097      1110      1279      1280
         1      1097      1266      1279      1280
         1      1097      1266      1267      1280
         1      1098      1111      1112      1281
         1      1098      1099      1112      1281
         1      1098      1099      1268      1281
         1      1098      1111      1280      1281
         1      1098      1267      1280      1281
         1      1098      1267      1268      1281
         1      1099      1112      1113      1282
         1      1099      1100      1113      1282
         1      1099      1100      1269      1282
         1      1099      1112      1281      1282
         1      1099      1268      1281      1282
         1      1099      1268      1269      1282
         1      1100      1113      1114      1283
         1      1100      1101      1114      1283
         1      1100      1101      1270      1283
         1      1100      1113      1282      1283
         1      1100      1269      1282      1283
         1      1100      1269      1270      1283
         1      1101      1114      1115      1284
         1      1101      1102      1115      1284
         1      1101      1102      1271      1284
         1      1101      1114      1283      1284
         1      1101      1270      1283      1284
         1      1101      1270      1271      1284
         1      1102      1115      1116      1285
         1      1102      1103      1116      1285
         1      1102      1103      1272      1285
         1      1102      1115      1284      1285
         1      1102      1271      1284      1285
         1      1102      1271      1272      1285
         1      1103      1116      1117      1286
         1      1103      1104      1117      1286
         1      1103      1104      1273      1286
         1      1103      1116      1285      1286
         1      1103      1272      1285      1286
         1      1103      1272      1273      1286
         1      1104      1117      1118      1287
         1      1104      1105      1118      1287
         1      1104      1105      1274      1287
         1      1104      1117      1286      1287
         1      1104      1273      1286      1287
         1      1104      1273      1274      1287
         1      1105      1106      1118      1275
         1      1093      1105      1106      1275
         1      1093      1105      1262      1275
         1      1105      1118      1275      1287
         1      1105      1274      1275      1287
         1      1105      1262      1274      1275
         1      1093      1106      1107      1276
         1      1093      1094      1107      1276
         1      1093      1094      1263      1276
         1      1093      1106      1275      1276
         1      1093      1262      1275      1276
         1      1093      1262      1263      1276
         1      1107      1120      1121      1290
         1      1107      1108      1121      1290
         1      1107      1108      1277      1290
         1      1107      1120      1289      1290
         1      1107      1276      1289      1290
         1      1107      1276      1277      1290
         1      1108      1121      1122      1291
         1      1108      1109      1122      1291
         1      1108      1109      1278      1291
         1      1108      1121      1290      1291
         1      1108      1277      1290      1291
         1      1108      1277      1278      1291
         1      1109      1122      1123      1292
         1      1109      1110      1123      1292
         1      1109      1110      1279      1292
         1      1109      1122      1291      1292
         1      1109      1278      1291      1292
         1      1109      1278      1279      1292
         1      1110      1123      1124      1293
         1      1110      1111      1124      1293
         1      1110      1111      1280      1293
         1      1110      1123      1292      1293
         1      1110      1279      1292      1293
         1      1110      1279      1280      1293
         1      1111      1124      1125      1294
         1      1111      1112      1125      1294
         1      1111      1112      1281      1294
         1      1111      1124      1293      1294
         1      1111      1280      1293      1294
         1      1111      1280      1281      1294
         1      1112      1125      1126      1295
         1      1112      1113      1126      1295
         1      1112      1113      1282      1295
         1      1112      1125      1294      1295
         1      1112      1281      1294      1295
         1      1112      1281      1282      1295
         1      1113      1126      1127      1296
         1      1113      1114      1127      1296
         1      1113      1114      1283      1296
         1      1113      1126      1295      1296
         1      1113      1282      1295      1296
         1      1113      1282      1283      1296
         1      1114      1127      1128      1297
         1      1114      1115      1128      1297
         1      1114      1115      1284      1297
         1      1114      1127      1296      1297
         1      1114      1283      1296      1297
         1      1114      1283      1284      1297
         1      1115      1128      1129      1298
         1      1115      1116      1129      1298
         1      1115      1116      1285      1298
         1      1115      1128      1297      1298
         1      1115      1284      1297      1298
         1      1115      1284      1285      1298
         1      1116      1129      1130      1299
         1      1116      1117      1130      1299
         1      1116      1117      1286      1299
         1      1116      1129      1298      1299
         1      1116      1285      1298      1299
         1      1116      1285      1286      1299
         1      1117      1130      1131      1300
         1      1117      1118      1131      1300
         1      1117      1118      1287      1300
         1      1117      1130      1299      1300
         1      1117      1286      1299      1300
         1      1117      1286      1287      1300
         1      1118      1119      1131      1288
         1      1106      1118      1119      1288
         1      1106      1118      1275      1288
         1      1118      1131      1288      1300
         1      1118      1287      1288      1300
         1      1118      1275      1287      1288
         1      1106      1119      1120      1289
         1      1106      1107      1120      1289
         1      1106      1107      1276      1289
         1      1106      1119      1288      1289
         1      1106      1275      1288      1289
         1      1106      1275      1276      1289
         1      1120      1133      1134      1303
         1      1120      1121      1134      1303
         1      1120      1121      1290      1303
         1      1120      1133      1302      1303
         1      1120      1289      1302      1303
         1      1120      1289      1290      1303
         1      1121      1134      1135      1304
         1      1121      1122      1135      1304
         1      1121      1122      1291      1304
         1      1121      1134      1303      1304
         1      1121      1290      1303      1304
         1      1121      1290      1291      1304
         1      1122      1135      1136      1305
         1      1122      1123      1136      1305
         1      1122      1123      1292      1305
         1      1122      1135      1304      1305
         1      1122      1291      1304      1305
         1      1122      1291      1292      1305
         1      1123      1136      1137      1306
         1      1123      1124      1137      1306
         1      1123      1124      1293      1306
         1      1123      1136      1305      1306
         1      1123      1292      1305      1306
         1      1123      1292      1293      1306
         1      1124      1137      1138      1307
         1      1124      1125      1138      1307
         1      1124      1125      1294      1307
         1      1124      1137      1306      1307
         1      1124      1293      1306      1307
         1      1124      1293      1294      1307
         1      1125      1138      1139      1308
         1      1125      1126      1139      1308
         1      1125      1126      1295      1308
         1      1125      1138      1307      1308
         1      1125      1294      1307      1308
         1      1125      1294      1295      1308
         1      1126      1139      1140      1309
         1      1126      1127      1140      1309
         1      1126      1127      1296      1309
         1      1126      1139      1308      1309
         1      1126      1295      1308      1309
         1      1126      1295      1296      1309
         1      1127      1140      1141      1310
         1      1127      1128      1141      1310
         1      1127      1128      1297      1310
         1      1127      1140      1309      1310
         1      1127      1296      1309      1310
         1      1127      1296      1297      1310
         1      1128      1141      1142      1311
         1      1128      1129      1142      1311
         1      1128      1129      1298      1311
         1      1128      1141      1310      1311
         1      1128      1297      1310      1311
         1      1128      1297      1298      1311
         1      1129      1142      1143      1312
         1      1129      1130      1143      1312
         1      1129      1130      1299      1312
         1      1129      1142      1311      1312
         1      1129      1298      1311      1312
         1      1129      1298      1299      1312
         1      1130      1143      1144      1313
         1      1130      1131      1144      1313
         1      1130      1131      1300      1313
         1      1130      1143      1312      1313
         1      1130      1299      1312      1313
         1      1130      1299      1300      1313
         1      1131      1132      1144      1301
         1      1119      1131      1132      1301
         1      1119      1131      1288      1301
         1      1131      1144      1301      1313
         1      1131      1300      1301      1313
         1      1131      1288      1300      1301
         1      1119      1132      1133      1302
         1      1119      1120      1133      1302
         1      1119      1120      1289      1302
         1      1119      1132      1301      1302
         1      1119      1288      1301      1302
         1      1119      1288      1289      1302
         1      1133      1146      1147      1316
         1      1133      1134      1147      1316
         1      1133      1134      1303      1316
         1      1133      1146      1315      1316
         1      1133      1302      1315      1316
         1      1133      1302      1303      1316
         1      1134      1147      1148      1317
         1      1134      1135      1148      1317
         1      1134      1135      1304      1317
         1      1134      1147      1316      1317
         1      1134      1303      1316      1317
         1      1134      1303      1304      1317
         1      1135      1148      1149      1318
         1      1135      1136      1149      1318
         1      1135      1136      1305      1318
         1      1135      1148      1317      1318
         1      1135      1304      1317      1318
         1      1135      1304      1305      1318
         1      1136      1149      1150      1319
         1      1136      1137      1150      1319
         1      1136      1137      1306      1319
         1      1136      1149      1318      1319
         1      1136      1305      1318      1319
         1      1136      1305      1306      1319
         1      1137      1150      1151      1320
         1      1137      1138      1151      1320
         1      1137      1138      1307      1320
         1      1137      1150      1319      1320
         1      1137      1306      1319      1320
         1      1137      1306      1307      1320
         1      1138      1151      1152      1321
         1      1138      1139      1152      1321
         1      1138      1139      1308      1321
         1      1138      1151      1320      1321
         1      1138      1307      1320      1321
         1      1138      1307      1308      1321
         1      1139      1152      1153      1322
         1      1139      1140      1153      1322
         1      1139      1140      1309      1322
         1      1139      1152      1321      1322
         1      1139      1308      1321      1322
         1      1139      1308      1309      1322
         1      1140      1153      1154      1323
         1      1140      1141      1154      1323
         1      1140      1141      1310      1323
         1      1140      1153      1322      1323
         1      1140      1309      1322      1323
         1      1140      1309      1310      1323
         1      1141      1154      1155      1324
         1      1141      1142      1155      1324
         1      1141      1142      1311      1324
         1      1141      1154      1323      1324
         1      1141      1310      1323      1324
         1      1141      1310      1311      1324
         1      1142      1155      1156      1325
         1      1142      1143      1156      1325
         1      1142      1143      1312      1325
         1      1142      1155      1324      1325
         1      1142      1311      1324      1325
         1      1142      1311      1312      1325
         1      1143      1156      1157      1326
         1      1143      1144      1157      1326
         1      1143      1144      1313      1326
         1      1143      1156      1325      1326
         1      1143      1312      1325      1326
         1      1143      1312      1313      1326
         1      1144      1145      1157      1314
         1      1132      1144      1145      1314
         1      1132      1144      1301      1314
         1      1144      1157      1314      1326
         1      1144      1313      1314      1326
         1      1144      1301      1313      1314
         1      1132      1145      1146      1315
         1      1132      1133      1146      1315
         1      1132      1133      1302      1315
         1      1132      1145      1314      1315
         1      1132      1301      1314      1315
         1      1132      1301      1302      1315
         1      1146      1159      1160      1329
         1      1146      1147      1160      1329
         1      1146      1147      1316      1329
         1      1146      1159      1328      1329
         1      1146      1315      1328      1329
         1      1146      1315      1316      1329
         1      1147      1160      1161      1330
         1      1147      1148      1161      1330
         1      1147      1148      1317      1330
         1      1147      1160      1329      1330
         1      1147      1316      1329      1330
         1      1147      1316      1317      1330
         1      1148      1161      1162      1331
         1      1148      1149      1162      1331
         1      1148      1149      1318      1331
         1      1148      1161      1330      1331
         1      1148      1317      1330      1331
         1      1148      1317      1318      1331
         1      1149      1162      1163      1332
         1      1149      1150      1163      1332
         1      1149      1150      1319      1332
         1      1149      1162      1331      1332
         1      1149      1318      1331      1332
         1      1149      1318      1319      1332
         1      1150      1163      1164      1333
         1      1150      1151      1164      1333
         1      1150      1151      1320      1333
         1      1150      1163      1332      1333
         1      1150      1319      1332      1333
         1      1150      1319      1320      1333
         1      1151      1164      1165      1334
         1      1151      1152      1165      1334
         1      1151      1152      1321      1334
         1      1151      1164      1333      1334
         1      1151      1320      1333      1334
         1      1151      1320      1321      1334
         1      1152      1165      1166      1335
         1      1152      1153      1166      1335
         1      1152      1153      1322      1335
         1      1152      1165      1334      1335
         1      1152      1321      1334      1335
         1      1152      1321      1322      1335
         1      1153      1166      1167      1336
         1      1153      1154      1167      1336
         1      1153      1154      1323      1336
         1      1153      1166      1335      1336
         1      1153      1322      1335      1336
         1      1153      1322      1323      1336
         1      1154      1167      1168      1337
         1      1154      1155      1168      1337
         1      1154      1155      1324      1337
         1      1154      1167      1336      1337
         1      1154      1323      1336      1337
         1      1154      1323      1324      1337
         1      1155      1168      1169      1338
         1      1155      1156      1169      1338
         1      1155      1156      1325      1338
         1      1155      1168      1337      1338
         1      1155      1324      1337      1338
         1      1155      1324      1325      1338
         1      1156      1169      1170      1339
         1      1156      1157      1170      1339
         1      1156      1157      1326      1339
         1      1156      1169      1338      1339
         1      1156      1325      1338      1339
         1      1156      1325      1326      1339
         1      1157      1158      1170      1327
         1      1145      1157      1158      1327
         1      1145      1157      1314      1327
         1      1157      1170      1327      1339
         1      1157      1326      1327      1339
         1      1157      1314      1326      1327
         1      1145      1158      1159      1328
         1      1145      1146      1159      1328
         1      1145      1146      1315      1328
         1      1145      1158      1327      1328
         1      1145      1314      1327      1328
         1      1145      1314      1315      1328
         1      1159      1172      1173      1342
         1      1159      1160      1173      1342
         1      1159      1160      1329      1342
         1      1159      1172      1341      1342
         1      1159      1328      1341      1342
         1      1159      1328      1329      1342
         1      1160      1173      1174      1343
         1      1160      1161      1174      1343
         1      1160      1161      1330      1343
         1      1160      1173      1342      1343
         1      1160      1329      1342      1343
         1      1160      1329      1330      1343
         1      1161      1174      1175      1344
         1      1161      1162      1175      1344
         1      1161      1162      1331      1344
         1      1161      1174      1343      1344
         1      1161      1330      1343      1344
         1      1161      1330      1331      1344
         1      1162      1175      1176      1345
         1      1162      1163      1176      1345
         1      1162      1163      1332      1345
         1      1162      1175      1344      1345
         1      1162      1331      1344      1345
         1      1162      1331      1332      1345
         1      1163      1176      1177      1346
         1      1163      1164      1177      1346
         1      1163      1164      1333      1346
         1      1163      1176      1345      1346
         1      1163      1332      1345      1346
         1      1163      1332      1333      1346
         1      1164      1177      1178      1347
         1      1164      1165      1178      1347
         1      1164      1165      1334      1347
         1      1164      1177      1346      1347
         1      1164      1333      1346      1347
         1      1164      1333      1334      1347
         1      1165      1178      1179      1348
         1      1165      1166      1179      1348
         1      1165      1166      1335      1348
         1      1165      1178      1347      1348
         1      1165      1334      1347      1348
         1      1165      1334      1335      1348
         1      1166      1179      1180      1349
         1      1166      1167      1180      1349
         1      1166      1167      1336      1349
         1      1166      1179      1348      1349
         1      1166      1335      1348      1349
         1      1166      1335      1336      1349
         1      1167      1180      1181      1350
         1      1167      1168      1181      1350
         1      1167      1168      1337      1350
         1      1167      1180      1349      1350
         1      1167      1336      1349      1350
         1      1167      1336      1337      1350
         1      1168      1181      1182      1351
         1      1168      1169      1182      1351
         1      1168      1169      1338      1351
         1      1168      1181      1350      1351
         1      1168      1337      1350      1351
         1      1168      1337      1338      1351
         1      1169      1182      1183      1352
         1      1169      1170      1183      1352
         1      1169      1170      1339      1352
         1      1169      1182      1351      1352
         1      1169      1338      1351      1352
         1      1169      1338      1339      1352
         1      1170      1171      1183      1340
         1      1158      1170      1171      1340
         1      1158      1170      1327      1340
         1      1170      1183      1340      1352
         1      1170      1339      1340      1352
         1      1170      1327      1339      1340
         1      1158      1171      1172      1341
         1      1158      1159      1172      1341
         1      1158      1159      1328      1341
         1      1158      1171      1340      1341
         1      1158      1327      1340      1341
         1      1158      1327      1328      1341
         1      1016      1017      1172      1186
         1      1017      1172      1173      1186
         1      1172      1173      1186      1342
         1      1016      1172      1185      1186
         1      1172      1185      1186      1341
         1      1172      1186      1341      1342
         1      1017      1018      1173      1187
         1      1018      1173      1174      1187
         1      1173      1174      1187      1343
         1      1017      1173      1186      1187
         1      1173      1186      1187      1342
         1      1173      1187      1342      1343
         1      1018      1019      1174      1188
         1      1019      1174      1175      1188
         1      1174      1175      1188      1344
         1      1018      1174      1187      1188
         1      1174      1187      1188      1343
         1      1174      1188      1343      1344
         1      1019      1020      1175      1189
         1      1020      1175      1176      1189
         1      1175      1176      1189      1345
         1      1019      1175      1188      1189
         1      1175      1188      1189      1344
         1      1175      1189      1344      1345
         1      1020      1021      1176      1190
         1      1021      1176      1177      1190
         1      1176      1177      1190      1346
         1      1020      1176      1189      1190
         1      1176      1189      1190      1345
         1      1176      1190      1345      1346
         1      1021      1022      1177      1191
         1      1022      1177      1178      1191
         1      1177      1178      1191      1347
         1      1021      1177      1190      1191
         1      1177      1190      1191      1346
         1      1177      1191      1346      1347
         1      1022      1023      1178      1192
         1      1023      1178      1179      1192
         1      1178      1179      1192      1348
         1      1022      1178      1191      1192
         1      1178      1191      1192      1347
         1      1178      1192      1347      1348
         1      1023      1024      1179      1193
         1      1024      1179      1180      1193
         1      1179      1180      1193      1349
         1      1023      1179      1192      1193
         1      1179      1192      1193      1348
         1      1179      1193      1348      1349
         1      1024      1025      1180      1194
         1      1025      1180      1181      1194
         1      1180      1181      1194      1350
         1      1024      1180      1193      1194
         1      1180      1193      1194      1349
         1      1180      1194      1349      1350
         1      1025      1026      1181      1195
         1      1026      1181      1182      1195
         1      1181      1182      1195      1351
         1      1025      1181      1194      1195
         1      1181      1194      1195      1350
         1      1181      1195      1350      1351
         1      1026      1027      1182      1196
         1      1027      1182      1183      1196
         1      1182      1183      1196      1352
         1      1026      1182      1195      1196
         1      1182      1195      1196      1351
         1      1182      1196      1351      1352
         1      1015      1027      1183      1184
         1      1015      1171      1183      1184
         1      1171      1183      1184      1340
         1      1027      1183      1184      1196
         1      1183      1184      1196      1352
         1      1183      1184      1340      1352
         1      1015      1016      1171      1185
         1      1016      1171      1172      1185
         1      1171      1172      1185      1341
         1      1015      1171      1184      1185
         1      1171      1184      1185      1340
         1      1171      1185      1340      1341
         1      1016      1029      1030      1199
         1      1016      1017      1030      1199
         1      1016      1017      1186      1199
         1      1016      1029      1198      1199
         1      1016      1185      1198      1199
         1      1016      1185      1186      1199
         1      1017      1030      1031      1200
         1      1017      1018      1031      1200
         1      1017      1018      1187      1200
         1      1017      1030      1199      1200
         1      1017      1186      1199      1200
         1      1017      1186      1187      1200
         1      1018      1031      1032      1201
         1      1018      1019      1032      1201
         1      1018      1019      1188      1201
         1      1018      1031      1200      1201
         1      1018      1187      1200      1201
         1      1018      1187      1188      1201
         1      1019      1032      1033      1202
         1      1019      1020      1033      1202
         1      1019      1020      1189      1202
         1      1019      1032      1201      1202
         1      1019      1188      1201      1202
         1      1019      1188      1189      1202
         1      1020      1033      1034      1203
         1      1020      1021      1034      1203
         1      1020      1021      1190      1203
         1      1020      1033      1202      1203
         1      1020      1189      1202      1203
         1      1020      1189      1190      1203
         1      1021      1034      1035      1204
         1      1021      1022      1035      1204
         1      1021      1022      1191      1204
         1      1021      1034      1203      1204
         1      1021      1190      1203      1204
         1      1021      1190      1191      1204
         1      1022      1035      1036      1205
         1      1022      1023      1036      1205
         1      1022      1023      1192      1205
         1      1022      1035      1204      1205
         1      1022      1191      1204      1205
         1      1022      1191      1192      1205
         1      1023      1036      1037      1206
         1      1023      1024      1037      1206
         1      1023      1024      1193      1206
         1      1023      1036      1205      1206
         1      1023      1192      1205      1206
         1      1023      1192      1193      1206
         1      1024      1037      1038      1207
         1      1024      1025      1038      1207
         1      1024      1025      1194      1207
         1      1024      1037      1206      1207
         1      1024      1193      1206      1207
         1      1024      1193      1194      1207
         1      1025      1038      1039      1208
         1      1025      1026      1039      1208
         1      1025      1026      1195      1208
         1      1025      1038      1207      1208
         1      1025      1194      1207      1208
         1      1025      1194      1195      1208
         1      1026      1039      1040      1209
         1      1026      1027      1040      1209
         1      1026      1027      1196      1209
         1      1026      1039      1208      1209
         1      1026      1195      1208      1209
         1      1026      1195      1196      1209
         1      1027      1028      1040      1197
         1      1015      1027      1028      1197
         1      1015      1027      1184      1197
         1      1027      1040      1197      1209
         1      1027      1196      1197      1209
         1      1027      1184      1196      1197
         1      1015      1028      1029      1198
         1      1015      1016      1029      1198
         1      1015      1016      1185      1198
         1      1015      1028      1197      1198
         1      1015      1184      1197      1198
         1      1015      1184      1185      1198
         1      1198      1211      1212      1381
         1      1198      1199      1212      1381
         1      1198      1199      1368      1381
         1      1198      1211      1380      1381
         1      1198      1367      1380      1381
         1      1198      1367      1368      1381
         1      1199      1212      1213      1382
         1      1199      1200      1213      1382
         1      1199      1200      1369      1382
         1      1199      1212      1381      1382
         1      1199      1368      1381      1382
         1      1199      1368      1369      1382
         1      1200      1213      1214      1383
         1      1200      1201      1214      1383
         1      1200      1201      1370      1383
         1      1200      1213      1382      1383
         1      1200      1369      1382      1383
         1      1200      1369      1370      1383
         1      1201      1214      1215      1384
         1      1201      1202      1215      1384
         1      1201      1202      1371      1384
         1      1201      1214      1383      1384
         1      1201      1370      1383      1384
         1      1201      1370      1371      1384
         1      1202      1215      1216      1385
         1      1202      1203      1216      1385
         1      1202      1203      1372      1385
         1      1202      1215      1384      1385
         1      1202      1371      1384      1385
         1      1202      1371      1372      1385
         1      1203      1216      1217      1386
         1      1203      1204      1217      1386
         1      1203      1204      1373      1386
         1      1203      1216      1385      1386
         1      1203      1372      1385      1386
         1      1203      1372      1373      1386
         1      1204      1217      1218      1387
         1      1204      1205      1218      1387
         1      1204      1205      1374      1387
         1      1204      1217      1386      1387
         1      1204      1373      1386      1387
         1      1204      1373      1374      1387
         1      1205      1218      1219      1388
         1      1205      1206      1219      1388
         1      1205      1206      1375      1388
         1      1205      1218      1387      1388
         1      1205      1374      1387      1388
         1      1205      1374      1375      1388
         1      1206      1219      1220      1389
         1      1206      1207      1220      1389
         1      1206      1207      1376      1389
         1      1206      1219      1388      1389
         1      1206      1375      1388      1389
         1      1206      1375      1376      1389
         1      1207      1220      1221      1390
         1      1207      1208      1221      1390
         1      1207      1208      1377      1390
         1      1207      1220      1389      1390
         1      1207      1376      1389      1390
         1      1207      1376      1377      1390
         1      1208      1221      1222      1391
         1      1208      1209      1222      1391
         1      1208      1209      1378      1391
         1      1208      1221      1390      1391
         1      1208      1377      1390      1391
         1      1208      1377      1378      1391
         1      1209      1210      1222      1379
         1      1197      1209      1210      1379
         1      1197      1209      1366      1379
         1      1209      1222      1379      1391
         1      1209      1378      1379      1391
         1      1209      1366      1378      1379
         1      1197      1210      1211      1380
         1      1197      1198      1211      1380
         1      1197      1198      1367      1380
         1      1197      1210      1379      1380
         1      1197      1366      1379      1380
         1      1197      1366      1367      1380
         1      1211      1224      1225      1394
         1      1211      1212      1225      1394
         1      1211      1212      1381      1394
         1      1211      1224      1393      1394
         1      1211      1380      1393      1394
         1      1211      1380      1381      1394
         1      1212      1225      1226      1395
         1      1212      1213      1226      1395
         1      1212      1213      1382      1395
         1      1212      1225      1394      1395
         1      1212      1381      1394      1395
         1      1212      1381      1382      1395
         1      1213      1226      1227      1396
         1      1213      1214      1227      1396
         1      1213      1214      1383      1396
         1      1213      1226      1395      1396
         1      1213      1382      1395      1396
         1      1213      1382      1383      1396
         1      1214      1227      1228      1397
         1      1214      1215      1228      1397
         1      1214      1215      1384      1397
         1      1214      1227      1396      1397
         1      1214      1383      1396      1397
         1      1214      1383      1384      1397
         1      1215      1228      1229      1398
         1      1215      1216      1229      1398
         1      1215      1216      1385      1398
         1      1215      1228      1397      1398
         1      1215      1384      1397      1398
         1      1215      1384      1385      1398
         1      1216      1229      1230      1399
         1      1216      1217      1230      1399
         1      1216      1217      1386      1399
         1      1216      1229      1398      1399
         1      1216      1385      1398      1399
         1      1216      1385      1386      1399
         1      1217      1230      1231      1400
         1      1217      1218      1231      1400
         1      1217      1218      1387      1400
         1      1217      1230      1399      1400
         1      1217      1386      1399      1400
         1      1217      1386      1387      1400
         1      1218      1231      1232      1401
         1      1218      1219      1232      1401
         1      1218      1219      1388      1401
         1      1218      1231      1400      1401
         1      1218      1387      1400      1401
         1      1218      1387      1388      1401
         1      1219      1232      1233      1402
         1      1219      1220      1233      1402
         1      1219      1220      1389      1402
         1      1219      1232      1401      1402
         1      1219      1388      1401      1402
         1      1219      1388      1389      1402
         1      1220      1233      1234      1403
         1      1220      1221      1234      1403
         1      1220      1221      1390      1403
         1      1220      1233      1402      1403
         1      1220      1389      1402      1403
         1      1220      1389      1390      1403
         1      1221      1234      1235      1404
         1      1221      1222      1235      1404
         1      1221      1222      1391      1404
         1      1221      1234      1403      1404
         1      1221      1390      1403      1404
         1      1221      1390      1391      1404
         1      1222      1223      1235      1392
         1      1210      1222      1223      1392
         1      1210      1222      1379      1392
         1      1222      1235      1392      1404
         1      1222      1391      1392      1404
         1      1222      1379      1391      1392
         1      1210      1223      1224      1393
         1      1210      1211      1224      1393
         1      1210      1211      1380      1393
         1      1210      1223      1392      1393
         1      1210      1379      1392      1393
         1      1210      1379      1380      1393
         1      1224      1237      1238      1407
         1      1224      1225      1238      1407
         1      1224      1225      1394      1407
         1      1224      1237      1406      1407
         1      1224      1393      1406      1407
         1      1224      1393      1394      1407
         1      1225      1238      1239      1408
         1      1225      1226      1239      1408
         1      1225      1226      1395      1408
         1      1225      1238      1407      1408
         1      1225      1394      1407      1408
         1      1225      1394      1395      1408
         1      1226      1239      1240      1409
         1      1226      1227      1240      1409
         1      1226      1227      1396      1409
         1      1226      1239      1408      1409
         1      1226      1395      1408      1409
         1      1226      1395      1396      1409
         1      1227      1240      1241      1410
         1      1227      1228      1241      1410
         1      1227      1228      1397      1410
         1      1227      1240      1409      1410
         1      1227      1396      1409      1410
         1      1227      1396      1397      1410
         1      1228      1241      1242      1411
         1      1228      1229      1242      1411
         1      1228      1229      1398      1411
         1      1228      1241      1410      1411
         1      1228      1397      1410      1411
         1      1228      1397      1398      1411
         1      1229      1242      1243      1412
         1      1229      1230      1243      1412
         1      1229      1230      1399      1412
         1      1229      1242      1411      1412
         1      1229      1398      1411      1412
         1      1229      1398      1399      1412
         1      1230      1243      1244      1413
         1      1230      1231      1244      1413
         1      1230      1231      1400      1413
         1      1230      1243      1412      1413
         1      1230      1399      1412      1413
         1      1230      1399      1400      1413
         1      1231      1244      1245      1414
         1      1231      1232      1245      1414
         1      1231      1232      1401      1414
         1      1231      1244      1413      1414
         1      1231      1400      1413      1414
         1      1231      1400      1401      1414
         1      1232      1245      1246      1415
         1      1232      1233      1246      1415
         1      1232      1233      1402      1415
         1      1232      1245      1414      1415
         1      1232      1401      1414      1415
         1      1232      1401      1402      1415
         1      1233      1246      1247      1416
         1      1233      1234      1247      1416
         1      1233      1234      1403      1416
         1      1233      1246      1415      1416
         1      1233      1402      1415      1416
         1      1233      1402      1403      1416
         1      1234      1247      1248      1417
         1      1234      1235      1248      1417
         1      1234      1235      1404      1417
         1      1234      1247      1416      1417
         1      1234      1403      1416      1417
         1      1234      1403      1404      1417
         1      1235      1236      1248      1405
         1      1223      1235      1236      1405
         1      1223      1235      1392      1405
         1      1235      1248      1405      1417
         1      1235      1404      1405      1417
         1      1235      1392      1404      1405
         1      1223      1236      1237      1406
         1      1223      1224      1237      1406
         1      1223      1224      1393      1406
         1      1223      1236      1405      1406
         1      1223      1392      1405      1406
         1      1223      1392      1393      1406
         1      1237      1250      1251      1420
         1      1237      1238      1251      1420
         1      1237      1238      1407      1420
         1      1237      1250      1419      1420
         1      1237      1406      1419      1420
         1      1237      1406      1407      1420
         1      1238      1251      1252      1421
         1      1238      1239      1252      1421
         1      1238      1239      1408      1421
         1      1238      1251      1420      1421
         1      1238      1407      1420      1421
         1      1238      1407      1408      1421
         1      1239      1252      1253      1422
         1      1239      1240      1253      1422
         1      1239      1240      1409      1422
         1      1239      1252      1421      1422
         1      1239      1408      1421      1422
         1      1239      1408      1409      1422
         1      1240      1253      1254      1423
         1      1240      1241      1254      1423
         1      1240      1241      1410      1423
         1      1240      1253      1422      1423
         1      1240      1409      1422      1423
         1      1240      1409      1410      1423
         1      1241      1254      1255      1424
         1      1241      1242      1255      1424
         1      1241      1242      1411      1424
         1      1241      1254      1423      1424
         1      1241      1410      1423      1424
         1      1241      1410      1411      1424
         1      1242      1255      1256      1425
         1      1242      1243      1256      1425
         1      1242      1243      1412      1425
         1      1242      1255      1424      1425
         1      1242      1411      1424      1425
         1      1242      1411      1412      1425
         1      1243      1256      1257      1426
         1      1243      1244      1257      1426
         1      1243      1244      1413      1426
         1      1243      1256      1425      1426
         1      1243      1412      1425      1426
         1      1243      1412      1413      1426
         1      1244      1257      1258      1427
         1      1244      1245      1258      1427
         1      1244      1245      1414      1427
         1      1244      1257      1426      1427
         1      1244      1413      1426      1427
         1      1244      1413      1414      1427
         1      1245      1258      1259      1428
         1      1245      1246      1259      1428
         1      1245      1246      1415      1428
         1      1245      1258      1427      1428
         1      1245      1414      1427      1428
         1      1245      1414      1415      1428
         1      1246      1259      1260      1429
         1      1246      1247      1260      1429
         1      1246      1247      1416      1429
         1      1246      1259      1428      1429
         1      1246      1415      1428      1429
         1      1246      1415      1416      1429
         1      1247      1260      1261      1430
         1      1247      1248      1261      1430
         1      1247      1248      1417      1430
         1      1247      1260      1429      1430
         1      1247      1416      1429      1430
         1      1247      1416      1417      1430
         1      1248      1249      1261      1418
         1      1236      1248      1249      1418
         1      1236      1248      1405      1418
         1      1248      1261      1418      1430
         1      1248      1417      1418      1430
         1      1248      1405      1417      1418
         1      1236      1249      1250      1419
         1      1236      1237      1250      1419
         1      1236      1237      1406      1419
         1      1236      1249      1418      1419
         1      1236      1405      1418      1419
         1      1236      1405      1406      1419
         1      1250      1263      1264      1433
         1      1250      1251      1264      1433
         1      1250      1251      1420      1433
         1      1250      1263      1432      1433
         1      1250      1419      1432      1433
         1      1250      1419      1420      1433
         1      1251      1264      1265      1434
         1      1251      1252      1265      1434
         1      1251      1252      1421      1434
         1      1251      1264      1433      1434
         1      1251      1420      1433      1434
         1      1251      1420      1421      1434
         1      1252      1265      1266      1435
         1      1252      1253      1266      1435
         1      1252      1253      1422      1435
         1      1252      1265      1434      1435
         1      1252      1421      1434      1435
         1      1252      1421      1422      1435
         1      1253      1266      1267      1436
         1      1253      1254      1267      1436
         1      1253      1254      1423      1436
         1      1253      1266      1435      1436
         1      1253      1422      1435      1436
         1      1253      1422      1423      1436
         1      1254      1267      1268      1437
         1      1254      1255      1268      1437
         1      1254      1255      1424      1437
         1      1254      1267      1436      1437
         1      1254      1423      1436      1437
         1      1254      1423      1424      1437
         1      1255      1268      1269      1438
         1      1255      1256      1269      1438
         1      1255      1256      1425      1438
         1      1255      1268      1437      1438
         1      1255      1424      1437      1438
         1      1255      1424      1425      1438
         1      1256      1269      1270      1439
         1      1256      1257      1270      1439
         1      1256      1257      1426      1439
         1      1256      1269      1438      1439
         1      1256      1425      1438      1439
         1      1256      1425      1426      1439
         1      1257      1270      1271      1440
         1      1257      1258      1271      1440
         1      1257      1258      1427      1440
         1      1257      1270      1439      1440
         1      1257      1426      1439      1440
         1      1257      1426      1427      1440
         1      1258      1271      1272      1441
         1      1258      1259      1272      1441
         1      1258      1259      1428      1441
         1      1258      1271      1440      1441
         1      1258      1427      1440      1441
         1      1258      1427      1428      1441
         1      1259      1272      1273      1442
         1      1259      1260      1273      1442
         1      1259      1260      1429      1442
         1      1259      1272      1441      1442
         1      1259      1428      1441      1442
         1      1259      1428      1429      1442
         1      1260      1273      1274      1443
         1      1260      1261      1274      1443
         1      1260      1261      1430      1443
         1      1260      1273      1442      1443
         1      1260      1429      1442      1443
         1      1260      1429      1430      1443
         1      1261      1262      1274      1431
         1      1249      1261      1262      1431
         1      1249      1261      1418      1431
         1      1261      1274      1431      1443
         1      1261      1430      1431      1443
         1      1261      1418      1430      1431
         1      1249      1262      1263      1432
         1      1249      1250      1263      1432
         1      1249      1250      1419      1432
         1      1249      1262      1431      1432
         1      1249      1418      1431      1432
         1      1249      1418      1419      1432
         1      1263      1276      1277      1446
         1      1263      1264      1277      1446
         1      1263      1264      1433      1446
         1      1263      1276      1445      1446
         1      1263      1432      1445      1446
         1      1263      1432      1433      1446
         1      1264      1277      1278      1447
         1      1264      1265      1278      1447
         1      1264      1265      1434      1447
         1      1264      1277      1446      1447
         1      1264      1433      1446      1447
         1      1264      1433      1434      1447
         1      1265      1278      1279      1448
         1      1265      1266      1279      1448
         1      1265      1266      1435      1448
         1      1265      1278      1447      1448
         1      1265      1434      1447      1448
         1      1265      1434      1435      1448
         1      1266      1279      1280      1449
         1      1266      1267      1280      1449
         1      1266      1267      1436      1449
         1      1266      1279      1448      1449
         1      1266      1435      1448      1449
         1      1266      1435      1436      1449
         1      1267      1280      1281      1450
         1      1267      1268      1281      1450
         1      1267      1268      1437      1450
         1      1267      1280      1449      1450
         1      1267      1436      1449      1450
         1      1267      1436      1437      1450
         1      1268      1281      1282      1451
         1      1268      1269      1282      1451
         1      1268      1269      1438      1451
         1      1268      1281      1450      1451
         1      1268      1437      1450      1451
         1      1268      1437      1438      1451
         1      1269      1282      1283      1452
         1      1269      1270      1283      1452
         1      1269      1270      1439      1452
         1      1269      1282      1451      1452
         1      1269      1438      1451      1452
         1      1269      1438      1439      1452
         1      1270      1283      1284      1453
         1      1270      1271      1284      1453
         1      1270      1271      1440      1453
         1      1270      1283      1452      1453
         1      1270      1439      1452      1453
         1      1270      1439      1440      1453
         1      1271      1284      1285      1454
         1      1271      1272      1285      1454
         1      1271      1272      1441      1454
         1      1271      1284      1453      1454
         1      1271      1440      1453      1454
         1      1271      1440      1441      1454
         1      1272      1285      1286      1455
         1      1272      1273      1286      1455
         1      1272      1273      1442      1455
         1      1272      1285      1454      1455
         1      1272      1441      1454      1455
         1      1272      1441      1442      1455
         1      1273      1286      1287      1456
         1      1273      1274      1287      1456
         1      1273      1274      1443      1456
         1      1273      1286      1455      1456
         1      1273      1442      1455      1456
         1      1273      1442      1443      1456
         1      1274      1275      1287      1444
         1      1262      1274      1275      1444
         1      1262      1274      1431      1444
         1      1274      1287      1444      1456
         1      1274      1443      1444      1456
         1      1274      1431      1443      1444
         1      1262      1275      1276      1445
         1      1262      1263      1276      1445
         1      1262      1263      1432      1445
         1      1262      1275      1444      1445
         1      1262      1431      1444      1445
         1      1262      1431      1432      1445
         1      1276      1289      1290      1459
         1      1276      1277      1290      1459
         1      1276      1277      1446      1459
         1      1276      1289      1458      1459
         1      1276      1445      1458      1459
         1      1276      1445      1446      1459
         1      1277      1290      1291      1460
         1      1277      1278      1291      1460
         1      1277      1278      1447      1460
         1      1277      1290      1459      1460
         1      1277      1446      1459      1460
         1      1277      1446      1447      1460
         1      1278      1291      1292      1461
         1      1278      1279      1292      1461
         1      1278      1279      1448      1461
         1      1278      1291      1460      1461
         1      1278      1447      1460      1461
         1      1278      1447      1448      1461
         1      1279      1292      1293      1462
         1      1279      1280      1293      1462
         1      1279      1280      1449      1462
         1      1279      1292      1461      1462
         1      1279      1448      1461      1462
         1      1279      1448      1449      1462
         1      1280      1293      1294      1463
         1      1280      1281      1294      1463
         1      1280      1281      1450      1463
         1      1280      1293      1462      1463
         1      1280      1449      1462      1463
         1      1280      1449      1450      1463
         1      1281      1294      1295      1464
         1      1281      1282      1295      1464
         1      1281      1282      1451      1464
         1      1281      1294      1463      1464
         1      1281      1450      1463      1464
         1      1281      1450      1451      1464
         1      1282      1295      1296      1465
         1      1282      1283      1296      1465
         1      1282      1283      1452      1465
         1      1282      1295      1464      1465
         1      1282      1451      1464      1465
         1      1282      1451      1452      1465
         1      1283      1296      1297      1466
         1      1283      1284      1297      1466
         1      1283      1284      1453      1466
         1      1283      1296      1465      1466
         1      1283      1452      1465      1466
         1      1283      1452      1453      1466
         1      1284      1297      1298      1467
         1      1284      1285      1298      1467
         1      1284      1285      1454      1467
         1      1284      1297      1466      1467
         1      1284      1453      1466      1467
         1      1284      1453      1454      1467
         1      1285      1298      1299      1468
         1      1285      1286      1299      1468
         1      1285      1286      1455      1468
         1      1285      1298      1467      1468
         1      1285      1454      1467      1468
         1      1285      1454      1455      1468
         1      1286      1299      1300      1469
         1      1286      1287      1300      1469
         1      1286      1287      1456      1469
         1      1286      1299      1468      1469
         1      1286      1455      1468      1469
         1      1286      1455      1456      1469
         1      1287      1288      1300      1457
         1      1275      1287      1288      1457
         1      1275      1287      1444      1457
         1      1287      1300      1457      1469
         1      1287      1456      1457      1469
         1      1287      1444      1456      1457
         1      1275      1288      1289      1458
         1      1275      1276      1289      1458
         1      1275      1276      1445      1458
         1      1275      1288      1457      1458
         1      1275      1444      1457      1458
         1      1275      1444      1445      1458
         1      1289      1302      1303      1472
         1      1289      1290      1303      1472
         1      1289      1290      1459      1472
         1      1289      1302      1471      1472
         1      1289      1458      1471      1472
         1      1289      1458      1459      1472
         1      1290      1303      1304      1473
         1      1290      1291      1304      1473
         1      1290      1291      1460      1473
         1      1290      1303      1472      1473
         1      1290      1459      1472      1473
         1      1290      1459      1460      1473
         1      1291      1304      1305      1474
         1      1291      1292      1305      1474
         1      1291      1292      1461      1474
         1      1291      1304      1473      1474
         1      1291      1460      1473      1474
         1      1291      1460      1461      1474
         1      1292      1305      1306      1475
         1      1292      1293      1306      1475
         1      1292      1293      1462      1475
         1      1292      1305      1474      1475
         1      1292      1461      1474      1475
         1      1292      1461      1462      1475
         1      1293      1306      1307      1476
         1      1293      1294      1307      1476
         1      1293      1294      1463      1476
         1      1293      1306      1475      1476
         1      1293      1462      1475      1476
         1      1293      1462      1463      1476
         1      1294      1307      1308      1477
         1      1294      1295      1308      1477
         1      1294      1295      1464      1477
         1      1294      1307      1476      1477
         1      1294      1463      1476      1477
         1      1294      1463      1464      1477
         1      1295      1308      1309      1478
         1      1295      1296      1309      1478
         1      1295      1296      1465      1478
         1      1295      1308      1477      1478
         1      1295      1464      1477      1478
         1      1295      1464      1465      1478
         1      1296      1309      1310      1479
         1      1296      1297      1310      1479
         1      1296      1297      1466      1479
         1      1296      1309      1478      1479
         1      1296      1465      1478      1479
         1      1296      1465      1466      1479
         1      1297      1310      1311      1480
         1      1297      1298      1311      1480
         1      1297      1298      1467      1480
         1      1297      1310      1479      1480
         1      1297      1466      1479      1480
         1      1297      1466      1467      1480
         1      1298      1311      1312      1481
         1      1298      1299      1312      1481
         1      1298      1299      1468      1481
         1      1298      1311      1480      1481
         1      1298      1467      1480      1481
         1      1298      1467      1468      1481
         1      1299      1312      1313      1482
         1      1299      1300      1313      1482
         1      1299      1300      1469      1482
         1      1299      1312      1481      1482
         1      1299      1468      1481      1482
         1      1299      1468      1469      1482
         1      1300      1301      1313      1470
         1      1288      1300      1301      1470
         1      1288      1300      1457      1470
         1      1300      1313      1470      1482
         1      1300      1469      1470      1482
         1      1300      1457      1469      1470
         1      1288      1301      1302      1471
         1      1288      1289      1302      1471
         1      1288      1289      1458      1471
         1      1288      1301      1470      1471
         1      1288      1457      1470      1471
         1      1288      1457      1458      1471
         1      1302      1315      1316      1485
         1      1302      1303      1316      1485
         1      1302      1303      1472      1485
         1      1302      1315      1484      1485
         1      1302      1471      1484      1485
         1      1302      1471      1472      1485
         1      1303      1316      1317      1486
         1      1303      1304      1317      1486
         1      1303      1304      1473      1486
         1      1303      1316      1485      1486
         1      1303      1472      1485      1486
         1      1303      1472      1473      1486
         1      1304      1317      1318      1487
         1      1304      1305      1318      1487
         1      1304      1305      1474      1487
         1      1304      1317      1486      1487
         1      1304      1473      1486      1487
         1      1304      1473      1474      1487
         1      1305      1318      1319      1488
         1      1305      1306      1319      1488
         1      1305      1306      1475      1488
         1      1305      1318      1487      1488
         1      1305      1474      1487      1488
         1      1305      1474      1475      1488
         1      1306      1319      1320      1489
         1      1306      1307      1320      1489
         1      1306      1307      1476      1489
         1      1306      1319      1488      1489
         1      1306      1475      1488      1489
         1      1306      1475      1476      1489
         1      1307      1320      1321      1490
         1      1307      1308      1321      1490
         1      1307      1308      1477      1490
         1      1307      1320      1489      1490
         1      1307      1476      1489      1490
         1      1307      1476      1477      1490
         1      1308      1321      1322      1491
         1      1308      1309      1322      1491
         1      1308      1309      1478      1491
         1      1308      1321      1490      1491
         1      1308      1477      1490      1491
         1      1308      1477      1478      1491
         1      1309      1322      1323      1492
         1      1309      1310      1323      1492
         1      1309      1310      1479      1492
         1      1309      1322      1491      1492
         1      1309      1478      1491      1492
         1      1309      1478      1479      1492
         1      1310      1323      1324      1493
         1      1310      1311      1324      1493
         1      1310      1311      1480      1493
         1      1310      1323      1492      1493
         1      1310      1479      1492      1493
         1      1310      1479      1480      1493
         1      1311      1324      1325      1494
         1      1311      1312      1325      1494
         1      1311      1312      1481      1494
         1      1311      1324      1493      1494
         1      1311      1480      1493      1494
         1      1311      1480      1481      1494
         1      1312      1325      1326      1495
         1      1312      1313      1326      1495
         1      1312      1313      1482      1495
         1      1312      1325      1494      1495
         1      1312      1481      1494      1495
         1      1312      1481      1482      1495
         1      1313      1314      1326      1483
         1      1301      1313      1314      1483
         1      1301      1313      1470      1483
         1      1313      1326      1483      1495
         1      1313      1482      1483      1495
         1      1313      1470      1482      1483
         1      1301      1314      1315      1484
         1      1301      1302      1315      1484
         1      1301      1302      1471      1484
         1      1301      1314      1483      1484
         1      1301      1470      1483      1484
         1      1301      1470      1471      1484
         1      1315      1328      1329      1498
         1      1315      1316      1329      1498
         1      1315      1316      1485      1498
         1      1315      1328      1497      1498
         1      1315      1484      1497      1498
         1      1315      1484      1485      1498
         1      1316      1329      1330      1499
         1      1316      1317      1330      1499
         1      1316      1317      1486      1499
         1      1316      1329      1498      1499
         1      1316      1485      1498      1499
         1      1316      1485      1486      1499
         1      1317      1330      1331      1500
         1      1317      1318      1331      1500
         1      1317      1318      1487      1500
         1      1317      1330      1499      1500
         1      1317      1486      1499      1500
         1      1317      1486      1487      1500
         1      1318      1331      1332      1501
         1      1318      1319      1332      1501
         1      1318      1319      1488      1501
         1      1318      1331      1500      1501
         1      1318      1487      1500      1501
         1      1318      1487      1488      1501
         1      1319      1332      1333      1502
         1      1319      1320      1333      1502
         1      1319      1320      1489      1502
         1      1319      1332      1501      1502
         1      1319      1488      1501      1502
         1      1319      1488      1489      1502
         1      1320      1333      1334      1503
         1      1320      1321      1334      1503
         1      1320      1321      1490      1503
         1      1320      1333      1502      1503
         1      1320      1489      1502      1503
         1      1320      1489      1490      1503
         1      1321      1334      1335      1504
         1      1321      1322      1335      1504
         1      1321      1322      1491      1504
         1      1321      1334      1503      1504
         1      1321      1490      1503      1504
         1      1321      1490      1491      1504
         1      1322      1335      1336      1505
         1      1322      1323      1336      1505
         1      1322      1323      1492      1505
         1      1322      1335      1504      1505
         1      1322      1491      1504      1505
         1      1322      1491      1492      1505
         1      1323      1336      1337      1506
         1      1323      1324      1337      1506
         1      1323      1324      1493      1506
         1      1323      1336      1505      1506
         1      1323      1492      1505      1506
         1      1323      1492      1493      1506
         1      1324      1337      1338      1507
         1      1324      1325      1338      1507
         1      1324      1325      1494      1507
         1      1324      1337      1506      1507
         1      1324      1493      1506      1507
         1      1324      1493      1494      1507
         1      1325      1338      1339      1508
         1      1325      1326      1339      1508
         1      1325      1326      1495      1508
         1      1325      1338      1507      1508
         1      1325      1494      1507      1508
         1      1325      1494      1495      1508
         1      1326      1327      1339      1496
         1      1314      1326      1327      1496
         1      1314      1326      1483      1496
         1      1326      1339      1496      1508
         1      1326      1495      1496      1508
         1      1326      1483      1495      1496
         1      1314      1327      1328      1497
         1      1314      1315      1328      1497
         1      1314      1315      1484      1497
         1      1314      1327      1496      1497
         1      1314      1483      1496      1497
         1      1314      1483      1484      1497
         1      1328      1341      1342      1511
         1      1328      1329      1342      1511
         1      1328      1329      1498      1511
         1      1328      1341      1510      1511
         1      1328      1497      1510      1511
         1      1328      1497      1498      1511
         1      1329      1342      1343      1512
         1      1329      1330      1343      1512
         1      1329      1330      1499      1512
         1      1329      1342      1511      1512
         1      1329      1498      1511      1512
         1      1329      1498      1499      1512
         1      1330      1343      1344      1513
         1      1330      1331      1344      1513
         1      1330      1331      1500      1513
         1      1330      1343      1512      1513
         1      1330      1499      1512      1513
         1      1330      1499      1500      1513
         1      1331      1344      1345      1514
         1      1331      1332      1345      1514
         1      1331      1332      1501      1514
         1      1331      1344      1513      1514
         1      1331      1500      1513      1514
         1      1331      1500      1501      1514
         1      1332      1345      1346      1515
         1      1332      1333      1346      1515
         1      1332      1333      1502      1515
         1      1332      1345      1514      1515
         1      1332      1501      1514      1515
         1      1332      1501      1502      1515
         1      1333      1346      1347      1516
         1      1333      1334      1347      1516
         1      1333      1334      1503      1516
         1      1333      1346      1515      1516
         1      1333      1502      1515      1516
         1      1333      1502      1503      1516
         1      1334      1347      1348      1517
         1      1334      1335      1348      1517
         1      1334      1335      1504      1517
         1      1334      1347      1516      1517
         1      1334      1503      1516      1517
         1      1334      1503      1504      1517
         1      1335      1348      1349      1518
         1      1335      1336      1349      1518
         1      1335      1336      1505      1518
         1      1335      1348      1517      1518
         1      1335      1504      1517      1518
         1      1335      1504      1505      1518
         1      1336      1349      1350      1519
         1      1336      1337      1350      1519
         1      1336      1337      1506      1519
         1      1336      1349      1518      1519
         1      1336      1505      1518      1519
         1      1336      1505      1506      1519
         1      1337      1350      1351      1520
         1      1337      1338      1351      1520
         1      1337      1338      1507      1520
         1      1337      1350      1519      1520
         1      1337      1506      1519      1520
         1      1337      1506      1507      1520
         1      1338      1351      1352      1521
         1      1338      1339      1352      1521
         1      1338      1339      1508      1521
         1      1338      1351      1520      1521
         1      1338      1507      1520      1521
         1      1338      1507      1508      1521
         1      1339      1340      1352      1509
         1      1327      1339      1340      1509
         1      1327      1339      1496      1509
         1      1339      1352      1509      1521
         1      1339      1508      1509      1521
         1      1339      1496      1508      1509
         1      1327      1340      1341      1510
         1      1327      1328      1341      1510
         1      1327      1328      1497      1510
         1      1327      1340      1509      1510
         1      1327      1496      1509      1510
         1      1327      1496      1497      1510
         1      1185      1186      1341      1355
         1      1186      1341      1342      1355
         1      1341      1342      1355      1511
         1      1185      1341      1354      1355
         1      1341      1354      1355      1510
         1      1341      1355      1510      1511
         1      1186      1187      1342      1356
         1      1187      1342      1343      1356
         1      1342      1343      1356      1512
         1      1186      1342      1355      1356
         1      1342      1355      1356      1511
         1      1342      1356      1511      1512
         1      1187      1188      1343      1357
         1      1188      1343      1344      1357
         1      1343      1344      1357      1513
         1      1187      1343      1356      1357
         1      1343      1356      1357      1512
         1      1343      1357      1512      1513
         1      1188      1189      1344      1358
         1      1189      1344      1345      1358
         1      1344      1345      1358      1514
         1      1188      1344      1357      1358
         1      1344      1357      1358      1513
         1      1344      1358      1513      1514
         1      1189      1190      1345      1359
         1      1190      1345      1346      1359
         1      1345      1346      1359      1515
         1      1189      1345      1358      1359
         1      1345      1358      1359      1514
         1      1345      1359      1514      1515
         1      1190      1191      1346      1360
         1      1191      1346      1347      1360
         1      1346      1347      1360      1516
         1      1190      1346      1359      1360
         1      1346      1359      1360      1515
         1      1346      1360      1515      1516
         1      1191      1192      1347      1361
         1      1192      1347      1348      1361
         1      1347      1348      1361      1517
         1      1191      1347      1360      1361
         1      1347      1360      1361      1516
         1      1347      1361      1516      1517
         1      1192      1193      1348      1362
         1      1193      1348      1349      1362
         1      1348      1349      1362      1518
         1      1192      1348      1361      1362
         1      1348      1361      1362      1517
         1      1348      1362      1517      1518
         1      1193      1194      1349      1363
         1      1194      1349      1350      1363
         1      1349      1350      1363      1519
         1      1193      1349      1362      1363
         1      1349      1362      1363      1518
         1      1349      1363      1518      1519
         1      1194      1195      1350      1364
         1      1195      1350      1351      1364
         1      1350      1351      1364      1520
         1      1194      1350      1363      1364
         1      1350      1363      1364      1519
         1      1350      1364      1519      1520
         1      1195      1196      1351      1365
         1      1196      1351      1352      1365
         1      1351      1352      1365      1521
         1      1195      1351      1364      1365
         1      1351      1364      1365      1520
         1      1351      1365      1520      1521
         1      1184      1196      1352      1353
         1      1184      1340      1352      1353
         1      1340      1352      1353      1509
         1      1196      1352      1353      1365
         1      1352      1353      1365      1521
         1      1352      1353      1509      1521
         1      1184      1185      1340      1354
         1      1185      1340      1341      1354
         1      1340      1341      1354      1510
         1      1184      1340      1353      1354
         1      1340      1353      1354      1509
         1      1340      1354      1509      1510
         1      1185      1198      1199      1368
         1      1185      1186      1199      1368
         1      1185      1186      1355      1368
         1      1185      1198      1367      1368
         1      1185      1354      1367      1368
         1      1185      1354      1355      1368
         1      1186      1199      1200      1369
         1      1186      1187      1200      1369
         1      1186      1187      1356      1369
         1      1186      1199      1368      1369
         1      1186      1355      1368      1369
         1      1186      1355      1356      1369
         1      1187      1200      1201      1370
         1      1187      1188      1201      1370
         1      1187      1188      1357      1370
         1      1187      1200      1369      1370
         1      1187      1356      1369      1370
         1      1187      1356      1357      1370
         1      1188      1201      1202      1371
         1      1188      1189      1202      1371
         1      1188      1189      1358      1371
         1      1188      1201      1370      1371
         1      1188      1357      1370      1371
         1      1188      1357      1358      1371
         1      1189      1202      1203      1372
         1      1189      1190      1203      1372
         1      1189      1190      1359      1372
         1      1189      1202      1371      1372
         1      1189      1358      1371      1372
         1      1189      1358      1359      1372
         1      1190      1203      1204      1373
         1      1190      1191      1204      1373
         1      1190      1191      1360      1373
         1      1190      1203      1372      1373
         1      1190      1359      1372      1373
         1      1190      1359      1360      1373
         1      1191      1204      1205      1374
         1      1191      1192      1205      1374
         1      1191      1192      1361      1374
         1      1191      1204      1373      1374
         1      1191      1360      1373      1374
         1      1191      1360      1361      1374
         1      1192      1205      1206      1375
         1      1192      1193      1206      1375
         1      1192      1193      1362      1375
         1      1192      1205      1374      1375
         1      1192      1361      1374      1375
         1      1192      1361      1362      1375
         1      1193      1206      1207      1376
         1      1193      1194      1207      1376
         1      1193      1194      1363      1376
         1      1193      1206      1375      1376
         1      1193      1362      1375      1376
         1      1193      1362      1363      1376
         1      1194      1207      1208      1377
         1      1194      1195      1208      1377
         1      1194      1195      1364      1377
         1      1194      1207      1376      1377
         1      1194      1363      1376      1377
         1      1194      1363      1364      1377
         1      1195      1208      1209      1378
         1      1195      1196      1209      1378
         1      1195      1196      1365      1378
         1      1195      1208      1377      1378
         1      1195      1364      1377      1378
         1      1195      1364      1365      1378
         1      1196      1197      1209      1366
         1      1184      1196      1197      1366
         1      1184      1196      1353      1366
         1      1196      1209      1366      1378
         1      1196      1365      1366      1378
         1      1196      1353      1365      1366
         1      1184      1197      1198      1367
         1      1184      1185      1198      1367
         1      1184      1185      1354      1367
         1      1184      1197      1366      1367
         1      1184      1353      1366      1367
         1      1184      1353      1354      1367
         1      1367      1380      1381      1550
         1      1367      1368      1381      1550
         1      1367      1368      1537      1550
         1      1367      1380      1549      1550
         1      1367      1536      1549      1550
         1      1367      1536      1537      1550
         1      1368      1381      1382      1551
         1      1368      1369      1382      1551
         1      1368      1369      1538      1551
         1      1368      1381      1550      1551
         1      1368      1537      1550      1551
         1      1368      1537      1538      1551
         1      1369      1382      1383      1552
         1      1369      1370      1383      1552
         1      1369      1370      1539      1552
         1      1369      1382      1551      1552
         1      1369      1538      1551      1552
         1      1369      1538      1539      1552
         1      1370      1383      1384      1553
         1      1370      1371      1384      1553
         1      1370      1371      1540      1553
         1      1370      1383      1552      1553
         1      1370      1539      1552      1553
         1      1370      1539      1540      1553
         1      1371      1384      1385      1554
         1      1371      1372      1385      1554
         1      1371      1372      1541      1554
         1      1371      1384      1553      1554
         1      1371      1540      1553      1554
         1      1371      1540      1541      1554
         1      1372      1385      1386      1555
         1      1372      1373      1386      1555
         1      1372      1373      1542      1555
         1      1372      1385      1554      1555
         1      1372      1541      1554      1555
         1      1372      1541      1542      1555
         1      1373      1386      1387      1556
         1      1373      1374      1387      1556
         1      1373      1374      1543      1556
         1      1373      1386      1555      1556
         1      1373      1542      1555      1556
         1      1373      1542      1543      1556
         1      1374      1387      1388      1557
         1      1374      1375      1388      1557
         1      1374      1375      1544      1557
         1      1374      1387      1556      1557
         1      1374      1543      1556      1557
         1      1374      1543      1544      1557
         1      1375      1388      1389      1558
         1      1375      1376      1389      1558
         1      1375      1376      1545      1558
         1      1375      1388      1557      1558
         1      1375      1544      1557      1558
         1      1375      1544      1545      1558
         1      1376      1389      1390      1559
         1      1376      1377      1390      1559
         1      1376      1377      1546      1559
         1      1376      1389      1558      1559
         1      1376      1545      1558      1559
         1      1376      1545      1546      1559
         1      1377      1390      1391      1560
         1      1377      1378      1391      1560
         1      1377      1378      1547      1560
         1      1377      1390      1559      1560
         1      1377      1546      1559      1560
         1      1377      1546      1547      1560
         1      1378      1379      1391      1548
         1      1366      1378      1379      1548
         1      1366      1378      1535      1548
         1      1378      1391      1548      1560
         1      1378      1547      1548      1560
         1      1378      1535      1547      1548
         1      1366      1379      1380      1549
         1      1366      1367      1380      1549
         1      1366      1367      1536      1549
         1      1366      1379      1548      1549
         1      1366      1535      1548      1549
         1      1366      1535      1536      1549
         1      1380      1393      1394      1563
         1      1380      1381      1394      1563
         1      1380      1381      1550      1563
         1      1380      1393      1562      1563
         1      1380      1549      1562      1563
         1      1380      1549      1550      1563
         1      1381      1394      1395      1564
         1      1381      1382      1395      1564
         1      1381      1382      1551      1564
         1      1381      1394      1563      1564
         1      1381      1550      1563      1564
         1      1381      1550      1551      1564
         1      1382      1395      1396      1565
         1      1382      1383      1396      1565
         1      1382      1383      1552      1565
         1      1382      1395      1564      1565
         1      1382      1551      1564      1565
         1      1382      1551      1552      1565
         1      1383      1396      1397      1566
         1      1383      1384      1397      1566
         1      1383      1384      1553      1566
         1      1383      1396      1565      1566
         1      1383      1552      1565      1566
         1      1383      1552      1553      1566
         1      1384      1397      1398      1567
         1      1384      1385      1398      1567
         1      1384      1385      1554      1567
         1      1384      1397      1566      1567
         1      1384      1553      1566      1567
         1      1384      1553      1554      1567
         1      1385      1398      1399      1568
         1      1385      1386      1399      1568
         1      1385      1386      1555      1568
         1      1385      1398      1567      1568
         1      1385      1554      1567      1568
         1      1385      1554      1555      1568
         1      1386      1399      1400      1569
         1      1386      1387      1400      1569
         1      1386      1387      1556      1569
         1      1386      1399      1568      1569
         1      1386      1555      1568      1569
         1      1386      1555      1556      1569
         1      1387      1400      1401      1570
         1      1387      1388      1401      1570
         1      1387      1388      1557      1570
         1      1387      1400      1569      1570
         1      1387      1556      1569      1570
         1      1387      1556      1557      1570
         1      1388      1401      1402      1571
         1      1388      1389      1402      1571
         1      1388      1389      1558      1571
         1      1388      1401      1570      1571
         1      1388      1557      1570      1571
         1      1388      1557      1558      1571
         1      1389      1402      1403      1572
         1      1389      1390      1403      1572
         1      1389      1390      1559      1572
         1      1389      1402      1571      1572
         1      1389      1558      1571      1572
         1      1389      1558      1559      1572
         1      1390      1403      1404      1573
         1      1390      1391      1404      1573
         1      1390      1391      1560      1573
         1      1390      1403      1572      1573
         1      1390      1559      1572      1573
         1      1390      1559      1560      1573
         1      1391      1392      1404      1561
         1      1379      1391      1392      1561
         1      1379      1391      1548      1561
         1      1391      1404      1561      1573
         1      1391      1560      1561      1573
         1      1391      1548      1560      1561
         1      1379      1392      1393      1562
         1      1379      1380      1393      1562
         1      1379      1380      1549      1562
         1      1379      1392      1561      1562
         1      1379      1548      1561      1562
         1      1379      1548      1549      1562
         1      1393      1406      1407      1576
         1      1393      1394      1407      1576
         1      1393      1394      1563      1576
         1      1393      1406      1575      1576
         1      1393      1562      1575      1576
         1      1393      1562      1563      1576
         1      1394      1407      1408      1577
         1      1394      1395      1408      1577
         1      1394      1395      1564      1577
         1      1394      1407      1576      1577
         1      1394      1563      1576      1577
         1      1394      1563      1564      1577
         1      1395      1408      1409      1578
         1      1395      1396      1409      1578
         1      1395      1396      1565      1578
         1      1395      1408      1577      1578
         1      1395      1564      1577      1578
         1      1395      1564      1565      1578
         1      1396      1409      1410      1579
         1      1396      1397      1410      1579
         1      1396      1397      1566      1579
         1      1396      1409      1578      1579
         1      1396      1565      1578      1579
         1      1396      1565      1566      1579
         1      1397      1410      1411      1580
         1      1397      1398      1411      1580
         1      1397      1398      1567      1580
         1      1397      1410      1579      1580
         1      1397      1566      1579      1580
         1      1397      1566      1567      1580
         1      1398      1411      1412      1581
         1      1398      1399      1412      1581
         1      1398      1399      1568      1581
         1      1398      1411      1580      1581
         1      1398      1567      1580      1581
         1      1398      1567      1568      1581
         1      1399      1412      1413      1582
         1      1399      1400      1413      1582
         1      1399      1400      1569      1582
         1      1399      1412      1581      1582
         1      1399      1568      1581      1582
         1      1399      1568      1569      1582
         1      1400      1413      1414      1583
         1      1400      1401      1414      1583
         1      1400      1401      1570      1583
         1      1400      1413      1582      1583
         1      1400      1569      1582      1583
         1      1400      1569      1570      1583
         1      1401      1414      1415      1584
         1      1401      1402      1415      1584
         1      1401      1402      1571      1584
         1      1401      1414      1583      1584
         1      1401      1570      1583      1584
         1      1401      1570      1571      1584
         1      1402      1415      1416      1585
         1      1402      1403      1416      1585
         1      1402      1403      1572      1585
         1      1402      1415      1584      1585
         1      1402      1571      1584      1585
         1      1402      1571      1572      1585
         1      1403      1416      1417      1586
         1      1403      1404      1417      1586
         1      1403      1404      1573      1586
         1      1403      1416      1585      1586
         1      1403      1572      1585      1586
         1      1403      1572      1573      1586
         1      1404      1405      1417      1574
         1      1392      1404      1405      1574
         1      1392      1404      1561      1574
         1      1404      1417      1574      1586
         1      1404      1573      1574      1586
         1      1404      1561      1573      1574
         1      1392      1405      1406      1575
         1      1392      1393      1406      1575
         1      1392      1393      1562      1575
         1      1392      1405      1574      1575
         1      1392      1561      1574      1575
         1      1392      1561      1562      1575
         1      1406      1419      1420      1589
         1      1406      1407      1420      1589
         1      1406      1407      1576      1589
         1      1406      1419      1588      1589
         1      1406      1575      1588      1589
         1      1406      1575      1576      1589
         1      1407      1420      1421      1590
         1      1407      1408      1421      1590
         1      1407      1408      1577      1590
         1      1407      1420      1589      1590
         1      1407      1576      1589      1590
         1      1407      1576      1577      1590
         1      1408      1421      1422      1591
         1      1408      1409      1422      1591
         1      1408      1409      1578      1591
         1      1408      1421      1590      1591
         1      1408      1577      1590      1591
         1      1408      1577      1578      1591
         1      1409      1422      1423      1592
         1      1409      1410      1423      1592
         1      1409      1410      1579      1592
         1      1409      1422      1591      1592
         1      1409      1578      1591      1592
         1      1409      1578      1579      1592
         1      1410      1423      1424      1593
         1      1410      1411      1424      1593
         1      1410      1411      1580      1593
         1      1410      1423      1592      1593
         1      1410      1579      1592      1593
         1      1410      1579      1580      1593
         1      1411      1424      1425      1594
         1      1411      1412      1425      1594
         1      1411      1412      1581      1594
         1      1411      1424      1593      1594
         1      1411      1580      1593      1594
         1      1411      1580      1581      1594
         1      1412      1425      1426      1595
         1      1412      1413      1426      1595
         1      1412      1413      1582      1595
         1      1412      1425      1594      1595
         1      1412      1581      1594      1595
         1      1412      1581      1582      1595
         1      1413      1426      1427      1596
         1      1413      1414      1427      1596
         1      1413      1414      1583      1596
         1      1413      1426      1595      1596
         1      1413      1582      1595      1596
         1      1413      1582      1583      1596
         1      1414      1427      1428      1597
         1      1414      1415      1428      1597
         1      1414      1415      1584      1597
         1      1414      1427      1596      1597
         1      1414      1583      1596      1597
         1      1414      1583      1584      1597
         1      1415      1428      1429      1598
         1      1415      1416      1429      1598
         1      1415      1416      1585      1598
         1      1415      1428      1597      1598
         1      1415      1584      1597      1598
         1      1415      1584      1585      1598
         1      1416      1429      1430      1599
         1      1416      1417      1430      1599
         1      1416      1417      1586      1599
         1      1416      1429      1598      1599
         1      1416      1585      1598      1599
         1      1416      1585      1586      1599
         1      1417      1418      1430      1587
         1      1405      1417      1418      1587
         1      1405      1417      1574      1587
         1      1417      1430      1587      1599
         1      1417      1586      1587      1599
         1      1417      1574      1586      1587
         1      1405      1418      1419      1588
         1      1405      1406      1419      1588
         1      1405      1406      1575      1588
         1      1405      1418      1587      1588
         1      1405      1574      1587      1588
         1      1405      1574      1575      1588
         1      1419      1432      1433      1602
         1      1419      1420      1433      1602
         1      1419      1420      1589      1602
         1      1419      1432      1601      1602
         1      1419      1588      1601      1602
         1      1419      1588      1589      1602
         1      1420      1433      1434      1603
         1      1420      1421      1434      1603
         1      1420      1421      1590      1603
         1      1420      1433      1602      1603
         1      1420      1589      1602      1603
         1      1420      1589      1590      1603
         1      1421      1434      1435      1604
         1      1421      1422      1435      1604
         1      1421      1422      1591      1604
         1      1421      1434      1603      1604
         1      1421      1590      1603      1604
         1      1421      1590      1591      1604
         1      1422      1435      1436      1605
         1      1422      1423      1436      1605
         1      1422      1423      1592      1605
         1      1422      1435      1604      1605
         1      1422      1591      1604      1605
         1      1422      1591      1592      1605
         1      1423      1436      1437      1606
         1      1423      1424      1437      1606
         1      1423      1424      1593      1606
         1      1423      1436      1605      1606
         1      1423      1592      1605      1606
         1      1423      1592      1593      1606
         1      1424      1437      1438      1607
         1      1424      1425      1438      1607
         1      1424      1425      1594      1607
         1      1424      1437      1606      1607
         1      1424      1593      1606      1607
         1      1424      1593      1594      1607
         1      1425      1438      1439      1608
         1      1425      1426      1439      1608
         1      1425      1426      1595      1608
         1      1425      1438      1607      1608
         1      1425      1594      1607      1608
         1      1425      1594      1595      1608
         1      1426      1439      1440      1609
         1      1426      1427      1440      1609
         1      1426      1427      1596      1609
         1      1426      1439      1608      1609
         1      1426      1595      1608      1609
         1      1426      1595      1596      1609
         1      1427      1440      1441      1610
         1      1427      1428      1441      1610
         1      1427      1428      1597      1610
         1      1427      1440      1609      1610
         1      1427      1596      1609      1610
         1      1427      1596      1597      1610
         1      1428      1441      1442      1611
         1      1428      1429      1442      1611
         1      1428      1429      1598      1611
         1      1428      1441      1610      1611
         1      1428      1597      1610      1611
         1      1428      1597      1598      1611
         1      1429      1442      1443      1612
         1      1429      1430      1443      1612
         1      1429      1430      1599      1612
         1      1429      1442      1611      1612
         1      1429      1598      1611      1612
         1      1429      1598      1599      1612
         1      1430      1431      1443      1600
         1      1418      1430      1431      1600
         1      1418      1430      1587      1600
         1      1430      1443      1600      1612
         1      1430      1599      1600      1612
         1      1430      1587      1599      1600
         1      1418      1431      1432      1601
         1      1418      1419      1432      1601
         1      1418      1419      1588      1601
         1      1418      1431      1600      1601
         1      1418      1587      1600      1601
         1      1418      1587      1588      1601
         1      1432      1445      1446      1615
         1      1432      1433      1446      1615
         1      1432      1433      1602      1615
         1      1432      1445      1614      1615
         1      1432      1601      1614      1615
         1      1432      1601      1602      1615
         1      1433      1446      1447      1616
         1      1433      1434      1447      1616
         1      1433      1434      1603      1616
         1      1433      1446      1615      1616
         1      1433      1602      1615      1616
         1      1433      1602      1603      1616
         1      1434      1447      1448      1617
         1      1434      1435      1448      1617
         1      1434      1435      1604      1617
         1      1434      1447      1616      1617
         1      1434      1603      1616      1617
         1      1434      1603      1604      1617
         1      1435      1448      1449      1618
         1      1435      1436      1449      1618
         1      1435      1436      1605      1618
         1      1435      1448      1617      1618
         1      1435      1604      1617      1618
         1      1435      1604      1605      1618
         1      1436      1449      1450      1619
         1      1436      1437      1450      1619
         1      1436      1437      1606      1619
         1      1436      1449      1618      1619
         1      1436      1605      1618      1619
         1      1436      1605      1606      1619
         1      1437      1450      1451      1620
         1      1437      1438      1451      1620
         1      1437      1438      1607      1620
         1      1437      1450      1619      1620
         1      1437      1606      1619      1620
         1      1437      1606      1607      1620
         1      1438      1451      1452      1621
         1      1438      1439      1452      1621
         1      1438      1439      1608      1621
         1      1438      1451      1620      1621
         1      1438      1607      1620      1621
         1      1438      1607      1608      1621
         1      1439      1452      1453      1622
         1      1439      1440      1453      1622
         1      1439      1440      1609      1622
         1      1439      1452      1621      1622
         1      1439      1608      1621      1622
         1      1439      1608      1609      1622
         1      1440      1453      1454      1623
         1      1440      1441      1454      1623
         1      1440      1441      1610      1623
         1      1440      1453      1622      1623
         1      1440      1609      1622      1623
         1      1440      1609      1610      1623
         1      1441      1454      1455      1624
         1      1441      1442      1455      1624
         1      1441      1442      1611      1624
         1      1441      1454      1623      1624
         1      1441      1610      1623      1624
         1      1441      1610      1611      1624
         1      1442      1455      1456      1625
         1      1442      1443      1456      1625
         1      1442      1443      1612      1625
         1      1442      1455      1624      1625
         1      1442      1611      1624      1625
         1      1442      1611      1612      1625
         1      1443      1444      1456      1613
         1      1431      1443      1444      1613
         1      1431      1443      1600      1613
         1      1443      1456      1613      1625
         1      1443      1612      1613      1625
         1      1443      1600      1612      1613
         1      1431      1444      1445      1614
         1      1431      1432      1445      1614
         1      1431      1432      1601      1614
         1      1431      1444      1613      1614
         1      1431      1600      1613      1614
         1      1431      1600      1601      1614
         1      1445      1458      1459      1628
         1      1445      1446      1459      1628
         1      1445      1446      1615      1628
         1      1445      1458      1627      1628
         1      1445      1614      1627      1628
         1      1445      1614      1615      1628
         1      1446      1459      1460      1629
         1      1446      1447      1460      1629
         1      1446      1447      1616      1629
         1      1446      1459      1628      1629
         1      1446      1615      1628      1629
         1      1446      1615      1616      1629
         1      1447      1460      1461      1630
         1      1447      1448      1461      1630
         1      1447      1448      1617      1630
         1      1447      1460      1629      1630
         1      1447      1616      1629      1630
         1      1447      1616      1617      1630
         1      1448      1461      1462      1631
         1      1448      1449      1462      1631
         1      1448      1449      1618      1631
         1      1448      1461      1630      1631
         1      1448      1617      1630      1631
         1      1448      1617      1618      1631
         1      1449      1462      1463      1632
         1      1449      1450      1463      1632
         1      1449      1450      1619      1632
         1      1449      1462      1631      1632
         1      1449      1618      1631      1632
         1      1449      1618      1619      1632
         1      1450      1463      1464      1633
         1      1450      1451      1464      1633
         1      1450      1451      1620      1633
         1      1450      1463      1632      1633
         1      1450      1619      1632      1633
         1      1450      1619      1620      1633
         1      1451      1464      1465      1634
         1      1451      1452      1465      1634
         1      1451      1452      1621      1634
         1      1451      1464      1633      1634
         1      1451      1620      1633      1634
         1      1451      1620      1621      1634
         1      1452      1465      1466      1635
         1      1452      1453      1466      1635
         1      1452      1453      1622      1635
         1      1452      1465      1634      1635
         1      1452      1621      1634      1635
         1      1452      1621      1622      1635
         1      1453      1466      1467      1636
         1      1453      1454      1467      1636
         1      1453      1454      1623      1636
         1      1453      1466      1635      1636
         1      1453      1622      1635      1636
         1      1453      1622      1623      1636
         1      1454      1467      1468      1637
         1      1454      1455      1468      1637
         1      1454      1455      1624      1637
         1      1454      1467      1636      1637
         1      1454      1623      1636      1637
         1      1454      1623      1624      1637
         1      1455      1468      1469      1638
         1      1455      1456      1469      1638
         1      1455      1456      1625      1638
         1      1455      1468      1637      1638
         1      1455      1624      1637      1638
         1      1455      1624      1625      1638
         1      1456      1457      1469      1626
         1      1444      1456      1457      1626
         1      1444      1456      1613      1626
         1      1456      1469      1626      1638
         1      1456      1625      1626      1638
         1      1456      1613      1625      1626
         1      1444      1457      1458      1627
         1      1444      1445      1458      1627
         1      1444      1445      1614      1627
         1      1444      1457      1626      1627
         1      1444      1613      1626      1627
         1      1444      1613      1614      1627
         1      1458      1471      1472      1641
         1      1458      1459      1472      1641
         1      1458      1459      1628      1641
         1      1458      1471      1640      1641
         1      1458      1627      1640      1641
         1      1458      1627      1628      1641
         1      1459      1472      1473      1642
         1      1459      1460      1473      1642
         1      1459      1460      1629      1642
         1      1459      1472      1641      1642
         1      1459      1628      1641      1642
         1      1459      1628      1629      1642
         1      1460      1473      1474      1643
         1      1460      1461      1474      1643
         1      1460      1461      1630      1643
         1      1460      1473      1642      1643
         1      1460      1629      1642      1643
         1      1460      1629      1630      1643
         1      1461      1474      1475      1644
         1      1461      1462      1475      1644
         1      1461      1462      1631      1644
         1      1461      1474      1643      1644
         1      1461      1630      1643      1644
         1      1461      1630      1631      1644
         1      1462      1475      1476      1645
         1      1462      1463      1476      1645
         1      1462      1463      1632      1645
         1      1462      1475      1644      1645
         1      1462      1631      1644      1645
         1      1462      1631      1632      1645
         1      1463      1476      1477      1646
         1      1463      1464      1477      1646
         1      1463      1464      1633      1646
         1      1463      1476      1645      1646
         1      1463      1632      1645      1646
         1      1463      1632      1633      1646
         1      1464      1477      1478      1647
         1      1464      1465      1478      1647
         1      1464      1465      1634      1647
         1      1464      1477      1646      1647
         1      1464      1633      1646      1647
         1      1464      1633      1634      1647
         1      1465      1478      1479      1648
         1      1465      1466      1479      1648
         1      1465      1466      1635      1648
         1      1465      1478      1647      1648
         1      1465      1634      1647      1648
         1      1465      1634      1635      1648
         1      1466      1479      1480      1649
         1      1466      1467      1480      1649
         1      1466      1467      1636      1649
         1      1466      1479      1648      1649
         1      1466      1635      1648      1649
         1      1466      1635      1636      1649
         1      1467      1480      1481      1650
         1      1467      1468      1481      1650
         1      1467      1468      1637      1650
         1      1467      1480      1649      1650
         1      1467      1636      1649      1650
         1      1467      1636      1637      1650
         1      1468      1481      1482      1651
         1      1468      1469      1482      1651
         1      1468      1469      1638      1651
         1      1468      1481      1650      1651
         1      1468      1637      1650      1651
         1      1468      1637      1638      1651
         1      1469      1470      1482      1639
         1      1457      1469      1470      1639
         1      1457      1469      1626      1639
         1      1469      1482      1639      1651
         1      1469      1638      1639      1651
         1      1469      1626      1638      1639
         1      1457      1470      1471      1640
         1      1457      1458      1471      1640
         1      1457      1458      1627      1640
         1      1457      1470      1639      1640
         1      1457      1626      1639      1640
         1      1457      1626      1627      1640
         1      1471      1484      1485      1654
         1      1471      1472      1485      1654
         1      1471      1472      1641      1654
         1      1471      1484      1653      1654
         1      1471      1640      1653      1654
         1      1471      1640      1641      1654
         1      1472      1485      1486      1655
         1      1472      1473      1486      1655
         1      1472      1473      1642      1655
         1      1472      1485      1654      1655
         1      1472      1641      1654      1655
         1      1472      1641      1642      1655
         1      1473      1486      1487      1656
         1      1473      1474      1487      1656
         1      1473      1474      1643      1656
         1      1473      1486      1655      1656
         1      1473      1642      1655      1656
         1      1473      1642      1643      1656
         1      1474      1487      1488      1657
         1      1474      1475      1488      1657
         1      1474      1475      1644      1657
         1      1474      1487      1656      1657
         1      1474      1643      1656      1657
         1      1474      1643      1644      1657
         1      1475      1488      1489      1658
         1      1475      1476      1489      1658
         1      1475      1476      1645      1658
         1      1475      1488      1657      1658
         1      1475      1644      1657      1658
         1      1475      1644      1645      1658
         1      1476      1489      1490      1659
         1      1476      1477      1490      1659
         1      1476      1477      1646      1659
         1      1476      1489      1658      1659
         1      1476      1645      1658      1659
         1      1476      1645      1646      1659
         1      1477      1490      1491      1660
         1      1477      1478      1491      1660
         1      1477      1478      1647      1660
         1      1477      1490      1659      1660
         1      1477      1646      1659      1660
         1      1477      1646      1647      1660
         1      1478      1491      1492      1661
         1      1478      1479      1492      1661
         1      1478      1479      1648      1661
         1      1478      1491      1660      1661
         1      1478      1647      1660      1661
         1      1478      1647      1648      1661
         1      1479      1492      1493      1662
         1      1479      1480      1493      1662
         1      1479      1480      1649      1662
         1      1479      1492      1661      1662
         1      1479      1648      1661      1662
         1      1479      1648      1649      1662
         1      1480      1493      1494      1663
         1      1480      1481      1494      1663
         1      1480      1481      1650      1663
         1      1480      1493      1662      1663
         1      1480      1649      1662      1663
         1      1480      1649      1650      1663
         1      1481      1494      1495      1664
         1      1481      1482      1495      1664
         1      1481      1482      1651      1664
         1      1481      1494      1663      1664
         1      1481      1650      1663      1664
         1      1481      1650      1651      1664
         1      1482      1483      1495      1652
         1      1470      1482      1483      1652
         1      1470      1482      1639      1652
         1      1482      1495      1652      1664
         1      1482      1651      1652      1664
         1      1482      1639      1651      1652
         1      1470      1483      1484      1653
         1      1470      1471      1484      1653
         1      1470      1471      1640      1653
         1      1470      1483      1652      1653
         1      1470      1639      1652      1653
         1      1470      1639      1640      1653
         1      1484      1497      1498      1667
         1      1484      1485      1498      1667
         1      1484      1485      1654      1667
         1      1484      1497      1666      1667
         1      1484      1653      1666      1667
         1      1484      1653      1654      1667
         1      1485      1498      1499      1668
         1      1485      1486      1499      1668
         1      1485      1486      1655      1668
         1      1485      1498      1667      1668
         1      1485      1654      1667      1668
         1      1485      1654      1655      1668
         1      1486      1499      1500      1669
         1      1486      1487      1500      1669
         1      1486      1487      1656      1669
         1      1486      1499      1668      1669
         1      1486      1655      1668      1669
         1      1486      1655      1656      1669
         1      1487      1500      1501      1670
         1      1487      1488      1501      1670
         1      1487      1488      1657      1670
         1      1487      1500      1669      1670
         1      1487      1656      1669      1670
         1      1487      1656      1657      1670
         1      1488      1501      1502      1671
         1      1488      1489      1502      1671
         1      1488      1489      1658      1671
         1      1488      1501      1670      1671
         1      1488      1657      1670      1671
         1      1488      1657      1658      1671
         1      1489      1502      1503      1672
         1      1489      1490      1503      1672
         1      1489      1490      1659      1672
         1      1489      1502      1671      1672
         1      1489      1658      1671      1672
         1      1489      1658      1659      1672
         1      1490      1503      1504      1673
         1      1490      1491      1504      1673
         1      1490      1491      1660      1673
         1      1490      1503      1672      1673
         1      1490      1659      1672      1673
         1      1490      1659      1660      1673
         1      1491      1504      1505      1674
         1      1491      1492      1505      1674
         1      1491      1492      1661      1674
         1      1491      1504      1673      1674
         1      1491      1660      1673      1674
         1      1491      1660      1661      1674
         1      1492      1505      1506      1675
         1      1492      1493      1506      1675
         1      1492      1493      1662      1675
         1      1492      1505      1674      1675
         1      1492      1661      1674      1675
         1      1492      1661      1662      1675
         1      1493      1506      1507      1676
         1      1493      1494      1507      1676
         1      1493      1494      1663      1676
         1      1493      1506      1675      1676
         1      1493      1662      1675      1676
         1      1493      1662      1663      1676
         1      1494      1507      1508      1677
         1      1494      1495      1508      1677
         1      1494      1495      1664      1677
         1      1494      1507      1676      1677
         1      1494      1663      1676      1677
         1      1494      1663      1664      1677
         1      1495      1496      1508      1665
         1      1483      1495      1496      1665
         1      1483      1495      1652      1665
         1      1495      1508      1665      1677
         1      1495      1664      1665      1677
         1      1495      1652      1664      1665
         1      1483      1496      1497      1666
         1      1483      1484      1497      1666
         1      1483      1484      1653      1666
         1      1483      1496      1665      1666
         1      1483      1652      1665      1666
         1      1483      1652      1653      1666
         1      1497      1510      1511      1680
         1      1497      1498      1511      1680
         1      1497      1498      1667      1680
         1      1497      1510      1679      1680
         1      1497      1666      1679      1680
         1      1497      1666      1667      1680
         1      1498      1511      1512      1681
         1      1498      1499      1512      1681
         1      1498      1499      1668      1681
         1      1498      1511      1680      1681
         1      1498      1667      1680      1681
         1      1498      1667      1668      1681
         1      1499      1512      1513      1682
         1      1499      1500      1513      1682
         1      1499      1500      1669      1682
         1      1499      1512      1681      1682
         1      1499      1668      1681      1682
         1      1499      1668      1669      1682
         1      1500      1513      1514      1683
         1      1500      1501      1514      1683
         1      1500      1501      1670      1683
         1      1500      1513      1682      1683
         1      1500      1669      1682      1683
         1      1500      1669      1670      1683
         1      1501      1514      1515      1684
         1      1501      1502      1515      1684
         1      1501      1502      1671      1684
         1      1501      1514      1683      1684
         1      1501      1670      1683      1684
         1      1501      1670      1671      1684
         1      1502      1515      1516      1685
         1      1502      1503      1516      1685
         1      1502      1503      1672      1685
         1      1502      1515      1684      1685
         1      1502      1671      1684      1685
         1      1502      1671      1672      1685
         1      1503      1516      1517      1686
         1      1503      1504      1517      1686
         1      1503      1504      1673      1686
         1      1503      1516      1685      1686
         1      1503      1672      1685      1686
         1      1503      1672      1673      1686
         1      1504      1517      1518      1687
         1      1504      1505      1518      1687
         1      1504      1505      1674      1687
         1      1504      1517      1686      1687
         1      1504      1673      1686      1687
         1      1504      1673      1674      1687
         1      1505      1518      1519      1688
         1      1505      1506      1519      1688
         1      1505      1506      1675      1688
         1      1505      1518      1687      1688
         1      1505      1674      1687      1688
         1      1505      1674      1675      1688
         1      1506      1519      1520      1689
         1      1506      1507      1520      1689
         1      1506      1507      1676      1689
         1      1506      1519      1688      1689
         1      1506      1675      1688      1689
         1      1506      1675      1676      1689
         1      1507      1520      1521      1690
         1      1507      1508      1521      1690
         1      1507      1508      1677      1690
         1      1507      1520      1689      1690
         1      1507      1676      1689      1690
         1      1507      1676      1677      1690
         1      1508      1509      1521      1678
         1      1496      1508      1509      1678
         1      1496      1508      1665      1678
         1      1508      1521      1678      1690
         1      1508      1677      1678      1690
         1      1508      1665      1677      1678
         1      1496      1509      1510      1679
         1      1496      1497      1510      1679
         1      1496      1497      1666      1679
         1      1496      1509      1678      1679
         1      1496      1665      1678      1679
         1      1496      1665      1666      1679
         1      1354      1355      1510      1524
         1      1355      1510      1511      1524
         1      1510      1511      1524      1680
         1      1354      1510      1523      1524
         1      1510      1523      1524      1679
         1      1510      1524      1679      1680
         1      1355      1356      1511      1525
         1      1356      1511      1512      1525
         1      1511      1512      1525      1681
         1      1355      1511      1524      1525
         1      1511      1524      1525      1680
         1      1511      1525      1680      1681
         1      1356      1357      1512      1526
         1      1357      1512      1513      1526
         1      1512      1513      1526      1682
         1      1356      1512      1525      1526
         1      1512      1525      1526      1681
         1      1512      1526      1681      1682
         1      1357      1358      1513      1527
         1      1358      1513      1514      1527
         1      1513      1514      1527      1683
         1      1357      1513      1526      1527
         1      1513      1526      1527      1682
         1      1513      1527      1682      1683
         1      1358      1359      1514      1528
         1      1359      1514      1515      1528
         1      1514      1515      1528      1684
         1      1358      1514      1527      1528
         1      1514      1527      1528      1683
         1      1514      1528      1683      1684
         1      1359      1360      1515      1529
         1      1360      1515      1516      1529
         1      1515      1516      1529      1685
         1      1359      1515      1528      1529
         1      1515      1528      1529      1684
         1      1515      1529      1684      1685
         1      1360      1361      1516      1530
         1      1361      1516      1517      1530
         1      1516      1517      1530      1686
         1      1360      1516      1529      1530
         1      1516      1529      1530      1685
         1      1516      1530      1685      1686
         1      1361      1362      1517      1531
         1      1362      1517      1518      1531
         1      1517      1518      1531      1687
         1      1361      1517      1530      1531
         1      1517      1530      1531      1686
         1      1517      1531      1686      1687
         1      1362      1363      1518      1532
         1      1363      1518      1519      1532
         1      1518      1519      1532      1688
         1      1362      1518      1531      1532
         1      1518      1531      1532      1687
         1      1518      1532      1687      1688
         1      1363      1364      1519      1533
         1      1364      1519      1520      1533
         1      1519      1520      1533      1689
         1      1363      1519      1532      1533
         1      1519      1532      1533      1688
         1      1519      1533      1688      1689
         1      1364      1365      1520      1534
         1      1365      1520      1521      1534
         1      1520      1521      1534      1690
         1      1364      1520      1533      1534
         1      1520      1533      1534      1689
         1      1520      1534      1689      1690
         1      1353      1365      1521      1522
         1      1353      1509      1521      1522
         1      1509      1521      1522      1678
         1      1365      1521      1522      1534
         1      1521      1522      1534      1690
         1      1521      1522      1678      1690
         1      1353      1354      1509      1523
         1      1354      1509      1510      1523
         1      1509      1510      1523      1679
         1      1353      1509      1522      1523
         1      1509      1522      1523      1678
         1      1509      1523      1678      1679
         1      1354      1367      1368      1537
         1      1354      1355      1368      1537
         1      1354      1355      1524      1537
         1      1354      1367      1536      1537
         1      1354      1523      1536      1537
         1      1354      1523      1524      1537
         1      1355      1368      1369      1538
         1      1355      1356      1369      1538
         1      1355      1356      1525      1538
         1      1355      1368      1537      1538
         1      1355      1524      1537      1538
         1      1355      1524      1525      1538
         1      1356      1369      1370      1539
         1      1356      1357      1370      1539
         1      1356      1357      1526      1539
         1      1356      1369      1538      1539
         1      1356      1525      1538      1539
         1      1356      1525      1526      1539
         1      1357      1370      1371      1540
         1      1357      1358      1371      1540
         1      1357      1358      1527      1540
         1      1357      1370      1539      1540
         1      1357      1526      1539      1540
         1      1357      1526      1527      1540
         1      1358      1371      1372      1541
         1      1358      1359      1372      1541
         1      1358      1359      1528      1541
         1      1358      1371      1540      1541
         1      1358      1527      1540      1541
         1      1358      1527      1528      1541
         1      1359      1372      1373      1542
         1      1359      1360      1373      1542
         1      1359      1360      1529      1542
         1      1359      1372      1541      1542
         1      1359      1528      1541      1542
         1      1359      1528      1529      1542
         1      1360      1373      1374      1543
         1      1360      1361      1374      1543
         1      1360      1361      1530      1543
         1      1360      1373      1542      1543
         1      1360      1529      1542      1543
         1      1360      1529      1530      1543
         1      1361      1374      1375      1544
         1      1361      1362      1375      1544
         1      1361      1362      1531      1544
         1      1361      1374      1543      1544
         1      1361      1530      1543      1544
         1      1361      1530      1531      1544
         1      1362      1375      1376      1545
         1      1362      1363      1376      1545
         1      1362      1363      1532      1545
         1      1362      1375      1544      1545
         1      1362      1531      1544      1545
         1      1362      1531      1532      1545
         1      1363      1376      1377      1546
         1      1363      1364      1377      1546
         1      1363      1364      1533      1546
         1      1363      1376      1545      1546
         1      1363      1532      1545      1546
         1      1363      1532      1533      1546
         1      1364      1377      1378      1547
         1      1364      1365      1378      1547
         1      1364      1365      1534      1547
         1      1364      1377      1546      1547
         1      1364      1533      1546      1547
         1      1364      1533      1534      1547
         1      1365      1366      1378      1535
         1      1353      1365      1366      1535
         1      1353      1365      1522      1535
         1      1365      1378      1535      1547
         1      1365      1534      1535      1547
         1      1365      1522      1534      1535
         1      1353      1366      1367      1536
         1      1353      1354      1367      1536
         1      1353      1354      1523      1536
         1      1353      1366      1535      1536
         1      1353      1522      1535      1536
         1      1353      1522      1523      1536
         1      1536      1549      1550      1719
         1      1536      1537      1550      1719
         1      1536      1537      1706      1719
         1      1536      1549      1718      1719
         1      1536      1705      1718      1719
         1      1536      1705      1706      1719
         1      1537      1550      1551      1720
         1      1537      1538      1551      1720
         1      1537      1538      1707      1720
         1      1537      1550      1719      1720
         1      1537      1706      1719      1720
         1      1537      1706      1707      1720
         1      1538      1551      1552      1721
         1      1538      1539      1552      1721
         1      1538      1539      1708      1721
         1      1538      1551      1720      1721
         1      1538      1707      1720      1721
         1      1538      1707      1708      1721
         1      1539      1552      1553      1722
         1      1539      1540      1553      1722
         1      1539      1540      1709      1722
         1      1539      1552      1721      1722
         1      1539      1708      1721      1722
         1      1539      1708      1709      1722
         1      1540      1553      1554      1723
         1      1540      1541      1554      1723
         1      1540      1541      1710      1723
         1      1540      1553      1722      1723
         1      1540      1709      1722      1723
         1      1540      1709      1710      1723
         1      1541      1554      1555      1724
         1      1541      1542      1555      1724
         1      1541      1542      1711      1724
         1      1541      1554      1723      1724
         1      1541      1710      1723      1724
         1      1541      1710      1711      1724
         1      1542      1555      1556      1725
         1      1542      1543      1556      1725
         1      1542      1543      1712      1725
         1      1542      1555      1724      1725
         1      1542      1711      1724      1725
         1      1542      1711      1712      1725
         1      1543      1556      1557      1726
         1      1543      1544      1557      1726
         1      1543      1544      1713      1726
         1      1543      1556      1725      1726
         1      1543      1712      1725      1726
         1      1543      1712      1713      1726
         1      1544      1557      1558      1727
         1      1544      1545      1558      1727
         1      1544      1545      1714      1727
         1      1544      1557      1726      1727
         1      1544      1713      1726      1727
         1      1544      1713      1714      1727
         1      1545      1558      1559      1728
         1      1545      1546      1559      1728
         1      1545      1546      1715      1728
         1      1545      1558      1727      1728
         1      1545      1714      1727      1728
         1      1545      1714      1715      1728
         1      1546      1559      1560      1729
         1      1546      1547      1560      1729
         1      1546      1547      1716      1729
         1      1546      1559      1728      1729
         1      1546      1715      1728      1729
         1      1546      1715      1716      1729
         1      1547      1548      1560      1717
         1      1535      1547      1548      1717
         1      1535      1547      1704      1717
         1      1547      1560      1717      1729
         1      1547      1716      1717      1729
         1      1547      1704      1716      1717
         1      1535      1548      1549      1718
         1      1535      1536      1549      1718
         1      1535      1536      1705      1718
         1      1535      1548      1717      1718
         1      1535      1704      1717      1718
         1      1535      1704      1705      1718
         1      1549      1562      1563      1732
         1      1549      1550      1563      1732
         1      1549      1550      1719      1732
         1      1549      1562      1731      1732
         1      1549      1718      1731      1732
         1      1549      1718      1719      1732
         1      1550      1563      1564      1733
         1      1550      1551      1564      1733
         1      1550      1551      1720      1733
         1      1550      1563      1732      1733
         1      1550      1719      1732      1733
         1      1550      1719      1720      1733
         1      1551      1564      1565      1734
         1      1551      1552      1565      1734
         1      1551      1552      1721      1734
         1      1551      1564      1733      1734
         1      1551      1720      1733      1734
         1      1551      1720      1721      1734
         1      1552      1565      1566      1735
         1      1552      1553      1566      1735
         1      1552      1553      1722      1735
         1      1552      1565      1734      1735
         1      1552      1721      1734      1735
         1      1552      1721      1722      1735
         1      1553      1566      1567      1736
         1      1553      1554      1567      1736
         1      1553      1554      1723      1736
         1      1553      1566      1735      1736
         1      1553      1722      1735      1736
         1      1553      1722      1723      1736
         1      1554      1567      1568      1737
         1      1554      1555      1568      1737
         1      1554      1555      1724      1737
         1      1554      1567      1736      1737
         1      1554      1723      1736      1737
         1      1554      1723      1724      1737
         1      1555      1568      1569      1738
         1      1555      1556      1569      1738
         1      1555      1556      1725      1738
         1      1555      1568      1737      1738
         1      1555      1724      1737      1738
         1      1555      1724      1725      1738
         1      1556      1569      1570      1739
         1      1556      1557      1570      1739
         1      1556      1557      1726      1739
         1      1556      1569      1738      1739
         1      1556      1725      1738      1739
         1      1556      1725      1726      1739
         1      1557      1570      1571      1740
         1      1557      1558      1571      1740
         1      1557      1558      1727      1740
         1      1557      1570      1739      1740
         1      1557      1726      1739      1740
         1      1557      1726      1727      1740
         1      1558      1571      1572      1741
         1      1558      1559      1572      1741
         1      1558      1559      1728      1741
         1      1558      1571      1740      1741
         1      1558      1727      1740      1741
         1      1558      1727      1728      1741
         1      1559      1572      1573      1742
         1      1559      1560      1573      1742
         1      1559      1560      1729      1742
         1      1559      1572      1741      1742
         1      1559      1728      1741      1742
         1      1559      1728      1729      1742
         1      1560      1561      1573      1730
         1      1548      1560      1561      1730
         1      1548      1560      1717      1730
         1      1560      1573      1730      1742
         1      1560      1729      1730      1742
         1      1560      1717      1729      1730
         1      1548      1561      1562      1731
         1      1548      1549      1562      1731
         1      1548      1549      1718      1731
         1      1548      1561      1730      1731
         1      1548      1717      1730      1731
         1      1548      1717      1718      1731
         1      1562      1575      1576      1745
         1      1562      1563      1576      1745
         1      1562      1563      1732      1745
         1      1562      1575      1744      1745
         1      1562      1731      1744      1745
         1      1562      1731      1732      1745
         1      1563      1576      1577      1746
         1      1563      1564      1577      1746
         1      1563      1564      1733      1746
         1      1563      1576      1745      1746
         1      1563      1732      1745      1746
         1      1563      1732      1733      1746
         1      1564      1577      1578      1747
         1      1564      1565      1578      1747
         1      1564      1565      1734      1747
         1      1564      1577      1746      1747
         1      1564      1733      1746      1747
         1      1564      1733      1734      1747
         1      1565      1578      1579      1748
         1      1565      1566      1579      1748
         1      1565      1566      1735      1748
         1      1565      1578      1747      1748
         1      1565      1734      1747      1748
         1      1565      1734      1735      1748
         1      1566      1579      1580      1749
         1      1566      1567      1580      1749
         1      1566      1567      1736      1749
         1      1566      1579      1748      1749
         1      1566      1735      1748      1749
         1      1566      1735      1736      1749
         1      1567      1580      1581      1750
         1      1567      1568      1581      1750
         1      1567      1568      1737      1750
         1      1567      1580      1749      1750
         1      1567      1736      1749      1750
         1      1567      1736      1737      1750
         1      1568      1581      1582      1751
         1      1568      1569      1582      1751
         1      1568      1569      1738      1751
         1      1568      1581      1750      1751
         1      1568      1737      1750      1751
         1      1568      1737      1738      1751
         1      1569      1582      1583      1752
         1      1569      1570      1583      1752
         1      1569      1570      1739      1752
         1      1569      1582      1751      1752
         1      1569      1738      1751      1752
         1      1569      1738      1739      1752
         1      1570      1583      1584      1753
         1      1570      1571      1584      1753
         1      1570      1571      1740      1753
         1      1570      1583      1752      1753
         1      1570      1739      1752      1753
         1      1570      1739      1740      1753
         1      1571      1584      1585      1754
         1      1571      1572      1585      1754
         1      1571      1572      1741      1754
         1      1571      1584      1753      1754
         1      1571      1740      1753      1754
         1      1571      1740      1741      1754
         1      1572      1585      1586      1755
         1      1572      1573      1586      1755
         1      1572      1573      1742      1755
         1      1572      1585      1754      1755
         1      1572      1741      1754      1755
         1      1572      1741      1742      1755
         1      1573      1574      1586      1743
         1      1561      1573      1574      1743
         1      1561      1573      1730      1743
         1      1573      1586      1743      1755
         1      1573      1742      1743      1755
         1      1573      1730      1742      1743
         1      1561      1574      1575      1744
         1      1561      1562      1575      1744
         1      1561      1562      1731      1744
         1      1561      1574      1743      1744
         1      1561      1730      1743      1744
         1      1561      1730      1731      1744
         1      1575      1588      1589      1758
         1      1575      1576      1589      1758
         1      1575      1576      1745      1758
         1      1575      1588      1757      1758
         1      1575      1744      1757      1758
         1      1575      1744      1745      1758
         1      1576      1589      1590      1759
         1      1576      1577      1590      1759
         1      1576      1577      1746      1759
         1      1576      1589      1758      1759
         1      1576      1745      1758      1759
         1      1576      1745      1746      1759
         1      1577      1590      1591      1760
         1      1577      1578      1591      1760
         1      1577      1578      1747      1760
         1      1577      1590      1759      1760
         1      1577      1746      1759      1760
         1      1577      1746      1747      1760
         1      1578      1591      1592      1761
         1      1578      1579      1592      1761
         1      1578      1579      1748      1761
         1      1578      1591      1760      1761
         1      1578      1747      1760      1761
         1      1578      1747      1748      1761
         1      1579      1592      1593      1762
         1      1579      1580      1593      1762
         1      1579      1580      1749      1762
         1      1579      1592      1761      1762
         1      1579      1748      1761      1762
         1      1579      1748      1749      1762
         1      1580      1593      1594      1763
         1      1580      1581      1594      1763
         1      1580      1581      1750      1763
         1      1580      1593      1762      1763
         1      1580      1749      1762      1763
         1      1580      1749      1750      1763
         1      1581      1594      1595      1764
         1      1581      1582      1595      1764
         1      1581      1582      1751      1764
         1      1581      1594      1763      1764
         1      1581      1750      1763      1764
         1      1581      1750      1751      1764
         1      1582      1595      1596      1765
         1      1582      1583      1596      1765
         1      1582      1583      1752      1765
         1      1582      1595      1764      1765
         1      1582      1751      1764      1765
         1      1582      1751      1752      1765
         1      1583      1596      1597      1766
         1      1583      1584      1597      1766
         1      1583      1584      1753      1766
         1      1583      1596      1765      1766
         1      1583      1752      1765      1766
         1      1583      1752      1753      1766
         1      1584      1597      1598      1767
         1      1584      1585      1598      1767
         1      1584      1585      1754      1767
         1      1584      1597      1766      1767
         1      1584      1753      1766      1767
         1      1584      1753      1754      1767
         1      1585      1598      1599      1768
         1      1585      1586      1599      1768
         1      1585      1586      1755      1768
         1      1585      1598      1767      1768
         1      1585      1754      1767      1768
         1      1585      1754      1755      1768
         1      1586      1587      1599      1756
         1      1574      1586      1587      1756
         1      1574      1586      1743      1756
         1      1586      1599      1756      1768
         1      1586      1755      1756      1768
         1      1586      1743      1755      1756
         1      1574      1587      1588      1757
         1      1574      1575      1588      1757
         1      1574      1575      1744      1757
         1      1574      1587      1756      1757
         1      1574      1743      1756      1757
         1      1574      1743      1744      1757
         1      1588      1601      1602      1771
         1      1588      1589      1602      1771
         1      1588      1589      1758      1771
         1      1588      1601      1770      1771
         1      1588      1757      1770      1771
         1      1588      1757      1758      1771
         1      1589      1602      1603      1772
         1      1589      1590      1603      1772
         1      1589      1590      1759      1772
         1      1589      1602      1771      1772
         1      1589      1758      1771      1772
         1      1589      1758      1759      1772
         1      1590      1603      1604      1773
         1      1590      1591      1604      1773
         1      1590      1591      1760      1773
         1      1590      1603      1772      1773
         1      1590      1759      1772      1773
         1      1590      1759      1760      1773
         1      1591      1604      1605      1774
         1      1591      1592      1605      1774
         1      1591      1592      1761      1774
         1      1591      1604      1773      1774
         1      1591      1760      1773      1774
         1      1591      1760      1761      1774
         1      1592      1605      1606      1775
         1      1592      1593      1606      1775
         1      1592      1593      1762      1775
         1      1592      1605      1774      1775
         1      1592      1761      1774      1775
         1      1592      1761      1762      1775
         1      1593      1606      1607      1776
         1      1593      1594      1607      1776
         1      1593      1594      1763      1776
         1      1593      1606      1775      1776
         1      1593      1762      1775      1776
         1      1593      1762      1763      1776
         1      1594      1607      1608      1777
         1      1594      1595      1608      1777
         1      1594      1595      1764      1777
         1      1594      1607      1776      1777
         1      1594      1763      1776      1777
         1      1594      1763      1764      1777
         1      1595      1608      1609      1778
         1      1595      1596      1609      1778
         1      1595      1596      1765      1778
         1      1595      1608      1777      1778
         1      1595      1764      1777      1778
         1      1595      1764      1765      1778
         1      1596      1609      1610      1779
         1      1596      1597      1610      1779
         1      1596      1597      1766      1779
         1      1596      1609      1778      1779
         1      1596      1765      1778      1779
         1      1596      1765      1766      1779
         1      1597      1610      1611      1780
         1      1597      1598      1611      1780
         1      1597      1598      1767      1780
         1      1597      1610      1779      1780
         1      1597      1766      1779      1780
         1      1597      1766      1767      1780
         1      1598      1611      1612      1781
         1      1598      1599      1612      1781
         1      1598      1599      1768      1781
         1      1598      1611      1780      1781
         1      1598      1767      1780      1781
         1      1598      1767      1768      1781
         1      1599      1600      1612      1769
         1      1587      1599      1600      1769
         1      1587      1599      1756      1769
         1      1599      1612      1769      1781
         1      1599      1768      1769      1781
         1      1599      1756      1768      1769
         1      1587      1600      1601      1770
         1      1587      1588      1601      1770
         1      1587      1588      1757      1770
         1      1587      1600      1769      1770
         1      1587      1756      1769      1770
         1      1587      1756      1757      1770
         1      1601      1614      1615      1784
         1      1601      1602      1615      1784
         1      1601      1602      1771      1784
         1      1601      1614      1783      1784
         1      1601      1770      1783      1784
         1      1601      1770      1771      1784
         1      1602      1615      1616      1785
         1      1602      1603      1616      1785
         1      1602      1603      1772      1785
         1      1602      1615      1784      1785
         1      1602      1771      1784      1785
         1      1602      1771      1772      1785
         1      1603      1616      1617      1786
         1      1603      1604      1617      1786
         1      1603      1604      1773      1786
         1      1603      1616      1785      1786
         1      1603      1772      1785      1786
         1      1603      1772      1773      1786
         1      1604      1617      1618      1787
         1      1604      1605      1618      1787
         1      1604      1605      1774      1787
         1      1604      1617      1786      1787
         1      1604      1773      1786      1787
         1      1604      1773      1774      1787
         1      1605      1618      1619      1788
         1      1605      1606      1619      1788
         1      1605      1606      1775      1788
         1      1605      1618      1787      1788
         1      1605      1774      1787      1788
         1      1605      1774      1775      1788
         1      1606      1619      1620      1789
         1      1606      1607      1620      1789
         1      1606      1607      1776      1789
         1      1606      1619      1788      1789
         1      1606      1775      1788      1789
         1      1606      1775      1776      1789
         1      1607      1620      1621      1790
         1      1607      1608      1621      1790
         1      1607      1608      1777      1790
         1      1607      1620      1789      1790
         1      1607      1776      1789      1790
         1      1607      1776      1777      1790
         1      1608      1621      1622      1791
         1      1608      1609      1622      1791
         1      1608      1609      1778      1791
         1      1608      1621      1790      1791
         1      1608      1777      1790      1791
         1      1608      1777      1778      1791
         1      1609      1622      1623      1792
         1      1609      1610      1623      1792
         1      1609      1610      1779      1792
         1      1609      1622      1791      1792
         1      1609      1778      1791      1792
         1      1609      1778      1779      1792
         1      1610      1623      1624      1793
         1      1610      1611      1624      1793
         1      1610      1611      1780      1793
         1      1610      1623      1792      1793
         1      1610      1779      1792      1793
         1      1610      1779      1780      1793
         1      1611      1624      1625      1794
         1      1611      1612      1625      1794
         1      1611      1612      1781      1794
         1      1611      1624      1793      1794
         1      1611      1780      1793      1794
         1      1611      1780      1781      1794
         1      1612      1613      1625      1782
         1      1600      1612      1613      1782
         1      1600      1612      1769      1782
         1      1612      1625      1782      1794
         1      1612      1781      1782      1794
         1      1612      1769      1781      1782
         1      1600      1613      1614      1783
         1      1600      1601      1614      1783
         1      1600      1601      1770      1783
         1      1600      1613      1782      1783
         1      1600      1769      1782      1783
         1      1600      1769      1770      1783
         1      1614      1627      1628      1797
         1      1614      1615      1628      1797
         1      1614      1615      1784      1797
         1      1614      1627      1796      1797
         1      1614      1783      1796      1797
         1      1614      1783      1784      1797
         1      1615      1628      1629      1798
         1      1615      1616      1629      1798
         1      1615      1616      1785      1798
         1      1615      1628      1797      1798
         1      1615      1784      1797      1798
         1      1615      1784      1785      1798
         1      1616      1629      1630      1799
         1      1616      1617      1630      1799
         1      1616      1617      1786      1799
         1      1616      1629      1798      1799
         1      1616      1785      1798      1799
         1      1616      1785      1786      1799
         1      1617      1630      1631      1800
         1      1617      1618      1631      1800
         1      1617      1618      1787      1800
         1      1617      1630      1799      1800
         1      1617      1786      1799      1800
         1      1617      1786      1787      1800
         1      1618      1631      1632      1801
         1      1618      1619      1632      1801
         1      1618      1619      1788      1801
         1      1618      1631      1800      1801
         1      1618      1787      1800      1801
         1      1618      1787      1788      1801
         1      1619      1632      1633      1802
         1      1619      1620      1633      1802
         1      1619      1620      1789      1802
         1      1619      1632      1801      1802
         1      1619      1788      1801      1802
         1      1619      1788      1789      1802
         1      1620      1633      1634      1803
         1      1620      1621      1634      1803
         1      1620      1621      1790      1803
         1      1620      1633      1802      1803
         1      1620      1789      1802      1803
         1      1620      1789      1790      1803
         1      1621      1634      1635      1804
         1      1621      1622      1635      1804
         1      1621      1622      1791      1804
         1      1621      1634      1803      1804
         1      1621      1790      1803      1804
         1      1621      1790      1791      1804
         1      1622      1635      1636      1805
         1      1622      1623      1636      1805
         1      1622      1623      1792      1805
         1      1622      1635      1804      1805
         1      1622      1791      1804      1805
         1      1622      1791      1792      1805
         1      1623      1636      1637      1806
         1      1623      1624      1637      1806
         1      1623      1624      1793      1806
         1      1623      1636      1805      1806
         1      1623      1792      1805      1806
         1      1623      1792      1793      1806
         1      1624      1637      1638      1807
         1      1624      1625      1638      1807
         1      1624      1625      1794      1807
         1      1624      1637      1806      1807
         1      1624      1793      1806      1807
         1      1624      1793      1794      1807
         1      1625      1626      1638      1795
         1      1613      1625      1626      1795
         1      1613      1625      1782      1795
         1      1625      1638      1795      1807
         1      1625      1794      1795      1807
         1      1625      1782      1794      1795
         1      1613      1626      1627      1796
         1      1613      1614      1627      1796
         1      1613      1614      1783      1796
         1      1613      1626      1795      1796
         1      1613      1782      1795      1796
         1      1613      1782      1783      1796
         1      1627      1640      1641      1810
         1      1627      1628      1641      1810
         1      1627      1628      1797      1810
         1      1627      1640      1809      1810
         1      1627      1796      1809      1810
         1      1627      1796      1797      1810
         1      1628      1641      1642      1811
         1      1628      1629      1642      1811
         1      1628      1629      1798      1811
         1      1628      1641      1810      1811
         1      1628      1797      1810      1811
         1      1628      1797      1798      1811
         1      1629      1642      1643      1812
         1      1629      1630      1643      1812
         1      1629      1630      1799      1812
         1      1629      1642      1811      1812
         1      1629      1798      1811      1812
         1      1629      1798      1799      1812
         1      1630      1643      1644      1813
         1      1630      1631      1644      1813
         1      1630      1631      1800      1813
         1      1630      1643      1812      1813
         1      1630      1799      1812      1813
         1      1630      1799      1800      1813
         1      1631      1644      1645      1814
         1      1631      1632      1645      1814
         1      1631      1632      1801      1814
         1      1631      1644      1813      1814
         1      1631      1800      1813      1814
         1      1631      1800      1801      1814
         1      1632      1645      1646      1815
         1      1632      1633      1646      1815
         1      1632      1633      1802      1815
         1      1632      1645      1814      1815
         1      1632      1801      1814      1815
         1      1632      1801      1802      1815
         1      1633      1646      1647      1816
         1      1633      1634      1647      1816
         1      1633      1634      1803      1816
         1      1633      1646      1815      1816
         1      1633      1802      1815      1816
         1      1633      1802      1803      1816
         1      1634      1647      1648      1817
         1      1634      1635      1648      1817
         1      1634      1635      1804      1817
         1      1634      1647      1816      1817
         1      1634      1803      1816      1817
         1      1634      1803      1804      1817
         1      1635      1648      1649      1818
         1      1635      1636      1649      1818
         1      1635      1636      1805      1818
         1      1635      1648      1817      1818
         1      1635      1804      1817      1818
         1      1635      1804      1805      1818
         1      1636      1649      1650      1819
         1      1636      1637      1650      1819
         1      1636      1637      1806      1819
         1      1636      1649      1818      1819
         1      1636      1805      1818      1819
         1      1636      1805      1806      1819
         1      1637      1650      1651      1820
         1      1637      1638      1651      1820
         1      1637      1638      1807      1820
         1      1637      1650      1819      1820
         1      1637      1806      1819      1820
         1      1637      1806      1807      1820
         1      1638      1639      1651      1808
         1      1626      1638      1639      1808
         1      1626      1638      1795      1808
         1      1638      1651      1808      1820
         1      1638      1807      1808      1820
         1      1638      1795      1807      1808
         1      1626      1639      1640      1809
         1      1626      1627      1640      1809
         1      1626      1627      1796      1809
         1      1626      1639      1808      1809
         1      1626      1795      1808      1809
         1      1626      1795      1796      1809
         1      1640      1653      1654      1823
         1      1640      1641      1654      1823
         1      1640      1641      1810      1823
         1      1640      1653      1822      1823
         1      1640      1809      1822      1823
         1      1640      1809      1810      1823
         1      1641      1654      1655      1824
         1      1641      1642      1655      1824
         1      1641      1642      1811      1824
         1      1641      1654      1823      1824
         1      1641      1810      1823      1824
         1      1641      1810      1811      1824
         1      1642      1655      1656      1825
         1      1642      1643      1656      1825
         1      1642      1643      1812      1825
         1      1642      1655      1824      1825
         1      1642      1811      1824      1825
         1      1642      1811      1812      1825
         1      1643      1656      1657      1826
         1      1643      1644      1657      1826
         1      1643      1644      1813      1826
         1      1643      1656      1825      1826
         1      1643      1812      1825      1826
         1      1643      1812      1813      1826
         1      1644      1657      1658      1827
         1      1644      1645      1658      1827
         1      1644      1645      1814      1827
         1      1644      1657      1826      1827
         1      1644      1813      1826      1827
         1      1644      1813      1814      1827
         1      1645      1658      1659      1828
         1      1645      1646      1659      1828
         1      1645      1646      1815      1828
         1      1645      1658      1827      1828
         1      1645      1814      1827      1828
         1      1645      1814      1815      1828
         1      1646      1659      1660      1829
         1      1646      1647      1660      1829
         1      1646      1647      1816      1829
         1      1646      1659      1828      1829
         1      1646      1815      1828      1829
         1      1646      1815      1816      1829
         1      1647      1660      1661      1830
         1      1647      1648      1661      1830
         1      1647      1648      1817      1830
         1      1647      1660      1829      1830
         1      1647      1816      1829      1830
         1      1647      1816      1817      1830
         1      1648      1661      1662      1831
         1      1648      1649      1662      1831
         1      1648      1649      1818      1831
         1      1648      1661      1830      1831
         1      1648      1817      1830      1831
         1      1648      1817      1818      1831
         1      1649      1662      1663      1832
         1      1649      1650      1663      1832
         1      1649      1650      1819      1832
         1      1649      1662      1831      1832
         1      1649      1818      1831      1832
         1      1649      1818      1819      1832
         1      1650      1663      1664      1833
         1      1650      1651      1664      1833
         1      1650      1651      1820      1833
         1      1650      1663      1832      1833
         1      1650      1819      1832      1833
         1      1650      1819      1820      1833
         1      1651      1652      1664      1821
         1      1639      1651      1652      1821
         1      1639      1651      1808      1821
         1      1651      1664      1821      1833
         1      1651      1820      1821      1833
         1      1651      1808      1820      1821
         1      1639      1652      1653      1822
         1      1639      1640      1653      1822
         1      1639      1640      1809      1822
         1      1639      1652      1821      1822
         1      1639      1808      1821      1822
         1      1639      1808      1809      1822
         1      1653      1666      1667      1836
         1      1653      1654      1667      1836
         1      1653      1654      1823      1836
         1      1653      1666      1835      1836
         1      1653      1822      1835      1836
         1      1653      1822      1823      1836
         1      1654      1667      1668      1837
         1      1654      1655      1668      1837
         1      1654      1655      1824      1837
         1      1654      1667      1836      1837
         1      1654      1823      1836      1837
         1      1654      1823      1824      1837
         1      1655      1668      1669      1838
         1      1655      1656      1669      1838
         1      1655      1656      1825      1838
         1      1655      1668      1837      1838
         1      1655      1824      1837      1838
         1      1655      1824      1825      1838
         1      1656      1669      1670      1839
         1      1656      1657      1670      1839
         1      1656      1657      1826      1839
         1      1656      1669      1838      1839
         1      1656      1825      1838      1839
         1      1656      1825      1826      1839
         1      1657      1670      1671      1840
         1      1657      1658      1671      1840
         1      1657      1658      1827      1840
         1      1657      1670      1839      1840
         1      1657      1826      1839      1840
         1      1657      1826      1827      1840
         1      1658      1671      1672      1841
         1      1658      1659      1672      1841
         1      1658      1659      1828      1841
         1      1658      1671      1840      1841
         1      1658      1827      1840      1841
         1      1658      1827      1828      1841
         1      1659      1672      1673      1842
         1      1659      1660      1673      1842
         1      1659      1660      1829      1842
         1      1659      1672      1841      1842
         1      1659      1828      1841      1842
         1      1659      1828      1829      1842
         1      1660      1673      1674      1843
         1      1660      1661      1674      1843
         1      1660      1661      1830      1843
         1      1660      1673      1842      1843
         1      1660      1829      1842      1843
         1      1660      1829      1830      1843
         1      1661      1674      1675      1844
         1      1661      1662      1675      1844
         1      1661      1662      1831      1844
         1      1661      1674      1843      1844
         1      1661      1830      1843      1844
         1      1661      1830      1831      1844
         1      1662      1675      1676      1845
         1      1662      1663      1676      1845
         1      1662      1663      1832      1845
         1      1662      1675      1844      1845
         1      1662      1831      1844      1845
         1      1662      1831      1832      1845
         1      1663      1676      1677      1846
         1      1663      1664      1677      1846
         1      1663      1664      1833      1846
         1      1663      1676      1845      1846
         1      1663      1832      1845      1846
         1      1663      1832      1833      1846
         1      1664      1665      1677      1834
         1      1652      1664      1665      1834
         1      1652      1664      1821      1834
         1      1664      1677      1834      1846
         1      1664      1833      1834      1846
         1      1664      1821      1833      1834
         1      1652      1665      1666      1835
         1      1652      1653      1666      1835
         1      1652      1653      1822      1835
         1      1652      1665      1834      1835
         1      1652      1821      1834      1835
         1      1652      1821      1822      1835
         1      1666      1679      1680      1849
         1      1666      1667      1680      1849
         1      1666      1667      1836      1849
         1      1666      1679      1848      1849
         1      1666      1835      1848      1849
         1      1666      1835      1836      1849
         1      1667      1680      1681      1850
         1      1667      1668      1681      1850
         1      1667      1668      1837      1850
         1      1667      1680      1849      1850
         1      1667      1836      1849      1850
         1      1667      1836      1837      1850
         1      1668      1681      1682      1851
         1      1668      1669      1682      1851
         1      1668      1669      1838      1851
         1      1668      1681      1850      1851
         1      1668      1837      1850      1851
         1      1668      1837      1838      1851
         1      1669      1682      1683      1852
         1      1669      1670      1683      1852
         1      1669      1670      1839      1852
         1      1669      1682      1851      1852
         1      1669      1838      1851      1852
         1      1669      1838      1839      1852
         1      1670      1683      1684      1853
         1      1670      1671      1684      1853
         1      1670      1671      1840      1853
         1      1670      1683      1852      1853
         1      1670      1839      1852      1853
         1      1670      1839      1840      1853
         1      1671      1684      1685      1854
         1      1671      1672      1685      1854
         1      1671      1672      1841      1854
         1      1671      1684      1853      1854
         1      1671      1840      1853      1854
         1      1671      1840      1841      1854
         1      1672      1685      1686      1855
         1      1672      1673      1686      1855
         1      1672      1673      1842      1855
         1      1672      1685      1854      1855
         1      1672      1841      1854      1855
         1      1672      1841      1842      1855
         1      1673      1686      1687      1856
         1      1673      1674      1687      1856
         1      1673      1674      1843      1856
         1      1673      1686      1855      1856
         1      1673      1842      1855      1856
         1      1673      1842      1843      1856
         1      1674      1687      1688      1857
         1      1674      1675      1688      1857
         1      1674      1675      1844      1857
         1      1674      1687      1856      1857
         1      1674      1843      1856      1857
         1      1674      1843      1844      1857
         1      1675      1688      1689      1858
         1      1675      1676      1689      1858
         1      1675      1676      1845      1858
         1      1675      1688      1857      1858
         1      1675      1844      1857      1858
         1      1675      1844      1845      1858
         1      1676      1689      1690      1859
         1      1676      1677      1690      1859
         1      1676      1677      1846      1859
         1      1676      1689      1858      1859
         1      1676      1845      1858      1859
         1      1676      1845      1846      1859
         1      1677      1678      1690      1847
         1      1665      1677      1678      1847
         1      1665      1677      1834      1847
         1      1677      1690      1847      1859
         1      1677      1846      1847      1859
         1      1677      1834      1846      1847
         1      1665      1678      1679      1848
         1      1665      1666      1679      1848
         1      1665      1666      1835      1848
         1      1665      1678      1847      1848
         1      1665      1834      1847      1848
         1      1665      1834      1835      1848
         1      1523      1524      1679      1693
         1      1524      1679      1680      1693
         1      1679      1680      1693      1849
         1      1523      1679      1692      1693
         1      1679      1692      1693      1848
         1      1679      1693      1848      1849
         1      1524      1525      1680      1694
         1      1525      1680      1681      1694
         1      1680      1681      1694      1850
         1      1524      1680      1693      1694
         1      1680      1693      1694      1849
         1      1680      1694      1849      1850
         1      1525      1526      1681      1695
         1      1526      1681      1682      1695
         1      1681      1682      1695      1851
         1      1525      1681      1694      1695
         1      1681      1694      1695      1850
         1      1681      1695      1850      1851
         1      1526      1527      1682      1696
         1      1527      1682      1683      1696
         1      1682      1683      1696      1852
         1      1526      1682      1695      1696
         1      1682      1695      1696      1851
         1      1682      1696      1851      1852
         1      1527      1528      1683      1697
         1      1528      1683      1684      1697
         1      1683      1684      1697      1853
         1      1527      1683      1696      1697
         1      1683      1696      1697      1852
         1      1683      1697      1852      1853
         1      1528      1529      1684      1698
         1      1529      1684      1685      1698
         1      1684      1685      1698      1854
         1      1528      1684      1697      1698
         1      1684      1697      1698      1853
         1      1684      1698      1853      1854
         1      1529      1530      1685      1699
         1      1530      1685      1686      1699
         1      1685      1686      1699      1855
         1      1529      1685      1698      1699
         1      1685      1698      1699      1854
         1      1685      1699      1854      1855
         1      1530      1531      1686      1700
         1      1531      1686      1687      1700
         1      1686      1687      1700      1856
         1      1530      1686      1699      1700
         1      1686      1699      1700      1855
         1      1686      1700      1855      1856
         1      1531      1532      1687      1701
         1      1532      1687      1688      1701
         1      1687      1688      1701      1857
         1      1531      1687      1700      1701
         1      1687      1700      1701      1856
         1      1687      1701      1856      1857
         1      1532      1533      1688      1702
         1      1533      1688      1689      1702
         1      1688      1689      1702      1858
         1      1532      1688      1701      1702
         1      1688      1701      1702      1857
         1      1688      1702      1857      1858
         1      1533      1534      1689      1703
         1      1534      1689      1690      1703
         1      1689      1690      1703      1859
         1      1533      1689      1702      1703
         1      1689      1702      1703      1858
         1      1689      1703      1858      1859
         1      1522      1534      1690      1691
         1      1522      1678      1690      1691
         1      1678      1690      1691      1847
         1      1534      1690      1691      1703
         1      1690      1691      1703      1859
         1      1690      1691      1847      1859
         1      1522      1523      1678      1692
         1      1523      1678      1679      1692
         1      1678      1679      1692      1848
         1      1522      1678      1691      1692
         1      1678      1691      1692      1847
         1      1678      1692      1847      1848
         1      1523      1536      1537      1706
         1      1523      1524      1537      1706
         1      1523      1524      1693      1706
         1      1523      1536      1705      1706
         1      1523      1692      1705      1706
         1      1523      1692      1693      1706
         1      1524      1537      1538      1707
         1      1524      1525      1538      1707
         1      1524      1525      1694      1707
         1      1524      1537      1706      1707
         1      1524      1693      1706      1707
         1      1524      1693      1694      1707
         1      1525      1538      1539      1708
         1      1525      1526      1539      1708
         1      1525      1526      1695      1708
         1      1525      1538      1707      1708
         1      1525      1694      1707      1708
         1      1525      1694      1695      1708
         1      1526      1539      1540      1709
         1      1526      1527      1540      1709
         1      1526      1527      1696      1709
         1      1526      1539      1708      1709
         1      1526      1695      1708      1709
         1      1526      1695      1696      1709
         1      1527      1540      1541      1710
         1      1527      1528      1541      1710
         1      1527      1528      1697      1710
         1      1527      1540      1709      1710
         1      1527      1696      1709      1710
         1      1527      1696      1697      1710
         1      1528      1541      1542      1711
         1      1528      1529      1542      1711
         1      1528      1529      1698      1711
         1      1528      1541      1710      1711
         1      1528      1697      1710      1711
         1      1528      1697      1698      1711
         1      1529      1542      1543      1712
         1      1529      1530      1543      1712
         1      1529      1530      1699      1712
         1      1529      1542      1711      1712
         1      1529      1698      1711      1712
         1      1529      1698      1699      1712
         1      1530      1543      1544      1713
         1      1530      1531      1544      1713
         1      1530      1531      1700      1713
         1      1530      1543      1712      1713
         1      1530      1699      1712      1713
         1      1530      1699      1700      1713
         1      1531      1544      1545      1714
         1      1531      1532      1545      1714
         1      1531      1532      1701      1714
         1      1531      1544      1713      1714
         1      1531      1700      1713      1714
         1      1531      1700      1701      1714
         1      1532      1545      1546      1715
         1      1532      1533      1546      1715
         1      1532      1533      1702      1715
         1      1532      1545      1714      1715
         1      1532      1701      1714      1715
         1      1532      1701      1702      1715
         1      1533      1546      1547      1716
         1      1533      1534      1547      1716
         1      1533      1534      1703      1716
         1      1533      1546      1715      1716
         1      1533      1702      1715      1716
         1      1533      1702      1703      1716
         1      1534      1535      1547      1704
         1      1522      1534      1535      1704
         1      1522      1534      1691      1704
         1      1534      1547      1704      1716
         1      1534      1703      1704      1716
         1      1534      1691      1703      1704
         1      1522      1535      1536      1705
         1      1522      1523      1536      1705
         1      1522      1523      1692      1705
         1      1522      1535      1704      1705
         1      1522      1691      1704      1705
         1      1522      1691      1692      1705
         1      1705      1718      1719      1888
         1      1705      1706      1719      1888
         1      1705      1706      1875      1888
         1      1705      1718      1887      1888
         1      1705      1874      1887      1888
         1      1705      1874      1875      1888
         1      1706      1719      1720      1889
         1      1706      1707      1720      1889
         1      1706      1707      1876      1889
         1      1706      1719      1888      1889
         1      1706      1875      1888      1889
         1      1706      1875      1876      1889
         1      1707      1720      1721      1890
         1      1707      1708      1721      1890
         1      1707      1708      1877      1890
         1      1707      1720      1889      1890
         1      1707      1876      1889      1890
         1      1707      1876      1877      1890
         1      1708      1721      1722      1891
         1      1708      1709      1722      1891
         1      1708      1709      1878      1891
         1      1708      1721      1890      1891
         1      1708      1877      1890      1891
         1      1708      1877      1878      1891
         1      1709      1722      1723      1892
         1      1709      1710      1723      1892
         1      1709      1710      1879      1892
         1      1709      1722      1891      1892
         1      1709      1878      1891      1892
         1      1709      1878      1879      1892
         1      1710      1723      1724      1893
         1      1710      1711      1724      1893
         1      1710      1711      1880      1893
         1      1710      1723      1892      1893
         1      1710      1879      1892      1893
         1      1710      1879      1880      1893
         1      1711      1724      1725      1894
         1      1711      1712      1725      1894
         1      1711      1712      1881      1894
         1      1711      1724      1893      1894
         1      1711      1880      1893      1894
         1      1711      1880      1881      1894
         1      1712      1725      1726      1895
         1      1712      1713      1726      1895
         1      1712      1713      1882      1895
         1      1712      1725      1894      1895
         1      1712      1881      1894      1895
         1      1712      1881      1882      1895
         1      1713      1726      1727      1896
         1      1713      1714      1727      1896
         1      1713      1714      1883      1896
         1      1713      1726      1895      1896
         1      1713      1882      1895      1896
         1      1713      1882      1883      1896
         1      1714      1727      1728      1897
         1      1714      1715      1728      1897
         1      1714      1715      1884      1897
         1      1714      1727      1896      1897
         1      1714      1883      1896      1897
         1      1714      1883      1884      1897
         1      1715      1728      1729      1898
         1      1715      1716      1729      1898
         1      1715      1716      1885      1898
         1      1715      1728      1897      1898
         1      1715      1884      1897      1898
         1      1715      1884      1885      1898
         1      1716      1717      1729      1886
         1      1704      1716      1717      1886
         1      1704      1716      1873      1886
         1      1716      1729      1886      1898
         1      1716      1885      1886      1898
         1      1716      1873      1885      1886
         1      1704      1717      1718      1887
         1      1704      1705      1718      1887
         1      1704      1705      1874      1887
         1      1704      1717      1886      1887
         1      1704      1873      1886      1887
         1      1704      1873      1874      1887
         1      1718      1731      1732      1901
         1      1718      1719      1732      1901
         1      1718      1719      1888      1901
         1      1718      1731      1900      1901
         1      1718      1887      1900      1901
         1      1718      1887      1888      1901
         1      1719      1732      1733      1902
         1      1719      1720      1733      1902
         1      1719      1720      1889      1902
         1      1719      1732      1901      1902
         1      1719      1888      1901      1902
         1      1719      1888      1889      1902
         1      1720      1733      1734      1903
         1      1720      1721      1734      1903
         1      1720      1721      1890      1903
         1      1720      1733      1902      1903
         1      1720      1889      1902      1903
         1      1720      1889      1890      1903
         1      1721      1734      1735      1904
         1      1721      1722      1735      1904
         1      1721      1722      1891      1904
         1      1721      1734      1903      1904
         1      1721      1890      1903      1904
         1      1721      1890      1891      1904
         1      1722      1735      1736      1905
         1      1722      1723      1736      1905
         1      1722      1723      1892      1905
         1      1722      1735      1904      1905
         1      1722      1891      1904      1905
         1      1722      1891      1892      1905
         1      1723      1736      1737      1906
         1      1723      1724      1737      1906
         1      1723      1724      1893      1906
         1      1723      1736      1905      1906
         1      1723      1892      1905      1906
         1      1723      1892      1893      1906
         1      1724      1737      1738      1907
         1      1724      1725      1738      1907
         1      1724      1725      1894      1907
         1      1724      1737      1906      1907
         1      1724      1893      1906      1907
         1      1724      1893      1894      1907
         1      1725      1738      1739      1908
         1      1725      1726      1739      1908
         1      1725      1726      1895      1908
         1      1725      1738      1907      1908
         1      1725      1894      1907      1908
         1      1725      1894      1895      1908
         1      1726      1739      1740      1909
         1      1726      1727      1740      1909
         1      1726      1727      1896      1909
         1      1726      1739      1908      1909
         1      1726      1895      1908      1909
         1      1726      1895      1896      1909
         1      1727      1740      1741      1910
         1      1727      1728      1741      1910
         1      1727      1728      1897      1910
         1      1727      1740      1909      1910
         1      1727      1896      1909      1910
         1      1727      1896      1897      1910
         1      1728      1741      1742      1911
         1      1728      1729      1742      1911
         1      1728      1729      1898      1911
         1      1728      1741      1910      1911
         1      1728      1897      1910      1911
         1      1728      1897      1898      1911
         1      1729      1730      1742      1899
         1      1717      1729      1730      1899
         1      1717      1729      1886      1899
         1      1729      1742      1899      1911
         1      1729      1898      1899      1911
         1      1729      1886      1898      1899
         1      1717      1730      1731      1900
         1      1717      1718      1731      1900
         1      1717      1718      1887      1900
         1      1717      1730      1899      1900
         1      1717      1886      1899      1900
         1      1717      1886      1887      1900
         1      1731      1744      1745      1914
         1      1731      1732      1745      1914
         1      1731      1732      1901      1914
         1      1731      1744      1913      1914
         1      1731      1900      1913      1914
         1      1731      1900      1901      1914
         1      1732      1745      1746      1915
         1      1732      1733      1746      1915
         1      1732      1733      1902      1915
         1      1732      1745      1914      1915
         1      1732      1901      1914      1915
         1      1732      1901      1902      1915
         1      1733      1746      1747      1916
         1      1733      1734      1747      1916
         1      1733      1734      1903      1916
         1      1733      1746      1915      1916
         1      1733      1902      1915      1916
         1      1733      1902      1903      1916
         1      1734      1747      1748      1917
         1      1734      1735      1748      1917
         1      1734      1735      1904      1917
         1      1734      1747      1916      1917
         1      1734      1903      1916      1917
         1      1734      1903      1904      1917
         1      1735      1748      1749      1918
         1      1735      1736      1749      1918
         1      1735      1736      1905      1918
         1      1735      1748      1917      1918
         1      1735      1904      1917      1918
         1      1735      1904      1905      1918
         1      1736      1749      1750      1919
         1      1736      1737      1750      1919
         1      1736      1737      1906      1919
         1      1736      1749      1918      1919
         1      1736      1905      1918      1919
         1      1736      1905      1906      1919
         1      1737      1750      1751      1920
         1      1737      1738      1751      1920
         1      1737      1738      1907      1920
         1      1737      1750      1919      1920
         1      1737      1906      1919      1920
         1      1737      1906      1907      1920
         1      1738      1751      1752      1921
         1      1738      1739      1752      1921
         1      1738      1739      1908      1921
         1      1738      1751      1920      1921
         1      1738      1907      1920      1921
         1      1738      1907      1908      1921
         1      1739      1752      1753      1922
         1      1739      1740      1753      1922
         1      1739      1740      1909      1922
         1      1739      1752      1921      1922
         1      1739      1908      1921      1922
         1      1739      1908      1909      1922
         1      1740      1753      1754      1923
         1      1740      1741      1754      1923
         1      1740      1741      1910      1923
         1      1740      1753      1922      1923
         1      1740      1909      1922      1923
         1      1740      1909      1910      1923
         1      1741      1754      1755      1924
         1      1741      1742      1755      1924
         1      1741      1742      1911      1924
         1      1741      1754      1923      1924
         1      1741      1910      1923      1924
         1      1741      1910      1911      1924
         1      1742      1743      1755      1912
         1      1730      1742      1743      1912
         1      1730      1742      1899      1912
         1      1742      1755      1912      1924
         1      1742      1911      1912      1924
         1      1742      1899      1911      1912
         1      1730      1743      1744      1913
         1      1730      1731      1744      1913
         1      1730      1731      1900      1913
         1      1730      1743      1912      1913
         1      1730      1899      1912      1913
         1      1730      1899      1900      1913
         1      1744      1757      1758      1927
         1      1744      1745      1758      1927
         1      1744      1745      1914      1927
         1      1744      1757      1926      1927
         1      1744      1913      1926      1927
         1      1744      1913      1914      1927
         1      1745      1758      1759      1928
         1      1745      1746      1759      1928
         1      1745      1746      1915      1928
         1      1745      1758      1927      1928
         1      1745      1914      1927      1928
         1      1745      1914      1915      1928
         1      1746      1759      1760      1929
         1      1746      1747      1760      1929
         1      1746      1747      1916      1929
         1      1746      1759      1928      1929
         1      1746      1915      1928      1929
         1      1746      1915      1916      1929
         1      1747      1760      1761      1930
         1      1747      1748      1761      1930
         1      1747      1748      1917      1930
         1      1747      1760      1929      1930
         1      1747      1916      1929      1930
         1      1747      1916      1917      1930
         1      1748      1761      1762      1931
         1      1748      1749      1762      1931
         1      1748      1749      1918      1931
         1      1748      1761      1930      1931
         1      1748      1917      1930      1931
         1      1748      1917      1918      1931
         1      1749      1762      1763      1932
         1      1749      1750      1763      1932
         1      1749      1750      1919      1932
         1      1749      1762      1931      1932
         1      1749      1918      1931      1932
         1      1749      1918      1919      1932
         1      1750      1763      1764      1933
         1      1750      1751      1764      1933
         1      1750      1751      1920      1933
         1      1750      1763      1932      1933
         1      1750      1919      1932      1933
         1      1750      1919      1920      1933
         1      1751      1764      1765      1934
         1      1751      1752      1765      1934
         1      1751      1752      1921      1934
         1      1751      1764      1933      1934
         1      1751      1920      1933      1934
         1      1751      1920      1921      1934
         1      1752      1765      1766      1935
         1      1752      1753      1766      1935
         1      1752      1753      1922      1935
         1      1752      1765      1934      1935
         1      1752      1921      1934      1935
         1      1752      1921      1922      1935
         1      1753      1766      1767      1936
         1      1753      1754      1767      1936
         1      1753      1754      1923      1936
         1      1753      1766      1935      1936
         1      1753      1922      1935      1936
         1      1753      1922      1923      1936
         1      1754      1767      1768      1937
         1      1754      1755      1768      1937
         1      1754      1755      1924      1937
         1      1754      1767      1936      1937
         1      1754      1923      1936      1937
         1      1754      1923      1924      1937
         1      1755      1756      1768      1925
         1      1743      1755      1756      1925
         1      1743      1755      1912      1925
         1      1755      1768      1925      1937
         1      1755      1924      1925      1937
         1      1755      1912      1924      1925
         1      1743      1756      1757      1926
         1      1743      1744      1757      1926
         1      1743      1744      1913      1926
         1      1743      1756      1925      1926
         1      1743      1912      1925      1926
         1      1743      1912      1913      1926
         1      1757      1770      1771      1940
         1      1757      1758      1771      1940
         1      1757      1758      1927      1940
         1      1757      1770      1939      1940
         1      1757      1926      1939      1940
         1      1757      1926      1927      1940
         1      1758      1771      1772      1941
         1      1758      1759      1772      1941
         1      1758      1759      1928      1941
         1      1758      1771      1940      1941
         1      1758      1927      1940      1941
         1      1758      1927      1928      1941
         1      1759      1772      1773      1942
         1      1759      1760      1773      1942
         1      1759      1760      1929      1942
         1      1759      1772      1941      1942
         1      1759      1928      1941      1942
         1      1759      1928      1929      1942
         1      1760      1773      1774      1943
         1      1760      1761      1774      1943
         1      1760      1761      1930      1943
         1      1760      1773      1942      1943
         1      1760      1929      1942      1943
         1      1760      1929      1930      1943
         1      1761      1774      1775      1944
         1      1761      1762      1775      1944
         1      1761      1762      1931      1944
         1      1761      1774      1943      1944
         1      1761      1930      1943      1944
         1      1761      1930      1931      1944
         1      1762      1775      1776      1945
         1      1762      1763      1776      1945
         1      1762      1763      1932      1945
         1      1762      1775      1944      1945
         1      1762      1931      1944      1945
         1      1762      1931      1932      1945
         1      1763      1776      1777      1946
         1      1763      1764      1777      1946
         1      1763      1764      1933      1946
         1      1763      1776      1945      1946
         1      1763      1932      1945      1946
         1      1763      1932      1933      1946
         1      1764      1777      1778      1947
         1      1764      1765      1778      1947
         1      1764      1765      1934      1947
         1      1764      1777      1946      1947
         1      1764      1933      1946      1947
         1      1764      1933      1934      1947
         1      1765      1778      1779      1948
         1      1765      1766      1779      1948
         1      1765      1766      1935      1948
         1      1765      1778      1947      1948
         1      1765      1934      1947      1948
         1      1765      1934      1935      1948
         1      1766      1779      1780      1949
         1      1766      1767      1780      1949
         1      1766      1767      1936      1949
         1      1766      1779      1948      1949
         1      1766      1935      1948      1949
         1      1766      1935      1936      1949
         1      1767      1780      1781      1950
         1      1767      1768      1781      1950
         1      1767      1768      1937      1950
         1      1767      1780      1949      1950
         1      1767      1936      1949      1950
         1      1767      1936      1937      1950
         1      1768      1769      1781      1938
         1      1756      1768      1769      1938
         1      1756      1768      1925      1938
         1      1768      1781      1938      1950
         1      1768      1937      1938      1950
         1      1768      1925      1937      1938
         1      1756      1769      1770      1939
         1      1756      1757      1770      1939
         1      1756      1757      1926      1939
         1      1756      1769      1938      1939
         1      1756      1925      1938      1939
         1      1756      1925      1926      1939
         1      1770      1783      1784      1953
         1      1770      1771      1784      1953
         1      1770      1771      1940      1953
         1      1770      1783      1952      1953
         1      1770      1939      1952      1953
         1      1770      1939      1940      1953
         1      1771      1784      1785      1954
         1      1771      1772      1785      1954
         1      1771      1772      1941      1954
         1      1771      1784      1953      1954
         1      1771      1940      1953      1954
         1      1771      1940      1941      1954
         1      1772      1785      1786      1955
         1      1772      1773      1786      1955
         1      1772      1773      1942      1955
         1      1772      1785      1954      1955
         1      1772      1941      1954      1955
         1      1772      1941      1942      1955
         1      1773      1786      1787      1956
         1      1773      1774      1787      1956
         1      1773      1774      1943      1956
         1      1773      1786      1955      1956
         1      1773      1942      1955      1956
         1      1773      1942      1943      1956
         1      1774      1787      1788      1957
         1      1774      1775      1788      1957
         1      1774      1775      1944      1957
         1      1774      1787      1956      1957
         1      1774      1943      1956      1957
         1      1774      1943      1944      1957
         1      1775      1788      1789      1958
         1      1775      1776      1789      1958
         1      1775      1776      1945      1958
         1      1775      1788      1957      1958
         1      1775      1944      1957      1958
         1      1775      1944      1945      1958
         1      1776      1789      1790      1959
         1      1776      1777      1790      1959
         1      1776      1777      1946      1959
         1      1776      1789      1958      1959
         1      1776      1945      1958      1959
         1      1776      1945      1946      1959
         1      1777      1790      1791      1960
         1      1777      1778      1791      1960
         1      1777      1778      1947      1960
         1      1777      1790      1959      1960
         1      1777      1946      1959      1960
         1      1777      1946      1947      1960
         1      1778      1791      1792      1961
         1      1778      1779      1792      1961
         1      1778      1779      1948      1961
         1      1778      1791      1960      1961
         1      1778      1947      1960      1961
         1      1778      1947      1948      1961
         1      1779      1792      1793      1962
         1      1779      1780      1793      1962
         1      1779      1780      1949      1962
         1      1779      1792      1961      1962
         1      1779      1948      1961      1962
         1      1779      1948      1949      1962
         1      1780      1793      1794      1963
         1      1780      1781      1794      1963
         1      1780      1781      1950      1963
         1      1780      1793      1962      1963
         1      1780      1949      1962      1963
         1      1780      1949      1950      1963
         1      1781      1782      1794      1951
         1      1769      1781      1782      1951
         1      1769      1781      1938      1951
         1      1781      1794      1951      1963
         1      1781      1950      1951      1963
         1      1781      1938      1950      1951
         1      1769      1782      1783      1952
         1      1769      1770      1783      1952
         1      1769      1770      1939      1952
         1      1769      1782      1951      1952
         1      1769      1938      1951      1952
         1      1769      1938      1939      1952
         1      1783      1796      1797      1966
         1      1783      1784      1797      1966
         1      1783      1784      1953      1966
         1      1783      1796      1965      1966
         1      1783      1952      1965      1966
         1      1783      1952      1953      1966
         1      1784      1797      1798      1967
         1      1784      1785      1798      1967
         1      1784      1785      1954      1967
         1      1784      1797      1966      1967
         1      1784      1953      1966      1967
         1      1784      1953      1954      1967
         1      1785      1798      1799      1968
         1      1785      1786      1799      1968
         1      1785      1786      1955      1968
         1      1785      1798      1967      1968
         1      1785      1954      1967      1968
         1      1785      1954      1955      1968
         1      1786      1799      1800      1969
         1      1786      1787      1800      1969
         1      1786      1787      1956      1969
         1      1786      1799      1968      1969
         1      1786      1955      1968      1969
         1      1786      1955      1956      1969
         1      1787      1800      1801      1970
         1      1787      1788      1801      1970
         1      1787      1788      1957      1970
         1      1787      1800      1969      1970
         1      1787      1956      1969      1970
         1      1787      1956      1957      1970
         1      1788      1801      1802      1971
         1      1788      1789      1802      1971
         1      1788      1789      1958      1971
         1      1788      1801      1970      1971
         1      1788      1957      1970      1971
         1      1788      1957      1958      1971
         1      1789      1802      1803      1972
         1      1789      1790      1803      1972
         1      1789      1790      1959      1972
         1      1789      1802      1971      1972
         1      1789      1958      1971      1972
         1      1789      1958      1959      1972
         1      1790      1803      1804      1973
         1      1790      1791      1804      1973
         1      1790      1791      1960      1973
         1      1790      1803      1972      1973
         1      1790      1959      1972      1973
         1      1790      1959      1960      1973
         1      1791      1804      1805      1974
         1      1791      1792      1805      1974
         1      1791      1792      1961      1974
         1      1791      1804      1973      1974
         1      1791      1960      1973      1974
         1      1791      1960      1961      1974
         1      1792      1805      1806      1975
         1      1792      1793      1806      1975
         1      1792      1793      1962      1975
         1      1792      1805      1974      1975
         1      1792      1961      1974      1975
         1      1792      1961      1962      1975
         1      1793      1806      1807      1976
         1      1793      1794      1807      1976
         1      1793      1794      1963      1976
         1      1793      1806      1975      1976
         1      1793      1962      1975      1976
         1      1793      1962      1963      1976
         1      1794      1795      1807      1964
         1      1782      1794      1795      1964
         1      1782      1794      1951      1964
         1      1794      1807      1964      1976
         1      1794      1963      1964      1976
         1      1794      1951      1963      1964
         1      1782      1795      1796      1965
         1      1782      1783      1796      1965
         1      1782      1783      1952      1965
         1      1782      1795      1964      1965
         1      1782      1951      1964      1965
         1      1782      1951      1952      1965
         1      1796      1809      1810      1979
         1      1796      1797      1810      1979
         1      1796      1797      1966      1979
         1      1796      1809      1978      1979
         1      1796      1965      1978      1979
         1      1796      1965      1966      1979
         1      1797      1810      1811      1980
         1      1797      1798      1811      1980
         1      1797      1798      1967      1980
         1      1797      1810      1979      1980
         1      1797      1966      1979      1980
         1      1797      1966      1967      1980
         1      1798      1811      1812      1981
         1      1798      1799      1812      1981
         1      1798      1799      1968      1981
         1      1798      1811      1980      1981
         1      1798      1967      1980      1981
         1      1798      1967      1968      1981
         1      1799      1812      1813      1982
         1      1799      1800      1813      1982
         1      1799      1800      1969      1982
         1      1799      1812      1981      1982
         1      1799      1968      1981      1982
         1      1799      1968      1969      1982
         1      1800      1813      1814      1983
         1      1800      1801      1814      1983
         1      1800      1801      1970      1983
         1      1800      1813      1982      1983
         1      1800      1969      1982      1983
         1      1800      1969      1970      1983
         1      1801      1814      1815      1984
         1      1801      1802      1815      1984
         1      1801      1802      1971      1984
         1      1801      1814      1983      1984
         1      1801      1970      1983      1984
         1      1801      1970      1971      1984
         1      1802      1815      1816      1985
         1      1802      1803      1816      1985
         1      1802      1803      1972      1985
         1      1802      1815      1984      1985
         1      1802      1971      1984      1985
         1      1802      1971      1972      1985
         1      1803      1816      1817      1986
         1      1803      1804      1817      1986
         1      1803      1804      1973      1986
         1      1803      1816      1985      1986
         1      1803      1972      1985      1986
         1      1803      1972      1973      1986
         1      1804      1817      1818      1987
         1      1804      1805      1818      1987
         1      1804      1805      1974      1987
         1      1804      1817      1986      1987
         1      1804      1973      1986      1987
         1      1804      1973      1974      1987
         1      1805      1818      1819      1988
         1      1805      1806      1819      1988
         1      1805      1806      1975      1988
         1      1805      1818      1987      1988
         1      1805      1974      1987      1988
         1      1805      1974      1975      1988
         1      1806      1819      1820      1989
         1      1806      1807      1820      1989
         1      1806      1807      1976      1989
         1      1806      1819      1988      1989
         1      1806      1975      1988      1989
         1      1806      1975      1976      1989
         1      1807      1808      1820      1977
         1      1795      1807      1808      1977
         1      1795      1807      1964      1977
         1      1807      1820      1977      1989
         1      1807      1976      1977      1989
         1      1807      1964      1976      1977
         1      1795      1808      1809      1978
         1      1795      1796      1809      1978
         1      1795      1796      1965      1978
         1      1795      1808      1977      1978
         1      1795      1964      1977      1978
         1      1795      1964      1965      1978
         1      1809      1822      1823      1992
         1      1809      1810      1823      1992
         1      1809      1810      1979      1992
         1      1809      1822      1991      1992
         1      1809      1978      1991      1992
         1      1809      1978      1979      1992
         1      1810      1823      1824      1993
         1      1810      1811      1824      1993
         1      1810      1811      1980      1993
         1      1810      1823      1992      1993
         1      1810      1979      1992      1993
         1      1810      1979      1980      1993
         1      1811      1824      1825      1994
         1      1811      1812      1825      1994
         1      1811      1812      1981      1994
         1      1811      1824      1993      1994
         1      1811      1980      1993      1994
         1      1811      1980      1981      1994
         1      1812      1825      1826      1995
         1      1812      1813      1826      1995
         1      1812      1813      1982      1995
         1      1812      1825      1994      1995
         1      1812      1981      1994      1995
         1      1812      1981      1982      1995
         1      1813      1826      1827      1996
         1      1813      1814      1827      1996
         1      1813      1814      1983      1996
         1      1813      1826      1995      1996
         1      1813      1982      1995      1996
         1      1813      1982      1983      1996
         1      1814      1827      1828      1997
         1      1814      1815      1828      1997
         1      1814      1815      1984      1997
         1      1814      1827      1996      1997
         1      1814      1983      1996      1997
         1      1814      1983      1984      1997
         1      1815      1828      1829      1998
         1      1815      1816      1829      1998
         1      1815      1816      1985      1998
         1      1815      1828      1997      1998
         1      1815      1984      1997      1998
         1      1815      1984      1985      1998
         1      1816      1829      1830      1999
         1      1816      1817      1830      1999
         1      1816      1817      1986      1999
         1      1816      1829      1998      1999
         1      1816      1985      1998      1999
         1      1816      1985      1986      1999
         1      1817      1830      1831      2000
         1      1817      1818      1831      2000
         1      1817      1818      1987      2000
         1      1817      1830      1999      2000
         1      1817      1986      1999      2000
         1      1817      1986      1987      2000
         1      1818      1831      1832      2001
         1      1818      1819      1832      2001
         1      1818      1819      1988      2001
         1      1818      1831      2000      2001
         1      1818      1987      2000      2001
         1      1818      1987      1988      2001
         1      1819      1832      1833      2002
         1      1819      1820      1833      2002
         1      1819      1820      1989      2002
         1      1819      1832      2001      2002
         1      1819      1988      2001      2002
         1      1819      1988      1989      2002
         1      1820      1821      1833      1990
         1      1808      1820      1821      1990
         1      1808      1820      1977      1990
         1      1820      1833      1990      2002
         1      1820      1989      1990      2002
         1      1820      1977      1989      1990
         1      1808      1821      1822      1991
         1      1808      1809      1822      1991
         1      1808      1809      1978      1991
         1      1808      1821      1990      1991
         1      1808      1977      1990      1991
         1      1808      1977      1978      1991
         1      1822      1835      1836      2005
         1      1822      1823      1836      2005
         1      1822      1823      1992      2005
         1      1822      1835      2004      2005
         1      1822      1991      2004      2005
         1      1822      1991      1992      2005
         1      1823      1836      1837      2006
         1      1823      1824      1837      2006
         1      1823      1824      1993      2006
         1      1823      1836      2005      2006
         1      1823      1992      2005      2006
         1      1823      1992      1993      2006
         1      1824      1837      1838      2007
         1      1824      1825      1838      2007
         1      1824      1825      1994      2007
         1      1824      1837      2006      2007
         1      1824      1993      2006      2007
         1      1824      1993      1994      2007
         1      1825      1838      1839      2008
         1      1825      1826      1839      2008
         1      1825      1826      1995      2008
         1      1825      1838      2007      2008
         1      1825      1994      2007      2008
         1      1825      1994      1995      2008
         1      1826      1839      1840      2009
         1      1826      1827      1840      2009
         1      1826      1827      1996      2009
         1      1826      1839      2008      2009
         1      1826      1995      2008      2009
         1      1826      1995      1996      2009
         1      1827      1840      1841      2010
         1      1827      1828      1841      2010
         1      1827      1828      1997      2010
         1      1827      1840      2009      2010
         1      1827      1996      2009      2010
         1      1827      1996      1997      2010
         1      1828      1841      1842      2011
         1      1828      1829      1842      2011
         1      1828      1829      1998      2011
         1      1828      1841      2010      2011
         1      1828      1997      2010      2011
         1      1828      1997      1998      2011
         1      1829      1842      1843      2012
         1      1829      1830      1843      2012
         1      1829      1830      1999      2012
         1      1829      1842      2011      2012
         1      1829      1998      2011      2012
         1      1829      1998      1999      2012
         1      1830      1843      1844      2013
         1      1830      1831      1844      2013
         1      1830      1831      2000      2013
         1      1830      1843      2012      2013
         1      1830      1999      2012      2013
         1      1830      1999      2000      2013
         1      1831      1844      1845      2014
         1      1831      1832      1845      2014
         1      1831      1832      2001      2014
         1      1831      1844      2013      2014
         1      1831      2000      2013      2014
         1      1831      2000      2001      2014
         1      1832      1845      1846      2015
         1      1832      1833      1846      2015
         1      1832      1833      2002      2015
         1      1832      1845      2014      2015
         1      1832      2001      2014      2015
         1      1832      2001      2002      2015
         1      1833      1834      1846      2003
         1      1821      1833      1834      2003
         1      1821      1833      1990      2003
         1      1833      1846      2003      2015
         1      1833      2002      2003      2015
         1      1833      1990      2002      2003
         1      1821      1834      1835      2004
         1      1821      1822      1835      2004
         1      1821      1822      1991      2004
         1      1821      1834      2003      2004
         1      1821      1990      2003      2004
         1      1821      1990      1991      2004
         1      1835      1848      1849      2018
         1      1835      1836      1849      2018
         1      1835      1836      2005      2018
         1      1835      1848      2017      2018
         1      1835      2004      2017      2018
         1      1835      2004      2005      2018
         1      1836      1849      1850      2019
         1      1836      1837      1850      2019
         1      1836      1837      2006      2019
         1      1836      1849      2018      2019
         1      1836      2005      2018      2019
         1      1836      2005      2006      2019
         1      1837      1850      1851      2020
         1      1837      1838      1851      2020
         1      1837      1838      2007      2020
         1      1837      1850      2019      2020
         1      1837      2006      2019      2020
         1      1837      2006      2007      2020
         1      1838      1851      1852      2021
         1      1838      1839      1852      2021
         1      1838      1839      2008      2021
         1      1838      1851      2020      2021
         1      1838      2007      2020      2021
         1      1838      2007      2008      2021
         1      1839      1852      1853      2022
         1      1839      1840      1853      2022
         1      1839      1840      2009      2022
         1      1839      1852      2021      2022
         1      1839      2008      2021      2022
         1      1839      2008      2009      2022
         1      1840      1853      1854      2023
         1      1840      1841      1854      2023
         1      1840      1841      2010      2023
         1      1840      1853      2022      2023
         1      1840      2009      2022      2023
         1      1840      2009      2010      2023
         1      1841      1854      1855      2024
         1      1841      1842      1855      2024
         1      1841      1842      2011      2024
         1      1841      1854      2023      2024
         1      1841      2010      2023      2024
         1      1841      2010      2011      2024
         1      1842      1855      1856      2025
         1      1842      1843      1856      2025
         1      1842      1843      2012      2025
         1      1842      1855      2024      2025
         1      1842      2011      2024      2025
         1      1842      2011      2012      2025
         1      1843      1856      1857      2026
         1      1843      1844      1857      2026
         1      1843      1844      2013      2026
         1      1843      1856      2025      2026
         1      1843      2012      2025      2026
         1      1843      2012      2013      2026
         1      1844      1857      1858      2027
         1      1844      1845      1858      2027
         1      1844      1845      2014      2027
         1      1844      1857      2026      2027
         1      1844      2013      2026      2027
         1      1844      2013      2014      2027
         1      1845      1858      1859      2028
         1      1845      1846      1859      2028
         1      1845      1846      2015      2028
         1      1845      1858      2027      2028
         1      1845      2014      2027      2028
         1      1845      2014      2015      2028
         1      1846      1847      1859      2016
         1      1834      1846      1847      2016
         1      1834      1846      2003      2016
         1      1846      1859      2016      2028
         1      1846      2015      2016      2028
         1      1846      2003      2015      2016
         1      1834      1847      1848      2017
         1      1834      1835      1848      2017
         1      1834      1835      2004      2017
         1      1834      1847      2016      2017
         1      1834      2003      2016      2017
         1      1834      2003      2004      2017
         1      1692      1693      1848      1862
         1      1693      1848      1849      1862
         1      1848      1849      1862      2018
         1      1692      1848      1861      1862
         1      1848      1861      1862      2017
         1      1848      1862      2017      2018
         1      1693      1694      1849      1863
         1      1694      1849      1850      1863
         1      1849      1850      1863      2019
         1      1693      1849      1862      1863
         1      1849      1862      1863      2018
         1      1849      1863      2018      2019
         1      1694      1695      1850      1864
         1      1695      1850      1851      1864
         1      1850      1851      1864      2020
         1      1694      1850      1863      1864
         1      1850      1863      1864      2019
         1      1850      1864      2019      2020
         1      1695      1696      1851      1865
         1      1696      1851      1852      1865
         1      1851      1852      1865      2021
         1      1695      1851      1864      1865
         1      1851      1864      1865      2020
         1      1851      1865      2020      2021
         1      1696      1697      1852      1866
         1      1697      1852      1853      1866
         1      1852      1853      1866      2022
         1      1696      1852      1865      1866
         1      1852      1865      1866      2021
         1      1852      1866      2021      2022
         1      1697      1698      1853      1867
         1      1698      1853      1854      1867
         1      1853      1854      1867      2023
         1      1697      1853      1866      1867
         1      1853      1866      1867      2022
         1      1853      1867      2022      2023
         1      1698      1699      1854      1868
         1      1699      1854      1855      1868
         1      1854      1855      1868      2024
         1      1698      1854      1867      1868
         1      1854      1867      1868      2023
         1      1854      1868      2023      2024
         1      1699      1700      1855      1869
         1      1700      1855      1856      1869
         1      1855      1856      1869      2025
         1      1699      1855      1868      1869
         1      1855      1868      1869      2024
         1      1855      1869      2024      2025
         1      1700      1701      1856      1870
         1      1701      1856      1857      1870
         1      1856      1857      1870      2026
         1      1700      1856      1869      1870
         1      1856      1869      1870      2025
         1      1856      1870      2025      2026
         1      1701      1702      1857      1871
         1      1702      1857      1858      1871
         1      1857      1858      1871      2027
         1      1701      1857      1870      1871
         1      1857      1870      1871      2026
         1      1857      1871      2026      2027
         1      1702      1703      1858      1872
         1      1703      1858      1859      1872
         1      1858      1859      1872      2028
         1      1702      1858      1871      1872
         1      1858      1871      1872      2027
         1      1858      1872      2027      2028
         1      1691      1703      1859      1860
         1      1691      1847      1859      1860
         1      1847      1859      1860      2016
         1      1703      1859      1860      1872
         1      1859      1860      1872      2028
         1      1859      1860      2016      2028
         1      1691      1692      1847      1861
         1      1692      1847      1848      1861
         1      1847      1848      1861      2017
         1      1691      1847      1860      1861
         1      1847      1860      1861      2016
         1      1847      1861      2016      2017
         1      1692      1705      1706      1875
         1      1692      1693      1706      1875
         1      1692      1693      1862      1875
         1      1692      1705      1874      1875
         1      1692      1861      1874      1875
         1      1692      1861      1862      1875
         1      1693      1706      1707      1876
         1      1693      1694      1707      1876
         1      1693      1694      1863      1876
         1      1693      1706      1875      1876
         1      1693      1862      1875      1876
         1      1693      1862      1863      1876
         1      1694      1707      1708      1877
         1      1694      1695      1708      1877
         1      1694      1695      1864      1877
         1      1694      1707      1876      1877
         1      1694      1863      1876      1877
         1      1694      1863      1864      1877
         1      1695      1708      1709      1878
         1      1695      1696      1709      1878
         1      1695      1696      1865      1878
         1      1695      1708      1877      1878
         1      1695      1864      1877      1878
         1      1695      1864      1865      1878
         1      1696      1709      1710      1879
         1      1696      1697      1710      1879
         1      1696      1697      1866      1879
         1      1696      1709      1878      1879
         1      1696      1865      1878      1879
         1      1696      1865      1866      1879
         1      1697      1710      1711      1880
         1      1697      1698      1711      1880
         1      1697      1698      1867      1880
         1      1697      1710      1879      1880
         1      1697      1866      1879      1880
         1      1697      1866      1867      1880
         1      1698      1711      1712      1881
         1      1698      1699      1712      1881
         1      1698      1699      1868      1881
         1      1698      1711      1880      1881
         1      1698      1867      1880      1881
         1      1698      1867      1868      1881
         1      1699      1712      1713      1882
         1      1699      1700      1713      1882
         1      1699      1700      1869      1882
         1      1699      1712      1881      1882
         1      1699      1868      1881      1882
         1      1699      1868      1869      1882
         1      1700      1713      1714      1883
         1      1700      1701      1714      1883
         1      1700      1701      1870      1883
         1      1700      1713      1882      1883
         1      1700      1869      1882      1883
         1      1700      1869      1870      1883
         1      1701      1714      1715      1884
         1      1701      1702      1715      1884
         1      1701      1702      1871      1884
         1      1701      1714      1883      1884
         1      1701      1870      1883      1884
         1      1701      1870      1871      1884
         1      1702      1715      1716      1885
         1      1702      1703      1716      1885
         1      1702      1703      1872      1885
         1      1702      1715      1884      1885
         1      1702      1871      1884      1885
         1      1702      1871      1872      1885
         1      1703      1704      1716      1873
         1      1691      1703      1704      1873
         1      1691      1703      1860      1873
         1      1703      1716      1873      1885
         1      1703      1872      1873      1885
         1      1703      1860      1872      1873
         1      1691      1704      1705      1874
         1      1691      1692      1705      1874
         1      1691      1692      1861      1874
         1      1691      1704      1873      1874
         1      1691      1860      1873      1874
         1      1691      1860      1861      1874
         1      1874      1887      1888      2057
         1      1874      1875      1888      2057
         1      1874      1875      2044      2057
         1      1874      1887      2056      2057
         1      1874      2043      2056      2057
         1      1874      2043      2044      2057
         1      1875      1888      1889      2058
         1      1875      1876      1889      2058
         1      1875      1876      2045      2058
         1      1875      1888      2057      2058
         1      1875      2044      2057      2058
         1      1875      2044      2045      2058
         1      1876      1889      1890      2059
         1      1876      1877      1890      2059
         1      1876      1877      2046      2059
         1      1876      1889      2058      2059
         1      1876      2045      2058      2059
         1      1876      2045      2046      2059
         1      1877      1890      1891      2060
         1      1877      1878      1891      2060
         1      1877      1878      2047      2060
         1      1877      1890      2059      2060
         1      1877      2046      2059      2060
         1      1877      2046      2047      2060
         1      1878      1891      1892      2061
         1      1878      1879      1892      2061
         1      1878      1879      2048      2061
         1      1878      1891      2060      2061
         1      1878      2047      2060      2061
         1      1878      2047      2048      2061
         1      1879      1892      1893      2062
         1      1879      1880      1893      2062
         1      1879      1880      2049      2062
         1      1879      1892      2061      2062
         1      1879      2048      2061      2062
         1      1879      2048      2049      2062
         1      1880      1893      1894      2063
         1      1880      1881      1894      2063
         1      1880      1881      2050      2063
         1      1880      1893      2062      2063
         1      1880      2049      2062      2063
         1      1880      2049      2050      2063
         1      1881      1894      1895      2064
         1      1881      1882      1895      2064
         1      1881      1882      2051      2064
         1      1881      1894      2063      2064
         1      1881      2050      2063      2064
         1      1881      2050      2051      2064
         1      1882      1895      1896      2065
         1      1882      1883      1896      2065
         1      1882      1883      2052      2065
         1      1882      1895      2064      2065
         1      1882      2051      2064      2065
         1      1882      2051      2052      2065
         1      1883      1896      1897      2066
         1      1883      1884      1897      2066
         1      1883      1884      2053      2066
         1      1883      1896      2065      2066
         1      1883      2052      2065      2066
         1      1883      2052      2053      2066
         1      1884      1897      1898      2067
         1      1884      1885      1898      2067
         1      1884      1885      2054      2067
         1      1884      1897      2066      2067
         1      1884      2053      2066      2067
         1      1884      2053      2054      2067
         1      1885      1886      1898      2055
         1      1873      1885      1886      2055
         1      1873      1885      2042      2055
         1      1885      1898      2055      2067
         1      1885      2054      2055      2067
         1      1885      2042      2054      2055
         1      1873      1886      1887      2056
         1      1873      1874      1887      2056
         1      1873      1874      2043      2056
         1      1873      1886      2055      2056
         1      1873      2042      2055      2056
         1      1873      2042      2043      2056
         1      1887      1900      1901      2070
         1      1887      1888      1901      2070
         1      1887      1888      2057      2070
         1      1887      1900      2069      2070
         1      1887      2056      2069      2070
         1      1887      2056      2057      2070
         1      1888      1901      1902      2071
         1      1888      1889      1902      2071
         1      1888      1889      2058      2071
         1      1888      1901      2070      2071
         1      1888      2057      2070      2071
         1      1888      2057      2058      2071
         1      1889      1902      1903      2072
         1      1889      1890      1903      2072
         1      1889      1890      2059      2072
         1      1889      1902      2071      2072
         1      1889      2058      2071      2072
         1      1889      2058      2059      2072
         1      1890      1903      1904      2073
         1      1890      1891      1904      2073
         1      1890      1891      2060      2073
         1      1890      1903      2072      2073
         1      1890      2059      2072      2073
         1      1890      2059      2060      2073
         1      1891      1904      1905      2074
         1      1891      1892      1905      2074
         1      1891      1892      2061      2074
         1      1891      1904      2073      2074
         1      1891      2060      2073      2074
         1      1891      2060      2061      2074
         1      1892      1905      1906      2075
         1      1892      1893      1906      2075
         1      1892      1893      2062      2075
         1      1892      1905      2074      2075
         1      1892      2061      2074      2075
         1      1892      2061      2062      2075
         1      1893      1906      1907      2076
         1      1893      1894      1907      2076
         1      1893      1894      2063      2076
         1      1893      1906      2075      2076
         1      1893      2062      2075      2076
         1      1893      2062      2063      2076
         1      1894      1907      1908      2077
         1      1894      1895      1908      2077
         1      1894      1895      2064      2077
         1      1894      1907      2076      2077
         1      1894      2063      2076      2077
         1      1894      2063      2064      2077
         1      1895      1908      1909      2078
         1      1895      1896      1909      2078
         1      1895      1896      2065      2078
         1      1895      1908      2077      2078
         1      1895      2064      2077      2078
         1      1895      2064      2065      2078
         1      1896      1909      1910      2079
         1      1896      1897      1910      2079
         1      1896      1897      2066      2079
         1      1896      1909      2078      2079
         1      1896      2065      2078      2079
         1      1896      2065      2066      2079
         1      1897      1910      1911      2080
         1      1897      1898      1911      2080
         1      1897      1898      2067      2080
         1      1897      1910      2079      2080
         1      1897      2066      2079      2080
         1      1897      2066      2067      2080
         1      1898      1899      1911      2068
         1      1886      1898      1899      2068
         1      1886      1898      2055      2068
         1      1898      1911      2068      2080
         1      1898      2067      2068      2080
         1      1898      2055      2067      2068
         1      1886      1899      1900      2069
         1      1886      1887      1900      2069
         1      1886      1887      2056      2069
         1      1886      1899      2068      2069
         1      1886      2055      2068      2069
         1      1886      2055      2056      2069
         1      1900      1913      1914      2083
         1      1900      1901      1914      2083
         1      1900      1901      2070      2083
         1      1900      1913      2082      2083
         1      1900      2069      2082      2083
         1      1900      2069      2070      2083
         1      1901      1914      1915      2084
         1      1901      1902      1915      2084
         1      1901      1902      2071      2084
         1      1901      1914      2083      2084
         1      1901      2070      2083      2084
         1      1901      2070      2071      2084
         1      1902      1915      1916      2085
         1      1902      1903      1916      2085
         1      1902      1903      2072      2085
         1      1902      1915      2084      2085
         1      1902      2071      2084      2085
         1      1902      2071      2072      2085
         1      1903      1916      1917      2086
         1      1903      1904      1917      2086
         1      1903      1904      2073      2086
         1      1903      1916      2085      2086
         1      1903      2072      2085      2086
         1      1903      2072      2073      2086
         1      1904      1917      1918      2087
         1      1904      1905      1918      2087
         1      1904      1905      2074      2087
         1      1904      1917      2086      2087
         1      1904      2073      2086      2087
         1      1904      2073      2074      2087
         1      1905      1918      1919      2088
         1      1905      1906      1919      2088
         1      1905      1906      2075      2088
         1      1905      1918      2087      2088
         1      1905      2074      2087      2088
         1      1905      2074      2075      2088
         1      1906      1919      1920      2089
         1      1906      1907      1920      2089
         1      1906      1907      2076      2089
         1      1906      1919      2088      2089
         1      1906      2075      2088      2089
         1      1906      2075      2076      2089
         1      1907      1920      1921      2090
         1      1907      1908      1921      2090
         1      1907      1908      2077      2090
         1      1907      1920      2089      2090
         1      1907      2076      2089      2090
         1      1907      2076      2077      2090
         1      1908      1921      1922      2091
         1      1908      1909      1922      2091
         1      1908      1909      2078      2091
         1      1908      1921      2090      2091
         1      1908      2077      2090      2091
         1      1908      2077      2078      2091
         1      1909      1922      1923      2092
         1      1909      1910      1923      2092
         1      1909      1910      2079      2092
         1      1909      1922      2091      2092
         1      1909      2078      2091      2092
         1      1909      2078      2079      2092
         1      1910      1923      1924      2093
         1      1910      1911      1924      2093
         1      1910      1911      2080      2093
         1      1910      1923      2092      2093
         1      1910      2079      2092      2093
         1      1910      2079      2080      2093
         1      1911      1912      1924      2081
         1      1899      1911      1912      2081
         1      1899      1911      2068      2081
         1      1911      1924      2081      2093
         1      1911      2080      2081      2093
         1      1911      2068      2080      2081
         1      1899      1912      1913      2082
         1      1899      1900      1913      2082
         1      1899      1900      2069      2082
         1      1899      1912      2081      2082
         1      1899      2068      2081      2082
         1      1899      2068      2069      2082
         1      1913      1926      1927      2096
         1      1913      1914      1927      2096
         1      1913      1914      2083      2096
         1      1913      1926      2095      2096
         1      1913      2082      2095      2096
         1      1913      2082      2083      2096
         1      1914      1927      1928      2097
         1      1914      1915      1928      2097
         1      1914      1915      2084      2097
         1      1914      1927      2096      2097
         1      1914      2083      2096      2097
         1      1914      2083      2084      2097
         1      1915      1928      1929      2098
         1      1915      1916      1929      2098
         1      1915      1916      2085      2098
         1      1915      1928      2097      2098
         1      1915      2084      2097      2098
         1      1915      2084      2085      2098
         1      1916      1929      1930      2099
         1      1916      1917      1930      2099
         1      1916      1917      2086      2099
         1      1916      1929      2098      2099
         1      1916      2085      2098      2099
         1      1916      2085      2086      2099
         1      1917      1930      1931      2100
         1      1917      1918      1931      2100
         1      1917      1918      2087      2100
         1      1917      1930      2099      2100
         1      1917      2086      2099      2100
         1      1917      2086      2087      2100
         1      1918      1931      1932      2101
         1      1918      1919      1932      2101
         1      1918      1919      2088      2101
         1      1918      1931      2100      2101
         1      1918      2087      2100      2101
         1      1918      2087      2088      2101
         1      1919      1932      1933      2102
         1      1919      1920      1933      2102
         1      1919      1920      2089      2102
         1      1919      1932      2101      2102
         1      1919      2088      2101      2102
         1      1919      2088      2089      2102
         1      1920      1933      1934      2103
         1      1920      1921      1934      2103
         1      1920      1921      2090      2103
         1      1920      1933      2102      2103
         1      1920      2089      2102      2103
         1      1920      2089      2090      2103
         1      1921      1934      1935      2104
         1      1921      1922      1935      2104
         1      1921      1922      2091      2104
         1      1921      1934      2103      2104
         1      1921      2090      2103      2104
         1      1921      2090      2091      2104
         1      1922      1935      1936      2105
         1      1922      1923      1936      2105
         1      1922      1923      2092      2105
         1      1922      1935      2104      2105
         1      1922      2091      2104      2105
         1      1922      2091      2092      2105
         1      1923      1936      1937      2106
         1      1923      1924      1937      2106
         1      1923      1924      2093      2106
         1      1923      1936      2105      2106
         1      1923      2092      2105      2106
         1      1923      2092      2093      2106
         1      1924      1925      1937      2094
         1      1912      1924      1925      2094
         1      1912      1924      2081      2094
         1      1924      1937      2094      2106
         1      1924      2093      2094      2106
         1      1924      2081      2093      2094
         1      1912      1925      1926      2095
         1      1912      1913      1926      2095
         1      1912      1913      2082      2095
         1      1912      1925      2094      2095
         1      1912      2081      2094      2095
         1      1912      2081      2082      2095
         1      1926      1939      1940      2109
         1      1926      1927      1940      2109
         1      1926      1927      2096      2109
         1      1926      1939      2108      2109
         1      1926      2095      2108      2109
         1      1926      2095      2096      2109
         1      1927      1940      1941      2110
         1      1927      1928      1941      2110
         1      1927      1928      2097      2110
         1      1927      1940      2109      2110
         1      1927      2096      2109      2110
         1      1927      2096      2097      2110
         1      1928      1941      1942      2111
         1      1928      1929      1942      2111
         1      1928      1929      2098      2111
         1      1928      1941      2110      2111
         1      1928      2097      2110      2111
         1      1928      2097      2098      2111
         1      1929      1942      1943      2112
         1      1929      1930      1943      2112
         1      1929      1930      2099      2112
         1      1929      1942      2111      2112
         1      1929      2098      2111      2112
         1      1929      2098      2099      2112
         1      1930      1943      1944      2113
         1      1930      1931      1944      2113
         1      1930      1931      2100      2113
         1      1930      1943      2112      2113
         1      1930      2099      2112      2113
         1      1930      2099      2100      2113
         1      1931      1944      1945      2114
         1      1931      1932      1945      2114
         1      1931      1932      2101      2114
         1      1931      1944      2113      2114
         1      1931      2100      2113      2114
         1      1931      2100      2101      2114
         1      1932      1945      1946      2115
         1      1932      1933      1946      2115
         1      1932      1933      2102      2115
         1      1932      1945      2114      2115
         1      1932      2101      2114      2115
         1      1932      2101      2102      2115
         1      1933      1946      1947      2116
         1      1933      1934      1947      2116
         1      1933      1934      2103      2116
         1      1933      1946      2115      2116
         1      1933      2102      2115      2116
         1      1933      2102      2103      2116
         1      1934      1947      1948      2117
         1      1934      1935      1948      2117
         1      1934      1935      2104      2117
         1      1934      1947      2116      2117
         1      1934      2103      2116      2117
         1      1934      2103      2104      2117
         1      1935      1948      1949      2118
         1      1935      1936      1949      2118
         1      1935      1936      2105      2118
         1      1935      1948      2117      2118
         1      1935      2104      2117      2118
         1      1935      2104      2105      2118
         1      1936      1949      1950      2119
         1      1936      1937      1950      2119
         1      1936      1937      2106      2119
         1      1936      1949      2118      2119
         1      1936      2105      2118      2119
         1      1936      2105      2106      2119
         1      1937      1938      1950      2107
         1      1925      1937      1938      2107
         1      1925      1937      2094      2107
         1      1937      1950      2107      2119
         1      1937      2106      2107      2119
         1      1937      2094      2106      2107
         1      1925      1938      1939      2108
         1      1925      1926      1939      2108
         1      1925      1926      2095      2108
         1      1925      1938      2107      2108
         1      1925      2094      2107      2108
         1      1925      2094      2095      2108
         1      1939      1952      1953      2122
         1      1939      1940      1953      2122
         1      1939      1940      2109      2122
         1      1939      1952      2121      2122
         1      1939      2108      2121      2122
         1      1939      2108      2109      2122
         1      1940      1953      1954      2123
         1      1940      1941      1954      2123
         1      1940      1941      2110      2123
         1      1940      1953      2122      2123
         1      1940      2109      2122      2123
         1      1940      2109      2110      2123
         1      1941      1954      1955      2124
         1      1941      1942      1955      2124
         1      1941      1942      2111      2124
         1      1941      1954      2123      2124
         1      1941      2110      2123      2124
         1      1941      2110      2111      2124
         1      1942      1955      1956      2125
         1      1942      1943      1956      2125
         1      1942      1943      2112      2125
         1      1942      1955      2124      2125
         1      1942      2111      2124      2125
         1      1942      2111      2112      2125
         1      1943      1956      1957      2126
         1      1943      1944      1957      2126
         1      1943      1944      2113      2126
         1      1943      1956      2125      2126
         1      1943      2112      2125      2126
         1      1943      2112      2113      2126
         1      1944      1957      1958      2127
         1      1944      1945      1958      2127
         1      1944      1945      2114      2127
         1      1944      1957      2126      2127
         1      1944      2113      2126      2127
         1      1944      2113      2114      2127
         1      1945      1958      1959      2128
         1      1945      1946      1959      2128
         1      1945      1946      2115      2128
         1      1945      1958      2127      2128
         1      1945      2114      2127      2128
         1      1945      2114      2115      2128
         1      1946      1959      1960      2129
         1      1946      1947      1960      2129
         1      1946      1947      2116      2129
         1      1946      1959      2128      2129
         1      1946      2115      2128      2129
         1      1946      2115      2116      2129
         1      1947      1960      1961      2130
         1      1947      1948      1961      2130
         1      1947      1948      2117      2130
         1      1947      1960      2129      2130
         1      1947      2116      2129      2130
         1      1947      2116      2117      2130
         1      1948      1961      1962      2131
         1      1948      1949      1962      2131
         1      1948      1949      2118      2131
         1      1948      1961      2130      2131
         1      1948      2117      2130      2131
         1      1948      2117      2118      2131
         1      1949      1962      1963      2132
         1      1949      1950      1963      2132
         1      1949      1950      2119      2132
         1      1949      1962      2131      2132
         1      1949      2118      2131      2132
         1      1949      2118      2119      2132
         1      1950      1951      1963      2120
         1      1938      1950      1951      2120
         1      1938      1950      2107      2120
         1      1950      1963      2120      2132
         1      1950      2119      2120      2132
         1      1950      2107      2119      2120
         1      1938      1951      1952      2121
         1      1938      1939      1952      2121
         1      1938      1939      2108      2121
         1      1938      1951      2120      2121
         1      1938      2107      2120      2121
         1      1938      2107      2108      2121
         1      1952      1965      1966      2135
         1      1952      1953      1966      2135
         1      1952      1953      2122      2135
         1      1952      1965      2134      2135
         1      1952      2121      2134      2135
         1      1952      2121      2122      2135
         1      1953      1966      1967      2136
         1      1953      1954      1967      2136
         1      1953      1954      2123      2136
         1      1953      1966      2135      2136
         1      1953      2122      2135      2136
         1      1953      2122      2123      2136
         1      1954      1967      1968      2137
         1      1954      1955      1968      2137
         1      1954      1955      2124      2137
         1      1954      1967      2136      2137
         1      1954      2123      2136      2137
         1      1954      2123      2124      2137
         1      1955      1968      1969      2138
         1      1955      1956      1969      2138
         1      1955      1956      2125      2138
         1      1955      1968      2137      2138
         1      1955      2124      2137      2138
         1      1955      2124      2125      2138
         1      1956      1969      1970      2139
         1      1956      1957      1970      2139
         1      1956      1957      2126      2139
         1      1956      1969      2138      2139
         1      1956      2125      2138      2139
         1      1956      2125      2126      2139
         1      1957      1970      1971      2140
         1      1957      1958      1971      2140
         1      1957      1958      2127      2140
         1      1957      1970      2139      2140
         1      1957      2126      2139      2140
         1      1957      2126      2127      2140
         1      1958      1971      1972      2141
         1      1958      1959      1972      2141
         1      1958      1959      2128      2141
         1      1958      1971      2140      2141
         1      1958      2127      2140      2141
         1      1958      2127      2128      2141
         1      1959      1972      1973      2142
         1      1959      1960      1973      2142
         1      1959      1960      2129      2142
         1      1959      1972      2141      2142
         1      1959      2128      2141      2142
         1      1959      2128      2129      2142
         1      1960      1973      1974      2143
         1      1960      1961      1974      2143
         1      1960      1961      2130      2143
         1      1960      1973      2142      2143
         1      1960      2129      2142      2143
         1      1960      2129      2130      2143
         1      1961      1974      1975      2144
         1      1961      1962      1975      2144
         1      1961      1962      2131      2144
         1      1961      1974      2143      2144
         1      1961      2130      2143      2144
         1      1961      2130      2131      2144
         1      1962      1975      1976      2145
         1      1962      1963      1976      2145
         1      1962      1963      2132      2145
         1      1962      1975      2144      2145
         1      1962      2131      2144      2145
         1      1962      2131      2132      2145
         1      1963      1964      1976      2133
         1      1951      1963      1964      2133
         1      1951      1963      2120      2133
         1      1963      1976      2133      2145
         1      1963      2132      2133      2145
         1      1963      2120      2132      2133
         1      1951      1964      1965      2134
         1      1951      1952      1965      2134
         1      1951      1952      2121      2134
         1      1951      1964      2133      2134
         1      1951      2120      2133      2134
         1      1951      2120      2121      2134
         1      1965      1978      1979      2148
         1      1965      1966      1979      2148
         1      1965      1966      2135      2148
         1      1965      1978      2147      2148
         1      1965      2134      2147      2148
         1      1965      2134      2135      2148
         1      1966      1979      1980      2149
         1      1966      1967      1980      2149
         1      1966      1967      2136      2149
         1      1966      1979      2148      2149
         1      1966      2135      2148      2149
         1      1966      2135      2136      2149
         1      1967      1980      1981      2150
         1      1967      1968      1981      2150
         1      1967      1968      2137      2150
         1      1967      1980      2149      2150
         1      1967      2136      2149      2150
         1      1967      2136      2137      2150
         1      1968      1981      1982      2151
         1      1968      1969      1982      2151
         1      1968      1969      2138      2151
         1      1968      1981      2150      2151
         1      1968      2137      2150      2151
         1      1968      2137      2138      2151
         1      1969      1982      1983      2152
         1      1969      1970      1983      2152
         1      1969      1970      2139      2152
         1      1969      1982      2151      2152
         1      1969      2138      2151      2152
         1      1969      2138      2139      2152
         1      1970      1983      1984      2153
         1      1970      1971      1984      2153
         1      1970      1971      2140      2153
         1      1970      1983      2152      2153
         1      1970      2139      2152      2153
         1      1970      2139      2140      2153
         1      1971      1984      1985      2154
         1      1971      1972      1985      2154
         1      1971      1972      2141      2154
         1      1971      1984      2153      2154
         1      1971      2140      2153      2154
         1      1971      2140      2141      2154
         1      1972      1985      1986      2155
         1      1972      1973      1986      2155
         1      1972      1973      2142      2155
         1      1972      1985      2154      2155
         1      1972      2141      2154      2155
         1      1972      2141      2142      2155
         1      1973      1986      1987      2156
         1      1973      1974      1987      2156
         1      1973      1974      2143      2156
         1      1973      1986      2155      2156
         1      1973      2142      2155      2156
         1      1973      2142      2143      2156
         1      1974      1987      1988      2157
         1      1974      1975      1988      2157
         1      1974      1975      2144      2157
         1      1974      1987      2156      2157
         1      1974      2143      2156      2157
         1      1974      2143      2144      2157
         1      1975      1988      1989      2158
         1      1975      1976      1989      2158
         1      1975      1976      2145      2158
         1      1975      1988      2157      2158
         1      1975      2144      2157      2158
         1      1975      2144      2145      2158
         1      1976      1977      1989      2146
         1      1964      1976      1977      2146
         1      1964      1976      2133      2146
         1      1976      1989      2146      2158
         1      1976      2145      2146      2158
         1      1976      2133      2145      2146
         1      1964      1977      1978      2147
         1      1964      1965      1978      2147
         1      1964      1965      2134      2147
         1      1964      1977      2146      2147
         1      1964      2133      2146      2147
         1      1964      2133      2134      2147
         1      1978      1991      1992      2161
         1      1978      1979      1992      2161
         1      1978      1979      2148      2161
         1      1978      1991      2160      2161
         1      1978      2147      2160      2161
         1      1978      2147      2148      2161
         1      1979      1992      1993      2162
         1      1979      1980      1993      2162
         1      1979      1980      2149      2162
         1      1979      1992      2161      2162
         1      1979      2148      2161      2162
         1      1979      2148      2149      2162
         1      1980      1993      1994      2163
         1      1980      1981      1994      2163
         1      1980      1981      2150      2163
         1      1980      1993      2162      2163
         1      1980      2149      2162      2163
         1      1980      2149      2150      2163
         1      1981      1994      1995      2164
         1      1981      1982      1995      2164
         1      1981      1982      2151      2164
         1      1981      1994      2163      2164
         1      1981      2150      2163      2164
         1      1981      2150      2151      2164
         1      1982      1995      1996      2165
         1      1982      1983      1996      2165
         1      1982      1983      2152      2165
         1      1982      1995      2164      2165
         1      1982      2151      2164      2165
         1      1982      2151      2152      2165
         1      1983      1996      1997      2166
         1      1983      1984      1997      2166
         1      1983      1984      2153      2166
         1      1983      1996      2165      2166
         1      1983      2152      2165      2166
         1      1983      2152      2153      2166
         1      1984      1997      1998      2167
         1      1984      1985      1998      2167
         1      1984      1985      2154      2167
         1      1984      1997      2166      2167
         1      1984      2153      2166      2167
         1      1984      2153      2154      2167
         1      1985      1998      1999      2168
         1      1985      1986      1999      2168
         1      1985      1986      2155      2168
         1      1985      1998      2167      2168
         1      1985      2154      2167      2168
         1      1985      2154      2155      2168
         1      1986      1999      2000      2169
         1      1986      1987      2000      2169
         1      1986      1987      2156      2169
         1      1986      1999      2168      2169
         1      1986      2155      2168      2169
         1      1986      2155      2156      2169
         1      1987      2000      2001      2170
         1      1987      1988      2001      2170
         1      1987      1988      2157      2170
         1      1987      2000      2169      2170
         1      1987      2156      2169      2170
         1      1987      2156      2157      2170
         1      1988      2001      2002      2171
         1      1988      1989      2002      2171
         1      1988      1989      2158      2171
         1      1988      2001      2170      2171
         1      1988      2157      2170      2171
         1      1988      2157      2158      2171
         1      1989      1990      2002      2159
         1      1977      1989      1990      2159
         1      1977      1989      2146      2159
         1      1989      2002      2159      2171
         1      1989      2158      2159      2171
         1      1989      2146      2158      2159
         1      1977      1990      1991      2160
         1      1977      1978      1991      2160
         1      1977      1978      2147      2160
         1      1977      1990      2159      2160
         1      1977      2146      2159      2160
         1      1977      2146      2147      2160
         1      1991      2004      2005      2174
         1      1991      1992      2005      2174
         1      1991      1992      2161      2174
         1      1991      2004      2173      2174
         1      1991      2160      2173      2174
         1      1991      2160      2161      2174
         1      1992      2005      2006      2175
         1      1992      1993      2006      2175
         1      1992      1993      2162      2175
         1      1992      2005      2174      2175
         1      1992      2161      2174      2175
         1      1992      2161      2162      2175
         1      1993      2006      2007      2176
         1      1993      1994      2007      2176
         1      1993      1994      2163      2176
         1      1993      2006      2175      2176
         1      1993      2162      2175      2176
         1      1993      2162      2163      2176
         1      1994      2007      2008      2177
         1      1994      1995      2008      2177
         1      1994      1995      2164      2177
         1      1994      2007      2176      2177
         1      1994      2163      2176      2177
         1      1994      2163      2164      2177
         1      1995      2008      2009      2178
         1      1995      1996      2009      2178
         1      1995      1996      2165      2178
         1      1995      2008      2177      2178
         1      1995      2164      2177      2178
         1      1995      2164      2165      2178
         1      1996      2009      2010      2179
         1      1996      1997      2010      2179
         1      1996      1997      2166      2179
         1      1996      2009      2178      2179
         1      1996      2165      2178      2179
         1      1996      2165      2166      2179
         1      1997      2010      2011      2180
         1      1997      1998      2011      2180
         1      1997      1998      2167      2180
         1      1997      2010      2179      2180
         1      1997      2166      2179      2180
         1      1997      2166      2167      2180
         1      1998      2011      2012      2181
         1      1998      1999      2012      2181
         1      1998      1999      2168      2181
         1      1998      2011      2180      2181
         1      1998      2167      2180      2181
         1      1998      2167      2168      2181
         1      1999      2012      2013      2182
         1      1999      2000      2013      2182
         1      1999      2000      2169      2182
         1      1999      2012      2181      2182
         1      1999      2168      2181      2182
         1      1999      2168      2169      2182
         1      2000      2013      2014      2183
         1      2000      2001      2014      2183
         1      2000      2001      2170      2183
         1      2000      2013      2182      2183
         1      2000      2169      2182      2183
         1      2000      2169      2170      2183
         1      2001      2014      2015      2184
         1      2001      2002      2015      2184
         1      2001      2002      2171      2184
         1      2001      2014      2183      2184
         1      2001      2170      2183      2184
         1      2001      2170      2171      2184
         1      2002      2003      2015      2172
         1      1990      2002      2003      2172
         1      1990      2002      2159      2172
         1      2002      2015      2172      2184
         1      2002      2171      2172      2184
         1      2002      2159      2171      2172
         1      1990      2003      2004      2173
         1      1990      1991      2004      2173
         1      1990      1991      2160      2173
         1      1990      2003      2172      2173
         1      1990      2159      2172      2173
         1      1990      2159      2160      2173
         1      2004      2017      2018      2187
         1      2004      2005      2018      2187
         1      2004      2005      2174      2187
         1      2004      2017      2186      2187
         1      2004      2173      2186      2187
         1      2004      2173      2174      2187
         1      2005      2018      2019      2188
         1      2005      2006      2019      2188
         1      2005      2006      2175      2188
         1      2005      2018      2187      2188
         1      2005      2174      2187      2188
         1      2005      2174      2175      2188
         1      2006      2019      2020      2189
         1      2006      2007      2020      2189
         1      2006      2007      2176      2189
         1      2006      2019      2188      2189
         1      2006      2175      2188      2189
         1      2006      2175      2176      2189
         1      2007      2020      2021      2190
         1      2007      2008      2021      2190
         1      2007      2008      2177      2190
         1      2007      2020      2189      2190
         1      2007      2176      2189      2190
         1      2007      2176      2177      2190
         1      2008      2021      2022      2191
         1      2008      2009      2022      2191
         1      2008      2009      2178      2191
         1      2008      2021      2190      2191
         1      2008      2177      2190      2191
         1      2008      2177      2178      2191
         1      2009      2022      2023      2192
         1      2009      2010      2023      2192
         1      2009      2010      2179      2192
         1      2009      2022      2191      2192
         1      2009      2178      2191      2192
         1      2009      2178      2179      2192
         1      2010      2023      2024      2193
         1      2010      2011      2024      2193
         1      2010      2011      2180      2193
         1      2010      2023      2192      2193
         1      2010      2179      2192      2193
         1      2010      2179      2180      2193
         1      2011      2024      2025      2194
         1      2011      2012      2025      2194
         1      2011      2012      2181      2194
         1      2011      2024      2193      2194
         1      2011      2180      2193      2194
         1      2011      2180      2181      2194
         1      2012      2025      2026      2195
         1      2012      2013      2026      2195
         1      2012      2013      2182      2195
         1      2012      2025      2194      2195
         1      2012      2181      2194      2195
         1      2012      2181      2182      2195
         1      2013      2026      2027      2196
         1      2013      2014      2027      2196
         1      2013      2014      2183      2196
         1      2013      2026      2195      2196
         1      2013      2182      2195      2196
         1      2013      2182      2183      2196
         1      2014      2027      2028      2197
         1      2014      2015      2028      2197
         1      2014      2015      2184      2197
         1      2014      2027      2196      2197
         1      2014      2183      2196      2197
         1      2014      2183      2184      2197
         1      2015      2016      2028      2185
         1      2003      2015      2016      2185
         1      2003      2015      2172      2185
         1      2015      2028      2185      2197
         1      2015      2184      2185      2197
         1      2015      2172      2184      2185
         1      2003      2016      2017      2186
         1      2003      2004      2017      2186
         1      2003      2004      2173      2186
         1      2003      2016      2185      2186
         1      2003      2172      2185      2186
         1      2003      2172      2173      2186
         1      1861      1862      2017      2031
         1      1862      2017      2018      2031
         1      2017      2018      2031      2187
         1      1861      2017      2030      2031
         1      2017      2030      2031      2186
         1      2017      2031      2186      2187
         1      1862      1863      2018      2032
         1      1863      2018      2019      2032
         1      2018      2019      2032      2188
         1      1862      2018      2031      2032
         1      2018      2031      2032      2187
         1      2018      2032      2187      2188
         1      1863      1864      2019      2033
         1      1864      2019      2020      2033
         1      2019      2020      2033      2189
         1      1863      2019      2032      2033
         1      2019      2032      2033      2188
         1      2019      2033      2188      2189
         1      1864      1865      2020      2034
         1      1865      2020      2021      2034
         1      2020      2021      2034      2190
         1      1864      2020      2033      2034
         1      2020      2033      2034      2189
         1      2020      2034      2189      2190
         1      1865      1866      2021      2035
         1      1866      2021      2022      2035
         1      2021      2022      2035      2191
         1      1865      2021      2034      2035
         1      2021      2034      2035      2190
         1      2021      2035      2190      2191
         1      1866      1867      2022      2036
         1      1867      2022      2023      2036
         1      2022      2023      2036      2192
         1      1866      2022      2035      2036
         1      2022      2035      2036      2191
         1      2022      2036      2191      2192
         1      1867      1868      2023      2037
         1      1868      2023      2024      2037
         1      2023      2024      2037      2193
         1      1867      2023      2036      2037
         1      2023      2036      2037      2192
         1      2023      2037      2192      2193
         1      1868      1869      2024      2038
         1      1869      2024      2025      2038
         1      2024      2025      2038      2194
         1      1868      2024      2037      2038
         1      2024      2037      2038      2193
         1      2024      2038      2193      2194
         1      1869      1870      2025      2039
         1      1870      2025      2026      2039
         1      2025      2026      2039      2195
         1      1869      2025      2038      2039
         1      2025      2038      2039      2194
         1      2025      2039      2194      2195
         1      1870      1871      2026      2040
         1      1871      2026      2027      2040
         1      2026      2027      2040      2196
         1      1870      2026      2039      2040
         1      2026      2039      2040      2195
         1      2026      2040      2195      2196
         1      1871      1872      2027      2041
         1      1872      2027      2028      2041
         1      2027      2028      2041      2197
         1      1871      2027      2040      2041
         1      2027      2040      2041      2196
         1      2027      2041      2196      2197
         1      1860      1872      2028      2029
         1      1860      2016      2028      2029
         1      2016      2028      2029      2185
         1      1872      2028      2029      2041
         1      2028      2029      2041      2197
         1      2028      2029      2185      2197
         1      1860      1861      2016      2030
         1      1861      2016      2017      2030
         1      2016      2017      2030      2186
         1      1860      2016      2029      2030
         1      2016      2029      2030      2185
         1      2016      2030      2185      2186
         1      1861      1874      1875      2044
         1      1861      1862      1875      2044
         1      1861      1862      2031      2044
         1      1861      1874      2043      2044
         1      1861      2030      2043      2044
         1      1861      2030      2031      2044
         1      1862      1875      1876      2045
         1      1862      1863      1876      2045
         1      1862      1863      2032      2045
         1      1862      1875      2044      2045
         1      1862      2031      2044      2045
         1      1862      2031      2032      2045
         1      1863      1876      1877      2046
         1      1863      1864      1877      2046
         1      1863      1864      2033      2046
         1      1863      1876      2045      2046
         1      1863      2032      2045      2046
         1      1863      2032      2033      2046
         1      1864      1877      1878      2047
         1      1864      1865      1878      2047
         1      1864      1865      2034      2047
         1      1864      1877      2046      2047
         1      1864      2033      2046      2047
         1      1864      2033      2034      2047
         1      1865      1878      1879      2048
         1      1865      1866      1879      2048
         1      1865      1866      2035      2048
         1      1865      1878      2047      2048
         1      1865      2034      2047      2048
         1      1865      2034      2035      2048
         1      1866      1879      1880      2049
         1      1866      1867      1880      2049
         1      1866      1867      2036      2049
         1      1866      1879      2048      2049
         1      1866      2035      2048      2049
         1      1866      2035      2036      2049
         1      1867      1880      1881      2050
         1      1867      1868      1881      2050
         1      1867      1868      2037      2050
         1      1867      1880      2049      2050
         1      1867      2036      2049      2050
         1      1867      2036      2037      2050
         1      1868      1881      1882      2051
         1      1868      1869      1882      2051
         1      1868      1869      2038      2051
         1      1868      1881      2050      2051
         1      1868      2037      2050      2051
         1      1868      2037      2038      2051
         1      1869      1882      1883      2052
         1      1869      1870      1883      2052
         1      1869      1870      2039      2052
         1      1869      1882      2051      2052
         1      1869      2038      2051      2052
         1      1869      2038      2039      2052
         1      1870      1883      1884      2053
         1      1870      1871      1884      2053
         1      1870      1871      2040      2053
         1      1870      1883      2052      2053
         1      1870      2039      2052      2053
         1      1870      2039      2040      2053
         1      1871      1884      1885      2054
         1      1871      1872      1885      2054
         1      1871      1872      2041      2054
         1      1871      1884      2053      2054
         1      1871      2040      2053      2054
         1      1871      2040      2041      2054
         1      1872      1873      1885      2042
         1      1860      1872      1873      2042
         1      1860      1872      2029      2042
         1      1872      1885      2042      2054
         1      1872      2041      2042      2054
         1      1872      2029      2041      2042
         1      1860      1873      1874      2043
         1      1860      1861      1874      2043
         1      1860      1861      2030      2043
         1      1860      1873      2042      2043
         1      1860      2029      2042      2043
         1      1860      2029      2030      2043
         1        29      2043      2056      2057
         1        29      2043      2044      2057
         1        16        29      2043      2044
         1        28        29      2043      2056
         1        15        28        29      2043
         1        15        16        29      2043
         1        30      2044      2057      2058
         1        30      2044      2045      2058
         1        17        30      2044      2045
         1        29        30      2044      2057
         1        16        29        30      2044
         1        16        17        30      2044
         1        31      2045      2058      2059
         1        31      2045      2046      2059
         1        18        31      2045      2046
         1        30        31      2045      2058
         1        17        30        31      2045
         1        17        18        31      2045
         1        32      2046      2059      2060
         1        32      2046      2047      2060
         1        19        32      2046      2047
         1        31        32      2046      2059
         1        18        31        32      2046
         1        18        19        32      2046
         1        33      2047      2060      2061
         1        33      2047      2048      2061
         1        20        33      2047      2048
         1        32        33      2047      2060
         1        19        32        33      2047
         1        19        20        33      2047
         1        34      2048      2061      2062
         1        34      2048      2049      2062
         1        21        34      2048      2049
         1        33        34      2048      2061
         1        20        33        34      2048
         1        20        21        34      2048
         1        35      2049      2062      2063
         1        35      2049      2050      2063
         1        22        35      2049      2050
         1        34        35      2049      2062
         1        21        34        35      2049
         1        21        22        35      2049
         1        36      2050      2063      2064
         1        36      2050      2051      2064
         1        23        36      2050      2051
         1        35        36      2050      2063
         1        22        35        36      2050
         1        22        23        36      2050
         1        37      2051      2064      2065
         1        37      2051      2052      2065
         1        24        37      2051      2052
         1        36        37      2051      2064
         1        23        36        37      2051
         1        23        24        37      2051
         1        38      2052      2065      2066
         1        38      2052      2053      2066
         1        25        38      2052      2053
         1        37        38      2052      2065
         1        24        37        38      2052
         1        24        25        38      2052
         1        39      2053      2066      2067
         1        39      2053      2054      2067
         1        26        39      2053      2054
         1        38        39      2053      2066
         1        25        38        39      2053
         1        25        26        39      2053
         1        27      2054      2055      2067
         1        27      2042      2054      2055
         1        14        27      2042      2054
         1        27        39      2054      2067
         1        26        27        39      2054
         1        14        26        27      2054
         1        28      2042      2055      2056
         1        28      2042      2043      2056
         1        15        28      2042      2043
         1        27        28      2042      2055
         1        14        27        28      2042
         1        14        15        28      2042
         1        42      2056      2069      2070
         1        42      2056      2057      2070
         1        29        42      2056      2057
         1        41        42      2056      2069
         1        28        41        42      2056
         1        28        29        42      2056
         1        43      2057      2070      2071
         1        43      2057      2058      2071
         1        30        43      2057      2058
         1        42        43      2057      2070
         1        29        42        43      2057
         1        29        30        43      2057
         1        44      2058      2071      2072
         1        44      2058      2059      2072
         1        31        44      2058      2059
         1        43        44      2058      2071
         1        30        43        44      2058
         1        30        31        44      2058
         1        45      2059      2072      2073
         1        45      2059      2060      2073
         1        32        45      2059      2060
         1        44        45      2059      2072
         1        31        44        45      2059
         1        31        32        45      2059
         1        46      2060      2073      2074
         1        46      2060      2061      2074
         1        33        46      2060      2061
         1        45        46      2060      2073
         1        32        45        46      2060
         1        32        33        46      2060
         1        47      2061      2074      2075
         1        47      2061      2062      2075
         1        34        47      2061      2062
         1        46        47      2061      2074
         1        33        46        47      2061
         1        33        34        47      2061
         1        48      2062      2075      2076
         1        48      2062      2063      2076
         1        35        48      2062      2063
         1        47        48      2062      2075
         1        34        47        48      2062
         1        34        35        48      2062
         1        49      2063      2076      2077
         1        49      2063      2064      2077
         1        36        49      2063      2064
         1        48        49      2063      2076
         1        35        48        49      2063
         1        35        36        49      2063
         1        50      2064      2077      2078
         1        50      2064      2065      2078
         1        37        50      2064      2065
         1        49        50      2064      2077
         1        36        49        50      2064
         1        36        37        50      2064
         1        51      2065      2078      2079
         1        51      2065      2066      2079
         1        38        51      2065      2066
         1        50        51      2065      2078
         1        37        50        51      2065
         1        37        38        51      2065
         1        52      2066      2079      2080
         1        52      2066      2067      2080
         1        39        52      2066      2067
         1        51        52      2066      2079
         1        38        51        52      2066
         1        38        39        52      2066
         1        40      2067      2068      2080
         1        40      2055      2067      2068
         1        27        40      2055      2067
         1        40        52      2067      2080
         1        39        40        52      2067
         1        27        39        40      2067
         1        41      2055      2068      2069
         1        41      2055      2056      2069
         1        28        41      2055      2056
         1        40        41      2055      2068
         1        27        40        41      2055
         1        27        28        41      2055
         1        55      2069      2082      2083
         1        55      2069      2070      2083
         1        42        55      2069      2070
         1        54        55      2069      2082
         1        41        54        55      2069
         1        41        42        55      2069
         1        56      2070      2083      2084
         1        56      2070      2071      2084
         1        43        56      2070      2071
         1        55        56      2070      2083
         1        42        55        56      2070
         1        42        43        56      2070
         1        57      2071      2084      2085
         1        57      2071      2072      2085
         1        44        57      2071      2072
         1        56        57      2071      2084
         1        43        56        57      2071
         1        43        44        57      2071
         1        58      2072      2085      2086
         1        58      2072      2073      2086
         1        45        58      2072      2073
         1        57        58      2072      2085
         1        44        57        58      2072
         1        44        45        58      2072
         1        59      2073      2086      2087
         1        59      2073      2074      2087
         1        46        59      2073      2074
         1        58        59      2073      2086
         1        45        58        59      2073
         1        45        46        59      2073
         1        60      2074      2087      2088
         1        60      2074      2075      2088
         1        47        60      2074      2075
         1        59        60      2074      2087
         1        46        59        60      2074
         1        46        47        60      2074
         1        61      2075      2088      2089
         1        61      2075      2076      2089
         1        48        61      2075      2076
         1        60        61      2075      2088
         1        47        60        61      2075
         1        47        48        61      2075
         1        62      2076      2089      2090
         1        62      2076      2077      2090
         1        49        62      2076      2077
         1        61        62      2076      2089
         1        48        61        62      2076
         1        48        49        62      2076
         1        63      2077      2090      2091
         1        63      2077      2078      2091
         1        50        63      2077      2078
         1        62        63      2077      2090
         1        49        62        63      2077
         1        49        50        63      2077
         1        64      2078      2091      2092
         1        64      2078      2079      2092
         1        51        64      2078      2079
         1        63        64      2078      2091
         1        50        63        64      2078
         1        50        51        64      2078
         1        65      2079      2092      2093
         1        65      2079      2080      2093
         1        52        65      2079      2080
         1        64        65      2079      2092
         1        51        64        65      2079
         1        51        52        65      2079
         1        53      2080      2081      2093
         1        53      2068      2080      2081
         1        40        53      2068      2080
         1        53        65      2080      2093
         1        52        53        65      2080
         1        40        52        53      2080
         1        54      2068      2081      2082
         1        54      2068      2069      2082
         1        41        54      2068      2069
         1        53        54      2068      2081
         1        40        53        54      2068
         1        40        41        54      2068
         1        68      2082      2095      2096
         1        68      2082      2083      2096
         1        55        68      2082      2083
         1        67        68      2082      2095
         1        54        67        68      2082
         1        54        55        68      2082
         1        69      2083      2096      2097
         1        69      2083      2084      2097
         1        56        69      2083      2084
         1        68        69      2083      2096
         1        55        68        69      2083
         1        55        56        69      2083
         1        70      2084      2097      2098
         1        70      2084      2085      2098
         1        57        70      2084      2085
         1        69        70      2084      2097
         1        56        69        70      2084
         1        56        57        70      2084
         1        71      2085      2098      2099
         1        71      2085      2086      2099
         1        58        71      2085      2086
         1        70        71      2085      2098
         1        57        70        71      2085
         1        57        58        71      2085
         1        72      2086      2099      2100
         1        72      2086      2087      2100
         1        59        72      2086      2087
         1        71        72      2086      2099
         1        58        71        72      2086
         1        58        59        72      2086
         1        73      2087      2100      2101
         1        73      2087      2088      2101
         1        60        73      2087      2088
         1        72        73      2087      2100
         1        59        72        73      2087
         1        59        60        73      2087
         1        74      2088      2101      2102
         1        74      2088      2089      2102
         1        61        74      2088      2089
         1        73        74      2088      2101
         1        60        73        74      2088
         1        60        61        74      2088
         1        75      2089      2102      2103
         1        75      2089      2090      2103
         1        62        75      2089      2090
         1        74        75      2089      2102
         1        61        74        75      2089
         1        61        62        75      2089
         1        76      2090      2103      2104
         1        76      2090      2091      2104
         1        63        76      2090      2091
         1        75        76      2090      2103
         1        62        75        76      2090
         1        62        63        76      2090
         1        77      2091      2104      2105
         1        77      2091      2092      2105
         1        64        77      2091      2092
         1        76        77      2091      2104
         1        63        76        77      2091
         1        63        64        77      2091
         1        78      2092      2105      2106
         1        78      2092      2093      2106
         1        65        78      2092      2093
         1        77        78      2092      2105
         1        64        77        78      2092
         1        64        65        78      2092
         1        66      2093      2094      2106
         1        66      2081      2093      2094
         1        53        66      2081      2093
         1        66        78      2093      2106
         1        65        66        78      2093
         1        53        65        66      2093
         1        67      2081      2094      2095
         1        67      2081      2082      2095
         1        54        67      2081      2082
         1        66        67      2081      2094
         1        53        66        67      2081
         1        53        54        67      2081
         1        81      2095      2108      2109
         1        81      2095      2096      2109
         1        68        81      2095      2096
         1        80        81      2095      2108
         1        67        80        81      2095
         1        67        68        81      2095
         1        82      2096      2109      2110
         1        82      2096      2097      2110
         1        69        82      2096      2097
         1        81        82      2096      2109
         1        68        81        82      2096
         1        68        69        82      2096
         1        83      2097      2110      2111
         1        83      2097      2098      2111
         1        70        83      2097      2098
         1        82        83      2097      2110
         1        69        82        83      2097
         1        69        70        83      2097
         1        84      2098      2111      2112
         1        84      2098      2099      2112
         1        71        84      2098      2099
         1        83        84      2098      2111
         1        70        83        84      2098
         1        70        71        84      2098
         1        85      2099      2112      2113
         1        85      2099      2100      2113
         1        72        85      2099      2100
         1        84        85      2099      2112
         1        71        84        85      2099
         1        71        72        85      2099
         1        86      2100      2113      2114
         1        86      2100      2101      2114
         1        73        86      2100      2101
         1        85        86      2100      2113
         1        72        85        86      2100
         1        72        73        86      2100
         1        87      2101      2114      2115
         1        87      2101      2102      2115
         1        74        87      2101      2102
         1        86        87      2101      2114
         1        73        86        87      2101
         1        73        74        87      2101
         1        88      2102      2115      2116
         1        88      2102      2103      2116
         1        75        88      2102      2103
         1        87        88      2102      2115
         1        74        87        88      2102
         1        74        75        88      2102
         1        89      2103      2116      2117
         1        89      2103      2104      2117
         1        76        89      2103      2104
         1        88        89      2103      2116
         1        75        88        89      2103
         1        75        76        89      2103
         1        90      2104      2117      2118
         1        90      2104      2105      2118
         1        77        90      2104      2105
         1        89        90      2104      2117
         1        76        89        90      2104
         1        76        77        90      2104
         1        91      2105      2118      2119
         1        91      2105      2106      2119
         1        78        91      2105      2106
         1        90        91      2105      2118
         1        77        90        91      2105
         1        77        78        91      2105
         1        79      2106      2107      2119
         1        79      2094      2106      2107
         1        66        79      2094      2106
         1        79        91      2106      2119
         1        78        79        91      2106
         1        66        78        79      2106
         1        80      2094      2107      2108
         1        80      2094      2095      2108
         1        67        80      2094      2095
         1        79        80      2094      2107
         1        66        79        80      2094
         1        66        67        80      2094
         1        94      2108      2121      2122
         1        94      2108      2109      2122
         1        81        94      2108      2109
         1        93        94      2108      2121
         1        80        93        94      2108
         1        80        81        94      2108
         1        95      2109      2122      2123
         1        95      2109      2110      2123
         1        82        95      2109      2110
         1        94        95      2109      2122
         1        81        94        95      2109
         1        81        82        95      2109
         1        96      2110      2123      2124
         1        96      2110      2111      2124
         1        83        96      2110      2111
         1        95        96      2110      2123
         1        82        95        96      2110
         1        82        83        96      2110
         1        97      2111      2124      2125
         1        97      2111      2112      2125
         1        84        97      2111      2112
         1        96        97      2111      2124
         1        83        96        97      2111
         1        83        84        97      2111
         1        98      2112      2125      2126
         1        98      2112      2113      2126
         1        85        98      2112      2113
         1        97        98      2112      2125
         1        84        97        98      2112
         1        84        85        98      2112
         1        99      2113      2126      2127
         1        99      2113      2114      2127
         1        86        99      2113      2114
         1        98        99      2113      2126
         1        85        98        99      2113
         1        85        86        99      2113
         1       100      2114      2127      2128
         1       100      2114      2115      2128
         1        87       100      2114      2115
         1        99       100      2114      2127
         1        86        99       100      2114
         1        86        87       100      2114
         1       101      2115      2128      2129
         1       101      2115      2116      2129
         1        88       101      2115      2116
         1       100       101      2115      2128
         1        87       100       101      2115
         1        87        88       101      2115
         1       102      2116      2129      2130
         1       102      2116      2117      2130
         1        89       102      2116      2117
         1       101       102      2116      2129
         1        88       101       102      2116
         1        88        89       102      2116
         1       103      2117      2130      2131
         1       103      2117      2118      2131
         1        90       103      2117      2118
         1       102       103      2117      2130
         1        89       102       103      2117
         1        89        90       103      2117
         1       104      2118      2131      2132
         1       104      2118      2119      2132
         1        91       104      2118      2119
         1       103       104      2118      2131
         1        90       103       104      2118
         1        90        91       104      2118
         1        92      2119      2120      2132
         1        92      2107      2119      2120
         1        79        92      2107      2119
         1        92       104      2119      2132
         1        91        92       104      2119
         1        79        91        92      2119
         1        93      2107      2120      2121
         1        93      2107      2108      2121
         1        80        93      2107      2108
         1        92        93      2107      2120
         1        79        92        93      2107
         1        79        80        93      2107
         1       107      2121      2134      2135
         1       107      2121      2122      2135
         1        94       107      2121      2122
         1       106       107      2121      2134
         1        93       106       107      2121
         1        93        94       107      2121
         1       108      2122      2135      2136
         1       108      2122      2123      2136
         1        95       108      2122      2123
         1       107       108      2122      2135
         1        94       107       108      2122
         1        94        95       108      2122
         1       109      2123      2136      2137
         1       109      2123      2124      2137
         1        96       109      2123      2124
         1       108       109      2123      2136
         1        95       108       109      2123
         1        95        96       109      2123
         1       110      2124      2137      2138
         1       110      2124      2125      2138
         1        97       110      2124      2125
         1       109       110      2124      2137
         1        96       109       110      2124
         1        96        97       110      2124
         1       111      2125      2138      2139
         1       111      2125      2126      2139
         1        98       111      2125      2126
         1       110       111      2125      2138
         1        97       110       111      2125
         1        97        98       111      2125
         1       112      2126      2139      2140
         1       112      2126      2127      2140
         1        99       112      2126      2127
         1       111       112      2126      2139
         1        98       111       112      2126
         1        98        99       112      2126
         1       113      2127      2140      2141
         1       113      2127      2128      2141
         1       100       113      2127      2128
         1       112       113      2127      2140
         1        99       112       113      2127
         1        99       100       113      2127
         1       114      2128      2141      2142
         1       114      2128      2129      2142
         1       101       114      2128      2129
         1       113       114      2128      2141
         1       100       113       114      2128
         1       100       101       114      2128
         1       115      2129      2142      2143
         1       115      2129      2130      2143
         1       102       115      2129      2130
         1       114       115      2129      2142
         1       101       114       115      2129
         1       101       102       115      2129
         1       116      2130      2143      2144
         1       116      2130      2131      2144
         1       103       116      2130      2131
         1       115       116      2130      2143
         1       102       115       116      2130
         1       102       103       116      2130
         1       117      2131      2144      2145
         1       117      2131      2132      2145
         1       104       117      2131      2132
         1       116       117      2131      2144
         1       103       116       117      2131
         1       103       104       117      2131
         1       105      2132      2133      2145
         1       105      2120      2132      2133
         1        92       105      2120      2132
         1       105       117      2132      2145
         1       104       105       117      2132
         1        92       104       105      2132
         1       106      2120      2133      2134
         1       106      2120      2121      2134
         1        93       106      2120      2121
         1       105       106      2120      2133
         1        92       105       106      2120
         1        92        93       106      2120
         1       120      2134      2147      2148
         1       120      2134      2135      2148
         1       107       120      2134      2135
         1       119       120      2134      2147
         1       106       119       120      2134
         1       106       107       120      2134
         1       121      2135      2148      2149
         1       121      2135      2136      2149
         1       108       121      2135      2136
         1       120       121      2135      2148
         1       107       120       121      2135
         1       107       108       121      2135
         1       122      2136      2149      2150
         1       122      2136      2137      2150
         1       109       122      2136      2137
         1       121       122      2136      2149
         1       108       121       122      2136
         1       108       109       122      2136
         1       123      2137      2150      2151
         1       123      2137      2138      2151
         1       110       123      2137      2138
         1       122       123      2137      2150
         1       109       122       123      2137
         1       109       110       123      2137
         1       124      2138      2151      2152
         1       124      2138      2139      2152
         1       111       124      2138      2139
         1       123       124      2138      2151
         1       110       123       124      2138
         1       110       111       124      2138
         1       125      2139      2152      2153
         1       125      2139      2140      2153
         1       112       125      2139      2140
         1       124       125      2139      2152
         1       111       124       125      2139
         1       111       112       125      2139
         1       126      2140      2153      2154
         1       126      2140      2141      2154
         1       113       126      2140      2141
         1       125       126      2140      2153
         1       112       125       126      2140
         1       112       113       126      2140
         1       127      2141      2154      2155
         1       127      2141      2142      2155
         1       114       127      2141      2142
         1       126       127      2141      2154
         1       113       126       127      2141
         1       113       114       127      2141
         1       128      2142      2155      2156
         1       128      2142      2143      2156
         1       115       128      2142      2143
         1       127       128      2142      2155
         1       114       127       128      2142
         1       114       115       128      2142
         1       129      2143      2156      2157
         1       129      2143      2144      2157
         1       116       129      2143      2144
         1       128       129      2143      2156
         1       115       128       129      2143
         1       115       116       129      2143
         1       130      2144      2157      2158
         1       130      2144      2145      2158
         1       117       130      2144      2145
         1       129       130      2144      2157
         1       116       129       130      2144
         1       116       117       130      2144
         1       118      2145      2146      2158
         1       118      2133      2145      2146
         1       105       118      2133      2145
         1       118       130      2145      2158
         1       117       118       130      2145
         1       105       117       118      2145
         1       119      2133      2146      2147
         1       119      2133      2134      2147
         1       106       119      2133      2134
         1       118       119      2133      2146
         1       105       118       119      2133
         1       105       106       119      2133
         1       133      2147      2160      2161
         1       133      2147      2148      2161
         1       120       133      2147      2148
         1       132       133      2147      2160
         1       119       132       133      2147
         1       119       120       133      2147
         1       134      2148      2161      2162
         1       134      2148      2149      2162
         1       121       134      2148      2149
         1       133       134      2148      2161
         1       120       133       134      2148
         1       120       121       134      2148
         1       135      2149      2162      2163
         1       135      2149      2150      2163
         1       122       135      2149      2150
         1       134       135      2149      2162
         1       121       134       135      2149
         1       121       122       135      2149
         1       136      2150      2163      2164
         1       136      2150      2151      2164
         1       123       136      2150      2151
         1       135       136      2150      2163
         1       122       135       136      2150
         1       122       123       136      2150
         1       137      2151      2164      2165
         1       137      2151      2152      2165
         1       124       137      2151      2152
         1       136       137      2151      2164
         1       123       136       137      2151
         1       123       124       137      2151
         1       138      2152      2165      2166
         1       138      2152      2153      2166
         1       125       138      2152      2153
         1       137       138      2152      2165
         1       124       137       138      2152
         1       124       125       138      2152
         1       139      2153      2166      2167
         1       139      2153      2154      2167
         1       126       139      2153      2154
         1       138       139      2153      2166
         1       125       138       139      2153
         1       125       126       139      2153
         1       140      2154      2167      2168
         1       140      2154      2155      2168
         1       127       140      2154      2155
         1       139       140      2154      2167
         1       126       139       140      2154
         1       126       127       140      2154
         1       141      2155      2168      2169
         1       141      2155      2156      2169
         1       128       141      2155      2156
         1       140       141      2155      2168
         1       127       140       141      2155
         1       127       128       141      2155
         1       142      2156      2169      2170
         1       142      2156      2157      2170
         1       129       142      2156      2157
         1       141       142      2156      2169
         1       128       141       142      2156
         1       128       129       142      2156
         1       143      2157      2170      2171
         1       143      2157      2158      2171
         1       130       143      2157      2158
         1       142       143      2157      2170
         1       129       142       143      2157
         1       129       130       143      2157
         1       131      2158      2159      2171
         1       131      2146      2158      2159
         1       118       131      2146      2158
         1       131       143      2158      2171
         1       130       131       143      2158
         1       118       130       131      2158
         1       132      2146      2159      2160
         1       132      2146      2147      2160
         1       119       132      2146      2147
         1       131       132      2146      2159
         1       118       131       132      2146
         1       118       119       132      2146
         1       146      2160      2173      2174
         1       146      2160      2161      2174
         1       133       146      2160      2161
         1       145       146      2160      2173
         1       132       145       146      2160
         1       132       133       146      2160
         1       147      2161      2174      2175
         1       147      2161      2162      2175
         1       134       147      2161      2162
         1       146       147      2161      2174
         1       133       146       147      2161
         1       133       134       147      2161
         1       148      2162      2175      2176
         1       148      2162      2163      2176
         1       135       148      2162      2163
         1       147       148      2162      2175
         1       134       147       148      2162
         1       134       135       148      2162
         1       149      2163      2176      2177
         1       149      2163      2164      2177
         1       136       149      2163      2164
         1       148       149      2163      2176
         1       135       148       149      2163
         1       135       136       149      2163
         1       150      2164      2177      2178
         1       150      2164      2165      2178
         1       137       150      2164      2165
         1       149       150      2164      2177
         1       136       149       150      2164
         1       136       137       150      2164
         1       151      2165      2178      2179
         1       151      2165      2166      2179
         1       138       151      2165      2166
         1       150       151      2165      2178
         1       137       150       151      2165
         1       137       138       151      2165
         1       152      2166      2179      2180
         1       152      2166      2167      2180
         1       139       152      2166      2167
         1       151       152      2166      2179
         1       138       151       152      2166
         1       138       139       152      2166
         1       153      2167      2180      2181
         1       153      2167      2168      2181
         1       140       153      2167      2168
         1       152       153      2167      2180
         1       139       152       153      2167
         1       139       140       153      2167
         1       154      2168      2181      2182
         1       154      2168      2169      2182
         1       141       154      2168      2169
         1       153       154      2168      2181
         1       140       153       154      2168
         1       140       141       154      2168
         1       155      2169      2182      2183
         1       155      2169      2170      2183
         1       142       155      2169      2170
         1       154       155      2169      2182
         1       141       154       155      2169
         1       141       142       155      2169
         1       156      2170      2183      2184
         1       156      2170      2171      2184
         1       143       156      2170      2171
         1       155       156      2170      2183
         1       142       155       156      2170
         1       142       143       156      2170
         1       144      2171      2172      2184
         1       144      2159      2171      2172
         1       131       144      2159      2171
         1       144       156      2171      2184
         1       143       144       156      2171
         1       131       143       144      2171
         1       145      2159      2172      2173
         1       145      2159      2160      2173
         1       132       145      2159      2160
         1       144       145      2159      2172
         1       131       144       145      2159
         1       131       132       145      2159
         1       159      2173      2186      2187
         1       159      2173      2174      2187
         1       146       159      2173      2174
         1       158       159      2173      2186
         1       145       158       159      2173
         1       145       146       159      2173
         1       160      2174      2187      2188
         1       160      2174      2175      2188
         1       147       160      2174      2175
         1       159       160      2174      2187
         1       146       159       160      2174
         1       146       147       160      2174
         1       161      2175      2188      2189
         1       161      2175      2176      2189
         1       148       161      2175      2176
         1       160       161      2175      2188
         1       147       160       161      2175
         1       147       148       161      2175
         1       162      2176      2189      2190
         1       162      2176      2177      2190
         1       149       162      2176      2177
         1       161       162      2176      2189
         1       148       161       162      2176
         1       148       149       162      2176
         1       163      2177      2190      2191
         1       163      2177      2178      2191
         1       150       163      2177      2178
         1       162       163      2177      2190
         1       149       162       163      2177
         1       149       150       163      2177
         1       164      2178      2191      2192
         1       164      2178      2179      2192
         1       151       164      2178      2179
         1       163       164      2178      2191
         1       150       163       164      2178
         1       150       151       164      2178
         1       165      2179      2192      2193
         1       165      2179      2180      2193
         1       152       165      2179      2180
         1       164       165      2179      2192
         1       151       164       165      2179
         1       151       152       165      2179
         1       166      2180      2193      2194
         1       166      2180      2181      2194
         1       153       166      2180      2181
         1       165       166      2180      2193
         1       152       165       166      2180
         1       152       153       166      2180
         1       167      2181      2194      2195
         1       167      2181      2182      2195
         1       154       167      2181      2182
         1       166       167      2181      2194
         1       153       166       167      2181
         1       153       154       167      2181
         1       168      2182      2195      2196
         1       168      2182      2183      2196
         1       155       168      2182      2183
         1       167       168      2182      2195
         1       154       167       168      2182
         1       154       155       168      2182
         1       169      2183      2196      2197
         1       169      2183      2184      2197
         1       156       169      2183      2184
         1       168       169      2183      2196
         1       155       168       169      2183
         1       155       156       169      2183
         1       157      2184      2185      2197
         1       157      2172      2184      2185
         1       144       157      2172      2184
         1       157       169      2184      2197
         1       156       157       169      2184
         1       144       156       157      2184
         1       158      2172      2185      2186
         1       158      2172      2173      2186
         1       145       158      2172      2173
         1       157       158      2172      2185
         1       144       157       158      2172
         1       144       145       158      2172
         1         3      2030      2031      2186
         1         3      2031      2186      2187
         1         3       159      2186      2187
         1         2         3      2030      2186
         1         2         3       158      2186
         1         3       158       159      2186
         1         4      2031      2032      2187
         1         4      2032      2187      2188
         1         4       160      2187      2188
         1         3         4      2031      2187
         1         3         4       159      2187
         1         4       159       160      2187
         1         5      2032      2033      2188
         1         5      2033      2188      2189
         1         5       161      2188      2189
         1         4         5      2032      2188
         1         4         5       160      2188
         1         5       160       161      2188
         1         6      2033      2034      2189
         1         6      2034      2189      2190
         1         6       162      2189      2190
         1         5         6      2033      2189
         1         5         6       161      2189
         1         6       161       162      2189
         1         7      2034      2035      2190
         1         7      2035      2190      2191
         1         7       163      2190      2191
         1         6         7      2034      2190
         1         6         7       162      2190
         1         7       162       163      2190
         1         8      2035      2036      2191
         1         8      2036      2191      2192
         1         8       164      2191      2192
         1         7         8      2035      2191
         1         7         8       163      2191
         1         8       163       164      2191
         1         9      2036      2037      2192
         1         9      2037      2192      2193
         1         9       165      2192      2193
         1         8         9      2036      2192
         1         8         9       164      2192
         1         9       164       165      2192
         1        10      2037      2038      2193
         1        10      2038      2193      2194
         1        10       166      2193      2194
         1         9        10      2037      2193
         1         9        10       165      2193
         1        10       165       166      2193
         1        11      2038      2039      2194
         1        11      2039      2194      2195
         1        11       167      2194      2195
         1        10        11      2038      2194
         1        10        11       166      2194
         1        11       166       167      2194
         1        12      2039      2040      2195
         1        12      2040      2195      2196
         1        12       168      2195      2196
         1        11        12      2039      2195
         1        11        12       167      2195
         1        12       167       168      2195
         1        13      2040      2041      2196
         1        13      2041      2196      2197
         1        13       169      2196      2197
         1        12        13      2040      2196
         1        12        13       168      2196
         1        13       168       169      2196
         1         1      2029      2041      2197
         1         1      2029      2185      2197
         1         1       157      2185      2197
         1         1        13      2041      2197
         1         1        13       169      2197
         1         1       157       169      2197
         1         2      2029      2030      2185
         1         2      2030      2185      2186
         1         2       158      2185      2186
         1         1         2      2029      2185
         1         1         2       157      2185
         1         2       157       158      2185
         1        16      2030      2043      2044
         1        16      2030      2031      2044
         1         3        16      2030      2031
         1        15        16      2030      2043
         1         2        15        16      2030
         1         2         3        16      2030
         1        17      2031      2044      2045
         1        17      2031      2032      2045
         1         4        17      2031      2032
         1        16        17      2031      2044
         1         3        16        17      2031
         1         3         4        17      2031
         1        18      2032      2045      2046
         1        18      2032      2033      2046
         1         5        18      2032      2033
         1        17        18      2032      2045
         1         4        17        18      2032
         1         4         5        18      2032
         1        19      2033      2046      2047
         1        19      2033      2034      2047
         1         6        19      2033      2034
         1        18        19      2033      2046
         1         5        18        19      2033
         1         5         6        19      2033
         1        20      2034      2047      2048
         1        20      2034      2035      2048
         1         7        20      2034      2035
         1        19        20      2034      2047
         1         6        19        20      2034
         1         6         7        20      2034
         1        21      2035      2048      2049
         1        21      2035      2036      2049
         1         8        21      2035      2036
         1        20        21      2035      2048
         1         7        20        21      2035
         1         7         8        21      2035
         1        22      2036      2049      2050
         1        22      2036      2037      2050
         1         9        22      2036      2037
         1        21        22      2036      2049
         1         8        21        22      2036
         1         8         9        22      2036
         1        23      2037      2050      2051
         1        23      2037      2038      2051
         1        10        23      2037      2038
         1        22        23      2037      2050
         1         9        22        23      2037
         1         9        10        23      2037
         1        24      2038      2051      2052
         1        24      2038      2039      2052
         1        11        24      2038      2039
         1        23        24      2038      2051
         1        10        23        24      2038
         1        10        11        24      2038
         1        25      2039      2052      2053
         1        25      2039      2040      2053
         1        12        25      2039      2040
         1        24        25      2039      2052
         1        11        24        25      2039
         1        11        12        25      2039
         1        26      2040      2053      2054
         1        26      2040      2041      2054
         1        13        26      2040      2041
         1        25        26      2040      2053
         1        12        25        26      2040
         1        12        13        26      2040
         1        14      2041      2042      2054
         1        14      2029      2041      2042
         1         1        14      2029      2041
         1        14        26      2041      2054
         1        13        14        26      2041
         1         1        13        14      2041
         1        15      2029      2042      2043
         1        15      2029      2030      2043
         1         2        15      2029      2030
         1        14        15      2029      2042
         1         1        14        15      2029
         1         1         2        15      2029
         1        15        28        29       198
         1        15        16        29       198
         1        15        16       185       198
         1        15        28       197       198
         1        15       184       197       198
         1        15       184       185       198
         1        16        29        30       199
         1        16        17        30       199
         1        16        17       186       199
         1        16        29       198       199
         1        16       185       198       199
         1        16       185       186       199
         1        17        30        31       200
         1        17        18        31       200
         1        17        18       187       200
         1        17        30       199       200
         1        17       186       199       200
         1        17       186       187       200
         1        18        31        32       201
         1        18        19        32       201
         1        18        19       188       201
         1        18        31       200       201
         1        18       187       200       201
         1        18       187       188       201
         1        19        32        33       202
         1        19        20        33       202
         1        19        20       189       202
         1        19        32       201       202
         1        19       188       201       202
         1        19       188       189       202
         1        20        33        34       203
         1        20        21        34       203
         1        20        21       190       203
         1        20        33       202       203
         1        20       189       202       203
         1        20       189       190       203
         1        21        34        35       204
         1        21        22        35       204
         1        21        22       191       204
         1        21        34       203       204
         1        21       190       203       204
         1        21       190       191       204
         1        22        35        36       205
         1        22        23        36       205
         1        22        23       192       205
         1        22        35       204       205
         1        22       191       204       205
         1        22       191       192       205
         1        23        36        37       206
         1        23        24        37       206
         1        23        24       193       206
         1        23        36       205       206
         1        23       192       205       206
         1        23       192       193       206
         1        24        37        38       207
         1        24        25        38       207
         1        24        25       194       207
         1        24        37       206       207
         1        24       193       206       207
         1        24       193       194       207
         1        25        38        39       208
         1        25        26        39       208
         1        25        26       195       208
         1        25        38       207       208
         1        25       194       207       208
         1        25       194       195       208
         1        26        27        39       196
         1        14        26        27       196
         1        14        26       183       196
         1        26        39       196       208
         1        26       195       196       208
         1        26       183       195       196
         1        14        27        28       197
         1        14        15        28       197
         1        14        15       184       197
         1        14        27       196       197
         1        14       183       196       197
         1        14       183       184       197
         1        28        41        42       211
         1        28        29        42       211
         1        28        29       198       211
         1        28        41       210       211
         1        28       197       210       211
         1        28       197       198       211
         1        29        42        43       212
         1        29        30        43       212
         1        29        30       199       212
         1        29        42       211       212
         1        29       198       211       212
         1        29       198       199       212
         1        30        43        44       213
         1        30        31        44       213
         1        30        31       200       213
         1        30        43       212       213
         1        30       199       212       213
         1        30       199       200       213
         1        31        44        45       214
         1        31        32        45       214
         1        31        32       201       214
         1        31        44       213       214
         1        31       200       213       214
         1        31       200       201       214
         1        32        45        46       215
         1        32        33        46       215
         1        32        33       202       215
         1        32        45       214       215
         1        32       201       214       215
         1        32       201       202       215
         1        33        46        47       216
         1        33        34        47       216
         1        33        34       203       216
         1        33        46       215       216
         1        33       202       215       216
         1        33       202       203       216
         1        34        47        48       217
         1        34        35        48       217
         1        34        35       204       217
         1        34        47       216       217
         1        34       203       216       217
         1        34       203       204       217
         1        35        48        49       218
         1        35        36        49       218
         1        35        36       205       218
         1        35        48       217       218
         1        35       204       217       218
         1        35       204       205       218
         1        36        49        50       219
         1        36        37        50       219
         1        36        37       206       219
         1        36        49       218       219
         1        36       205       218       219
         1        36       205       206       219
         1        37        50        51       220
         1        37        38        51       220
         1        37        38       207       220
         1        37        50       219       220
         1        37       206       219       220
         1        37       206       207       220
         1        38        51        52       221
         1        38        39        52       221
         1        38        39       208       221
         1        38        51       220       221
         1        38       207       220       221
         1        38       207       208       221
         1        39        40        52       209
         1        27        39        40       209
         1        27        39       196       209
         1        39        52       209       221
         1        39       208       209       221
         1        39       196       208       209
         1        27        40        41       210
         1        27        28        41       210
         1        27        28       197       210
         1        27        40       209       210
         1        27       196       209       210
         1        27       196       197       210
         1        41        54        55       224
         1        41        42        55       224
         1        41        42       211       224
         1        41        54       223       224
         1        41       210       223       224
         1        41       210       211       224
         1        42        55        56       225
         1        42        43        56       225
         1        42        43       212       225
         1        42        55       224       225
         1        42       211       224       225
         1        42       211       212       225
         1        43        56        57       226
         1        43        44        57       226
         1        43        44       213       226
         1        43        56       225       226
         1        43       212       225       226
         1        43       212       213       226
         1        44        57        58       227
         1        44        45        58       227
         1        44        45       214       227
         1        44        57       226       227
         1        44       213       226       227
         1        44       213       214       227
         1        45        58        59       228
         1        45        46        59       228
         1        45        46       215       228
         1        45        58       227       228
         1        45       214       227       228
         1        45       214       215       228
         1        46        59        60       229
         1        46        47        60       229
         1        46        47       216       229
         1        46        59       228       229
         1        46       215       228       229
         1        46       215       216       229
         1        47        60        61       230
         1        47        48        61       230
         1        47        48       217       230
         1        47        60       229       230
         1        47       216       229       230
         1        47       216       217       230
         1        48        61        62       231
         1        48        49        62       231
         1        48        49       218       231
         1        48        61       230       231
         1        48       217       230       231
         1        48       217       218       231
         1        49        62        63       232
         1        49        50        63       232
         1        49        50       219       232
         1        49        62       231       232
         1        49       218       231       232
         1        49       218       219       232
         1        50        63        64       233
         1        50        51        64       233
         1        50        51       220       233
         1        50        63       232       233
         1        50       219       232       233
         1        50       219       220       233
         1        51        64        65       234
         1        51        52        65       234
         1        51        52       221       234
         1        51        64       233       234
         1        51       220       233       234
         1        51       220       221       234
         1        52        53        65       222
         1        40        52        53       222
         1        40        52       209       222
         1        52        65       222       234
         1        52       221       222       234
         1        52       209       221       222
         1        40        53        54       223
         1        40        41        54       223
         1        40        41       210       223
         1        40        53       222       223
         1        40       209       222       223
         1        40       209       210       223
         1        54        67        68       237
         1        54        55        68       237
         1        54        55       224       237
         1        54        67       236       237
         1        54       223       236       237
         1        54       223       224       237
         1        55        68        69       238
         1        55        56        69       238
         1        55        56       225       238
         1        55        68       237       238
         1        55       224       237       238
         1        55       224       225       238
         1        56        69        70       239
         1        56        57        70       239
         1        56        57       226       239
         1        56        69       238       239
         1        56       225       238       239
         1        56       225       226       239
         1        57        70        71       240
         1        57        58        71       240
         1        57        58       227       240
         1        57        70       239       240
         1        57       226       239       240
         1        57       226       227       240
         1        58        71        72       241
         1        58        59        72       241
         1        58        59       228       241
         1        58        71       240       241
         1        58       227       240       241
         1        58       227       228       241
         1        59        72        73       242
         1        59        60        73       242
         1        59        60       229       242
         1        59        72       241       242
         1        59       228       241       242
         1        59       228       229       242
         1        60        73        74       243
         1        60        61        74       243
         1        60        61       230       243
         1        60        73       242       243
         1        60       229       242       243
         1        60       229       230       243
         1        61        74        75       244
         1        61        62        75       244
         1        61        62       231       244
         1        61        74       243       244
         1        61       230       243       244
         1        61       230       231       244
         1        62        75        76       245
         1        62        63        76       245
         1        62        63       232       245
         1        62        75       244       245
         1        62       231       244       245
         1        62       231       232       245
         1        63        76        77       246
         1        63        64        77       246
         1        63        64       233       246
         1        63        76       245       246
         1        63       232       245       246
         1        63       232       233       246
         1        64        77        78       247
         1        64        65        78       247
         1        64        65       234       247
         1        64        77       246       247
         1        64       233       246       247
         1        64       233       234       247
         1        65        66        78       235
         1        53        65        66       235
         1        53        65       222       235
         1        65        78       235       247
         1        65       234       235       247
         1        65       222       234       235
         1        53        66        67       236
         1        53        54        67       236
         1        53        54       223       236
         1        53        66       235       236
         1        53       222       235       236
         1        53       222       223       236
         1        67        80        81       250
         1        67        68        81       250
         1        67        68       237       250
         1        67        80       249       250
         1        67       236       249       250
         1        67       236       237       250
         1        68        81        82       251
         1        68        69        82       251
         1        68        69       238       251
         1        68        81       250       251
         1        68       237       250       251
         1        68       237       238       251
         1        69        82        83       252
         1        69        70        83       252
         1        69        70       239       252
         1        69        82       251       252
         1        69       238       251       252
         1        69       238       239       252
         1        70        83        84       253
         1        70        71        84       253
         1        70        71       240       253
         1        70        83       252       253
         1        70       239       252       253
         1        70       239       240       253
         1        71        84        85       254
         1        71        72        85       254
         1        71        72       241       254
         1        71        84       253       254
         1        71       240       253       254
         1        71       240       241       254
         1        72        85        86       255
         1        72        73        86       255
         1        72        73       242       255
         1        72        85       254       255
         1        72       241       254       255
         1        72       241       242       255
         1        73        86        87       256
         1        73        74        87       256
         1        73        74       243       256
         1        73        86       255       256
         1        73       242       255       256
         1        73       242       243       256
         1        74        87        88       257
         1        74        75        88       257
         1        74        75       244       257
         1        74        87       256       257
         1        74       243       256       257
         1        74       243       244       257
         1        75        88        89       258
         1        75        76        89       258
         1        75        76       245       258
         1        75        88       257       258
         1        75       244       257       258
         1        75       244       245       258
         1        76        89        90       259
         1        76        77        90       259
         1        76        77       246       259
         1        76        89       258       259
         1        76       245       258       259
         1        76       245       246       259
         1        77        90        91       260
         1        77        78        91       260
         1        77        78       247       260
         1        77        90       259       260
         1        77       246       259       260
         1        77       246       247       260
         1        78        79        91       248
         1        66        78        79       248
         1        66        78       235       248
         1        78        91       248       260
         1        78       247       248       260
         1        78       235       247       248
         1        66        79        80       249
         1        66        67        80       249
         1        66        67       236       249
         1        66        79       248       249
         1        66       235       248       249
         1        66       235       236       249
         1        80        93        94       263
         1        80        81        94       263
         1        80        81       250       263
         1        80        93       262       263
         1        80       249       262       263
         1        80       249       250       263
         1        81        94        95       264
         1        81        82        95       264
         1        81        82       251       264
         1        81        94       263       264
         1        81       250       263       264
         1        81       250       251       264
         1        82        95        96       265
         1        82        83        96       265
         1        82        83       252       265
         1        82        95       264       265
         1        82       251       264       265
         1        82       251       252       265
         1        83        96        97       266
         1        83        84        97       266
         1        83        84       253       266
         1        83        96       265       266
         1        83       252       265       266
         1        83       252       253       266
         1        84        97        98       267
         1        84        85        98       267
         1        84        85       254       267
         1        84        97       266       267
         1        84       253       266       267
         1        84       253       254       267
         1        85        98        99       268
         1        85        86        99       268
         1        85        86       255       268
         1        85        98       267       268
         1        85       254       267       268
         1        85       254       255       268
         1        86        99       100       269
         1        86        87       100       269
         1        86        87       256       269
         1        86        99       268       269
         1        86       255       268       269
         1        86       255       256       269
         1        87       100       101       270
         1        87        88       101       270
         1        87        88       257       270
         1        87       100       269       270
         1        87       256       269       270
         1        87       256       257       270
         1        88       101       102       271
         1        88        89       102       271
         1        88        89       258       271
         1        88       101       270       271
         1        88       257       270       271
         1        88       257       258       271
         1        89       102       103       272
         1        89        90       103       272
         1        89        90       259       272
         1        89       102       271       272
         1        89       258       271       272
         1        89       258       259       272
         1        90       103       104       273
         1        90        91       104       273
         1        90        91       260       273
         1        90       103       272       273
         1        90       259       272       273
         1        90       259       260       273
         1        91        92       104       261
         1        79        91        92       261
         1        79        91       248       261
         1        91       104       261       273
         1        91       260       261       273
         1        91       248       260       261
         1        79        92        93       262
         1        79        80        93       262
         1        79        80       249       262
         1        79        92       261       262
         1        79       248       261       262
         1        79       248       249       262
         1        93       106       107       276
         1        93        94       107       276
         1        93        94       263       276
         1        93       106       275       276
         1        93       262       275       276
         1        93       262       263       276
         1        94       107       108       277
         1        94        95       108       277
         1        94        95       264       277
         1        94       107       276       277
         1        94       263       276       277
         1        94       263       264       277
         1        95       108       109       278
         1        95        96       109       278
         1        95        96       265       278
         1        95       108       277       278
         1        95       264       277       278
         1        95       264       265       278
         1        96       109       110       279
         1        96        97       110       279
         1        96        97       266       279
         1        96       109       278       279
         1        96       265       278       279
         1        96       265       266       279
         1        97       110       111       280
         1        97        98       111       280
         1        97        98       267       280
         1        97       110       279       280
         1        97       266       279       280
         1        97       266       267       280
         1        98       111       112       281
         1        98        99       112       281
         1        98        99       268       281
         1        98       111       280       281
         1        98       267       280       281
         1        98       267       268       281
         1        99       112       113       282
         1        99       100       113       282
         1        99       100       269       282
         1        99       112       281       282
         1        99       268       281       282
         1        99       268       269       282
         1       100       113       114       283
         1       100       101       114       283
         1       100       101       270       283
         1       100       113       282       283
         1       100       269       282       283
         1       100       269       270       283
         1       101       114       115       284
         1       101       102       115       284
         1       101       102       271       284
         1       101       114       283       284
         1       101       270       283       284
         1       101       270       271       284
         1       102       115       116       285
         1       102       103       116       285
         1       102       103       272       285
         1       102       115       284       285
         1       102       271       284       285
         1       102       271       272       285
         1       103       116       117       286
         1       103       104       117       286
         1       103       104       273       286
         1       103       116       285       286
         1       103       272       285       286
         1       103       272       273       286
         1       104       105       117       274
         1        92       104       105       274
         1        92       104       261       274
         1       104       117       274       286
         1       104       273       274       286
         1       104       261       273       274
         1        92       105       106       275
         1        92        93       106       275
         1        92        93       262       275
         1        92       105       274       275
         1        92       261       274       275
         1        92       261       262       275
         1       106       119       120       289
         1       106       107       120       289
         1       106       107       276       289
         1       106       119       288       289
         1       106       275       288       289
         1       106       275       276       289
         1       107       120       121       290
         1       107       108       121       290
         1       107       108       277       290
         1       107       120       289       290
         1       107       276       289       290
         1       107       276       277       290
         1       108       121       122       291
         1       108       109       122       291
         1       108       109       278       291
         1       108       121       290       291
         1       108       277       290       291
         1       108       277       278       291
         1       109       122       123       292
         1       109       110       123       292
         1       109       110       279       292
         1       109       122       291       292
         1       109       278       291       292
         1       109       278       279       292
         1       110       123       124       293
         1       110       111       124       293
         1       110       111       280       293
         1       110       123       292       293
         1       110       279       292       293
         1       110       279       280       293
         1       111       124       125       294
         1       111       112       125       294
         1       111       112       281       294
         1       111       124       293       294
         1       111       280       293       294
         1       111       280       281       294
         1       112       125       126       295
         1       112       113       126       295
         1       112       113       282       295
         1       112       125       294       295
         1       112       281       294       295
         1       112       281       282       295
         1       113       126       127       296
         1       113       114       127       296
         1       113       114       283       296
         1       113       126       295       296
         1       113       282       295       296
         1       113       282       283       296
         1       114       127       128       297
         1       114       115       128       297
         1       114       115       284       297
         1       114       127       296       297
         1       114       283       296       297
         1       114       283       284       297
         1       115       128       129       298
         1       115       116       129       298
         1       115       116       285       298
         1       115       128       297       298
         1       115       284       297       298
         1       115       284       285       298
         1       116       129       130       299
         1       116       117       130       299
         1       116       117       286       299
         1       116       129       298       299
         1       116       285       298       299
         1       116       285       286       299
         1       117       118       130       287
         1       105       117       118       287
         1       105       117       274       287
         1       117       130       287       299
         1       117       286       287       299
         1       117       274       286       287
         1       105       118       119       288
         1       105       106       119       288
         1       105       106       275       288
         1       105       118       287       288
         1       105       274       287       288
         1       105       274       275       288
         1       119       132       133       302
         1       119       120       133       302
         1       119       120       289       302
         1       119       132       301       302
         1       119       288       301       302
         1       119       288       289       302
         1       120       133       134       303
         1       120       121       134       303
         1       120       121       290       303
         1       120       133       302       303
         1       120       289       302       303
         1       120       289       290       303
         1       121       134       135       304
         1       121       122       135       304
         1       121       122       291       304
         1       121       134       303       304
         1       121       290       303       304
         1       121       290       291       304
         1       122       135       136       305
         1       122       123       136       305
         1       122       123       292       305
         1       122       135       304       305
         1       122       291       304       305
         1       122       291       292       305
         1       123       136       137       306
         1       123       124       137       306
         1       123       124       293       306
         1       123       136       305       306
         1       123       292       305       306
         1       123       292       293       306
         1       124       137       138       307
         1       124       125       138       307
         1       124       125       294       307
         1       124       137       306       307
         1       124       293       306       307
         1       124       293       294       307
         1       125       138       139       308
         1       125       126       139       308
         1       125       126       295       308
         1       125       138       307       308
         1       125       294       307       308
         1       125       294       295       308
         1       126       139       140       309
         1       126       127       140       309
         1       126       127       296       309
         1       126       139       308       309
         1       126       295       308       309
         1       126       295       296       309
         1       127       140       141       310
         1       127       128       141       310
         1       127       128       297       310
         1       127       140       309       310
         1       127       296       309       310
         1       127       296       297       310
         1       128       141       142       311
         1       128       129       142       311
         1       128       129       298       311
         1       128       141       310       311
         1       128       297       310       311
         1       128       297       298       311
         1       129       142       143       312
         1       129       130       143       312
         1       129       130       299       312
         1       129       142       311       312
         1       129       298       311       312
         1       129       298       299       312
         1       130       131       143       300
         1       118       130       131       300
         1       118       130       287       300
         1       130       143       300       312
         1       130       299       300       312
         1       130       287       299       300
         1       118       131       132       301
         1       118       119       132       301
         1       118       119       288       301
         1       118       131       300       301
         1       118       287       300       301
         1       118       287       288       301
         1       132       145       146       315
         1       132       133       146       315
         1       132       133       302       315
         1       132       145       314       315
         1       132       301       314       315
         1       132       301       302       315
         1       133       146       147       316
         1       133       134       147       316
         1       133       134       303       316
         1       133       146       315       316
         1       133       302       315       316
         1       133       302       303       316
         1       134       147       148       317
         1       134       135       148       317
         1       134       135       304       317
         1       134       147       316       317
         1       134       303       316       317
         1       134       303       304       317
         1       135       148       149       318
         1       135       136       149       318
         1       135       136       305       318
         1       135       148       317       318
         1       135       304       317       318
         1       135       304       305       318
         1       136       149       150       319
         1       136       137       150       319
         1       136       137       306       319
         1       136       149       318       319
         1       136       305       318       319
         1       136       305       306       319
         1       137       150       151       320
         1       137       138       151       320
         1       137       138       307       320
         1       137       150       319       320
         1       137       306       319       320
         1       137       306       307       320
         1       138       151       152       321
         1       138       139       152       321
         1       138       139       308       321
         1       138       151       320       321
         1       138       307       320       321
         1       138       307       308       321
         1       139       152       153       322
         1       139       140       153       322
         1       139       140       309       322
         1       139       152       321       322
         1       139       308       321       322
         1       139       308       309       322
         1       140       153       154       323
         1       140       141       154       323
         1       140       141       310       323
         1       140       153       322       323
         1       140       309       322       323
         1       140       309       310       323
         1       141       154       155       324
         1       141       142       155       324
         1       141       142       311       324
         1       141       154       323       324
         1       141       310       323       324
         1       141       310       311       324
         1       142       155       156       325
         1       142       143       156       325
         1       142       143       312       325
         1       142       155       324       325
         1       142       311       324       325
         1       142       311       312       325
         1       143       144       156       313
         1       131       143       144       313
         1       131       143       300       313
         1       143       156       313       325
         1       143       312       313       325
         1       143       300       312       313
         1       131       144       145       314
         1       131       132       145       314
         1       131       132       301       314
         1       131       144       313       314
         1       131       300       313       314
         1       131       300       301       314
         1       145       158       159       328
         1       145       146       159       328
         1       145       146       315       328
         1       145       158       327       328
         1       145       314       327       328
         1       145       314       315       328
         1       146       159       160       329
         1       146       147       160       329
         1       146       147       316       329
         1       146       159       328       329
         1       146       315       328       329
         1       146       315       316       329
         1       147       160       161       330
         1       147       148       161       330
         1       147       148       317       330
         1       147       160       329       330
         1       147       316       329       330
         1       147       316       317       330
         1       148       161       162       331
         1       148       149       162       331
         1       148       149       318       331
         1       148       161       330       331
         1       148       317       330       331
         1       148       317       318       331
         1       149       162       163       332
         1       149       150       163       332
         1       149       150       319       332
         1       149       162       331       332
         1       149       318       331       332
         1       149       318       319       332
         1       150       163       164       333
         1       150       151       164       333
         1       150       151       320       333
         1       150       163       332       333
         1       150       319       332       333
         1       150       319       320       333
         1       151       164       165       334
         1       151       152       165       334
         1       151       152       321       334
         1       151       164       333       334
         1       151       320       333       334
         1       151       320       321       334
         1       152       165       166       335
         1       152       153       166       335
         1       152       153       322       335
         1       152       165       334       335
         1       152       321       334       335
         1       152       321       322       335
         1       153       166       167       336
         1       153       154       167       336
         1       153       154       323       336
         1       153       166       335       336
         1       153       322       335       336
         1       153       322       323       336
         1       154       167       168       337
         1       154       155       168       337
         1       154       155       324       337
         1       154       167       336       337
         1       154       323       336       337
         1       154       323       324       337
         1       155       168       169       338
         1       155       156       169       338
         1       155       156       325       338
         1       155       168       337       338
         1       155       324       337       338
         1       155       324       325       338
         1       156       157       169       326
         1       144       156       157       326
         1       144       156       313       326
         1       156       169       326       338
         1       156       325       326       338
         1       156       313       325       326
         1       144       157       158       327
         1       144       145       158       327
         1       144       145       314       327
         1       144       157       326       327
         1       144       313       326       327
         1       144       313       314       327
         1         2         3       158       172
         1         3       158       159       172
         1       158       159       172       328
         1         2       158       171       172
         1       158       171       172       327
         1       158       172       327       328
         1         3         4       159       173
         1         4       159       160       173
         1       159       160       173       329
         1         3       159       172       173
         1       159       172       173       328
         1       159       173       328       329
         1         4         5       160       174
         1         5       160       161       174
         1       160       161       174       330
         1         4       160       173       174
         1       160       173       174       329
         1       160       174       329       330
         1         5         6       161       175
         1         6       161       162       175
         1       161       162       175       331
         1         5       161       174       175
         1       161       174       175       330
         1       161       175       330       331
         1         6         7       162       176
         1         7       162       163       176
         1       162       163       176       332
         1         6       162       175       176
         1       162       175       176       331
         1       162       176       331       332
         1         7         8       163       177
         1         8       163       164       177
         1       163       164       177       333
         1         7       163       176       177
         1       163       176       177       332
         1       163       177       332       333
         1         8         9       164       178
         1         9       164       165       178
         1       164       165       178       334
         1         8       164       177       178
         1       164       177       178       333
         1       164       178       333       334
         1         9        10       165       179
         1        10       165       166       179
         1       165       166       179       335
         1         9       165       178       179
         1       165       178       179       334
         1       165       179       334       335
         1        10        11       166       180
         1        11       166       167       180
         1       166       167       180       336
         1        10       166       179       180
         1       166       179       180       335
         1       166       180       335       336
         1        11        12       167       181
         1        12       167       168       181
         1       167       168       181       337
         1        11       167       180       181
         1       167       180       181       336
         1       167       181       336       337
         1        12        13       168       182
         1        13       168       169       182
         1       168       169       182       338
         1        12       168       181       182
         1       168       181       182       337
         1       168       182       337       338
         1         1        13       169       170
         1         1       157       169       170
         1       157       169       170       326
         1        13       169       170       182
         1       169       170       182       338
         1       169       170       326       338
         1         1         2       157       171
         1         2       157       158       171
         1       157       158       171       327
         1         1       157       170       171
         1       157       170       171       326
         1       157       171       326       327
         1         2        15        16       185
         1         2         3        16       185
         1         2         3       172       185
         1         2        15       184       185
         1         2       171       184       185
         1         2       171       172       185
         1         3        16        17       186
         1         3         4        17       186
         1         3         4       173       186
         1         3        16       185       186
         1         3       172       185       186
         1         3       172       173       186
         1         4        17        18       187
         1         4         5        18       187
         1         4         5       174       187
         1         4        17       186       187
         1         4       173       186       187
         1         4       173       174       187
         1         5        18        19       188
         1         5         6        19       188
         1         5         6       175       188
         1         5        18       187       188
         1         5       174       187       188
         1         5       174       175       188
         1         6        19        20       189
         1         6         7        20       189
         1         6         7       176       189
         1         6        19       188       189
         1         6       175       188       189
         1         6       175       176       189
         1         7        20        21       190
         1         7         8        21       190
         1         7         8       177       190
         1         7        20       189       190
         1         7       176       189       190
         1         7       176       177       190
         1         8        21        22       191
         1         8         9        22       191
         1         8         9       178       191
         1         8        21       190       191
         1         8       177       190       191
         1         8       177       178       191
         1         9        22        23       192
         1         9        10        23       192
         1         9        10       179       192
         1         9        22       191       192
         1         9       178       191       192
         1         9       178       179       192
         1        10        23        24       193
         1        10        11        24       193
         1        10        11       180       193
         1        10        23       192       193
         1        10       179       192       193
         1        10       179       180       193
         1        11        24        25       194
         1        11        12        25       194
         1        11        12       181       194
         1        11        24       193       194
         1        11       180       193       194
         1        11       180       181       194
         1        12        25        26       195
         1        12        13        26       195
         1        12        13       182       195
         1        12        25       194       195
         1        12       181       194       195
         1        12       181       182       195
         1        13        14        26       183
         1         1        13        14       183
         1         1        13       170       183
         1        13        26       183       195
         1        13       182       183       195
         1        13       170       182       183
         1         1        14        15       184
         1         1         2        15       184
         1         1         2       171       184
         1         1        14       183       184
         1         1       170       183       184
         1         1       170       171       184
